Visita_ID,APM,Medico_MN,Fecha_Visita,Zona,Tipo_Visita,Productos_Presentados,Notas
1,Valentina Pérez,216739,2025-05-11,Microcentro-Este,Virtual,PAMOXET|ONEFIN,"Se entregó material informativo sobre PAMOXET, ONEFIN. Buena recepción."
2,Valentina Pérez,216739,2025-09-02,Microcentro-Este,Presencial,PAMOXET|APSICO,El médico consultó sobre posología de PAMOXET. Se aclararon dudas.
3,Valentina Pérez,216739,2025-10-12,Microcentro-Este,Virtual,ONEFIN|APSICO|PAMOXET,Visita de seguimiento. Se discutió eficacia de ONEFIN en pacientes.
4,Valentina Pérez,216739,2026-05-08,Microcentro-Este,Presencial,PAMOXET|ONEFIN|APSICO,Se presentó nueva evidencia clínica de PAMOXET. Interés alto.
5,Valentina Pérez,216739,2026-07-24,Microcentro-Este,Virtual,PAMOXET|ONEFIN|APSICO,"Visita breve. Se dejó material de PAMOXET, ONEFIN, APSICO para revisión."
6,Valentina Pérez,216739,2026-11-07,Microcentro-Este,Virtual,ONEFIN|APSICO|PAMOXET,Se coordinó charla informativa sobre ONEFIN para el equipo médico.
7,Nicolás Díaz,126225,2025-01-14,San Isidro-Centro,Virtual,CO‑TIOCTAN|TIOCTAN,"Reunión productiva. Se abordaron beneficios de CO‑TIOCTAN, TIOCTAN."
8,Nicolás Díaz,126225,2025-02-13,San Isidro-Centro,Virtual,CO‑TIOCTAN|TANVIMIL B1 B6 B12|TIOCTAN,"Se presentaron CO‑TIOCTAN, TANVIMIL B1 B6 B12, TIOCTAN. El médico mostró interés en CO‑TIOCTAN."
9,Nicolás Díaz,126225,2025-04-12,San Isidro-Centro,Virtual,TANDIUR,El médico consultó sobre posología de TANDIUR. Se aclararon dudas.
10,Nicolás Díaz,126225,2025-05-23,San Isidro-Centro,Telefónica,TANDIUR,El médico compartió experiencia positiva con TANDIUR.
11,Nicolás Díaz,126225,2025-06-15,San Isidro-Centro,Telefónica,TANDIUR|TANVIMIL B1 B6 B12|CO‑TIOCTAN,"Se presentaron TANDIUR, TANVIMIL B1 B6 B12, CO‑TIOCTAN. El médico mostró interés en TANDIUR."
12,Nicolás Díaz,126225,2025-09-04,San Isidro-Centro,Virtual,TIOCTAN|CO‑TIOCTAN|TANVIMIL B1 B6 B12,Se presentó nueva evidencia clínica de TIOCTAN. Interés alto.
13,Nicolás Díaz,126225,2025-12-04,San Isidro-Centro,Telefónica,TANVIMIL B1 B6 B12|TANDIUR|CO‑TIOCTAN,El médico consultó sobre posología de TANVIMIL B1 B6 B12. Se aclararon dudas.
14,Daniela Morales,388389,2026-03-19,Recoleta-Norte,Presencial,TANVIMIL B1 B6 B12,El médico consultó sobre posología de TANVIMIL B1 B6 B12. Se aclararon dudas.
15,Gonzalo Medina,334053,2025-03-26,Almagro-Centro,Telefónica,ALACIR|CIRUELAX MINITABS,"Visita breve. Se dejó material de ALACIR, CIRUELAX MINITABS para revisión."
16,Gonzalo Medina,334053,2025-06-14,Almagro-Centro,Virtual,CIRUELAX MINITABS|ALACIR,"Reunión productiva. Se abordaron beneficios de CIRUELAX MINITABS, ALACIR."
17,Gonzalo Medina,334053,2025-07-25,Almagro-Centro,Telefónica,ALACIR|CIRUELAX MINITABS,"Se presentaron ALACIR, CIRUELAX MINITABS. El médico mostró interés en ALACIR."
18,Gonzalo Medina,334053,2025-10-19,Almagro-Centro,Virtual,ALACIR|CIRUELAX MINITABS,Se presentó nueva evidencia clínica de ALACIR. Interés alto.
19,Gonzalo Medina,334053,2026-03-17,Almagro-Centro,Virtual,CIRUELAX MINITABS|ALACIR,"Reunión productiva. Se abordaron beneficios de CIRUELAX MINITABS, ALACIR."
20,Agustín Varela,246316,2025-06-27,Microcentro-Este,Telefónica,ONEFIN,Visita breve. Se dejó material de ONEFIN para revisión.
21,Agustín Varela,246316,2025-08-22,Microcentro-Este,Virtual,TACNA|ONEFIN,"Reunión productiva. Se abordaron beneficios de TACNA, ONEFIN."
22,Agustín Varela,246316,2026-01-17,Microcentro-Este,Presencial,ONEFIN|TACNA,El médico consultó sobre posología de ONEFIN. Se aclararon dudas.
23,Agustín Varela,246316,2026-05-07,Microcentro-Este,Presencial,ONEFIN|TACNA,"Reunión productiva. Se abordaron beneficios de ONEFIN, TACNA."
24,Valentina Pérez,207473,2025-11-05,Vicente López-Centro,Telefónica,PAMOXET,Visita breve. Se dejó material de PAMOXET para revisión.
25,Valentina Pérez,207473,2026-04-08,Vicente López-Centro,Virtual,PAMOXET|ONEFIN,Se coordinó charla informativa sobre PAMOXET para el equipo médico.
26,Valentina Pérez,207473,2026-09-04,Vicente López-Centro,Presencial,APSICO,Se discutieron novedades de APSICO. Médico solicitó muestras.
27,Federico Álvarez,876646,2026-02-14,San Isidro-Centro,Presencial,TACNA|ONEFIN,"Se entregó material informativo sobre TACNA, ONEFIN. Buena recepción."
28,Rocío Castro,719176,2025-09-09,Flores-Norte,Presencial,CIRUELAX MINITABS|ALACIR,"Se presentaron CIRUELAX MINITABS, ALACIR. El médico mostró interés en CIRUELAX MINITABS."
29,Valentina Pérez,133326,2025-04-17,Quilmes-Centro,Presencial,TIOCTAN|TANVIMIL B1 B6 B12|CO‑TIOCTAN,Se coordinó charla informativa sobre TIOCTAN para el equipo médico.
30,Valentina Pérez,133326,2025-07-14,Quilmes-Centro,Telefónica,TANDIUR|TANVIMIL B1 B6 B12|CO‑TIOCTAN,"Se entregó material informativo sobre TANDIUR, TANVIMIL B1 B6 B12, CO‑TIOCTAN. Buena recepción."
31,Valentina Pérez,133326,2025-08-15,Quilmes-Centro,Presencial,TANDIUR|TIOCTAN,Visita de seguimiento. Se discutió eficacia de TANDIUR en pacientes.
32,Valentina Pérez,133326,2026-03-11,Quilmes-Centro,Virtual,TANDIUR,Se presentaron TANDIUR. El médico mostró interés en TANDIUR.
33,Rocío Castro,131244,2025-09-20,La Plata-Centro,Presencial,ALACIR|CIRUELAX MINITABS,"Se presentaron ALACIR, CIRUELAX MINITABS. El médico mostró interés en ALACIR."
34,Rocío Castro,131244,2026-03-02,La Plata-Centro,Telefónica,ALACIR,El médico compartió experiencia positiva con ALACIR.
35,Ana Martínez,198246,2025-03-18,Almagro-Centro,Virtual,PAMOXET,El médico consultó sobre posología de PAMOXET. Se aclararon dudas.
36,Ana Martínez,198246,2025-04-23,Almagro-Centro,Virtual,APSICO,Se discutieron novedades de APSICO. Médico solicitó muestras.
37,Ana Martínez,198246,2025-08-23,Almagro-Centro,Telefónica,ONEFIN|PAMOXET,"Se entregó material informativo sobre ONEFIN, PAMOXET. Buena recepción."
38,Ana Martínez,198246,2025-10-14,Almagro-Centro,Virtual,PAMOXET|APSICO|ONEFIN,Se revisaron casos clínicos con PAMOXET. Médico receptivo.
39,Ana Martínez,198246,2026-01-27,Almagro-Centro,Telefónica,PAMOXET,Visita breve. Se dejó material de PAMOXET para revisión.
40,Ana Martínez,198246,2026-02-18,Almagro-Centro,Telefónica,PAMOXET|ONEFIN|APSICO,El médico compartió experiencia positiva con PAMOXET.
41,Ana Martínez,198246,2026-04-15,Almagro-Centro,Virtual,ONEFIN|PAMOXET|APSICO,"Presentación de ONEFIN, PAMOXET, APSICO. Se acordó seguimiento en próxima visita."
42,Lucía Fernández,343962,2025-04-20,Villa Urquiza-Centro,Telefónica,AEROGAL,Se revisaron casos clínicos con AEROGAL. Médico receptivo.
43,Lucía Fernández,343962,2025-05-17,Villa Urquiza-Centro,Virtual,TANVIMIL ACD|AEROGAL|TANVIMIL ACD FLUOR,"Reunión productiva. Se abordaron beneficios de TANVIMIL ACD, AEROGAL, TANVIMIL ACD FLUOR."
44,Lucía Fernández,343962,2025-09-15,Villa Urquiza-Centro,Virtual,TANVIMIL ACD FLUOR,El médico consultó sobre posología de TANVIMIL ACD FLUOR. Se aclararon dudas.
45,Lucía Fernández,343962,2025-11-17,Villa Urquiza-Centro,Telefónica,TANVIMIL ACD FLUOR,Se discutieron novedades de TANVIMIL ACD FLUOR. Médico solicitó muestras.
46,Lucía Fernández,343962,2026-04-27,Villa Urquiza-Centro,Telefónica,TANVIMIL ACD FLUOR|AEROGAL,Se presentó nueva evidencia clínica de TANVIMIL ACD FLUOR. Interés alto.
47,Nicolás Díaz,629903,2026-04-20,Villa Urquiza-Centro,Presencial,TRICOFIN|TACNA,"Se presentaron TRICOFIN, TACNA. El médico mostró interés en TRICOFIN."
48,Paula Acosta,731262,2025-02-17,Flores-Norte,Virtual,TANVIMIL ACD FLUOR|AEROGAL|TANVIMIL ACD,"Presentación de TANVIMIL ACD FLUOR, AEROGAL, TANVIMIL ACD. Se acordó seguimiento en próxima visita."
49,Paula Acosta,731262,2025-07-27,Flores-Norte,Presencial,TANVIMIL ACD|AEROGAL,Se discutieron novedades de TANVIMIL ACD. Médico solicitó muestras.
50,Paula Acosta,731262,2026-06-02,Flores-Norte,Telefónica,TANVIMIL ACD|AEROGAL|TANVIMIL ACD FLUOR,"Se presentaron TANVIMIL ACD, AEROGAL, TANVIMIL ACD FLUOR. El médico mostró interés en TANVIMIL ACD."
51,Paula Acosta,731262,2026-10-06,Flores-Norte,Presencial,TANVIMIL ACD,Presentación de TANVIMIL ACD. Se acordó seguimiento en próxima visita.
52,Gonzalo Medina,127824,2025-01-25,Belgrano-R,Telefónica,ALACIR,Se presentaron ALACIR. El médico mostró interés en ALACIR.
53,Gonzalo Medina,127824,2025-02-22,Belgrano-R,Presencial,CIRUELAX MINITABS|ALACIR,Se revisaron casos clínicos con CIRUELAX MINITABS. Médico receptivo.
54,Gonzalo Medina,127824,2025-03-22,Belgrano-R,Virtual,ALACIR|CIRUELAX MINITABS,"Presentación de ALACIR, CIRUELAX MINITABS. Se acordó seguimiento en próxima visita."
55,Gonzalo Medina,127824,2025-04-24,Belgrano-R,Telefónica,CIRUELAX MINITABS|ALACIR,"Presentación de CIRUELAX MINITABS, ALACIR. Se acordó seguimiento en próxima visita."
56,Gonzalo Medina,127824,2025-05-22,Belgrano-R,Virtual,ALACIR|CIRUELAX MINITABS,Se revisaron casos clínicos con ALACIR. Médico receptivo.
57,Gonzalo Medina,127824,2025-06-10,Belgrano-R,Presencial,CIRUELAX MINITABS,Se revisaron casos clínicos con CIRUELAX MINITABS. Médico receptivo.
58,Gonzalo Medina,127824,2025-07-26,Belgrano-R,Virtual,ALACIR|CIRUELAX MINITABS,El médico consultó sobre posología de ALACIR. Se aclararon dudas.
59,Gonzalo Medina,127824,2025-08-25,Belgrano-R,Telefónica,CIRUELAX MINITABS,Se discutieron novedades de CIRUELAX MINITABS. Médico solicitó muestras.
60,Gonzalo Medina,127824,2025-10-19,Belgrano-R,Virtual,CIRUELAX MINITABS|ALACIR,Se coordinó charla informativa sobre CIRUELAX MINITABS para el equipo médico.
61,Gonzalo Medina,127824,2025-11-13,Belgrano-R,Virtual,CIRUELAX MINITABS,Presentación de CIRUELAX MINITABS. Se acordó seguimiento en próxima visita.
62,Gonzalo Medina,127824,2025-12-03,Belgrano-R,Virtual,CIRUELAX MINITABS|ALACIR,"Presentación de CIRUELAX MINITABS, ALACIR. Se acordó seguimiento en próxima visita."
63,Gonzalo Medina,127824,2026-01-20,Belgrano-R,Virtual,CIRUELAX MINITABS,Se revisaron casos clínicos con CIRUELAX MINITABS. Médico receptivo.
64,Gonzalo Medina,127824,2026-02-02,Belgrano-R,Presencial,CIRUELAX MINITABS,El médico compartió experiencia positiva con CIRUELAX MINITABS.
65,Gonzalo Medina,127824,2026-03-10,Belgrano-R,Virtual,CIRUELAX MINITABS|ALACIR,Se revisaron casos clínicos con CIRUELAX MINITABS. Médico receptivo.
66,Gonzalo Medina,127824,2026-04-19,Belgrano-R,Virtual,ALACIR|CIRUELAX MINITABS,Se revisaron casos clínicos con ALACIR. Médico receptivo.
67,Gonzalo Medina,127824,2026-05-08,Belgrano-R,Presencial,ALACIR|CIRUELAX MINITABS,Visita de seguimiento. Se discutió eficacia de ALACIR en pacientes.
68,Gonzalo Medina,127824,2026-06-02,Belgrano-R,Telefónica,ALACIR|CIRUELAX MINITABS,Se discutieron novedades de ALACIR. Médico solicitó muestras.
69,Gonzalo Medina,127824,2026-07-17,Belgrano-R,Virtual,ALACIR|CIRUELAX MINITABS,Visita de seguimiento. Se discutió eficacia de ALACIR en pacientes.
70,Gonzalo Medina,127824,2026-08-27,Belgrano-R,Presencial,ALACIR,Se presentaron ALACIR. El médico mostró interés en ALACIR.
71,Gonzalo Medina,127824,2026-10-23,Belgrano-R,Presencial,ALACIR|CIRUELAX MINITABS,"Se entregó material informativo sobre ALACIR, CIRUELAX MINITABS. Buena recepción."
72,Gonzalo Medina,127824,2026-11-28,Belgrano-R,Presencial,CIRUELAX MINITABS,Se presentó nueva evidencia clínica de CIRUELAX MINITABS. Interés alto.
73,Gonzalo Medina,127824,2026-12-05,Belgrano-R,Presencial,CIRUELAX MINITABS|ALACIR,Se presentó nueva evidencia clínica de CIRUELAX MINITABS. Interés alto.
74,Matías Herrera,850800,2025-07-03,Palermo-Norte,Telefónica,SUTRICO TAR|MENCOGRIN AP,Se presentó nueva evidencia clínica de SUTRICO TAR. Interés alto.
75,Matías Herrera,850800,2025-11-06,Palermo-Norte,Presencial,PANCUTAN NF|SUTRICO TAR,Se coordinó charla informativa sobre PANCUTAN NF para el equipo médico.
76,Lucía Fernández,781453,2025-01-06,Belgrano-Centro,Presencial,PAMOXET,Presentación de PAMOXET. Se acordó seguimiento en próxima visita.
77,Lucía Fernández,781453,2025-03-06,Belgrano-Centro,Presencial,PAMOXET|APSICO,"Visita breve. Se dejó material de PAMOXET, APSICO para revisión."
78,Lucía Fernández,781453,2025-04-09,Belgrano-Centro,Presencial,PAMOXET|APSICO,Visita de seguimiento. Se discutió eficacia de PAMOXET en pacientes.
79,Lucía Fernández,781453,2025-05-01,Belgrano-Centro,Presencial,APSICO,Se discutieron novedades de APSICO. Médico solicitó muestras.
80,Lucía Fernández,781453,2025-08-20,Belgrano-Centro,Presencial,PAMOXET|APSICO,Se coordinó charla informativa sobre PAMOXET para el equipo médico.
81,Lucía Fernández,781453,2025-09-09,Belgrano-Centro,Presencial,APSICO,Visita de seguimiento. Se discutió eficacia de APSICO en pacientes.
82,Lucía Fernández,781453,2025-10-09,Belgrano-Centro,Virtual,PAMOXET|APSICO,Se presentó nueva evidencia clínica de PAMOXET. Interés alto.
83,Lucía Fernández,781453,2025-11-24,Belgrano-Centro,Virtual,PAMOXET|APSICO,Visita de seguimiento. Se discutió eficacia de PAMOXET en pacientes.
84,Lucía Fernández,781453,2026-01-26,Belgrano-Centro,Presencial,APSICO,Se presentaron APSICO. El médico mostró interés en APSICO.
85,Lucía Fernández,781453,2026-04-14,Belgrano-Centro,Presencial,APSICO|PAMOXET,El médico consultó sobre posología de APSICO. Se aclararon dudas.
86,Lucía Fernández,781453,2026-05-02,Belgrano-Centro,Presencial,PAMOXET,Reunión productiva. Se abordaron beneficios de PAMOXET.
87,Lucía Fernández,781453,2026-07-02,Belgrano-Centro,Presencial,APSICO|PAMOXET,Visita de seguimiento. Se discutió eficacia de APSICO en pacientes.
88,Lucía Fernández,781453,2026-08-21,Belgrano-Centro,Virtual,PAMOXET|APSICO,"Presentación de PAMOXET, APSICO. Se acordó seguimiento en próxima visita."
89,Lucía Fernández,781453,2026-09-28,Belgrano-Centro,Presencial,APSICO,Reunión productiva. Se abordaron beneficios de APSICO.
90,Lucía Fernández,781453,2026-10-18,Belgrano-Centro,Virtual,APSICO|PAMOXET,El médico compartió experiencia positiva con APSICO.
91,Gonzalo Medina,835392,2025-02-23,Belgrano-Centro,Telefónica,TANVIMIL B1 B6 B12|TANVIMIL PLUS,El médico compartió experiencia positiva con TANVIMIL B1 B6 B12.
92,Gonzalo Medina,835392,2025-09-21,Belgrano-Centro,Telefónica,TANVIMIL B1 B6 B12|TANVIMIL AMINOÁCIDOS|TANVIMIL PLUS,"Se entregó material informativo sobre TANVIMIL B1 B6 B12, TANVIMIL AMINOÁCIDOS, TANVIMIL PLUS. Buena recepción."
93,Gonzalo Medina,835392,2025-10-06,Belgrano-Centro,Telefónica,TANVIMIL B1 B6 B12|TANVIMIL PLUS|TANVIMIL AMINOÁCIDOS,Se presentó nueva evidencia clínica de TANVIMIL B1 B6 B12. Interés alto.
94,Gonzalo Medina,835392,2025-11-11,Belgrano-Centro,Virtual,TANVIMIL PLUS|TANVIMIL B1 B6 B12|TANVIMIL AMINOÁCIDOS,"Se entregó material informativo sobre TANVIMIL PLUS, TANVIMIL B1 B6 B12, TANVIMIL AMINOÁCIDOS. Buena recepción."
95,Gonzalo Medina,835392,2026-06-05,Belgrano-Centro,Presencial,TANVIMIL B1 B6 B12,El médico consultó sobre posología de TANVIMIL B1 B6 B12. Se aclararon dudas.
96,Gonzalo Medina,835392,2026-08-20,Belgrano-Centro,Presencial,TANVIMIL AMINOÁCIDOS|TANVIMIL B1 B6 B12,El médico consultó sobre posología de TANVIMIL AMINOÁCIDOS. Se aclararon dudas.
97,Paula Acosta,717889,2025-03-26,Almagro-Centro,Presencial,TANVIMIL ACD FLUOR|AEROGAL|TANVIMIL ACD,Se discutieron novedades de TANVIMIL ACD FLUOR. Médico solicitó muestras.
98,Paula Acosta,717889,2025-07-05,Almagro-Centro,Presencial,TANVIMIL ACD FLUOR|TANVIMIL ACD|AEROGAL,"Se entregó material informativo sobre TANVIMIL ACD FLUOR, TANVIMIL ACD, AEROGAL. Buena recepción."
99,Paula Acosta,717889,2025-08-16,Almagro-Centro,Presencial,TANVIMIL ACD FLUOR,Visita breve. Se dejó material de TANVIMIL ACD FLUOR para revisión.
100,Paula Acosta,717889,2025-11-06,Almagro-Centro,Virtual,TANVIMIL ACD,Se revisaron casos clínicos con TANVIMIL ACD. Médico receptivo.
101,Paula Acosta,717889,2026-01-28,Almagro-Centro,Virtual,AEROGAL|TANVIMIL ACD FLUOR|TANVIMIL ACD,El médico consultó sobre posología de AEROGAL. Se aclararon dudas.
102,Paula Acosta,717889,2026-02-14,Almagro-Centro,Presencial,TANVIMIL ACD|TANVIMIL ACD FLUOR|AEROGAL,"Reunión productiva. Se abordaron beneficios de TANVIMIL ACD, TANVIMIL ACD FLUOR, AEROGAL."
103,Paula Acosta,717889,2026-04-09,Almagro-Centro,Presencial,AEROGAL|TANVIMIL ACD FLUOR,Se coordinó charla informativa sobre AEROGAL para el equipo médico.
104,Martín Rodríguez,948749,2025-01-05,Palermo-Norte,Virtual,TRIMACREM PLUS,Se entregó material informativo sobre TRIMACREM PLUS. Buena recepción.
105,Martín Rodríguez,948749,2025-06-23,Palermo-Norte,Presencial,PANCUTAN NF|TRIMACREM PLUS,"Presentación de PANCUTAN NF, TRIMACREM PLUS. Se acordó seguimiento en próxima visita."
106,Martín Rodríguez,948749,2025-07-10,Palermo-Norte,Telefónica,TRICOPLUS|TRIMACREM PLUS|MENCOGRIN AP,"Visita breve. Se dejó material de TRICOPLUS, TRIMACREM PLUS, MENCOGRIN AP para revisión."
107,Martín Rodríguez,948749,2025-11-04,Palermo-Norte,Presencial,TRICOPLUS|PANCUTAN NF|TRIMACREM PLUS,Se presentó nueva evidencia clínica de TRICOPLUS. Interés alto.
108,Martín Rodríguez,948749,2026-02-28,Palermo-Norte,Virtual,TRICOPLUS,Se discutieron novedades de TRICOPLUS. Médico solicitó muestras.
109,Martín Rodríguez,948749,2026-05-20,Palermo-Norte,Presencial,TRICOPLUS|MENCOGRIN AP,Se coordinó charla informativa sobre TRICOPLUS para el equipo médico.
110,Carlos Gómez,944962,2025-01-16,Flores-Norte,Virtual,TRIMACREM PLUS,Se coordinó charla informativa sobre TRIMACREM PLUS para el equipo médico.
111,Carlos Gómez,944962,2025-02-28,Flores-Norte,Presencial,TRIMACREM PLUS|MENCOGRIN AP|SUTRICO TAR,Se presentó nueva evidencia clínica de TRIMACREM PLUS. Interés alto.
112,Carlos Gómez,944962,2025-03-18,Flores-Norte,Presencial,SUTRICO TAR|PANCUTAN NF|TRICOPLUS,"Reunión productiva. Se abordaron beneficios de SUTRICO TAR, PANCUTAN NF, TRICOPLUS."
113,Carlos Gómez,944962,2025-06-20,Flores-Norte,Presencial,TRICOPLUS|MENCOGRIN AP,"Se entregó material informativo sobre TRICOPLUS, MENCOGRIN AP. Buena recepción."
114,Carlos Gómez,944962,2025-07-02,Flores-Norte,Presencial,TRICOPLUS,Se presentó nueva evidencia clínica de TRICOPLUS. Interés alto.
115,Carlos Gómez,944962,2025-08-02,Flores-Norte,Presencial,PANCUTAN NF|TRIMACREM PLUS|TRICOPLUS,Se presentó nueva evidencia clínica de PANCUTAN NF. Interés alto.
116,Carlos Gómez,944962,2025-09-23,Flores-Norte,Presencial,TRICOPLUS|SUTRICO TAR|PANCUTAN NF,Se discutieron novedades de TRICOPLUS. Médico solicitó muestras.
117,Carlos Gómez,944962,2025-10-08,Flores-Norte,Presencial,TRICOPLUS|PANCUTAN NF,"Presentación de TRICOPLUS, PANCUTAN NF. Se acordó seguimiento en próxima visita."
118,Carlos Gómez,944962,2025-12-03,Flores-Norte,Presencial,PANCUTAN NF|TRICOPLUS|TRIMACREM PLUS,El médico consultó sobre posología de PANCUTAN NF. Se aclararon dudas.
119,Carlos Gómez,944962,2026-01-09,Flores-Norte,Virtual,MENCOGRIN AP,Se discutieron novedades de MENCOGRIN AP. Médico solicitó muestras.
120,Carlos Gómez,944962,2026-02-05,Flores-Norte,Virtual,SUTRICO TAR|TRIMACREM PLUS,El médico compartió experiencia positiva con SUTRICO TAR.
121,Carlos Gómez,944962,2026-04-11,Flores-Norte,Telefónica,TRICOPLUS|SUTRICO TAR,"Reunión productiva. Se abordaron beneficios de TRICOPLUS, SUTRICO TAR."
122,Carlos Gómez,944962,2026-05-15,Flores-Norte,Virtual,MENCOGRIN AP|TRICOPLUS|TRIMACREM PLUS,"Presentación de MENCOGRIN AP, TRICOPLUS, TRIMACREM PLUS. Se acordó seguimiento en próxima visita."
123,Carlos Gómez,944962,2026-06-20,Flores-Norte,Presencial,PANCUTAN NF|MENCOGRIN AP,"Presentación de PANCUTAN NF, MENCOGRIN AP. Se acordó seguimiento en próxima visita."
124,Carlos Gómez,944962,2026-08-21,Flores-Norte,Presencial,PANCUTAN NF|SUTRICO TAR|TRICOPLUS,Se revisaron casos clínicos con PANCUTAN NF. Médico receptivo.
125,Carlos Gómez,944962,2026-09-27,Flores-Norte,Presencial,TRICOPLUS,El médico consultó sobre posología de TRICOPLUS. Se aclararon dudas.
126,Carlos Gómez,944962,2026-10-06,Flores-Norte,Virtual,MENCOGRIN AP,Se entregó material informativo sobre MENCOGRIN AP. Buena recepción.
127,Ana Martínez,267414,2025-05-25,Palermo-Sur,Presencial,TANVIMIL ACD FLUOR|TANVIMIL ACD|AEROGAL,Se presentó nueva evidencia clínica de TANVIMIL ACD FLUOR. Interés alto.
128,Ana Martínez,267414,2025-07-10,Palermo-Sur,Virtual,TANVIMIL ACD FLUOR|AEROGAL,Se coordinó charla informativa sobre TANVIMIL ACD FLUOR para el equipo médico.
129,Ana Martínez,267414,2025-08-05,Palermo-Sur,Presencial,TANVIMIL ACD,Reunión productiva. Se abordaron beneficios de TANVIMIL ACD.
130,Ana Martínez,267414,2025-09-21,Palermo-Sur,Presencial,TANVIMIL ACD FLUOR|AEROGAL|TANVIMIL ACD,"Se presentaron TANVIMIL ACD FLUOR, AEROGAL, TANVIMIL ACD. El médico mostró interés en TANVIMIL ACD FLUOR."
131,Ana Martínez,267414,2025-12-02,Palermo-Sur,Presencial,TANVIMIL ACD FLUOR|TANVIMIL ACD|AEROGAL,Se coordinó charla informativa sobre TANVIMIL ACD FLUOR para el equipo médico.
132,Ana Martínez,267414,2026-04-10,Palermo-Sur,Presencial,TANVIMIL ACD|AEROGAL|TANVIMIL ACD FLUOR,El médico consultó sobre posología de TANVIMIL ACD. Se aclararon dudas.
133,Ana Martínez,267414,2026-05-27,Palermo-Sur,Virtual,AEROGAL,Se revisaron casos clínicos con AEROGAL. Médico receptivo.
134,Ana Martínez,267414,2026-06-26,Palermo-Sur,Virtual,TANVIMIL ACD|TANVIMIL ACD FLUOR|AEROGAL,"Presentación de TANVIMIL ACD, TANVIMIL ACD FLUOR, AEROGAL. Se acordó seguimiento en próxima visita."
135,Ana Martínez,267414,2026-08-19,Palermo-Sur,Presencial,TANVIMIL ACD FLUOR,Visita breve. Se dejó material de TANVIMIL ACD FLUOR para revisión.
136,Ana Martínez,267414,2026-10-05,Palermo-Sur,Virtual,TANVIMIL ACD|AEROGAL|TANVIMIL ACD FLUOR,Se revisaron casos clínicos con TANVIMIL ACD. Médico receptivo.
137,Ana Martínez,267414,2026-12-20,Palermo-Sur,Presencial,TANVIMIL ACD,Se revisaron casos clínicos con TANVIMIL ACD. Médico receptivo.
138,Diego López,832052,2025-01-24,Quilmes-Centro,Telefónica,TRICOPLUS|MENCOGRIN AP,"Visita breve. Se dejó material de TRICOPLUS, MENCOGRIN AP para revisión."
139,Diego López,832052,2025-02-07,Quilmes-Centro,Virtual,TRICOPLUS|SUTRICO TAR|MENCOGRIN AP,"Se entregó material informativo sobre TRICOPLUS, SUTRICO TAR, MENCOGRIN AP. Buena recepción."
140,Diego López,832052,2025-04-14,Quilmes-Centro,Presencial,TRIMACREM PLUS|MENCOGRIN AP,"Se entregó material informativo sobre TRIMACREM PLUS, MENCOGRIN AP. Buena recepción."
141,Diego López,832052,2025-05-04,Quilmes-Centro,Presencial,TRICOPLUS,Visita de seguimiento. Se discutió eficacia de TRICOPLUS en pacientes.
142,Diego López,832052,2025-07-17,Quilmes-Centro,Presencial,PANCUTAN NF,Visita de seguimiento. Se discutió eficacia de PANCUTAN NF en pacientes.
143,Diego López,832052,2025-08-28,Quilmes-Centro,Presencial,TRIMACREM PLUS,Se presentó nueva evidencia clínica de TRIMACREM PLUS. Interés alto.
144,Diego López,832052,2025-09-20,Quilmes-Centro,Presencial,TRICOPLUS|PANCUTAN NF|MENCOGRIN AP,Se discutieron novedades de TRICOPLUS. Médico solicitó muestras.
145,Diego López,832052,2025-10-10,Quilmes-Centro,Virtual,TRIMACREM PLUS,Visita de seguimiento. Se discutió eficacia de TRIMACREM PLUS en pacientes.
146,Diego López,832052,2025-12-19,Quilmes-Centro,Telefónica,TRICOPLUS,Se entregó material informativo sobre TRICOPLUS. Buena recepción.
147,Diego López,832052,2026-01-07,Quilmes-Centro,Presencial,TRICOPLUS|TRIMACREM PLUS,Visita de seguimiento. Se discutió eficacia de TRICOPLUS en pacientes.
148,Diego López,832052,2026-02-05,Quilmes-Centro,Presencial,SUTRICO TAR|TRICOPLUS,"Se presentaron SUTRICO TAR, TRICOPLUS. El médico mostró interés en SUTRICO TAR."
149,Diego López,832052,2026-05-23,Quilmes-Centro,Telefónica,PANCUTAN NF|TRICOPLUS,"Reunión productiva. Se abordaron beneficios de PANCUTAN NF, TRICOPLUS."
150,Diego López,832052,2026-06-18,Quilmes-Centro,Telefónica,TRICOPLUS,Visita de seguimiento. Se discutió eficacia de TRICOPLUS en pacientes.
151,Diego López,832052,2026-09-02,Quilmes-Centro,Presencial,PANCUTAN NF,El médico consultó sobre posología de PANCUTAN NF. Se aclararon dudas.
152,Diego López,832052,2026-10-26,Quilmes-Centro,Presencial,MENCOGRIN AP,Se revisaron casos clínicos con MENCOGRIN AP. Médico receptivo.
153,Diego López,832052,2026-11-14,Quilmes-Centro,Presencial,PANCUTAN NF|MENCOGRIN AP,El médico compartió experiencia positiva con PANCUTAN NF.
154,Diego López,832052,2026-12-02,Quilmes-Centro,Virtual,SUTRICO TAR|MENCOGRIN AP,Se coordinó charla informativa sobre SUTRICO TAR para el equipo médico.
155,Gonzalo Medina,543143,2025-05-13,Palermo-Sur,Virtual,APSICO,Se discutieron novedades de APSICO. Médico solicitó muestras.
156,Gonzalo Medina,543143,2025-06-07,Palermo-Sur,Virtual,APSICO,Reunión productiva. Se abordaron beneficios de APSICO.
157,Gonzalo Medina,543143,2025-10-25,Palermo-Sur,Telefónica,APSICO|PAMOXET,Se presentó nueva evidencia clínica de APSICO. Interés alto.
158,Gonzalo Medina,543143,2026-04-12,Palermo-Sur,Presencial,PAMOXET|APSICO,Se discutieron novedades de PAMOXET. Médico solicitó muestras.
159,Carlos Gómez,263032,2025-01-23,Vicente López-Centro,Presencial,TIOCTAN,Se coordinó charla informativa sobre TIOCTAN para el equipo médico.
160,Carlos Gómez,263032,2025-03-04,Vicente López-Centro,Virtual,TANDIUR|TANVIMIL B1 B6 B12,Se presentó nueva evidencia clínica de TANDIUR. Interés alto.
161,Carlos Gómez,263032,2025-06-02,Vicente López-Centro,Presencial,TIOCTAN,Se entregó material informativo sobre TIOCTAN. Buena recepción.
162,Carlos Gómez,263032,2025-07-07,Vicente López-Centro,Virtual,CO‑TIOCTAN|TANVIMIL B1 B6 B12,"Visita breve. Se dejó material de CO‑TIOCTAN, TANVIMIL B1 B6 B12 para revisión."
163,Carlos Gómez,263032,2025-08-23,Vicente López-Centro,Presencial,TIOCTAN|CO‑TIOCTAN|TANDIUR,El médico consultó sobre posología de TIOCTAN. Se aclararon dudas.
164,Carlos Gómez,263032,2025-11-19,Vicente López-Centro,Presencial,CO‑TIOCTAN,El médico compartió experiencia positiva con CO‑TIOCTAN.
165,Carlos Gómez,263032,2026-01-12,Vicente López-Centro,Presencial,CO‑TIOCTAN|TIOCTAN,"Presentación de CO‑TIOCTAN, TIOCTAN. Se acordó seguimiento en próxima visita."
166,Carlos Gómez,263032,2026-03-20,Vicente López-Centro,Virtual,TANVIMIL B1 B6 B12|TANDIUR|CO‑TIOCTAN,Se revisaron casos clínicos con TANVIMIL B1 B6 B12. Médico receptivo.
167,Carlos Gómez,263032,2026-05-25,Vicente López-Centro,Presencial,TIOCTAN|CO‑TIOCTAN,Se coordinó charla informativa sobre TIOCTAN para el equipo médico.
168,Nicolás Díaz,325772,2025-05-08,Recoleta-Norte,Virtual,TACNA,Se coordinó charla informativa sobre TACNA para el equipo médico.
169,Nicolás Díaz,325772,2025-06-09,Recoleta-Norte,Telefónica,TACNA|ONEFIN,Se discutieron novedades de TACNA. Médico solicitó muestras.
170,Nicolás Díaz,325772,2025-08-14,Recoleta-Norte,Telefónica,ONEFIN|TACNA,El médico consultó sobre posología de ONEFIN. Se aclararon dudas.
171,Nicolás Díaz,325772,2025-10-02,Recoleta-Norte,Telefónica,ONEFIN,Visita breve. Se dejó material de ONEFIN para revisión.
172,Nicolás Díaz,325772,2025-11-06,Recoleta-Norte,Telefónica,TACNA|ONEFIN,Visita de seguimiento. Se discutió eficacia de TACNA en pacientes.
173,Nicolás Díaz,325772,2025-12-17,Recoleta-Norte,Telefónica,ONEFIN,Visita de seguimiento. Se discutió eficacia de ONEFIN en pacientes.
174,Nicolás Díaz,325772,2026-02-26,Recoleta-Norte,Virtual,TACNA|ONEFIN,El médico compartió experiencia positiva con TACNA.
175,Nicolás Díaz,325772,2026-03-10,Recoleta-Norte,Virtual,ONEFIN|TACNA,Se discutieron novedades de ONEFIN. Médico solicitó muestras.
176,Nicolás Díaz,325772,2026-05-10,Recoleta-Norte,Telefónica,ONEFIN,Se discutieron novedades de ONEFIN. Médico solicitó muestras.
177,Nicolás Díaz,325772,2026-06-17,Recoleta-Norte,Virtual,ONEFIN|TACNA,"Presentación de ONEFIN, TACNA. Se acordó seguimiento en próxima visita."
178,Nicolás Díaz,325772,2026-07-21,Recoleta-Norte,Telefónica,TACNA|ONEFIN,"Se entregó material informativo sobre TACNA, ONEFIN. Buena recepción."
179,Nicolás Díaz,325772,2026-10-17,Recoleta-Norte,Telefónica,TACNA,Visita breve. Se dejó material de TACNA para revisión.
180,Nicolás Díaz,325772,2026-11-09,Recoleta-Norte,Virtual,TACNA,Reunión productiva. Se abordaron beneficios de TACNA.
181,Nicolás Díaz,325772,2026-12-22,Recoleta-Norte,Telefónica,TACNA|ONEFIN,"Reunión productiva. Se abordaron beneficios de TACNA, ONEFIN."
182,Agustín Varela,900581,2025-03-01,La Plata-Centro,Virtual,TANVIMIL B1 B6 B12,Reunión productiva. Se abordaron beneficios de TANVIMIL B1 B6 B12.
183,Agustín Varela,900581,2025-05-25,La Plata-Centro,Virtual,TANVIMIL B1 B6 B12,Se presentó nueva evidencia clínica de TANVIMIL B1 B6 B12. Interés alto.
184,Agustín Varela,900581,2025-07-05,La Plata-Centro,Virtual,TANVIMIL B1 B6 B12|CO‑TIOCTAN|TANDIUR,Se discutieron novedades de TANVIMIL B1 B6 B12. Médico solicitó muestras.
185,Agustín Varela,900581,2025-09-12,La Plata-Centro,Virtual,CO‑TIOCTAN|TANVIMIL B1 B6 B12|TIOCTAN,"Se presentaron CO‑TIOCTAN, TANVIMIL B1 B6 B12, TIOCTAN. El médico mostró interés en CO‑TIOCTAN."
186,Agustín Varela,900581,2025-12-25,La Plata-Centro,Virtual,CO‑TIOCTAN|TANDIUR,El médico compartió experiencia positiva con CO‑TIOCTAN.
187,Agustín Varela,900581,2026-01-07,La Plata-Centro,Telefónica,CO‑TIOCTAN|TANDIUR|TANVIMIL B1 B6 B12,Se revisaron casos clínicos con CO‑TIOCTAN. Médico receptivo.
188,Agustín Varela,900581,2026-05-24,La Plata-Centro,Telefónica,TANDIUR|TANVIMIL B1 B6 B12,Se coordinó charla informativa sobre TANDIUR para el equipo médico.
189,Agustín Varela,900581,2026-09-22,La Plata-Centro,Telefónica,TANDIUR|TIOCTAN|TANVIMIL B1 B6 B12,Se presentó nueva evidencia clínica de TANDIUR. Interés alto.
190,Agustín Varela,900581,2026-11-20,La Plata-Centro,Telefónica,CO‑TIOCTAN|TIOCTAN,"Se entregó material informativo sobre CO‑TIOCTAN, TIOCTAN. Buena recepción."
191,Carlos Gómez,207175,2026-06-22,Flores-Norte,Telefónica,TIOCTAN,Visita breve. Se dejó material de TIOCTAN para revisión.
192,Carlos Gómez,207175,2026-07-18,Flores-Norte,Telefónica,TIOCTAN,Reunión productiva. Se abordaron beneficios de TIOCTAN.
193,Rocío Castro,201414,2025-01-08,La Plata-Centro,Presencial,TRICOPLUS|MENCOGRIN AP,El médico compartió experiencia positiva con TRICOPLUS.
194,Rocío Castro,201414,2025-02-23,La Plata-Centro,Telefónica,TRIMACREM PLUS|TRICOPLUS,"Presentación de TRIMACREM PLUS, TRICOPLUS. Se acordó seguimiento en próxima visita."
195,Rocío Castro,201414,2025-03-25,La Plata-Centro,Presencial,TRIMACREM PLUS|TRICOPLUS|SUTRICO TAR,"Se entregó material informativo sobre TRIMACREM PLUS, TRICOPLUS, SUTRICO TAR. Buena recepción."
196,Rocío Castro,201414,2025-04-26,La Plata-Centro,Presencial,SUTRICO TAR|TRICOPLUS,Se presentó nueva evidencia clínica de SUTRICO TAR. Interés alto.
197,Rocío Castro,201414,2025-06-07,La Plata-Centro,Presencial,SUTRICO TAR,Presentación de SUTRICO TAR. Se acordó seguimiento en próxima visita.
198,Rocío Castro,201414,2025-07-21,La Plata-Centro,Presencial,SUTRICO TAR|PANCUTAN NF|TRICOPLUS,"Presentación de SUTRICO TAR, PANCUTAN NF, TRICOPLUS. Se acordó seguimiento en próxima visita."
199,Rocío Castro,201414,2025-08-05,La Plata-Centro,Telefónica,PANCUTAN NF|SUTRICO TAR|TRICOPLUS,"Reunión productiva. Se abordaron beneficios de PANCUTAN NF, SUTRICO TAR, TRICOPLUS."
200,Rocío Castro,201414,2025-11-24,La Plata-Centro,Telefónica,TRICOPLUS|PANCUTAN NF,Visita de seguimiento. Se discutió eficacia de TRICOPLUS en pacientes.
201,Rocío Castro,201414,2026-01-10,La Plata-Centro,Telefónica,MENCOGRIN AP|SUTRICO TAR,Se coordinó charla informativa sobre MENCOGRIN AP para el equipo médico.
202,Rocío Castro,201414,2026-02-04,La Plata-Centro,Telefónica,TRIMACREM PLUS|PANCUTAN NF|MENCOGRIN AP,"Visita breve. Se dejó material de TRIMACREM PLUS, PANCUTAN NF, MENCOGRIN AP para revisión."
203,Rocío Castro,201414,2026-03-10,La Plata-Centro,Presencial,SUTRICO TAR|TRIMACREM PLUS,Se coordinó charla informativa sobre SUTRICO TAR para el equipo médico.
204,Rocío Castro,201414,2026-05-18,La Plata-Centro,Telefónica,TRIMACREM PLUS|TRICOPLUS,"Visita breve. Se dejó material de TRIMACREM PLUS, TRICOPLUS para revisión."
205,Rocío Castro,201414,2026-07-10,La Plata-Centro,Presencial,SUTRICO TAR|TRICOPLUS|PANCUTAN NF,"Se presentaron SUTRICO TAR, TRICOPLUS, PANCUTAN NF. El médico mostró interés en SUTRICO TAR."
206,Rocío Castro,201414,2026-08-18,La Plata-Centro,Telefónica,TRIMACREM PLUS|MENCOGRIN AP|PANCUTAN NF,"Se entregó material informativo sobre TRIMACREM PLUS, MENCOGRIN AP, PANCUTAN NF. Buena recepción."
207,Rocío Castro,201414,2026-09-04,La Plata-Centro,Presencial,TRICOPLUS|PANCUTAN NF|MENCOGRIN AP,"Se entregó material informativo sobre TRICOPLUS, PANCUTAN NF, MENCOGRIN AP. Buena recepción."
208,Rocío Castro,201414,2026-11-19,La Plata-Centro,Telefónica,TRICOPLUS,Se discutieron novedades de TRICOPLUS. Médico solicitó muestras.
209,Rocío Castro,201414,2026-12-01,La Plata-Centro,Presencial,MENCOGRIN AP|TRIMACREM PLUS,El médico compartió experiencia positiva con MENCOGRIN AP.
210,Camila Ruiz,476417,2025-05-10,Microcentro-Este,Presencial,ALACIR,Se coordinó charla informativa sobre ALACIR para el equipo médico.
211,Camila Ruiz,476417,2025-06-01,Microcentro-Este,Presencial,ALACIR|CIRUELAX MINITABS,"Visita breve. Se dejó material de ALACIR, CIRUELAX MINITABS para revisión."
212,Camila Ruiz,476417,2025-07-08,Microcentro-Este,Presencial,CIRUELAX MINITABS,Se coordinó charla informativa sobre CIRUELAX MINITABS para el equipo médico.
213,Camila Ruiz,476417,2025-12-16,Microcentro-Este,Virtual,ALACIR,Se revisaron casos clínicos con ALACIR. Médico receptivo.
214,Agustín Varela,988662,2025-03-11,Recoleta-Norte,Telefónica,PAMOXET|APSICO,Se discutieron novedades de PAMOXET. Médico solicitó muestras.
215,Agustín Varela,988662,2025-06-25,Recoleta-Norte,Virtual,PAMOXET,Se presentó nueva evidencia clínica de PAMOXET. Interés alto.
216,Agustín Varela,988662,2025-07-16,Recoleta-Norte,Telefónica,APSICO,El médico consultó sobre posología de APSICO. Se aclararon dudas.
217,Agustín Varela,988662,2025-08-25,Recoleta-Norte,Virtual,APSICO,Se entregó material informativo sobre APSICO. Buena recepción.
218,Agustín Varela,988662,2025-10-20,Recoleta-Norte,Virtual,APSICO,Se entregó material informativo sobre APSICO. Buena recepción.
219,Agustín Varela,988662,2026-02-06,Recoleta-Norte,Telefónica,APSICO|PAMOXET,"Se presentaron APSICO, PAMOXET. El médico mostró interés en APSICO."
220,Agustín Varela,988662,2026-05-15,Recoleta-Norte,Telefónica,PAMOXET,El médico consultó sobre posología de PAMOXET. Se aclararon dudas.
221,Agustín Varela,988662,2026-06-14,Recoleta-Norte,Telefónica,APSICO,Se revisaron casos clínicos con APSICO. Médico receptivo.
222,Agustín Varela,988662,2026-10-23,Recoleta-Norte,Virtual,APSICO|PAMOXET,Se coordinó charla informativa sobre APSICO para el equipo médico.
223,Paula Acosta,460663,2025-06-16,Palermo-Norte,Presencial,CO‑TIOCTAN,Se entregó material informativo sobre CO‑TIOCTAN. Buena recepción.
224,Paula Acosta,460663,2025-07-12,Palermo-Norte,Virtual,TIOCTAN,Visita breve. Se dejó material de TIOCTAN para revisión.
225,Paula Acosta,460663,2025-08-26,Palermo-Norte,Virtual,TANVIMIL B1 B6 B12,Reunión productiva. Se abordaron beneficios de TANVIMIL B1 B6 B12.
226,Paula Acosta,460663,2025-09-11,Palermo-Norte,Virtual,TANDIUR,Se presentaron TANDIUR. El médico mostró interés en TANDIUR.
227,Paula Acosta,460663,2025-10-08,Palermo-Norte,Virtual,TANDIUR|TANVIMIL B1 B6 B12|TIOCTAN,"Se entregó material informativo sobre TANDIUR, TANVIMIL B1 B6 B12, TIOCTAN. Buena recepción."
228,Paula Acosta,460663,2025-12-02,Palermo-Norte,Presencial,TANDIUR|TIOCTAN,El médico consultó sobre posología de TANDIUR. Se aclararon dudas.
229,Paula Acosta,460663,2026-01-25,Palermo-Norte,Presencial,TIOCTAN,El médico compartió experiencia positiva con TIOCTAN.
230,Paula Acosta,460663,2026-02-13,Palermo-Norte,Virtual,TIOCTAN,Presentación de TIOCTAN. Se acordó seguimiento en próxima visita.
231,Federico Álvarez,377370,2025-01-15,Palermo-Sur,Presencial,CO‑TIOCTAN,Reunión productiva. Se abordaron beneficios de CO‑TIOCTAN.
232,Federico Álvarez,377370,2026-10-07,Palermo-Sur,Virtual,TANVIMIL B1 B6 B12|TANDIUR|TIOCTAN,El médico compartió experiencia positiva con TANVIMIL B1 B6 B12.
233,Paula Acosta,946335,2025-01-05,Flores-Norte,Presencial,TANVIMIL ACD|AEROGAL|TANVIMIL ACD FLUOR,Se presentó nueva evidencia clínica de TANVIMIL ACD. Interés alto.
234,Paula Acosta,946335,2025-02-20,Flores-Norte,Presencial,AEROGAL|TANVIMIL ACD|TANVIMIL ACD FLUOR,Visita de seguimiento. Se discutió eficacia de AEROGAL en pacientes.
235,Paula Acosta,946335,2025-03-01,Flores-Norte,Presencial,AEROGAL,El médico compartió experiencia positiva con AEROGAL.
236,Paula Acosta,946335,2025-04-19,Flores-Norte,Virtual,TANVIMIL ACD FLUOR|AEROGAL,Visita de seguimiento. Se discutió eficacia de TANVIMIL ACD FLUOR en pacientes.
237,Paula Acosta,946335,2025-05-24,Flores-Norte,Presencial,TANVIMIL ACD|TANVIMIL ACD FLUOR,Se discutieron novedades de TANVIMIL ACD. Médico solicitó muestras.
238,Paula Acosta,946335,2025-06-24,Flores-Norte,Virtual,AEROGAL|TANVIMIL ACD,Se discutieron novedades de AEROGAL. Médico solicitó muestras.
239,Paula Acosta,946335,2025-07-08,Flores-Norte,Telefónica,TANVIMIL ACD FLUOR|AEROGAL,Visita de seguimiento. Se discutió eficacia de TANVIMIL ACD FLUOR en pacientes.
240,Paula Acosta,946335,2025-10-18,Flores-Norte,Presencial,AEROGAL,Se presentó nueva evidencia clínica de AEROGAL. Interés alto.
241,Paula Acosta,946335,2025-11-20,Flores-Norte,Presencial,TANVIMIL ACD|AEROGAL|TANVIMIL ACD FLUOR,"Se entregó material informativo sobre TANVIMIL ACD, AEROGAL, TANVIMIL ACD FLUOR. Buena recepción."
242,Paula Acosta,946335,2025-12-28,Flores-Norte,Presencial,TANVIMIL ACD,Visita de seguimiento. Se discutió eficacia de TANVIMIL ACD en pacientes.
243,Paula Acosta,946335,2026-01-19,Flores-Norte,Virtual,AEROGAL,Visita breve. Se dejó material de AEROGAL para revisión.
244,Paula Acosta,946335,2026-02-19,Flores-Norte,Virtual,TANVIMIL ACD|TANVIMIL ACD FLUOR,Se presentó nueva evidencia clínica de TANVIMIL ACD. Interés alto.
245,Paula Acosta,946335,2026-03-20,Flores-Norte,Presencial,AEROGAL,Se presentó nueva evidencia clínica de AEROGAL. Interés alto.
246,Paula Acosta,946335,2026-04-26,Flores-Norte,Virtual,TANVIMIL ACD FLUOR|AEROGAL,"Reunión productiva. Se abordaron beneficios de TANVIMIL ACD FLUOR, AEROGAL."
247,Paula Acosta,946335,2026-05-07,Flores-Norte,Presencial,AEROGAL,Visita breve. Se dejó material de AEROGAL para revisión.
248,Paula Acosta,946335,2026-06-02,Flores-Norte,Presencial,TANVIMIL ACD,Reunión productiva. Se abordaron beneficios de TANVIMIL ACD.
249,Paula Acosta,946335,2026-07-26,Flores-Norte,Telefónica,TANVIMIL ACD FLUOR,Reunión productiva. Se abordaron beneficios de TANVIMIL ACD FLUOR.
250,Paula Acosta,946335,2026-08-22,Flores-Norte,Virtual,TANVIMIL ACD FLUOR,Se coordinó charla informativa sobre TANVIMIL ACD FLUOR para el equipo médico.
251,Paula Acosta,946335,2026-09-26,Flores-Norte,Presencial,AEROGAL|TANVIMIL ACD|TANVIMIL ACD FLUOR,Se coordinó charla informativa sobre AEROGAL para el equipo médico.
252,Paula Acosta,946335,2026-10-17,Flores-Norte,Presencial,TANVIMIL ACD|AEROGAL|TANVIMIL ACD FLUOR,"Reunión productiva. Se abordaron beneficios de TANVIMIL ACD, AEROGAL, TANVIMIL ACD FLUOR."
253,Paula Acosta,946335,2026-11-26,Flores-Norte,Presencial,TANVIMIL ACD,Se presentó nueva evidencia clínica de TANVIMIL ACD. Interés alto.
254,Matías Herrera,145561,2025-01-14,Núñez-Centro,Presencial,TANVIMIL AMINOÁCIDOS|TANVIMIL PLUS|TANVIMIL B1 B6 B12,Se coordinó charla informativa sobre TANVIMIL AMINOÁCIDOS para el equipo médico.
255,Matías Herrera,145561,2025-02-10,Núñez-Centro,Presencial,TANVIMIL B1 B6 B12|TANVIMIL AMINOÁCIDOS,"Reunión productiva. Se abordaron beneficios de TANVIMIL B1 B6 B12, TANVIMIL AMINOÁCIDOS."
256,Matías Herrera,145561,2025-03-12,Núñez-Centro,Virtual,TANVIMIL PLUS|TANVIMIL AMINOÁCIDOS|TANVIMIL B1 B6 B12,Se discutieron novedades de TANVIMIL PLUS. Médico solicitó muestras.
257,Matías Herrera,145561,2025-06-01,Núñez-Centro,Presencial,TANVIMIL AMINOÁCIDOS|TANVIMIL PLUS,Se revisaron casos clínicos con TANVIMIL AMINOÁCIDOS. Médico receptivo.
258,Matías Herrera,145561,2025-09-12,Núñez-Centro,Virtual,TANVIMIL AMINOÁCIDOS|TANVIMIL B1 B6 B12|TANVIMIL PLUS,"Presentación de TANVIMIL AMINOÁCIDOS, TANVIMIL B1 B6 B12, TANVIMIL PLUS. Se acordó seguimiento en próxima visita."
259,Matías Herrera,145561,2025-12-14,Núñez-Centro,Presencial,TANVIMIL PLUS|TANVIMIL B1 B6 B12|TANVIMIL AMINOÁCIDOS,El médico consultó sobre posología de TANVIMIL PLUS. Se aclararon dudas.
260,Matías Herrera,145561,2026-01-08,Núñez-Centro,Presencial,TANVIMIL AMINOÁCIDOS|TANVIMIL PLUS|TANVIMIL B1 B6 B12,El médico compartió experiencia positiva con TANVIMIL AMINOÁCIDOS.
261,Matías Herrera,145561,2026-03-11,Núñez-Centro,Presencial,TANVIMIL AMINOÁCIDOS|TANVIMIL B1 B6 B12,"Visita breve. Se dejó material de TANVIMIL AMINOÁCIDOS, TANVIMIL B1 B6 B12 para revisión."
262,Matías Herrera,145561,2026-04-10,Núñez-Centro,Virtual,TANVIMIL AMINOÁCIDOS|TANVIMIL B1 B6 B12,"Visita breve. Se dejó material de TANVIMIL AMINOÁCIDOS, TANVIMIL B1 B6 B12 para revisión."
263,Matías Herrera,145561,2026-05-27,Núñez-Centro,Presencial,TANVIMIL B1 B6 B12,Se discutieron novedades de TANVIMIL B1 B6 B12. Médico solicitó muestras.
264,Matías Herrera,145561,2026-06-20,Núñez-Centro,Presencial,TANVIMIL PLUS,Se entregó material informativo sobre TANVIMIL PLUS. Buena recepción.
265,Matías Herrera,145561,2026-07-02,Núñez-Centro,Presencial,TANVIMIL B1 B6 B12,Se presentó nueva evidencia clínica de TANVIMIL B1 B6 B12. Interés alto.
266,Matías Herrera,145561,2026-08-27,Núñez-Centro,Virtual,TANVIMIL PLUS|TANVIMIL AMINOÁCIDOS,Se revisaron casos clínicos con TANVIMIL PLUS. Médico receptivo.
267,Matías Herrera,145561,2026-10-28,Núñez-Centro,Presencial,TANVIMIL B1 B6 B12|TANVIMIL PLUS,Se presentó nueva evidencia clínica de TANVIMIL B1 B6 B12. Interés alto.
268,Matías Herrera,145561,2026-11-04,Núñez-Centro,Presencial,TANVIMIL B1 B6 B12,Presentación de TANVIMIL B1 B6 B12. Se acordó seguimiento en próxima visita.
269,Diego López,865179,2025-02-17,Almagro-Centro,Virtual,CO‑TIOCTAN,Se revisaron casos clínicos con CO‑TIOCTAN. Médico receptivo.
270,Diego López,865179,2025-04-14,Almagro-Centro,Virtual,TANVIMIL AMINOÁCIDOS|TIOCTAN,El médico consultó sobre posología de TANVIMIL AMINOÁCIDOS. Se aclararon dudas.
271,Diego López,865179,2025-06-09,Almagro-Centro,Telefónica,TANVIMIL AMINOÁCIDOS|TIOCTAN,"Reunión productiva. Se abordaron beneficios de TANVIMIL AMINOÁCIDOS, TIOCTAN."
272,Diego López,865179,2025-08-03,Almagro-Centro,Virtual,TIOCTAN,Presentación de TIOCTAN. Se acordó seguimiento en próxima visita.
273,Diego López,865179,2025-09-25,Almagro-Centro,Virtual,TANVIMIL AMINOÁCIDOS|CO‑TIOCTAN|TIOCTAN,"Presentación de TANVIMIL AMINOÁCIDOS, CO‑TIOCTAN, TIOCTAN. Se acordó seguimiento en próxima visita."
274,Diego López,865179,2026-02-19,Almagro-Centro,Virtual,CO‑TIOCTAN,Visita de seguimiento. Se discutió eficacia de CO‑TIOCTAN en pacientes.
275,Diego López,865179,2026-03-20,Almagro-Centro,Virtual,TIOCTAN,Presentación de TIOCTAN. Se acordó seguimiento en próxima visita.
276,Diego López,865179,2026-04-18,Almagro-Centro,Telefónica,TANVIMIL AMINOÁCIDOS|CO‑TIOCTAN|TIOCTAN,Visita de seguimiento. Se discutió eficacia de TANVIMIL AMINOÁCIDOS en pacientes.
277,Diego López,581741,2025-01-11,Belgrano-R,Virtual,TANVIMIL AMINOÁCIDOS,Se presentó nueva evidencia clínica de TANVIMIL AMINOÁCIDOS. Interés alto.
278,Diego López,581741,2025-02-28,Belgrano-R,Presencial,TANVIMIL AMINOÁCIDOS|TANVIMIL B1 B6 B12|TANVIMIL PLUS,Visita de seguimiento. Se discutió eficacia de TANVIMIL AMINOÁCIDOS en pacientes.
279,Diego López,581741,2025-03-10,Belgrano-R,Virtual,TANVIMIL AMINOÁCIDOS|TANVIMIL B1 B6 B12,"Presentación de TANVIMIL AMINOÁCIDOS, TANVIMIL B1 B6 B12. Se acordó seguimiento en próxima visita."
280,Diego López,581741,2025-04-13,Belgrano-R,Virtual,TANVIMIL AMINOÁCIDOS|TANVIMIL PLUS|TANVIMIL B1 B6 B12,El médico consultó sobre posología de TANVIMIL AMINOÁCIDOS. Se aclararon dudas.
281,Diego López,581741,2025-06-24,Belgrano-R,Presencial,TANVIMIL PLUS|TANVIMIL AMINOÁCIDOS,Se presentó nueva evidencia clínica de TANVIMIL PLUS. Interés alto.
282,Diego López,581741,2025-07-27,Belgrano-R,Virtual,TANVIMIL AMINOÁCIDOS|TANVIMIL PLUS|TANVIMIL B1 B6 B12,Visita de seguimiento. Se discutió eficacia de TANVIMIL AMINOÁCIDOS en pacientes.
283,Diego López,581741,2025-08-26,Belgrano-R,Virtual,TANVIMIL PLUS,Se presentaron TANVIMIL PLUS. El médico mostró interés en TANVIMIL PLUS.
284,Diego López,581741,2025-09-21,Belgrano-R,Presencial,TANVIMIL B1 B6 B12,El médico consultó sobre posología de TANVIMIL B1 B6 B12. Se aclararon dudas.
285,Diego López,581741,2025-10-25,Belgrano-R,Virtual,TANVIMIL B1 B6 B12|TANVIMIL PLUS|TANVIMIL AMINOÁCIDOS,"Visita breve. Se dejó material de TANVIMIL B1 B6 B12, TANVIMIL PLUS, TANVIMIL AMINOÁCIDOS para revisión."
286,Diego López,581741,2025-12-20,Belgrano-R,Presencial,TANVIMIL B1 B6 B12,El médico consultó sobre posología de TANVIMIL B1 B6 B12. Se aclararon dudas.
287,Diego López,581741,2026-01-05,Belgrano-R,Presencial,TANVIMIL PLUS,Se presentó nueva evidencia clínica de TANVIMIL PLUS. Interés alto.
288,Diego López,581741,2026-02-05,Belgrano-R,Presencial,TANVIMIL AMINOÁCIDOS|TANVIMIL B1 B6 B12,El médico consultó sobre posología de TANVIMIL AMINOÁCIDOS. Se aclararon dudas.
289,Diego López,581741,2026-03-22,Belgrano-R,Presencial,TANVIMIL PLUS|TANVIMIL B1 B6 B12,El médico compartió experiencia positiva con TANVIMIL PLUS.
290,Diego López,581741,2026-04-13,Belgrano-R,Presencial,TANVIMIL PLUS|TANVIMIL AMINOÁCIDOS,Se discutieron novedades de TANVIMIL PLUS. Médico solicitó muestras.
291,Diego López,581741,2026-05-03,Belgrano-R,Virtual,TANVIMIL PLUS,Se coordinó charla informativa sobre TANVIMIL PLUS para el equipo médico.
292,Diego López,581741,2026-06-02,Belgrano-R,Virtual,TANVIMIL PLUS,Se presentó nueva evidencia clínica de TANVIMIL PLUS. Interés alto.
293,Diego López,581741,2026-08-03,Belgrano-R,Presencial,TANVIMIL B1 B6 B12|TANVIMIL AMINOÁCIDOS,"Se entregó material informativo sobre TANVIMIL B1 B6 B12, TANVIMIL AMINOÁCIDOS. Buena recepción."
294,Diego López,581741,2026-09-18,Belgrano-R,Presencial,TANVIMIL AMINOÁCIDOS|TANVIMIL B1 B6 B12|TANVIMIL PLUS,"Reunión productiva. Se abordaron beneficios de TANVIMIL AMINOÁCIDOS, TANVIMIL B1 B6 B12, TANVIMIL PLUS."
295,Diego López,581741,2026-10-28,Belgrano-R,Virtual,TANVIMIL AMINOÁCIDOS|TANVIMIL B1 B6 B12|TANVIMIL PLUS,"Se presentaron TANVIMIL AMINOÁCIDOS, TANVIMIL B1 B6 B12, TANVIMIL PLUS. El médico mostró interés en TANVIMIL AMINOÁCIDOS."
296,Diego López,581741,2026-11-12,Belgrano-R,Presencial,TANVIMIL B1 B6 B12|TANVIMIL PLUS|TANVIMIL AMINOÁCIDOS,"Se presentaron TANVIMIL B1 B6 B12, TANVIMIL PLUS, TANVIMIL AMINOÁCIDOS. El médico mostró interés en TANVIMIL B1 B6 B12."
297,Diego López,581741,2026-12-04,Belgrano-R,Virtual,TANVIMIL PLUS|TANVIMIL B1 B6 B12|TANVIMIL AMINOÁCIDOS,"Se presentaron TANVIMIL PLUS, TANVIMIL B1 B6 B12, TANVIMIL AMINOÁCIDOS. El médico mostró interés en TANVIMIL PLUS."
298,Florencia Sánchez,662275,2025-02-21,Caballito-Centro,Presencial,APSICO|PAMOXET,"Presentación de APSICO, PAMOXET. Se acordó seguimiento en próxima visita."
299,Florencia Sánchez,662275,2025-03-06,Caballito-Centro,Presencial,APSICO,El médico consultó sobre posología de APSICO. Se aclararon dudas.
300,Florencia Sánchez,662275,2025-05-04,Caballito-Centro,Presencial,APSICO|PAMOXET,Se revisaron casos clínicos con APSICO. Médico receptivo.
301,Florencia Sánchez,662275,2025-06-26,Caballito-Centro,Virtual,APSICO,Se coordinó charla informativa sobre APSICO para el equipo médico.
302,Florencia Sánchez,662275,2025-07-04,Caballito-Centro,Presencial,PAMOXET,Se discutieron novedades de PAMOXET. Médico solicitó muestras.
303,Florencia Sánchez,662275,2025-08-09,Caballito-Centro,Presencial,APSICO|PAMOXET,"Se presentaron APSICO, PAMOXET. El médico mostró interés en APSICO."
304,Florencia Sánchez,662275,2025-09-26,Caballito-Centro,Virtual,APSICO|PAMOXET,"Se entregó material informativo sobre APSICO, PAMOXET. Buena recepción."
305,Florencia Sánchez,662275,2025-10-15,Caballito-Centro,Presencial,PAMOXET|APSICO,"Reunión productiva. Se abordaron beneficios de PAMOXET, APSICO."
306,Florencia Sánchez,662275,2025-11-18,Caballito-Centro,Telefónica,APSICO|PAMOXET,Se revisaron casos clínicos con APSICO. Médico receptivo.
307,Florencia Sánchez,662275,2025-12-09,Caballito-Centro,Presencial,APSICO,Se revisaron casos clínicos con APSICO. Médico receptivo.
308,Florencia Sánchez,662275,2026-01-15,Caballito-Centro,Telefónica,PAMOXET|APSICO,"Presentación de PAMOXET, APSICO. Se acordó seguimiento en próxima visita."
309,Florencia Sánchez,662275,2026-03-21,Caballito-Centro,Presencial,PAMOXET|APSICO,Se presentó nueva evidencia clínica de PAMOXET. Interés alto.
310,Florencia Sánchez,662275,2026-04-20,Caballito-Centro,Virtual,APSICO,Visita de seguimiento. Se discutió eficacia de APSICO en pacientes.
311,Florencia Sánchez,662275,2026-05-28,Caballito-Centro,Telefónica,APSICO|PAMOXET,Visita de seguimiento. Se discutió eficacia de APSICO en pacientes.
312,Florencia Sánchez,662275,2026-06-10,Caballito-Centro,Virtual,PAMOXET|APSICO,"Se entregó material informativo sobre PAMOXET, APSICO. Buena recepción."
313,Florencia Sánchez,662275,2026-09-20,Caballito-Centro,Virtual,APSICO|PAMOXET,Se discutieron novedades de APSICO. Médico solicitó muestras.
314,Florencia Sánchez,662275,2026-10-25,Caballito-Centro,Virtual,PAMOXET|APSICO,El médico consultó sobre posología de PAMOXET. Se aclararon dudas.
315,Florencia Sánchez,662275,2026-11-17,Caballito-Centro,Presencial,PAMOXET|APSICO,"Reunión productiva. Se abordaron beneficios de PAMOXET, APSICO."
316,Daniela Morales,182627,2025-12-05,Palermo-Sur,Presencial,TANVIMIL AMINOÁCIDOS|TANVIMIL B1 B6 B12,"Presentación de TANVIMIL AMINOÁCIDOS, TANVIMIL B1 B6 B12. Se acordó seguimiento en próxima visita."
317,Daniela Morales,182627,2026-04-17,Palermo-Sur,Presencial,TANVIMIL B1 B6 B12|TANVIMIL PLUS|TANVIMIL AMINOÁCIDOS,Visita de seguimiento. Se discutió eficacia de TANVIMIL B1 B6 B12 en pacientes.
318,Daniela Morales,182627,2026-08-25,Palermo-Sur,Presencial,TANVIMIL PLUS|TANVIMIL AMINOÁCIDOS|TANVIMIL B1 B6 B12,El médico consultó sobre posología de TANVIMIL PLUS. Se aclararon dudas.
319,Valentina Pérez,407419,2025-02-20,La Plata-Centro,Telefónica,TRIMACREM PLUS|MENCOGRIN AP|SUTRICO TAR,"Se entregó material informativo sobre TRIMACREM PLUS, MENCOGRIN AP, SUTRICO TAR. Buena recepción."
320,Valentina Pérez,407419,2025-03-05,La Plata-Centro,Virtual,PANCUTAN NF|TRICOPLUS|MENCOGRIN AP,Visita de seguimiento. Se discutió eficacia de PANCUTAN NF en pacientes.
321,Valentina Pérez,407419,2025-09-04,La Plata-Centro,Virtual,PANCUTAN NF|MENCOGRIN AP,"Se presentaron PANCUTAN NF, MENCOGRIN AP. El médico mostró interés en PANCUTAN NF."
322,Valentina Pérez,407419,2026-02-26,La Plata-Centro,Telefónica,SUTRICO TAR|TRICOPLUS|MENCOGRIN AP,El médico compartió experiencia positiva con SUTRICO TAR.
323,Valentina Pérez,407419,2026-03-28,La Plata-Centro,Presencial,PANCUTAN NF,Visita de seguimiento. Se discutió eficacia de PANCUTAN NF en pacientes.
324,Valentina Pérez,407419,2026-06-07,La Plata-Centro,Presencial,TRICOPLUS|PANCUTAN NF|MENCOGRIN AP,Visita de seguimiento. Se discutió eficacia de TRICOPLUS en pacientes.
325,Valentina Pérez,407419,2026-11-10,La Plata-Centro,Presencial,MENCOGRIN AP|SUTRICO TAR,El médico compartió experiencia positiva con MENCOGRIN AP.
326,Matías Herrera,759176,2025-02-07,Almagro-Centro,Virtual,TANVIMIL B1 B6 B12|TANVIMIL PLUS,"Visita breve. Se dejó material de TANVIMIL B1 B6 B12, TANVIMIL PLUS para revisión."
327,Matías Herrera,759176,2025-07-25,Almagro-Centro,Virtual,TANVIMIL B1 B6 B12|TANVIMIL AMINOÁCIDOS|TANVIMIL PLUS,Se coordinó charla informativa sobre TANVIMIL B1 B6 B12 para el equipo médico.
328,Matías Herrera,759176,2025-09-21,Almagro-Centro,Presencial,TANVIMIL PLUS|TANVIMIL AMINOÁCIDOS,"Se entregó material informativo sobre TANVIMIL PLUS, TANVIMIL AMINOÁCIDOS. Buena recepción."
329,Matías Herrera,759176,2025-10-07,Almagro-Centro,Presencial,TANVIMIL PLUS,El médico compartió experiencia positiva con TANVIMIL PLUS.
330,Matías Herrera,759176,2025-11-25,Almagro-Centro,Presencial,TANVIMIL PLUS,Se presentaron TANVIMIL PLUS. El médico mostró interés en TANVIMIL PLUS.
331,Matías Herrera,759176,2026-01-12,Almagro-Centro,Presencial,TANVIMIL B1 B6 B12|TANVIMIL AMINOÁCIDOS|TANVIMIL PLUS,"Se entregó material informativo sobre TANVIMIL B1 B6 B12, TANVIMIL AMINOÁCIDOS, TANVIMIL PLUS. Buena recepción."
332,Matías Herrera,759176,2026-02-09,Almagro-Centro,Presencial,TANVIMIL PLUS|TANVIMIL B1 B6 B12,Se discutieron novedades de TANVIMIL PLUS. Médico solicitó muestras.
333,Matías Herrera,759176,2026-03-18,Almagro-Centro,Presencial,TANVIMIL PLUS|TANVIMIL B1 B6 B12|TANVIMIL AMINOÁCIDOS,Se coordinó charla informativa sobre TANVIMIL PLUS para el equipo médico.
334,Matías Herrera,759176,2026-04-17,Almagro-Centro,Presencial,TANVIMIL B1 B6 B12|TANVIMIL AMINOÁCIDOS|TANVIMIL PLUS,"Reunión productiva. Se abordaron beneficios de TANVIMIL B1 B6 B12, TANVIMIL AMINOÁCIDOS, TANVIMIL PLUS."
335,Matías Herrera,759176,2026-05-07,Almagro-Centro,Presencial,TANVIMIL B1 B6 B12,Se discutieron novedades de TANVIMIL B1 B6 B12. Médico solicitó muestras.
336,Matías Herrera,748564,2025-03-25,Flores-Norte,Virtual,TANVIMIL ACD FLUOR,Se entregó material informativo sobre TANVIMIL ACD FLUOR. Buena recepción.
337,Matías Herrera,748564,2025-04-21,Flores-Norte,Presencial,AEROGAL|TANVIMIL ACD,Se revisaron casos clínicos con AEROGAL. Médico receptivo.
338,Matías Herrera,748564,2025-06-01,Flores-Norte,Virtual,TANVIMIL ACD,Se discutieron novedades de TANVIMIL ACD. Médico solicitó muestras.
339,Matías Herrera,748564,2025-07-10,Flores-Norte,Presencial,AEROGAL|TANVIMIL ACD FLUOR|TANVIMIL ACD,"Presentación de AEROGAL, TANVIMIL ACD FLUOR, TANVIMIL ACD. Se acordó seguimiento en próxima visita."
340,Matías Herrera,748564,2025-09-07,Flores-Norte,Presencial,AEROGAL|TANVIMIL ACD FLUOR|TANVIMIL ACD,Visita de seguimiento. Se discutió eficacia de AEROGAL en pacientes.
341,Matías Herrera,748564,2025-12-08,Flores-Norte,Telefónica,TANVIMIL ACD FLUOR|TANVIMIL ACD|AEROGAL,Se presentó nueva evidencia clínica de TANVIMIL ACD FLUOR. Interés alto.
342,Matías Herrera,748564,2026-02-25,Flores-Norte,Presencial,AEROGAL,Se revisaron casos clínicos con AEROGAL. Médico receptivo.
343,Matías Herrera,748564,2026-03-10,Flores-Norte,Presencial,TANVIMIL ACD FLUOR|AEROGAL,El médico compartió experiencia positiva con TANVIMIL ACD FLUOR.
344,Matías Herrera,748564,2026-08-16,Flores-Norte,Presencial,AEROGAL,Se entregó material informativo sobre AEROGAL. Buena recepción.
345,Matías Herrera,748564,2026-09-19,Flores-Norte,Presencial,AEROGAL|TANVIMIL ACD FLUOR,El médico consultó sobre posología de AEROGAL. Se aclararon dudas.
346,Matías Herrera,748564,2026-12-05,Flores-Norte,Presencial,AEROGAL|TANVIMIL ACD,El médico consultó sobre posología de AEROGAL. Se aclararon dudas.
347,Rocío Castro,479201,2025-01-06,La Plata-Centro,Virtual,TRICOFIN,Se presentó nueva evidencia clínica de TRICOFIN. Interés alto.
348,Rocío Castro,479201,2025-02-18,La Plata-Centro,Virtual,TRICOFIN|TACNA,"Visita breve. Se dejó material de TRICOFIN, TACNA para revisión."
349,Rocío Castro,479201,2025-03-04,La Plata-Centro,Telefónica,TACNA,El médico compartió experiencia positiva con TACNA.
350,Rocío Castro,479201,2025-08-01,La Plata-Centro,Virtual,TACNA|TRICOFIN,"Presentación de TACNA, TRICOFIN. Se acordó seguimiento en próxima visita."
351,Rocío Castro,479201,2025-10-15,La Plata-Centro,Telefónica,TRICOFIN,El médico compartió experiencia positiva con TRICOFIN.
352,Rocío Castro,479201,2025-12-06,La Plata-Centro,Virtual,TRICOFIN,El médico compartió experiencia positiva con TRICOFIN.
353,Rocío Castro,479201,2026-03-18,La Plata-Centro,Telefónica,TRICOFIN|TACNA,Se revisaron casos clínicos con TRICOFIN. Médico receptivo.
354,Rocío Castro,479201,2026-05-07,La Plata-Centro,Virtual,TACNA,Se coordinó charla informativa sobre TACNA para el equipo médico.
355,Rocío Castro,479201,2026-10-25,La Plata-Centro,Virtual,TACNA|TRICOFIN,"Se presentaron TACNA, TRICOFIN. El médico mostró interés en TACNA."
356,Agustín Varela,705397,2025-02-07,Recoleta-Norte,Presencial,ONEFIN|TACNA,El médico compartió experiencia positiva con ONEFIN.
357,Agustín Varela,705397,2025-04-18,Recoleta-Norte,Presencial,TACNA|ONEFIN,Visita de seguimiento. Se discutió eficacia de TACNA en pacientes.
358,Agustín Varela,705397,2025-05-09,Recoleta-Norte,Presencial,TACNA,Se coordinó charla informativa sobre TACNA para el equipo médico.
359,Agustín Varela,705397,2025-06-18,Recoleta-Norte,Virtual,ONEFIN|TACNA,El médico compartió experiencia positiva con ONEFIN.
360,Agustín Varela,705397,2025-10-17,Recoleta-Norte,Presencial,TACNA|ONEFIN,"Presentación de TACNA, ONEFIN. Se acordó seguimiento en próxima visita."
361,Agustín Varela,705397,2026-04-03,Recoleta-Norte,Virtual,ONEFIN|TACNA,El médico consultó sobre posología de ONEFIN. Se aclararon dudas.
362,Agustín Varela,705397,2026-10-13,Recoleta-Norte,Presencial,TACNA|ONEFIN,"Presentación de TACNA, ONEFIN. Se acordó seguimiento en próxima visita."
363,Rocío Castro,301629,2025-02-27,Quilmes-Centro,Virtual,TANVIMIL ACD FLUOR,Se revisaron casos clínicos con TANVIMIL ACD FLUOR. Médico receptivo.
364,Rocío Castro,301629,2025-04-12,Quilmes-Centro,Presencial,TANVIMIL ACD|TANVIMIL ACD FLUOR|AEROGAL,Se discutieron novedades de TANVIMIL ACD. Médico solicitó muestras.
365,Rocío Castro,301629,2025-07-20,Quilmes-Centro,Virtual,TANVIMIL ACD FLUOR|AEROGAL|TANVIMIL ACD,"Presentación de TANVIMIL ACD FLUOR, AEROGAL, TANVIMIL ACD. Se acordó seguimiento en próxima visita."
366,Rocío Castro,301629,2025-09-03,Quilmes-Centro,Presencial,TANVIMIL ACD|TANVIMIL ACD FLUOR|AEROGAL,El médico compartió experiencia positiva con TANVIMIL ACD.
367,Rocío Castro,301629,2025-11-06,Quilmes-Centro,Virtual,TANVIMIL ACD FLUOR|AEROGAL,Se presentó nueva evidencia clínica de TANVIMIL ACD FLUOR. Interés alto.
368,Rocío Castro,301629,2025-12-03,Quilmes-Centro,Presencial,AEROGAL|TANVIMIL ACD|TANVIMIL ACD FLUOR,"Se presentaron AEROGAL, TANVIMIL ACD, TANVIMIL ACD FLUOR. El médico mostró interés en AEROGAL."
369,Rocío Castro,301629,2026-10-27,Quilmes-Centro,Virtual,AEROGAL|TANVIMIL ACD|TANVIMIL ACD FLUOR,"Visita breve. Se dejó material de AEROGAL, TANVIMIL ACD, TANVIMIL ACD FLUOR para revisión."
370,Rocío Castro,301629,2026-11-22,Quilmes-Centro,Telefónica,TANVIMIL ACD FLUOR|AEROGAL,"Visita breve. Se dejó material de TANVIMIL ACD FLUOR, AEROGAL para revisión."
371,Sebastián Torres,838797,2025-02-02,Recoleta-Norte,Presencial,TIOCTAN|TANVIMIL AMINOÁCIDOS,"Se entregó material informativo sobre TIOCTAN, TANVIMIL AMINOÁCIDOS. Buena recepción."
372,Sebastián Torres,838797,2025-06-06,Recoleta-Norte,Presencial,CO‑TIOCTAN|TANVIMIL AMINOÁCIDOS|TIOCTAN,Se revisaron casos clínicos con CO‑TIOCTAN. Médico receptivo.
373,Sebastián Torres,838797,2026-03-25,Recoleta-Norte,Telefónica,TIOCTAN|TANVIMIL AMINOÁCIDOS,Visita de seguimiento. Se discutió eficacia de TIOCTAN en pacientes.
374,Sebastián Torres,838797,2026-05-20,Recoleta-Norte,Presencial,TANVIMIL AMINOÁCIDOS|CO‑TIOCTAN,El médico consultó sobre posología de TANVIMIL AMINOÁCIDOS. Se aclararon dudas.
375,Sebastián Torres,838797,2026-07-27,Recoleta-Norte,Telefónica,TANVIMIL AMINOÁCIDOS,Se discutieron novedades de TANVIMIL AMINOÁCIDOS. Médico solicitó muestras.
376,Rocío Castro,172933,2025-03-25,Palermo-Sur,Presencial,TRICOFIN|TACNA,El médico compartió experiencia positiva con TRICOFIN.
377,Rocío Castro,172933,2026-04-13,Palermo-Sur,Presencial,TACNA|TRICOFIN,"Reunión productiva. Se abordaron beneficios de TACNA, TRICOFIN."
378,Martín Rodríguez,148050,2025-01-13,Caballito-Centro,Presencial,TACNA|ONEFIN,Se coordinó charla informativa sobre TACNA para el equipo médico.
379,Martín Rodríguez,148050,2025-02-12,Caballito-Centro,Virtual,TACNA,Visita breve. Se dejó material de TACNA para revisión.
380,Martín Rodríguez,148050,2025-05-23,Caballito-Centro,Virtual,ONEFIN|TACNA,El médico consultó sobre posología de ONEFIN. Se aclararon dudas.
381,Martín Rodríguez,148050,2025-06-06,Caballito-Centro,Virtual,TACNA,Reunión productiva. Se abordaron beneficios de TACNA.
382,Martín Rodríguez,148050,2025-08-13,Caballito-Centro,Presencial,TACNA,Presentación de TACNA. Se acordó seguimiento en próxima visita.
383,Martín Rodríguez,148050,2025-10-26,Caballito-Centro,Virtual,ONEFIN|TACNA,El médico compartió experiencia positiva con ONEFIN.
384,Martín Rodríguez,148050,2025-11-08,Caballito-Centro,Presencial,TACNA,Se discutieron novedades de TACNA. Médico solicitó muestras.
385,Martín Rodríguez,148050,2025-12-06,Caballito-Centro,Virtual,ONEFIN,Se discutieron novedades de ONEFIN. Médico solicitó muestras.
386,Martín Rodríguez,148050,2026-01-10,Caballito-Centro,Telefónica,TACNA,Se presentaron TACNA. El médico mostró interés en TACNA.
387,Martín Rodríguez,148050,2026-02-15,Caballito-Centro,Presencial,ONEFIN|TACNA,"Se presentaron ONEFIN, TACNA. El médico mostró interés en ONEFIN."
388,Martín Rodríguez,148050,2026-03-13,Caballito-Centro,Presencial,ONEFIN|TACNA,Visita de seguimiento. Se discutió eficacia de ONEFIN en pacientes.
389,Martín Rodríguez,148050,2026-04-24,Caballito-Centro,Telefónica,TACNA|ONEFIN,El médico compartió experiencia positiva con TACNA.
390,Martín Rodríguez,148050,2026-05-19,Caballito-Centro,Presencial,TACNA,Se discutieron novedades de TACNA. Médico solicitó muestras.
391,Martín Rodríguez,148050,2026-06-21,Caballito-Centro,Presencial,TACNA|ONEFIN,El médico consultó sobre posología de TACNA. Se aclararon dudas.
392,Martín Rodríguez,148050,2026-07-28,Caballito-Centro,Telefónica,ONEFIN|TACNA,Se revisaron casos clínicos con ONEFIN. Médico receptivo.
393,Martín Rodríguez,148050,2026-08-20,Caballito-Centro,Presencial,TACNA,Visita de seguimiento. Se discutió eficacia de TACNA en pacientes.
394,Martín Rodríguez,148050,2026-09-03,Caballito-Centro,Presencial,TACNA|ONEFIN,"Visita breve. Se dejó material de TACNA, ONEFIN para revisión."
395,Martín Rodríguez,148050,2026-11-28,Caballito-Centro,Presencial,TACNA,Se revisaron casos clínicos con TACNA. Médico receptivo.
396,Martín Rodríguez,148050,2026-12-15,Caballito-Centro,Presencial,ONEFIN|TACNA,El médico consultó sobre posología de ONEFIN. Se aclararon dudas.
397,Julieta Romero,793384,2025-02-03,San Isidro-Centro,Presencial,TACNA,Visita breve. Se dejó material de TACNA para revisión.
398,Julieta Romero,793384,2025-09-26,San Isidro-Centro,Telefónica,TACNA,Se presentaron TACNA. El médico mostró interés en TACNA.
399,Martín Rodríguez,344098,2025-05-19,Vicente López-Centro,Presencial,TANVIMIL B1 B6 B12,Reunión productiva. Se abordaron beneficios de TANVIMIL B1 B6 B12.
400,Nicolás Díaz,205907,2025-04-10,Villa Urquiza-Centro,Telefónica,CIRUELAX MINITABS,Se entregó material informativo sobre CIRUELAX MINITABS. Buena recepción.
401,Nicolás Díaz,205907,2025-07-28,Villa Urquiza-Centro,Telefónica,CIRUELAX MINITABS,Se revisaron casos clínicos con CIRUELAX MINITABS. Médico receptivo.
402,Nicolás Díaz,205907,2025-08-03,Villa Urquiza-Centro,Telefónica,CIRUELAX MINITABS|ALACIR,Se revisaron casos clínicos con CIRUELAX MINITABS. Médico receptivo.
403,Nicolás Díaz,205907,2026-04-06,Villa Urquiza-Centro,Virtual,CIRUELAX MINITABS|ALACIR,"Se presentaron CIRUELAX MINITABS, ALACIR. El médico mostró interés en CIRUELAX MINITABS."
404,Florencia Sánchez,391476,2025-09-05,Microcentro-Este,Virtual,TANVIMIL B1 B6 B12|TIOCTAN|TANDIUR,El médico consultó sobre posología de TANVIMIL B1 B6 B12. Se aclararon dudas.
405,Florencia Sánchez,391476,2025-10-20,Microcentro-Este,Virtual,TIOCTAN,Presentación de TIOCTAN. Se acordó seguimiento en próxima visita.
406,Florencia Sánchez,391476,2026-02-08,Microcentro-Este,Presencial,TANDIUR|TIOCTAN|CO‑TIOCTAN,"Se presentaron TANDIUR, TIOCTAN, CO‑TIOCTAN. El médico mostró interés en TANDIUR."
407,Camila Ruiz,766563,2025-01-01,Villa Urquiza-Centro,Telefónica,TRICOFIN,Visita de seguimiento. Se discutió eficacia de TRICOFIN en pacientes.
408,Camila Ruiz,766563,2025-10-17,Villa Urquiza-Centro,Virtual,TRICOFIN,Se presentaron TRICOFIN. El médico mostró interés en TRICOFIN.
409,Camila Ruiz,766563,2025-12-17,Villa Urquiza-Centro,Telefónica,TRICOFIN|TANVIMIL ACD,"Visita breve. Se dejó material de TRICOFIN, TANVIMIL ACD para revisión."
410,Camila Ruiz,766563,2026-04-26,Villa Urquiza-Centro,Virtual,TANVIMIL ACD|TRICOFIN,El médico consultó sobre posología de TANVIMIL ACD. Se aclararon dudas.
411,Diego López,974628,2025-01-28,Flores-Norte,Presencial,TACNA,Se entregó material informativo sobre TACNA. Buena recepción.
412,Diego López,974628,2025-03-17,Flores-Norte,Telefónica,TACNA|ONEFIN,Se presentó nueva evidencia clínica de TACNA. Interés alto.
413,Diego López,974628,2025-07-12,Flores-Norte,Presencial,TACNA|ONEFIN,"Presentación de TACNA, ONEFIN. Se acordó seguimiento en próxima visita."
414,Diego López,974628,2025-10-17,Flores-Norte,Presencial,TACNA|ONEFIN,Se revisaron casos clínicos con TACNA. Médico receptivo.
415,Diego López,974628,2026-01-26,Flores-Norte,Presencial,TACNA|ONEFIN,Se coordinó charla informativa sobre TACNA para el equipo médico.
416,Diego López,974628,2026-05-09,Flores-Norte,Presencial,ONEFIN|TACNA,"Presentación de ONEFIN, TACNA. Se acordó seguimiento en próxima visita."
417,Diego López,974628,2026-06-28,Flores-Norte,Presencial,TACNA|ONEFIN,Se presentó nueva evidencia clínica de TACNA. Interés alto.
418,Diego López,974628,2026-09-28,Flores-Norte,Presencial,ONEFIN,El médico compartió experiencia positiva con ONEFIN.
419,Diego López,974628,2026-11-05,Flores-Norte,Presencial,TACNA|ONEFIN,"Visita breve. Se dejó material de TACNA, ONEFIN para revisión."
420,Matías Herrera,270555,2025-04-10,Belgrano-R,Telefónica,TANVIMIL AMINOÁCIDOS,El médico consultó sobre posología de TANVIMIL AMINOÁCIDOS. Se aclararon dudas.
421,Matías Herrera,270555,2025-06-10,Belgrano-R,Virtual,TANVIMIL PLUS,Se presentó nueva evidencia clínica de TANVIMIL PLUS. Interés alto.
422,Matías Herrera,270555,2025-08-16,Belgrano-R,Presencial,TANVIMIL PLUS|TANVIMIL B1 B6 B12,Se presentó nueva evidencia clínica de TANVIMIL PLUS. Interés alto.
423,Matías Herrera,270555,2026-05-14,Belgrano-R,Presencial,TANVIMIL B1 B6 B12|TANVIMIL PLUS|TANVIMIL AMINOÁCIDOS,"Reunión productiva. Se abordaron beneficios de TANVIMIL B1 B6 B12, TANVIMIL PLUS, TANVIMIL AMINOÁCIDOS."
424,Matías Herrera,270555,2026-07-11,Belgrano-R,Presencial,TANVIMIL PLUS,Se presentaron TANVIMIL PLUS. El médico mostró interés en TANVIMIL PLUS.
425,Ana Martínez,488162,2025-01-10,Almagro-Centro,Presencial,TRIMACREM PLUS,Visita breve. Se dejó material de TRIMACREM PLUS para revisión.
426,Ana Martínez,488162,2025-02-16,Almagro-Centro,Presencial,PANCUTAN NF,Se revisaron casos clínicos con PANCUTAN NF. Médico receptivo.
427,Ana Martínez,488162,2025-07-21,Almagro-Centro,Virtual,MENCOGRIN AP,Se revisaron casos clínicos con MENCOGRIN AP. Médico receptivo.
428,Ana Martínez,802729,2025-01-18,Belgrano-Centro,Telefónica,TRICOFIN,Presentación de TRICOFIN. Se acordó seguimiento en próxima visita.
429,Ana Martínez,802729,2025-08-27,Belgrano-Centro,Virtual,TRICOFIN|TACNA,Se coordinó charla informativa sobre TRICOFIN para el equipo médico.
430,Ana Martínez,802729,2025-10-14,Belgrano-Centro,Virtual,TACNA,El médico consultó sobre posología de TACNA. Se aclararon dudas.
431,Ana Martínez,802729,2025-11-03,Belgrano-Centro,Presencial,TACNA|TRICOFIN,"Se entregó material informativo sobre TACNA, TRICOFIN. Buena recepción."
432,Ana Martínez,802729,2025-12-23,Belgrano-Centro,Presencial,TRICOFIN,Se discutieron novedades de TRICOFIN. Médico solicitó muestras.
433,Julieta Romero,379946,2025-01-21,Microcentro-Este,Virtual,TANVIMIL AMINOÁCIDOS,Presentación de TANVIMIL AMINOÁCIDOS. Se acordó seguimiento en próxima visita.
434,Julieta Romero,379946,2025-02-25,Microcentro-Este,Presencial,TANVIMIL AMINOÁCIDOS|TANVIMIL B1 B6 B12|TANVIMIL PLUS,"Presentación de TANVIMIL AMINOÁCIDOS, TANVIMIL B1 B6 B12, TANVIMIL PLUS. Se acordó seguimiento en próxima visita."
435,Julieta Romero,379946,2025-04-06,Microcentro-Este,Presencial,TANVIMIL AMINOÁCIDOS,Se presentó nueva evidencia clínica de TANVIMIL AMINOÁCIDOS. Interés alto.
436,Julieta Romero,379946,2025-05-22,Microcentro-Este,Virtual,TANVIMIL B1 B6 B12,El médico consultó sobre posología de TANVIMIL B1 B6 B12. Se aclararon dudas.
437,Julieta Romero,379946,2025-07-16,Microcentro-Este,Presencial,TANVIMIL AMINOÁCIDOS,Reunión productiva. Se abordaron beneficios de TANVIMIL AMINOÁCIDOS.
438,Julieta Romero,379946,2025-08-08,Microcentro-Este,Presencial,TANVIMIL PLUS|TANVIMIL AMINOÁCIDOS|TANVIMIL B1 B6 B12,El médico compartió experiencia positiva con TANVIMIL PLUS.
439,Julieta Romero,379946,2025-09-07,Microcentro-Este,Presencial,TANVIMIL PLUS|TANVIMIL AMINOÁCIDOS,Se discutieron novedades de TANVIMIL PLUS. Médico solicitó muestras.
440,Julieta Romero,379946,2025-11-08,Microcentro-Este,Virtual,TANVIMIL AMINOÁCIDOS|TANVIMIL B1 B6 B12,El médico compartió experiencia positiva con TANVIMIL AMINOÁCIDOS.
441,Julieta Romero,379946,2025-12-17,Microcentro-Este,Virtual,TANVIMIL PLUS,Se entregó material informativo sobre TANVIMIL PLUS. Buena recepción.
442,Julieta Romero,379946,2026-01-13,Microcentro-Este,Presencial,TANVIMIL PLUS|TANVIMIL AMINOÁCIDOS,Se coordinó charla informativa sobre TANVIMIL PLUS para el equipo médico.
443,Julieta Romero,379946,2026-03-28,Microcentro-Este,Presencial,TANVIMIL B1 B6 B12|TANVIMIL AMINOÁCIDOS,"Reunión productiva. Se abordaron beneficios de TANVIMIL B1 B6 B12, TANVIMIL AMINOÁCIDOS."
444,Julieta Romero,379946,2026-06-14,Microcentro-Este,Presencial,TANVIMIL B1 B6 B12|TANVIMIL PLUS,El médico compartió experiencia positiva con TANVIMIL B1 B6 B12.
445,Julieta Romero,379946,2026-07-23,Microcentro-Este,Presencial,TANVIMIL PLUS|TANVIMIL B1 B6 B12,Se presentó nueva evidencia clínica de TANVIMIL PLUS. Interés alto.
446,Julieta Romero,379946,2026-08-10,Microcentro-Este,Presencial,TANVIMIL B1 B6 B12|TANVIMIL AMINOÁCIDOS,Se revisaron casos clínicos con TANVIMIL B1 B6 B12. Médico receptivo.
447,Julieta Romero,379946,2026-10-27,Microcentro-Este,Virtual,TANVIMIL B1 B6 B12|TANVIMIL PLUS|TANVIMIL AMINOÁCIDOS,Visita de seguimiento. Se discutió eficacia de TANVIMIL B1 B6 B12 en pacientes.
448,Julieta Romero,379946,2026-12-10,Microcentro-Este,Virtual,TANVIMIL B1 B6 B12,Se revisaron casos clínicos con TANVIMIL B1 B6 B12. Médico receptivo.
449,Florencia Sánchez,835911,2025-01-05,La Plata-Centro,Virtual,TANDIUR|CO‑TIOCTAN|TIOCTAN,Se revisaron casos clínicos con TANDIUR. Médico receptivo.
450,Florencia Sánchez,835911,2025-03-13,La Plata-Centro,Presencial,TANDIUR|TANVIMIL B1 B6 B12|CO‑TIOCTAN,"Se entregó material informativo sobre TANDIUR, TANVIMIL B1 B6 B12, CO‑TIOCTAN. Buena recepción."
451,Florencia Sánchez,835911,2025-04-26,La Plata-Centro,Presencial,TIOCTAN|TANVIMIL B1 B6 B12|CO‑TIOCTAN,El médico compartió experiencia positiva con TIOCTAN.
452,Florencia Sánchez,835911,2025-05-06,La Plata-Centro,Telefónica,TANVIMIL B1 B6 B12,El médico consultó sobre posología de TANVIMIL B1 B6 B12. Se aclararon dudas.
453,Florencia Sánchez,835911,2025-06-23,La Plata-Centro,Presencial,TANDIUR|TIOCTAN,"Reunión productiva. Se abordaron beneficios de TANDIUR, TIOCTAN."
454,Florencia Sánchez,835911,2025-07-07,La Plata-Centro,Presencial,CO‑TIOCTAN|TANVIMIL B1 B6 B12,El médico compartió experiencia positiva con CO‑TIOCTAN.
455,Florencia Sánchez,835911,2025-09-08,La Plata-Centro,Presencial,CO‑TIOCTAN|TIOCTAN,Se presentó nueva evidencia clínica de CO‑TIOCTAN. Interés alto.
456,Florencia Sánchez,835911,2025-10-26,La Plata-Centro,Telefónica,TANVIMIL B1 B6 B12|CO‑TIOCTAN,Se discutieron novedades de TANVIMIL B1 B6 B12. Médico solicitó muestras.
457,Florencia Sánchez,835911,2025-11-22,La Plata-Centro,Telefónica,TANVIMIL B1 B6 B12|CO‑TIOCTAN,Se discutieron novedades de TANVIMIL B1 B6 B12. Médico solicitó muestras.
458,Florencia Sánchez,835911,2025-12-01,La Plata-Centro,Presencial,CO‑TIOCTAN|TANDIUR,Se coordinó charla informativa sobre CO‑TIOCTAN para el equipo médico.
459,Florencia Sánchez,835911,2026-01-13,La Plata-Centro,Virtual,TANVIMIL B1 B6 B12|TIOCTAN,"Reunión productiva. Se abordaron beneficios de TANVIMIL B1 B6 B12, TIOCTAN."
460,Florencia Sánchez,835911,2026-02-20,La Plata-Centro,Presencial,TIOCTAN|TANDIUR,"Visita breve. Se dejó material de TIOCTAN, TANDIUR para revisión."
461,Florencia Sánchez,835911,2026-03-14,La Plata-Centro,Presencial,CO‑TIOCTAN|TANDIUR,Se revisaron casos clínicos con CO‑TIOCTAN. Médico receptivo.
462,Florencia Sánchez,835911,2026-05-02,La Plata-Centro,Presencial,TANVIMIL B1 B6 B12,Visita breve. Se dejó material de TANVIMIL B1 B6 B12 para revisión.
463,Florencia Sánchez,835911,2026-06-23,La Plata-Centro,Presencial,TIOCTAN|TANDIUR,El médico consultó sobre posología de TIOCTAN. Se aclararon dudas.
464,Florencia Sánchez,835911,2026-07-21,La Plata-Centro,Presencial,CO‑TIOCTAN|TANVIMIL B1 B6 B12|TANDIUR,"Presentación de CO‑TIOCTAN, TANVIMIL B1 B6 B12, TANDIUR. Se acordó seguimiento en próxima visita."
465,Florencia Sánchez,835911,2026-08-21,La Plata-Centro,Presencial,CO‑TIOCTAN,El médico compartió experiencia positiva con CO‑TIOCTAN.
466,Florencia Sánchez,835911,2026-09-18,La Plata-Centro,Presencial,TIOCTAN|TANDIUR,"Se entregó material informativo sobre TIOCTAN, TANDIUR. Buena recepción."
467,Florencia Sánchez,835911,2026-10-17,La Plata-Centro,Telefónica,TANVIMIL B1 B6 B12|TIOCTAN,Se coordinó charla informativa sobre TANVIMIL B1 B6 B12 para el equipo médico.
468,Rocío Castro,816751,2025-05-07,Villa Urquiza-Centro,Presencial,TANVIMIL PLUS,Se presentaron TANVIMIL PLUS. El médico mostró interés en TANVIMIL PLUS.
469,Rocío Castro,816751,2025-12-05,Villa Urquiza-Centro,Presencial,TANVIMIL B1 B6 B12,Se revisaron casos clínicos con TANVIMIL B1 B6 B12. Médico receptivo.
470,Rocío Castro,816751,2026-01-27,Villa Urquiza-Centro,Virtual,TANVIMIL B1 B6 B12|TANVIMIL PLUS,"Presentación de TANVIMIL B1 B6 B12, TANVIMIL PLUS. Se acordó seguimiento en próxima visita."
471,Rocío Castro,816751,2026-03-28,Villa Urquiza-Centro,Presencial,TANVIMIL B1 B6 B12,Se entregó material informativo sobre TANVIMIL B1 B6 B12. Buena recepción.
472,Daniela Morales,174870,2025-01-04,Villa Urquiza-Centro,Virtual,TANVIMIL B1 B6 B12,El médico compartió experiencia positiva con TANVIMIL B1 B6 B12.
473,Daniela Morales,174870,2025-03-28,Villa Urquiza-Centro,Presencial,TANVIMIL B1 B6 B12|TIOCTAN,Visita de seguimiento. Se discutió eficacia de TANVIMIL B1 B6 B12 en pacientes.
474,Daniela Morales,174870,2025-06-25,Villa Urquiza-Centro,Presencial,TIOCTAN,Se discutieron novedades de TIOCTAN. Médico solicitó muestras.
475,Daniela Morales,174870,2025-12-15,Villa Urquiza-Centro,Presencial,TIOCTAN,Se revisaron casos clínicos con TIOCTAN. Médico receptivo.
476,Daniela Morales,174870,2026-05-14,Villa Urquiza-Centro,Presencial,TANVIMIL B1 B6 B12|TIOCTAN,"Se entregó material informativo sobre TANVIMIL B1 B6 B12, TIOCTAN. Buena recepción."
477,Florencia Sánchez,738720,2025-06-25,Palermo-Norte,Presencial,TANVIMIL ACD FLUOR|AEROGAL,"Presentación de TANVIMIL ACD FLUOR, AEROGAL. Se acordó seguimiento en próxima visita."
478,Florencia Sánchez,738720,2025-10-08,Palermo-Norte,Presencial,AEROGAL|TANVIMIL ACD,"Se entregó material informativo sobre AEROGAL, TANVIMIL ACD. Buena recepción."
479,Florencia Sánchez,738720,2026-01-12,Palermo-Norte,Telefónica,TANVIMIL ACD FLUOR|AEROGAL|TANVIMIL ACD,Se discutieron novedades de TANVIMIL ACD FLUOR. Médico solicitó muestras.
480,Nicolás Díaz,765822,2025-02-17,Núñez-Centro,Presencial,TACNA|ONEFIN,"Se entregó material informativo sobre TACNA, ONEFIN. Buena recepción."
481,Nicolás Díaz,765822,2026-07-15,Núñez-Centro,Presencial,ONEFIN,Visita de seguimiento. Se discutió eficacia de ONEFIN en pacientes.
482,Matías Herrera,279451,2025-07-24,Caballito-Centro,Presencial,ONEFIN,Visita de seguimiento. Se discutió eficacia de ONEFIN en pacientes.
483,Nicolás Díaz,660086,2025-03-27,Belgrano-R,Telefónica,TACNA,Se revisaron casos clínicos con TACNA. Médico receptivo.
484,Nicolás Díaz,660086,2025-04-15,Belgrano-R,Virtual,ONEFIN,Visita breve. Se dejó material de ONEFIN para revisión.
485,Nicolás Díaz,660086,2025-05-24,Belgrano-R,Telefónica,ONEFIN|TACNA,"Se entregó material informativo sobre ONEFIN, TACNA. Buena recepción."
486,Nicolás Díaz,660086,2025-06-23,Belgrano-R,Virtual,ONEFIN,Reunión productiva. Se abordaron beneficios de ONEFIN.
487,Nicolás Díaz,660086,2025-09-21,Belgrano-R,Telefónica,ONEFIN|TACNA,Se discutieron novedades de ONEFIN. Médico solicitó muestras.
488,Nicolás Díaz,660086,2026-01-24,Belgrano-R,Virtual,ONEFIN,Se coordinó charla informativa sobre ONEFIN para el equipo médico.
489,Nicolás Díaz,660086,2026-02-02,Belgrano-R,Telefónica,ONEFIN|TACNA,Se presentó nueva evidencia clínica de ONEFIN. Interés alto.
490,Nicolás Díaz,660086,2026-04-23,Belgrano-R,Virtual,ONEFIN|TACNA,Se revisaron casos clínicos con ONEFIN. Médico receptivo.
491,Nicolás Díaz,660086,2026-06-20,Belgrano-R,Telefónica,ONEFIN|TACNA,"Presentación de ONEFIN, TACNA. Se acordó seguimiento en próxima visita."
492,Nicolás Díaz,660086,2026-09-28,Belgrano-R,Telefónica,TACNA,Se presentó nueva evidencia clínica de TACNA. Interés alto.
493,Nicolás Díaz,660086,2026-10-27,Belgrano-R,Telefónica,ONEFIN|TACNA,Se discutieron novedades de ONEFIN. Médico solicitó muestras.
494,Nicolás Díaz,660086,2026-12-09,Belgrano-R,Telefónica,ONEFIN,Visita breve. Se dejó material de ONEFIN para revisión.
495,Matías Herrera,864544,2026-04-18,Belgrano-R,Telefónica,PANCUTAN NF|TRICOPLUS|SUTRICO TAR,Se presentó nueva evidencia clínica de PANCUTAN NF. Interés alto.
496,Matías Herrera,864544,2026-08-21,Belgrano-R,Virtual,MENCOGRIN AP|PANCUTAN NF|TRICOPLUS,Visita de seguimiento. Se discutió eficacia de MENCOGRIN AP en pacientes.
497,Matías Herrera,864544,2026-10-28,Belgrano-R,Virtual,SUTRICO TAR,Se coordinó charla informativa sobre SUTRICO TAR para el equipo médico.
498,Matías Herrera,864544,2026-12-01,Belgrano-R,Telefónica,TRICOPLUS|SUTRICO TAR|TRIMACREM PLUS,"Visita breve. Se dejó material de TRICOPLUS, SUTRICO TAR, TRIMACREM PLUS para revisión."
499,Paula Acosta,356702,2025-03-22,Palermo-Sur,Presencial,TANVIMIL ACD,El médico compartió experiencia positiva con TANVIMIL ACD.
500,Paula Acosta,356702,2026-11-28,Palermo-Sur,Virtual,TRICOFIN,Presentación de TRICOFIN. Se acordó seguimiento en próxima visita.
501,Valentina Pérez,584714,2025-10-16,Belgrano-Centro,Presencial,TANVIMIL B1 B6 B12|TIOCTAN,Se coordinó charla informativa sobre TANVIMIL B1 B6 B12 para el equipo médico.
502,Federico Álvarez,497887,2025-01-20,La Plata-Centro,Virtual,TACNA|TRICOFIN,El médico compartió experiencia positiva con TACNA.
503,Federico Álvarez,497887,2025-02-13,La Plata-Centro,Virtual,TRICOFIN|TACNA,"Presentación de TRICOFIN, TACNA. Se acordó seguimiento en próxima visita."
504,Federico Álvarez,497887,2025-03-02,La Plata-Centro,Virtual,TRICOFIN,Se coordinó charla informativa sobre TRICOFIN para el equipo médico.
505,Federico Álvarez,497887,2025-04-09,La Plata-Centro,Presencial,TRICOFIN,Se discutieron novedades de TRICOFIN. Médico solicitó muestras.
506,Federico Álvarez,497887,2025-06-03,La Plata-Centro,Presencial,TRICOFIN,Presentación de TRICOFIN. Se acordó seguimiento en próxima visita.
507,Federico Álvarez,497887,2025-07-02,La Plata-Centro,Presencial,TRICOFIN,El médico compartió experiencia positiva con TRICOFIN.
508,Federico Álvarez,497887,2025-08-07,La Plata-Centro,Presencial,TRICOFIN|TACNA,"Presentación de TRICOFIN, TACNA. Se acordó seguimiento en próxima visita."
509,Federico Álvarez,497887,2025-09-11,La Plata-Centro,Virtual,TACNA,Se coordinó charla informativa sobre TACNA para el equipo médico.
510,Federico Álvarez,497887,2025-10-05,La Plata-Centro,Presencial,TACNA|TRICOFIN,"Visita breve. Se dejó material de TACNA, TRICOFIN para revisión."
511,Federico Álvarez,497887,2025-11-04,La Plata-Centro,Presencial,TACNA,Se presentó nueva evidencia clínica de TACNA. Interés alto.
512,Federico Álvarez,497887,2026-01-10,La Plata-Centro,Virtual,TACNA,El médico consultó sobre posología de TACNA. Se aclararon dudas.
513,Federico Álvarez,497887,2026-02-06,La Plata-Centro,Virtual,TRICOFIN,Visita de seguimiento. Se discutió eficacia de TRICOFIN en pacientes.
514,Federico Álvarez,497887,2026-03-15,La Plata-Centro,Presencial,TRICOFIN|TACNA,Se presentó nueva evidencia clínica de TRICOFIN. Interés alto.
515,Federico Álvarez,497887,2026-04-22,La Plata-Centro,Virtual,TACNA|TRICOFIN,"Presentación de TACNA, TRICOFIN. Se acordó seguimiento en próxima visita."
516,Federico Álvarez,497887,2026-05-16,La Plata-Centro,Virtual,TACNA|TRICOFIN,"Visita breve. Se dejó material de TACNA, TRICOFIN para revisión."
517,Federico Álvarez,497887,2026-06-03,La Plata-Centro,Telefónica,TRICOFIN|TACNA,"Reunión productiva. Se abordaron beneficios de TRICOFIN, TACNA."
518,Federico Álvarez,497887,2026-07-12,La Plata-Centro,Presencial,TRICOFIN,Se coordinó charla informativa sobre TRICOFIN para el equipo médico.
519,Federico Álvarez,497887,2026-08-12,La Plata-Centro,Presencial,TACNA,Se entregó material informativo sobre TACNA. Buena recepción.
520,Federico Álvarez,497887,2026-09-09,La Plata-Centro,Presencial,TACNA,Se presentó nueva evidencia clínica de TACNA. Interés alto.
521,Federico Álvarez,497887,2026-10-12,La Plata-Centro,Presencial,TACNA|TRICOFIN,Se presentó nueva evidencia clínica de TACNA. Interés alto.
522,Federico Álvarez,497887,2026-11-07,La Plata-Centro,Presencial,TACNA|TRICOFIN,"Se presentaron TACNA, TRICOFIN. El médico mostró interés en TACNA."
523,Federico Álvarez,497887,2026-12-11,La Plata-Centro,Presencial,TRICOFIN|TACNA,Se revisaron casos clínicos con TRICOFIN. Médico receptivo.
524,Paula Acosta,821590,2025-02-23,Núñez-Centro,Presencial,TRIMACREM PLUS|SUTRICO TAR,Se coordinó charla informativa sobre TRIMACREM PLUS para el equipo médico.
525,Paula Acosta,821590,2025-04-07,Núñez-Centro,Presencial,TRIMACREM PLUS|PANCUTAN NF|SUTRICO TAR,Visita de seguimiento. Se discutió eficacia de TRIMACREM PLUS en pacientes.
526,Paula Acosta,821590,2026-01-05,Núñez-Centro,Virtual,TRICOPLUS|TRIMACREM PLUS|SUTRICO TAR,"Visita breve. Se dejó material de TRICOPLUS, TRIMACREM PLUS, SUTRICO TAR para revisión."
527,Paula Acosta,821590,2026-03-17,Núñez-Centro,Presencial,PANCUTAN NF|TRICOPLUS|SUTRICO TAR,"Presentación de PANCUTAN NF, TRICOPLUS, SUTRICO TAR. Se acordó seguimiento en próxima visita."
528,Paula Acosta,821590,2026-05-07,Núñez-Centro,Presencial,SUTRICO TAR|PANCUTAN NF,"Reunión productiva. Se abordaron beneficios de SUTRICO TAR, PANCUTAN NF."
529,Paula Acosta,821590,2026-06-27,Núñez-Centro,Presencial,TRIMACREM PLUS|SUTRICO TAR|PANCUTAN NF,Se revisaron casos clínicos con TRIMACREM PLUS. Médico receptivo.
530,Paula Acosta,821590,2026-08-11,Núñez-Centro,Presencial,PANCUTAN NF,Se entregó material informativo sobre PANCUTAN NF. Buena recepción.
531,Paula Acosta,821590,2026-11-09,Núñez-Centro,Virtual,TRIMACREM PLUS|TRICOPLUS|MENCOGRIN AP,El médico consultó sobre posología de TRIMACREM PLUS. Se aclararon dudas.
532,Matías Herrera,684004,2025-01-27,Palermo-Norte,Telefónica,APSICO|PAMOXET,El médico consultó sobre posología de APSICO. Se aclararon dudas.
533,Matías Herrera,684004,2025-02-13,Palermo-Norte,Telefónica,PAMOXET|ONEFIN|APSICO,"Reunión productiva. Se abordaron beneficios de PAMOXET, ONEFIN, APSICO."
534,Matías Herrera,684004,2025-03-22,Palermo-Norte,Presencial,APSICO,Se presentó nueva evidencia clínica de APSICO. Interés alto.
535,Matías Herrera,684004,2025-06-19,Palermo-Norte,Telefónica,APSICO|PAMOXET,El médico consultó sobre posología de APSICO. Se aclararon dudas.
536,Matías Herrera,684004,2025-07-03,Palermo-Norte,Presencial,APSICO|ONEFIN|PAMOXET,"Se entregó material informativo sobre APSICO, ONEFIN, PAMOXET. Buena recepción."
537,Matías Herrera,684004,2025-08-21,Palermo-Norte,Presencial,PAMOXET|APSICO,Se discutieron novedades de PAMOXET. Médico solicitó muestras.
538,Matías Herrera,684004,2025-11-09,Palermo-Norte,Virtual,ONEFIN,Se coordinó charla informativa sobre ONEFIN para el equipo médico.
539,Matías Herrera,684004,2026-01-04,Palermo-Norte,Presencial,APSICO|PAMOXET|ONEFIN,"Presentación de APSICO, PAMOXET, ONEFIN. Se acordó seguimiento en próxima visita."
540,Matías Herrera,684004,2026-03-17,Palermo-Norte,Presencial,APSICO|PAMOXET|ONEFIN,Se coordinó charla informativa sobre APSICO para el equipo médico.
541,Matías Herrera,684004,2026-05-04,Palermo-Norte,Presencial,APSICO|PAMOXET|ONEFIN,El médico compartió experiencia positiva con APSICO.
542,Sebastián Torres,330283,2025-02-11,Palermo-Norte,Presencial,TRICOFIN|TACNA,Visita de seguimiento. Se discutió eficacia de TRICOFIN en pacientes.
543,Sebastián Torres,330283,2026-01-03,Palermo-Norte,Presencial,TACNA|TRICOFIN,Se presentó nueva evidencia clínica de TACNA. Interés alto.
544,Sebastián Torres,817870,2025-04-15,Belgrano-Centro,Presencial,TIOCTAN,Se presentaron TIOCTAN. El médico mostró interés en TIOCTAN.
545,Sebastián Torres,817870,2026-03-18,Belgrano-Centro,Presencial,TANDIUR,El médico consultó sobre posología de TANDIUR. Se aclararon dudas.
546,Rocío Castro,440035,2025-05-09,Palermo-Norte,Virtual,TANVIMIL AMINOÁCIDOS|TANVIMIL PLUS|TANVIMIL B1 B6 B12,"Se entregó material informativo sobre TANVIMIL AMINOÁCIDOS, TANVIMIL PLUS, TANVIMIL B1 B6 B12. Buena recepción."
547,Rocío Castro,440035,2025-08-04,Palermo-Norte,Presencial,TANVIMIL B1 B6 B12,Presentación de TANVIMIL B1 B6 B12. Se acordó seguimiento en próxima visita.
548,Rocío Castro,440035,2025-10-12,Palermo-Norte,Presencial,TANVIMIL AMINOÁCIDOS|TANVIMIL B1 B6 B12|TANVIMIL PLUS,"Se entregó material informativo sobre TANVIMIL AMINOÁCIDOS, TANVIMIL B1 B6 B12, TANVIMIL PLUS. Buena recepción."
549,Rocío Castro,440035,2026-03-24,Palermo-Norte,Telefónica,TANVIMIL PLUS|TANVIMIL AMINOÁCIDOS,Se discutieron novedades de TANVIMIL PLUS. Médico solicitó muestras.
550,Rocío Castro,440035,2026-05-08,Palermo-Norte,Telefónica,TANVIMIL AMINOÁCIDOS,Se entregó material informativo sobre TANVIMIL AMINOÁCIDOS. Buena recepción.
551,Agustín Varela,983794,2025-01-27,Microcentro-Este,Telefónica,TANVIMIL AMINOÁCIDOS|TANVIMIL B1 B6 B12,El médico compartió experiencia positiva con TANVIMIL AMINOÁCIDOS.
552,Agustín Varela,983794,2025-02-26,Microcentro-Este,Presencial,TANVIMIL PLUS|TANVIMIL B1 B6 B12,"Se presentaron TANVIMIL PLUS, TANVIMIL B1 B6 B12. El médico mostró interés en TANVIMIL PLUS."
553,Agustín Varela,983794,2025-03-05,Microcentro-Este,Virtual,TANVIMIL AMINOÁCIDOS|TANVIMIL PLUS|TANVIMIL B1 B6 B12,Se coordinó charla informativa sobre TANVIMIL AMINOÁCIDOS para el equipo médico.
554,Agustín Varela,983794,2025-04-16,Microcentro-Este,Presencial,TANVIMIL B1 B6 B12|TANVIMIL PLUS|TANVIMIL AMINOÁCIDOS,"Se entregó material informativo sobre TANVIMIL B1 B6 B12, TANVIMIL PLUS, TANVIMIL AMINOÁCIDOS. Buena recepción."
555,Agustín Varela,983794,2025-05-15,Microcentro-Este,Virtual,TANVIMIL PLUS,Se coordinó charla informativa sobre TANVIMIL PLUS para el equipo médico.
556,Agustín Varela,983794,2025-06-08,Microcentro-Este,Virtual,TANVIMIL AMINOÁCIDOS|TANVIMIL PLUS|TANVIMIL B1 B6 B12,"Se presentaron TANVIMIL AMINOÁCIDOS, TANVIMIL PLUS, TANVIMIL B1 B6 B12. El médico mostró interés en TANVIMIL AMINOÁCIDOS."
557,Agustín Varela,983794,2025-07-27,Microcentro-Este,Virtual,TANVIMIL B1 B6 B12|TANVIMIL PLUS|TANVIMIL AMINOÁCIDOS,Se revisaron casos clínicos con TANVIMIL B1 B6 B12. Médico receptivo.
558,Agustín Varela,983794,2025-10-09,Microcentro-Este,Presencial,TANVIMIL PLUS|TANVIMIL AMINOÁCIDOS,Se discutieron novedades de TANVIMIL PLUS. Médico solicitó muestras.
559,Agustín Varela,983794,2025-11-22,Microcentro-Este,Telefónica,TANVIMIL B1 B6 B12|TANVIMIL AMINOÁCIDOS|TANVIMIL PLUS,"Visita breve. Se dejó material de TANVIMIL B1 B6 B12, TANVIMIL AMINOÁCIDOS, TANVIMIL PLUS para revisión."
560,Agustín Varela,983794,2026-01-24,Microcentro-Este,Telefónica,TANVIMIL B1 B6 B12|TANVIMIL AMINOÁCIDOS|TANVIMIL PLUS,Se coordinó charla informativa sobre TANVIMIL B1 B6 B12 para el equipo médico.
561,Agustín Varela,983794,2026-02-18,Microcentro-Este,Virtual,TANVIMIL AMINOÁCIDOS|TANVIMIL B1 B6 B12|TANVIMIL PLUS,"Reunión productiva. Se abordaron beneficios de TANVIMIL AMINOÁCIDOS, TANVIMIL B1 B6 B12, TANVIMIL PLUS."
562,Agustín Varela,983794,2026-03-22,Microcentro-Este,Virtual,TANVIMIL B1 B6 B12|TANVIMIL PLUS,El médico compartió experiencia positiva con TANVIMIL B1 B6 B12.
563,Agustín Varela,983794,2026-04-24,Microcentro-Este,Telefónica,TANVIMIL AMINOÁCIDOS|TANVIMIL B1 B6 B12,"Presentación de TANVIMIL AMINOÁCIDOS, TANVIMIL B1 B6 B12. Se acordó seguimiento en próxima visita."
564,Agustín Varela,983794,2026-06-21,Microcentro-Este,Presencial,TANVIMIL B1 B6 B12|TANVIMIL PLUS|TANVIMIL AMINOÁCIDOS,Visita de seguimiento. Se discutió eficacia de TANVIMIL B1 B6 B12 en pacientes.
565,Agustín Varela,983794,2026-08-22,Microcentro-Este,Presencial,TANVIMIL B1 B6 B12,Visita de seguimiento. Se discutió eficacia de TANVIMIL B1 B6 B12 en pacientes.
566,Agustín Varela,983794,2026-09-11,Microcentro-Este,Presencial,TANVIMIL PLUS|TANVIMIL AMINOÁCIDOS|TANVIMIL B1 B6 B12,"Se presentaron TANVIMIL PLUS, TANVIMIL AMINOÁCIDOS, TANVIMIL B1 B6 B12. El médico mostró interés en TANVIMIL PLUS."
567,Agustín Varela,983794,2026-12-16,Microcentro-Este,Presencial,TANVIMIL B1 B6 B12|TANVIMIL PLUS|TANVIMIL AMINOÁCIDOS,"Reunión productiva. Se abordaron beneficios de TANVIMIL B1 B6 B12, TANVIMIL PLUS, TANVIMIL AMINOÁCIDOS."
568,Valentina Pérez,905635,2025-01-20,Villa Urquiza-Centro,Virtual,TIOCTAN|TANVIMIL B1 B6 B12,"Visita breve. Se dejó material de TIOCTAN, TANVIMIL B1 B6 B12 para revisión."
569,Valentina Pérez,905635,2025-02-14,Villa Urquiza-Centro,Virtual,TIOCTAN|TANVIMIL B1 B6 B12,El médico consultó sobre posología de TIOCTAN. Se aclararon dudas.
570,Valentina Pérez,905635,2025-03-01,Villa Urquiza-Centro,Virtual,TIOCTAN|TANVIMIL B1 B6 B12,El médico compartió experiencia positiva con TIOCTAN.
571,Valentina Pérez,905635,2025-04-12,Villa Urquiza-Centro,Presencial,TIOCTAN,Presentación de TIOCTAN. Se acordó seguimiento en próxima visita.
572,Valentina Pérez,905635,2025-05-11,Villa Urquiza-Centro,Presencial,TIOCTAN,Se coordinó charla informativa sobre TIOCTAN para el equipo médico.
573,Valentina Pérez,905635,2025-06-03,Villa Urquiza-Centro,Presencial,TANVIMIL B1 B6 B12,El médico consultó sobre posología de TANVIMIL B1 B6 B12. Se aclararon dudas.
574,Valentina Pérez,905635,2025-07-12,Villa Urquiza-Centro,Presencial,TIOCTAN,Se presentó nueva evidencia clínica de TIOCTAN. Interés alto.
575,Valentina Pérez,905635,2025-08-10,Villa Urquiza-Centro,Presencial,TANVIMIL B1 B6 B12,El médico consultó sobre posología de TANVIMIL B1 B6 B12. Se aclararon dudas.
576,Valentina Pérez,905635,2025-09-12,Villa Urquiza-Centro,Virtual,TANVIMIL B1 B6 B12,Se coordinó charla informativa sobre TANVIMIL B1 B6 B12 para el equipo médico.
577,Valentina Pérez,905635,2025-10-03,Villa Urquiza-Centro,Presencial,TIOCTAN|TANVIMIL B1 B6 B12,El médico consultó sobre posología de TIOCTAN. Se aclararon dudas.
578,Valentina Pérez,905635,2025-11-14,Villa Urquiza-Centro,Telefónica,TANVIMIL B1 B6 B12|TIOCTAN,Se coordinó charla informativa sobre TANVIMIL B1 B6 B12 para el equipo médico.
579,Valentina Pérez,905635,2025-12-27,Villa Urquiza-Centro,Virtual,TIOCTAN,Se entregó material informativo sobre TIOCTAN. Buena recepción.
580,Valentina Pérez,905635,2026-01-15,Villa Urquiza-Centro,Presencial,TANVIMIL B1 B6 B12,Se revisaron casos clínicos con TANVIMIL B1 B6 B12. Médico receptivo.
581,Valentina Pérez,905635,2026-02-24,Villa Urquiza-Centro,Virtual,TIOCTAN|TANVIMIL B1 B6 B12,Visita de seguimiento. Se discutió eficacia de TIOCTAN en pacientes.
582,Valentina Pérez,905635,2026-04-11,Villa Urquiza-Centro,Telefónica,TIOCTAN|TANVIMIL B1 B6 B12,El médico consultó sobre posología de TIOCTAN. Se aclararon dudas.
583,Valentina Pérez,905635,2026-05-10,Villa Urquiza-Centro,Virtual,TIOCTAN,Visita de seguimiento. Se discutió eficacia de TIOCTAN en pacientes.
584,Lucía Fernández,913694,2025-04-08,Quilmes-Centro,Presencial,TACNA|TRICOFIN,"Reunión productiva. Se abordaron beneficios de TACNA, TRICOFIN."
585,Lucía Fernández,913694,2025-06-27,Quilmes-Centro,Telefónica,TRICOFIN,El médico consultó sobre posología de TRICOFIN. Se aclararon dudas.
586,Lucía Fernández,913694,2026-01-17,Quilmes-Centro,Presencial,TACNA,Se presentaron TACNA. El médico mostró interés en TACNA.
587,Lucía Fernández,913694,2026-04-09,Quilmes-Centro,Telefónica,TACNA,Reunión productiva. Se abordaron beneficios de TACNA.
588,Lucía Fernández,913694,2026-10-19,Quilmes-Centro,Virtual,TRICOFIN|TACNA,"Reunión productiva. Se abordaron beneficios de TRICOFIN, TACNA."
589,Lucía Fernández,913694,2026-11-01,Quilmes-Centro,Presencial,TACNA|TRICOFIN,El médico consultó sobre posología de TACNA. Se aclararon dudas.
590,Paula Acosta,158655,2025-01-05,Palermo-Sur,Virtual,PAMOXET,Presentación de PAMOXET. Se acordó seguimiento en próxima visita.
591,Paula Acosta,158655,2025-02-02,Palermo-Sur,Virtual,PAMOXET|APSICO,Visita de seguimiento. Se discutió eficacia de PAMOXET en pacientes.
592,Paula Acosta,158655,2025-03-10,Palermo-Sur,Virtual,APSICO,El médico consultó sobre posología de APSICO. Se aclararon dudas.
593,Paula Acosta,158655,2025-04-11,Palermo-Sur,Telefónica,PAMOXET|APSICO|ONEFIN,Se coordinó charla informativa sobre PAMOXET para el equipo médico.
594,Paula Acosta,158655,2025-07-22,Palermo-Sur,Virtual,APSICO|PAMOXET|ONEFIN,Se coordinó charla informativa sobre APSICO para el equipo médico.
595,Paula Acosta,158655,2025-12-17,Palermo-Sur,Telefónica,ONEFIN|PAMOXET|APSICO,Se discutieron novedades de ONEFIN. Médico solicitó muestras.
596,Paula Acosta,158655,2026-04-17,Palermo-Sur,Telefónica,ONEFIN|APSICO,"Se entregó material informativo sobre ONEFIN, APSICO. Buena recepción."
597,Paula Acosta,158655,2026-07-19,Palermo-Sur,Virtual,PAMOXET|APSICO|ONEFIN,Se revisaron casos clínicos con PAMOXET. Médico receptivo.
598,Paula Acosta,158655,2026-09-09,Palermo-Sur,Telefónica,ONEFIN,Se revisaron casos clínicos con ONEFIN. Médico receptivo.
599,Paula Acosta,158655,2026-10-24,Palermo-Sur,Telefónica,APSICO|PAMOXET|ONEFIN,Se revisaron casos clínicos con APSICO. Médico receptivo.
600,Paula Acosta,158655,2026-11-18,Palermo-Sur,Virtual,ONEFIN|PAMOXET,Se revisaron casos clínicos con ONEFIN. Médico receptivo.
601,Carlos Gómez,340174,2025-01-21,Caballito-Centro,Virtual,PAMOXET,Visita breve. Se dejó material de PAMOXET para revisión.
602,Carlos Gómez,340174,2025-06-18,Caballito-Centro,Virtual,PAMOXET,Se coordinó charla informativa sobre PAMOXET para el equipo médico.
603,Carlos Gómez,340174,2025-07-12,Caballito-Centro,Telefónica,APSICO|PAMOXET,Se presentó nueva evidencia clínica de APSICO. Interés alto.
604,Carlos Gómez,340174,2025-09-19,Caballito-Centro,Presencial,PAMOXET,El médico consultó sobre posología de PAMOXET. Se aclararon dudas.
605,Carlos Gómez,340174,2026-01-02,Caballito-Centro,Virtual,PAMOXET,El médico consultó sobre posología de PAMOXET. Se aclararon dudas.
606,Martín Rodríguez,961722,2025-02-25,San Isidro-Centro,Telefónica,CIRUELAX MINITABS|ALACIR,Se coordinó charla informativa sobre CIRUELAX MINITABS para el equipo médico.
607,Martín Rodríguez,961722,2025-08-23,San Isidro-Centro,Telefónica,ALACIR,Se presentaron ALACIR. El médico mostró interés en ALACIR.
608,Martín Rodríguez,961722,2025-11-22,San Isidro-Centro,Presencial,ALACIR|CIRUELAX MINITABS,"Visita breve. Se dejó material de ALACIR, CIRUELAX MINITABS para revisión."
609,Martín Rodríguez,961722,2026-01-04,San Isidro-Centro,Virtual,CIRUELAX MINITABS|ALACIR,Se coordinó charla informativa sobre CIRUELAX MINITABS para el equipo médico.
610,Martín Rodríguez,961722,2026-05-09,San Isidro-Centro,Presencial,CIRUELAX MINITABS,El médico compartió experiencia positiva con CIRUELAX MINITABS.
611,Carlos Gómez,520651,2025-07-10,Recoleta-Norte,Presencial,TRICOFIN|TANVIMIL ACD,Se presentó nueva evidencia clínica de TRICOFIN. Interés alto.
612,Carlos Gómez,520651,2025-10-01,Recoleta-Norte,Telefónica,TANVIMIL ACD|TRICOFIN,El médico consultó sobre posología de TANVIMIL ACD. Se aclararon dudas.
613,Valentina Pérez,380746,2025-12-07,Villa Urquiza-Centro,Virtual,TANVIMIL B1 B6 B12,El médico consultó sobre posología de TANVIMIL B1 B6 B12. Se aclararon dudas.
614,Diego López,694731,2025-03-13,Vicente López-Centro,Virtual,TANVIMIL PLUS|TANVIMIL AMINOÁCIDOS,Se revisaron casos clínicos con TANVIMIL PLUS. Médico receptivo.
615,Diego López,694731,2025-05-22,Vicente López-Centro,Virtual,TANVIMIL AMINOÁCIDOS,El médico compartió experiencia positiva con TANVIMIL AMINOÁCIDOS.
616,Diego López,694731,2025-08-08,Vicente López-Centro,Virtual,TANVIMIL PLUS|TANVIMIL B1 B6 B12,"Presentación de TANVIMIL PLUS, TANVIMIL B1 B6 B12. Se acordó seguimiento en próxima visita."
617,Diego López,694731,2025-09-26,Vicente López-Centro,Virtual,TANVIMIL PLUS,Presentación de TANVIMIL PLUS. Se acordó seguimiento en próxima visita.
618,Diego López,694731,2026-01-09,Vicente López-Centro,Virtual,TANVIMIL PLUS|TANVIMIL AMINOÁCIDOS,Se coordinó charla informativa sobre TANVIMIL PLUS para el equipo médico.
619,Diego López,694731,2026-06-27,Vicente López-Centro,Telefónica,TANVIMIL PLUS,Se entregó material informativo sobre TANVIMIL PLUS. Buena recepción.
620,Diego López,694731,2026-07-21,Vicente López-Centro,Virtual,TANVIMIL AMINOÁCIDOS,Visita de seguimiento. Se discutió eficacia de TANVIMIL AMINOÁCIDOS en pacientes.
621,Diego López,694731,2026-09-21,Vicente López-Centro,Virtual,TANVIMIL B1 B6 B12,Se presentaron TANVIMIL B1 B6 B12. El médico mostró interés en TANVIMIL B1 B6 B12.
622,Diego López,694731,2026-11-01,Vicente López-Centro,Telefónica,TANVIMIL AMINOÁCIDOS,Se coordinó charla informativa sobre TANVIMIL AMINOÁCIDOS para el equipo médico.
623,Lucía Fernández,852787,2025-02-02,Devoto-Centro,Presencial,TRIMACREM PLUS,Visita de seguimiento. Se discutió eficacia de TRIMACREM PLUS en pacientes.
624,Lucía Fernández,852787,2025-05-28,Devoto-Centro,Presencial,TRIMACREM PLUS|MENCOGRIN AP,El médico consultó sobre posología de TRIMACREM PLUS. Se aclararon dudas.
625,Lucía Fernández,852787,2025-10-14,Devoto-Centro,Presencial,MENCOGRIN AP|TRICOPLUS|TRIMACREM PLUS,Se coordinó charla informativa sobre MENCOGRIN AP para el equipo médico.
626,Lucía Fernández,852787,2025-11-26,Devoto-Centro,Virtual,MENCOGRIN AP|TRICOPLUS|TRIMACREM PLUS,El médico consultó sobre posología de MENCOGRIN AP. Se aclararon dudas.
627,Lucía Fernández,852787,2026-04-17,Devoto-Centro,Presencial,TRICOPLUS|MENCOGRIN AP|PANCUTAN NF,El médico compartió experiencia positiva con TRICOPLUS.
628,Lucía Fernández,852787,2026-05-28,Devoto-Centro,Virtual,MENCOGRIN AP|PANCUTAN NF|SUTRICO TAR,El médico consultó sobre posología de MENCOGRIN AP. Se aclararon dudas.
629,Lucía Fernández,852787,2026-06-12,Devoto-Centro,Presencial,TRIMACREM PLUS|MENCOGRIN AP|SUTRICO TAR,"Se presentaron TRIMACREM PLUS, MENCOGRIN AP, SUTRICO TAR. El médico mostró interés en TRIMACREM PLUS."
630,Lucía Fernández,852787,2026-12-17,Devoto-Centro,Presencial,SUTRICO TAR,Presentación de SUTRICO TAR. Se acordó seguimiento en próxima visita.
631,Florencia Sánchez,429963,2025-01-16,Recoleta-Norte,Virtual,TRICOFIN|TACNA,Se revisaron casos clínicos con TRICOFIN. Médico receptivo.
632,Florencia Sánchez,429963,2025-06-23,Recoleta-Norte,Telefónica,TACNA|TRICOFIN,Se revisaron casos clínicos con TACNA. Médico receptivo.
633,Florencia Sánchez,429963,2025-07-09,Recoleta-Norte,Telefónica,TRICOFIN|TACNA,Se revisaron casos clínicos con TRICOFIN. Médico receptivo.
634,Florencia Sánchez,429963,2025-10-01,Recoleta-Norte,Telefónica,TACNA,Se revisaron casos clínicos con TACNA. Médico receptivo.
635,Florencia Sánchez,429963,2025-12-24,Recoleta-Norte,Telefónica,TACNA|TRICOFIN,"Visita breve. Se dejó material de TACNA, TRICOFIN para revisión."
636,Florencia Sánchez,429963,2026-02-27,Recoleta-Norte,Telefónica,TACNA|TRICOFIN,Se presentó nueva evidencia clínica de TACNA. Interés alto.
637,Florencia Sánchez,429963,2026-03-04,Recoleta-Norte,Virtual,TRICOFIN|TACNA,"Se entregó material informativo sobre TRICOFIN, TACNA. Buena recepción."
638,Florencia Sánchez,429963,2026-05-12,Recoleta-Norte,Virtual,TRICOFIN|TACNA,Se discutieron novedades de TRICOFIN. Médico solicitó muestras.
639,Florencia Sánchez,429963,2026-06-27,Recoleta-Norte,Virtual,TACNA,Visita breve. Se dejó material de TACNA para revisión.
640,Florencia Sánchez,429963,2026-07-19,Recoleta-Norte,Virtual,TRICOFIN|TACNA,"Reunión productiva. Se abordaron beneficios de TRICOFIN, TACNA."
641,Florencia Sánchez,429963,2026-11-04,Recoleta-Norte,Telefónica,TRICOFIN,Se entregó material informativo sobre TRICOFIN. Buena recepción.
642,Florencia Sánchez,322955,2025-02-22,Flores-Norte,Telefónica,ONEFIN|TACNA,Se revisaron casos clínicos con ONEFIN. Médico receptivo.
643,Florencia Sánchez,322955,2025-06-08,Flores-Norte,Presencial,TACNA|ONEFIN,Se coordinó charla informativa sobre TACNA para el equipo médico.
644,Florencia Sánchez,322955,2025-07-26,Flores-Norte,Presencial,TACNA|ONEFIN,Se coordinó charla informativa sobre TACNA para el equipo médico.
645,Florencia Sánchez,322955,2025-09-15,Flores-Norte,Virtual,TACNA,Se coordinó charla informativa sobre TACNA para el equipo médico.
646,Florencia Sánchez,322955,2026-03-08,Flores-Norte,Presencial,TACNA,Se presentaron TACNA. El médico mostró interés en TACNA.
647,Florencia Sánchez,322955,2026-04-20,Flores-Norte,Telefónica,ONEFIN|TACNA,Se discutieron novedades de ONEFIN. Médico solicitó muestras.
648,Florencia Sánchez,322955,2026-05-14,Flores-Norte,Telefónica,ONEFIN|TACNA,"Se presentaron ONEFIN, TACNA. El médico mostró interés en ONEFIN."
649,Florencia Sánchez,322955,2026-06-13,Flores-Norte,Presencial,ONEFIN|TACNA,"Se entregó material informativo sobre ONEFIN, TACNA. Buena recepción."
650,Florencia Sánchez,322955,2026-08-03,Flores-Norte,Telefónica,TACNA,Se presentaron TACNA. El médico mostró interés en TACNA.
651,Matías Herrera,787277,2025-02-25,Palermo-Norte,Telefónica,MENCOGRIN AP|TRICOPLUS|PANCUTAN NF,El médico compartió experiencia positiva con MENCOGRIN AP.
652,Matías Herrera,787277,2025-09-07,Palermo-Norte,Virtual,MENCOGRIN AP|TRIMACREM PLUS,El médico consultó sobre posología de MENCOGRIN AP. Se aclararon dudas.
653,Matías Herrera,787277,2026-02-15,Palermo-Norte,Virtual,SUTRICO TAR|TRIMACREM PLUS|PANCUTAN NF,"Presentación de SUTRICO TAR, TRIMACREM PLUS, PANCUTAN NF. Se acordó seguimiento en próxima visita."
654,Matías Herrera,787277,2026-03-01,Palermo-Norte,Virtual,PANCUTAN NF|SUTRICO TAR,"Visita breve. Se dejó material de PANCUTAN NF, SUTRICO TAR para revisión."
655,Matías Herrera,787277,2026-05-07,Palermo-Norte,Telefónica,TRICOPLUS|SUTRICO TAR|MENCOGRIN AP,"Reunión productiva. Se abordaron beneficios de TRICOPLUS, SUTRICO TAR, MENCOGRIN AP."
656,Paula Acosta,623481,2025-04-28,Flores-Norte,Presencial,PAMOXET|APSICO,El médico consultó sobre posología de PAMOXET. Se aclararon dudas.
657,Paula Acosta,623481,2025-05-01,Flores-Norte,Presencial,APSICO,Visita de seguimiento. Se discutió eficacia de APSICO en pacientes.
658,Paula Acosta,623481,2025-06-08,Flores-Norte,Presencial,APSICO|PAMOXET,Se presentó nueva evidencia clínica de APSICO. Interés alto.
659,Paula Acosta,623481,2025-07-08,Flores-Norte,Presencial,APSICO,Se entregó material informativo sobre APSICO. Buena recepción.
660,Paula Acosta,623481,2025-08-07,Flores-Norte,Telefónica,APSICO|PAMOXET,El médico compartió experiencia positiva con APSICO.
661,Paula Acosta,623481,2025-09-25,Flores-Norte,Presencial,PAMOXET|APSICO,El médico compartió experiencia positiva con PAMOXET.
662,Paula Acosta,623481,2025-10-18,Flores-Norte,Virtual,APSICO,Visita breve. Se dejó material de APSICO para revisión.
663,Paula Acosta,623481,2025-11-01,Flores-Norte,Presencial,APSICO|PAMOXET,Visita de seguimiento. Se discutió eficacia de APSICO en pacientes.
664,Paula Acosta,623481,2025-12-28,Flores-Norte,Virtual,PAMOXET|APSICO,El médico consultó sobre posología de PAMOXET. Se aclararon dudas.
665,Paula Acosta,623481,2026-01-21,Flores-Norte,Virtual,APSICO|PAMOXET,El médico consultó sobre posología de APSICO. Se aclararon dudas.
666,Paula Acosta,623481,2026-02-27,Flores-Norte,Presencial,PAMOXET|APSICO,"Visita breve. Se dejó material de PAMOXET, APSICO para revisión."
667,Paula Acosta,623481,2026-03-26,Flores-Norte,Virtual,APSICO,El médico consultó sobre posología de APSICO. Se aclararon dudas.
668,Paula Acosta,623481,2026-04-18,Flores-Norte,Presencial,PAMOXET,Se presentaron PAMOXET. El médico mostró interés en PAMOXET.
669,Paula Acosta,623481,2026-06-03,Flores-Norte,Presencial,APSICO,Se coordinó charla informativa sobre APSICO para el equipo médico.
670,Paula Acosta,623481,2026-07-08,Flores-Norte,Telefónica,PAMOXET,El médico compartió experiencia positiva con PAMOXET.
671,Paula Acosta,623481,2026-08-14,Flores-Norte,Presencial,PAMOXET|APSICO,"Presentación de PAMOXET, APSICO. Se acordó seguimiento en próxima visita."
672,Paula Acosta,623481,2026-09-11,Flores-Norte,Telefónica,PAMOXET,Se presentó nueva evidencia clínica de PAMOXET. Interés alto.
673,Paula Acosta,623481,2026-11-02,Flores-Norte,Presencial,APSICO|PAMOXET,Se discutieron novedades de APSICO. Médico solicitó muestras.
674,Paula Acosta,623481,2026-12-13,Flores-Norte,Presencial,PAMOXET,Presentación de PAMOXET. Se acordó seguimiento en próxima visita.
675,Florencia Sánchez,774079,2025-01-04,La Plata-Centro,Presencial,TIOCTAN|TANDIUR|TANVIMIL B1 B6 B12,El médico consultó sobre posología de TIOCTAN. Se aclararon dudas.
676,Florencia Sánchez,774079,2025-03-22,La Plata-Centro,Presencial,CO‑TIOCTAN,Se discutieron novedades de CO‑TIOCTAN. Médico solicitó muestras.
677,Florencia Sánchez,774079,2025-04-16,La Plata-Centro,Telefónica,TIOCTAN|TANVIMIL B1 B6 B12,Se presentó nueva evidencia clínica de TIOCTAN. Interés alto.
678,Florencia Sánchez,774079,2025-08-26,La Plata-Centro,Telefónica,TANVIMIL B1 B6 B12|TIOCTAN|CO‑TIOCTAN,"Se presentaron TANVIMIL B1 B6 B12, TIOCTAN, CO‑TIOCTAN. El médico mostró interés en TANVIMIL B1 B6 B12."
679,Florencia Sánchez,774079,2026-11-13,La Plata-Centro,Virtual,TANVIMIL B1 B6 B12|CO‑TIOCTAN,"Se entregó material informativo sobre TANVIMIL B1 B6 B12, CO‑TIOCTAN. Buena recepción."
680,Ana Martínez,377746,2025-01-03,Palermo-Norte,Telefónica,APSICO|PAMOXET|ONEFIN,El médico consultó sobre posología de APSICO. Se aclararon dudas.
681,Ana Martínez,377746,2025-03-06,Palermo-Norte,Telefónica,APSICO|ONEFIN|PAMOXET,Se coordinó charla informativa sobre APSICO para el equipo médico.
682,Ana Martínez,377746,2025-04-22,Palermo-Norte,Virtual,APSICO|PAMOXET,El médico compartió experiencia positiva con APSICO.
683,Ana Martínez,377746,2025-05-15,Palermo-Norte,Virtual,APSICO|PAMOXET,"Reunión productiva. Se abordaron beneficios de APSICO, PAMOXET."
684,Ana Martínez,377746,2025-08-17,Palermo-Norte,Telefónica,PAMOXET|APSICO,Se discutieron novedades de PAMOXET. Médico solicitó muestras.
685,Ana Martínez,377746,2025-11-02,Palermo-Norte,Virtual,ONEFIN|APSICO|PAMOXET,El médico consultó sobre posología de ONEFIN. Se aclararon dudas.
686,Ana Martínez,377746,2026-02-12,Palermo-Norte,Telefónica,APSICO|ONEFIN,"Se entregó material informativo sobre APSICO, ONEFIN. Buena recepción."
687,Ana Martínez,377746,2026-04-18,Palermo-Norte,Telefónica,ONEFIN|PAMOXET,Se presentó nueva evidencia clínica de ONEFIN. Interés alto.
688,Ana Martínez,377746,2026-05-08,Palermo-Norte,Virtual,PAMOXET|APSICO|ONEFIN,Se discutieron novedades de PAMOXET. Médico solicitó muestras.
689,Camila Ruiz,246413,2025-02-18,Caballito-Centro,Virtual,TANVIMIL B1 B6 B12,Visita breve. Se dejó material de TANVIMIL B1 B6 B12 para revisión.
690,Camila Ruiz,246413,2025-06-07,Caballito-Centro,Presencial,TIOCTAN|TANVIMIL B1 B6 B12,"Reunión productiva. Se abordaron beneficios de TIOCTAN, TANVIMIL B1 B6 B12."
691,Camila Ruiz,246413,2025-09-17,Caballito-Centro,Presencial,TANVIMIL B1 B6 B12|TIOCTAN,"Se presentaron TANVIMIL B1 B6 B12, TIOCTAN. El médico mostró interés en TANVIMIL B1 B6 B12."
692,Camila Ruiz,246413,2026-01-09,Caballito-Centro,Telefónica,TANVIMIL B1 B6 B12,El médico consultó sobre posología de TANVIMIL B1 B6 B12. Se aclararon dudas.
693,Camila Ruiz,246413,2026-07-28,Caballito-Centro,Virtual,TANVIMIL B1 B6 B12|TIOCTAN,Se discutieron novedades de TANVIMIL B1 B6 B12. Médico solicitó muestras.
694,Camila Ruiz,246413,2026-09-24,Caballito-Centro,Virtual,TIOCTAN|TANVIMIL B1 B6 B12,Se discutieron novedades de TIOCTAN. Médico solicitó muestras.
695,Camila Ruiz,246413,2026-11-12,Caballito-Centro,Telefónica,TANVIMIL B1 B6 B12|TIOCTAN,Se coordinó charla informativa sobre TANVIMIL B1 B6 B12 para el equipo médico.
696,Gonzalo Medina,358607,2025-04-05,La Plata-Centro,Presencial,TANVIMIL B1 B6 B12|TIOCTAN,Se revisaron casos clínicos con TANVIMIL B1 B6 B12. Médico receptivo.
697,Gonzalo Medina,358607,2025-05-17,La Plata-Centro,Presencial,TIOCTAN,Se revisaron casos clínicos con TIOCTAN. Médico receptivo.
698,Gonzalo Medina,358607,2025-06-24,La Plata-Centro,Virtual,TIOCTAN|TANVIMIL B1 B6 B12,El médico consultó sobre posología de TIOCTAN. Se aclararon dudas.
699,Gonzalo Medina,358607,2025-09-21,La Plata-Centro,Presencial,TIOCTAN,Se presentó nueva evidencia clínica de TIOCTAN. Interés alto.
700,Gonzalo Medina,358607,2026-03-19,La Plata-Centro,Virtual,TANVIMIL B1 B6 B12,Se coordinó charla informativa sobre TANVIMIL B1 B6 B12 para el equipo médico.
701,Gonzalo Medina,358607,2026-05-05,La Plata-Centro,Virtual,TANVIMIL B1 B6 B12,Se coordinó charla informativa sobre TANVIMIL B1 B6 B12 para el equipo médico.
702,Sebastián Torres,881177,2025-07-27,Palermo-Norte,Virtual,ALACIR|CIRUELAX MINITABS,"Reunión productiva. Se abordaron beneficios de ALACIR, CIRUELAX MINITABS."
703,Sebastián Torres,881177,2026-02-04,Palermo-Norte,Presencial,CIRUELAX MINITABS|ALACIR,"Reunión productiva. Se abordaron beneficios de CIRUELAX MINITABS, ALACIR."
704,Matías Herrera,665158,2025-10-12,Caballito-Centro,Presencial,CO‑TIOCTAN|TANVIMIL B1 B6 B12|TANDIUR,Se presentó nueva evidencia clínica de CO‑TIOCTAN. Interés alto.
705,Matías Herrera,665158,2026-04-19,Caballito-Centro,Virtual,TANVIMIL B1 B6 B12|CO‑TIOCTAN|TANDIUR,Se presentó nueva evidencia clínica de TANVIMIL B1 B6 B12. Interés alto.
706,Matías Herrera,665158,2026-11-03,Caballito-Centro,Virtual,CO‑TIOCTAN|TANVIMIL B1 B6 B12|TANDIUR,Se discutieron novedades de CO‑TIOCTAN. Médico solicitó muestras.
707,Rocío Castro,883300,2025-01-27,Almagro-Centro,Telefónica,TANVIMIL ACD,Reunión productiva. Se abordaron beneficios de TANVIMIL ACD.
708,Rocío Castro,883300,2025-02-02,Almagro-Centro,Telefónica,TRICOFIN|TANVIMIL ACD,Se discutieron novedades de TRICOFIN. Médico solicitó muestras.
709,Rocío Castro,883300,2025-06-26,Almagro-Centro,Virtual,TRICOFIN|TANVIMIL ACD,El médico consultó sobre posología de TRICOFIN. Se aclararon dudas.
710,Rocío Castro,883300,2025-07-23,Almagro-Centro,Virtual,TRICOFIN,Se presentaron TRICOFIN. El médico mostró interés en TRICOFIN.
711,Rocío Castro,883300,2025-09-04,Almagro-Centro,Telefónica,TANVIMIL ACD,Presentación de TANVIMIL ACD. Se acordó seguimiento en próxima visita.
712,Rocío Castro,883300,2025-10-18,Almagro-Centro,Telefónica,TANVIMIL ACD|TRICOFIN,"Presentación de TANVIMIL ACD, TRICOFIN. Se acordó seguimiento en próxima visita."
713,Rocío Castro,883300,2025-11-10,Almagro-Centro,Telefónica,TANVIMIL ACD,Visita de seguimiento. Se discutió eficacia de TANVIMIL ACD en pacientes.
714,Rocío Castro,883300,2025-12-09,Almagro-Centro,Virtual,TANVIMIL ACD|TRICOFIN,"Presentación de TANVIMIL ACD, TRICOFIN. Se acordó seguimiento en próxima visita."
715,Rocío Castro,883300,2026-03-03,Almagro-Centro,Telefónica,TANVIMIL ACD,Se coordinó charla informativa sobre TANVIMIL ACD para el equipo médico.
716,Ana Martínez,712982,2026-09-04,Vicente López-Centro,Virtual,TANVIMIL AMINOÁCIDOS|TIOCTAN|CO‑TIOCTAN,"Se entregó material informativo sobre TANVIMIL AMINOÁCIDOS, TIOCTAN, CO‑TIOCTAN. Buena recepción."
717,Florencia Sánchez,711878,2025-08-14,Recoleta-Norte,Presencial,ONEFIN|TACNA,Se presentó nueva evidencia clínica de ONEFIN. Interés alto.
718,Florencia Sánchez,711878,2026-02-27,Recoleta-Norte,Telefónica,TACNA,Visita de seguimiento. Se discutió eficacia de TACNA en pacientes.
719,Florencia Sánchez,711878,2026-04-26,Recoleta-Norte,Telefónica,ONEFIN|TACNA,El médico consultó sobre posología de ONEFIN. Se aclararon dudas.
720,Florencia Sánchez,711878,2026-07-05,Recoleta-Norte,Presencial,ONEFIN|TACNA,"Reunión productiva. Se abordaron beneficios de ONEFIN, TACNA."
721,Florencia Sánchez,711878,2026-08-12,Recoleta-Norte,Virtual,ONEFIN|TACNA,Se coordinó charla informativa sobre ONEFIN para el equipo médico.
722,Florencia Sánchez,711878,2026-09-23,Recoleta-Norte,Presencial,ONEFIN,Se discutieron novedades de ONEFIN. Médico solicitó muestras.
723,Florencia Sánchez,711878,2026-10-14,Recoleta-Norte,Presencial,ONEFIN,Reunión productiva. Se abordaron beneficios de ONEFIN.
724,Lucía Fernández,479580,2025-01-24,Caballito-Centro,Virtual,APSICO|PAMOXET,El médico consultó sobre posología de APSICO. Se aclararon dudas.
725,Lucía Fernández,479580,2025-03-09,Caballito-Centro,Virtual,APSICO,Reunión productiva. Se abordaron beneficios de APSICO.
726,Lucía Fernández,479580,2025-05-28,Caballito-Centro,Telefónica,ONEFIN,Se revisaron casos clínicos con ONEFIN. Médico receptivo.
727,Lucía Fernández,479580,2025-07-10,Caballito-Centro,Telefónica,PAMOXET,Se presentaron PAMOXET. El médico mostró interés en PAMOXET.
728,Lucía Fernández,479580,2025-12-28,Caballito-Centro,Virtual,ONEFIN,Se presentaron ONEFIN. El médico mostró interés en ONEFIN.
729,Ana Martínez,329974,2025-05-20,Recoleta-Norte,Presencial,TRICOFIN|TACNA,El médico consultó sobre posología de TRICOFIN. Se aclararon dudas.
730,Ana Martínez,329974,2026-05-05,Recoleta-Norte,Presencial,TRICOFIN|TACNA,"Presentación de TRICOFIN, TACNA. Se acordó seguimiento en próxima visita."
731,Martín Rodríguez,245051,2025-01-22,Núñez-Centro,Presencial,ONEFIN,Se presentó nueva evidencia clínica de ONEFIN. Interés alto.
732,Martín Rodríguez,245051,2025-02-15,Núñez-Centro,Virtual,ONEFIN,Presentación de ONEFIN. Se acordó seguimiento en próxima visita.
733,Martín Rodríguez,245051,2025-03-21,Núñez-Centro,Presencial,ONEFIN|TACNA,Se presentó nueva evidencia clínica de ONEFIN. Interés alto.
734,Martín Rodríguez,245051,2025-04-06,Núñez-Centro,Presencial,ONEFIN|TACNA,"Visita breve. Se dejó material de ONEFIN, TACNA para revisión."
735,Martín Rodríguez,245051,2025-06-27,Núñez-Centro,Presencial,ONEFIN,El médico consultó sobre posología de ONEFIN. Se aclararon dudas.
736,Martín Rodríguez,245051,2025-08-20,Núñez-Centro,Presencial,TACNA|ONEFIN,Se presentó nueva evidencia clínica de TACNA. Interés alto.
737,Martín Rodríguez,245051,2026-03-24,Núñez-Centro,Presencial,ONEFIN,Se presentaron ONEFIN. El médico mostró interés en ONEFIN.
738,Martín Rodríguez,245051,2026-08-03,Núñez-Centro,Presencial,TACNA|ONEFIN,Se discutieron novedades de TACNA. Médico solicitó muestras.
739,Martín Rodríguez,245051,2026-09-07,Núñez-Centro,Presencial,TACNA|ONEFIN,"Se entregó material informativo sobre TACNA, ONEFIN. Buena recepción."
740,Paula Acosta,634277,2025-03-25,La Plata-Centro,Telefónica,ALACIR,Visita breve. Se dejó material de ALACIR para revisión.
741,Paula Acosta,634277,2025-05-15,La Plata-Centro,Presencial,CIRUELAX MINITABS,Se entregó material informativo sobre CIRUELAX MINITABS. Buena recepción.
742,Paula Acosta,634277,2025-07-21,La Plata-Centro,Presencial,CIRUELAX MINITABS|ALACIR,Visita de seguimiento. Se discutió eficacia de CIRUELAX MINITABS en pacientes.
743,Paula Acosta,634277,2025-08-07,La Plata-Centro,Presencial,ALACIR|CIRUELAX MINITABS,"Se presentaron ALACIR, CIRUELAX MINITABS. El médico mostró interés en ALACIR."
744,Paula Acosta,634277,2025-09-02,La Plata-Centro,Telefónica,ALACIR|CIRUELAX MINITABS,"Presentación de ALACIR, CIRUELAX MINITABS. Se acordó seguimiento en próxima visita."
745,Paula Acosta,634277,2026-06-06,La Plata-Centro,Presencial,CIRUELAX MINITABS|ALACIR,El médico consultó sobre posología de CIRUELAX MINITABS. Se aclararon dudas.
746,Agustín Varela,214975,2025-06-27,Núñez-Centro,Virtual,TANVIMIL ACD|TRICOFIN,Se coordinó charla informativa sobre TANVIMIL ACD para el equipo médico.
747,Agustín Varela,214975,2025-07-04,Núñez-Centro,Telefónica,TANVIMIL ACD|TRICOFIN,"Presentación de TANVIMIL ACD, TRICOFIN. Se acordó seguimiento en próxima visita."
748,Agustín Varela,214975,2025-12-24,Núñez-Centro,Telefónica,TANVIMIL ACD|TRICOFIN,Se coordinó charla informativa sobre TANVIMIL ACD para el equipo médico.
749,Agustín Varela,214975,2026-04-14,Núñez-Centro,Virtual,TRICOFIN,Se coordinó charla informativa sobre TRICOFIN para el equipo médico.
750,Agustín Varela,214975,2026-05-24,Núñez-Centro,Telefónica,TRICOFIN,Se presentó nueva evidencia clínica de TRICOFIN. Interés alto.
751,Agustín Varela,214975,2026-10-19,Núñez-Centro,Virtual,TRICOFIN,Presentación de TRICOFIN. Se acordó seguimiento en próxima visita.
752,Agustín Varela,214975,2026-11-09,Núñez-Centro,Telefónica,TANVIMIL ACD|TRICOFIN,Se coordinó charla informativa sobre TANVIMIL ACD para el equipo médico.
753,Agustín Varela,214975,2026-12-21,Núñez-Centro,Virtual,TANVIMIL ACD,Se discutieron novedades de TANVIMIL ACD. Médico solicitó muestras.
754,Ana Martínez,260265,2025-02-10,Almagro-Centro,Virtual,CO‑TIOCTAN|TIOCTAN,"Se presentaron CO‑TIOCTAN, TIOCTAN. El médico mostró interés en CO‑TIOCTAN."
755,Ana Martínez,260265,2025-03-28,Almagro-Centro,Telefónica,TANVIMIL AMINOÁCIDOS,Visita de seguimiento. Se discutió eficacia de TANVIMIL AMINOÁCIDOS en pacientes.
756,Ana Martínez,260265,2025-04-16,Almagro-Centro,Virtual,TANVIMIL AMINOÁCIDOS,El médico compartió experiencia positiva con TANVIMIL AMINOÁCIDOS.
757,Ana Martínez,260265,2025-05-01,Almagro-Centro,Virtual,TANVIMIL AMINOÁCIDOS|TIOCTAN,Se revisaron casos clínicos con TANVIMIL AMINOÁCIDOS. Médico receptivo.
758,Ana Martínez,260265,2025-09-21,Almagro-Centro,Telefónica,TIOCTAN,Se coordinó charla informativa sobre TIOCTAN para el equipo médico.
759,Ana Martínez,260265,2026-04-26,Almagro-Centro,Telefónica,TANVIMIL AMINOÁCIDOS|CO‑TIOCTAN|TIOCTAN,Se presentó nueva evidencia clínica de TANVIMIL AMINOÁCIDOS. Interés alto.
760,Ana Martínez,260265,2026-05-18,Almagro-Centro,Telefónica,TIOCTAN|CO‑TIOCTAN|TANVIMIL AMINOÁCIDOS,Se discutieron novedades de TIOCTAN. Médico solicitó muestras.
761,Camila Ruiz,757924,2025-03-15,Caballito-Centro,Virtual,TANVIMIL PLUS|TANVIMIL B1 B6 B12,Se discutieron novedades de TANVIMIL PLUS. Médico solicitó muestras.
762,Camila Ruiz,757924,2025-06-18,Caballito-Centro,Virtual,TANVIMIL B1 B6 B12|TANVIMIL AMINOÁCIDOS,"Reunión productiva. Se abordaron beneficios de TANVIMIL B1 B6 B12, TANVIMIL AMINOÁCIDOS."
763,Camila Ruiz,757924,2025-09-14,Caballito-Centro,Virtual,TANVIMIL B1 B6 B12|TANVIMIL PLUS|TANVIMIL AMINOÁCIDOS,El médico compartió experiencia positiva con TANVIMIL B1 B6 B12.
764,Camila Ruiz,757924,2025-10-19,Caballito-Centro,Virtual,TANVIMIL B1 B6 B12|TANVIMIL PLUS,"Se entregó material informativo sobre TANVIMIL B1 B6 B12, TANVIMIL PLUS. Buena recepción."
765,Camila Ruiz,757924,2026-04-25,Caballito-Centro,Virtual,TANVIMIL PLUS|TANVIMIL AMINOÁCIDOS,"Visita breve. Se dejó material de TANVIMIL PLUS, TANVIMIL AMINOÁCIDOS para revisión."
766,Camila Ruiz,757924,2026-05-10,Caballito-Centro,Telefónica,TANVIMIL B1 B6 B12|TANVIMIL AMINOÁCIDOS|TANVIMIL PLUS,"Se presentaron TANVIMIL B1 B6 B12, TANVIMIL AMINOÁCIDOS, TANVIMIL PLUS. El médico mostró interés en TANVIMIL B1 B6 B12."
767,Camila Ruiz,757924,2026-07-06,Caballito-Centro,Virtual,TANVIMIL B1 B6 B12|TANVIMIL AMINOÁCIDOS|TANVIMIL PLUS,"Reunión productiva. Se abordaron beneficios de TANVIMIL B1 B6 B12, TANVIMIL AMINOÁCIDOS, TANVIMIL PLUS."
768,Camila Ruiz,757924,2026-08-14,Caballito-Centro,Telefónica,TANVIMIL AMINOÁCIDOS|TANVIMIL B1 B6 B12,"Presentación de TANVIMIL AMINOÁCIDOS, TANVIMIL B1 B6 B12. Se acordó seguimiento en próxima visita."
769,Camila Ruiz,757924,2026-09-10,Caballito-Centro,Telefónica,TANVIMIL B1 B6 B12,Se presentaron TANVIMIL B1 B6 B12. El médico mostró interés en TANVIMIL B1 B6 B12.
770,Agustín Varela,267753,2025-09-09,San Isidro-Centro,Virtual,TIOCTAN|TANVIMIL AMINOÁCIDOS,"Reunión productiva. Se abordaron beneficios de TIOCTAN, TANVIMIL AMINOÁCIDOS."
771,Agustín Varela,267753,2026-02-14,San Isidro-Centro,Virtual,CO‑TIOCTAN|TIOCTAN,El médico consultó sobre posología de CO‑TIOCTAN. Se aclararon dudas.
772,Agustín Varela,267753,2026-04-28,San Isidro-Centro,Presencial,TIOCTAN|TANVIMIL AMINOÁCIDOS|CO‑TIOCTAN,El médico compartió experiencia positiva con TIOCTAN.
773,Agustín Varela,267753,2026-05-01,San Isidro-Centro,Presencial,TANVIMIL AMINOÁCIDOS|TIOCTAN|CO‑TIOCTAN,"Visita breve. Se dejó material de TANVIMIL AMINOÁCIDOS, TIOCTAN, CO‑TIOCTAN para revisión."
774,Sebastián Torres,813536,2025-02-05,La Plata-Centro,Virtual,TACNA,Visita breve. Se dejó material de TACNA para revisión.
775,Sebastián Torres,813536,2025-08-22,La Plata-Centro,Telefónica,TRICOFIN,Visita de seguimiento. Se discutió eficacia de TRICOFIN en pacientes.
776,Sebastián Torres,813536,2025-10-25,La Plata-Centro,Presencial,TRICOFIN,Reunión productiva. Se abordaron beneficios de TRICOFIN.
777,Sebastián Torres,813536,2025-11-19,La Plata-Centro,Presencial,TRICOFIN,Visita de seguimiento. Se discutió eficacia de TRICOFIN en pacientes.
778,Sebastián Torres,813536,2026-07-18,La Plata-Centro,Presencial,TACNA,Se presentaron TACNA. El médico mostró interés en TACNA.
779,Sebastián Torres,813536,2026-09-20,La Plata-Centro,Telefónica,TRICOFIN|TACNA,Visita de seguimiento. Se discutió eficacia de TRICOFIN en pacientes.
780,Sebastián Torres,813536,2026-12-28,La Plata-Centro,Telefónica,TACNA,Visita breve. Se dejó material de TACNA para revisión.
781,Valentina Pérez,542666,2025-05-01,Belgrano-Centro,Virtual,CIRUELAX MINITABS,Se discutieron novedades de CIRUELAX MINITABS. Médico solicitó muestras.
782,Valentina Pérez,542666,2025-10-10,Belgrano-Centro,Virtual,CIRUELAX MINITABS,El médico consultó sobre posología de CIRUELAX MINITABS. Se aclararon dudas.
783,Valentina Pérez,542666,2026-02-03,Belgrano-Centro,Presencial,CIRUELAX MINITABS|ALACIR,Se presentó nueva evidencia clínica de CIRUELAX MINITABS. Interés alto.
784,Valentina Pérez,542666,2026-03-15,Belgrano-Centro,Telefónica,CIRUELAX MINITABS,Se presentaron CIRUELAX MINITABS. El médico mostró interés en CIRUELAX MINITABS.
785,Valentina Pérez,542666,2026-04-05,Belgrano-Centro,Presencial,ALACIR,Se revisaron casos clínicos con ALACIR. Médico receptivo.
786,Valentina Pérez,542666,2026-05-20,Belgrano-Centro,Presencial,ALACIR,Se revisaron casos clínicos con ALACIR. Médico receptivo.
787,Valentina Pérez,542666,2026-08-27,Belgrano-Centro,Presencial,CIRUELAX MINITABS,Reunión productiva. Se abordaron beneficios de CIRUELAX MINITABS.
788,Valentina Pérez,542666,2026-10-28,Belgrano-Centro,Virtual,ALACIR,Se revisaron casos clínicos con ALACIR. Médico receptivo.
789,Daniela Morales,725380,2025-01-24,Núñez-Centro,Telefónica,AEROGAL,Visita breve. Se dejó material de AEROGAL para revisión.
790,Daniela Morales,725380,2025-05-06,Núñez-Centro,Virtual,TANVIMIL ACD,Visita de seguimiento. Se discutió eficacia de TANVIMIL ACD en pacientes.
791,Daniela Morales,725380,2025-09-24,Núñez-Centro,Virtual,TANVIMIL ACD FLUOR,Visita breve. Se dejó material de TANVIMIL ACD FLUOR para revisión.
792,Daniela Morales,725380,2025-11-25,Núñez-Centro,Virtual,TANVIMIL ACD FLUOR|TANVIMIL ACD,Visita de seguimiento. Se discutió eficacia de TANVIMIL ACD FLUOR en pacientes.
793,Daniela Morales,725380,2026-07-11,Núñez-Centro,Virtual,TANVIMIL ACD|TANVIMIL ACD FLUOR,Se revisaron casos clínicos con TANVIMIL ACD. Médico receptivo.
794,Daniela Morales,725380,2026-10-01,Núñez-Centro,Virtual,TANVIMIL ACD,Se presentó nueva evidencia clínica de TANVIMIL ACD. Interés alto.
795,Daniela Morales,725380,2026-12-22,Núñez-Centro,Telefónica,AEROGAL,Se presentaron AEROGAL. El médico mostró interés en AEROGAL.
796,Matías Herrera,166613,2025-07-22,Belgrano-R,Presencial,TANVIMIL PLUS|TANVIMIL B1 B6 B12,"Se presentaron TANVIMIL PLUS, TANVIMIL B1 B6 B12. El médico mostró interés en TANVIMIL PLUS."
797,Matías Herrera,166613,2025-10-10,Belgrano-R,Presencial,TANVIMIL PLUS|TANVIMIL AMINOÁCIDOS,El médico consultó sobre posología de TANVIMIL PLUS. Se aclararon dudas.
798,Matías Herrera,166613,2026-03-01,Belgrano-R,Presencial,TANVIMIL AMINOÁCIDOS|TANVIMIL B1 B6 B12|TANVIMIL PLUS,Se discutieron novedades de TANVIMIL AMINOÁCIDOS. Médico solicitó muestras.
799,Matías Herrera,166613,2026-06-17,Belgrano-R,Presencial,TANVIMIL B1 B6 B12|TANVIMIL AMINOÁCIDOS,Visita de seguimiento. Se discutió eficacia de TANVIMIL B1 B6 B12 en pacientes.
800,Matías Herrera,166613,2026-08-06,Belgrano-R,Presencial,TANVIMIL PLUS|TANVIMIL AMINOÁCIDOS|TANVIMIL B1 B6 B12,El médico compartió experiencia positiva con TANVIMIL PLUS.
801,Matías Herrera,166613,2026-10-28,Belgrano-R,Virtual,TANVIMIL AMINOÁCIDOS,Se presentaron TANVIMIL AMINOÁCIDOS. El médico mostró interés en TANVIMIL AMINOÁCIDOS.
802,Matías Herrera,166613,2026-12-06,Belgrano-R,Presencial,TANVIMIL PLUS,Se presentaron TANVIMIL PLUS. El médico mostró interés en TANVIMIL PLUS.
803,Paula Acosta,500156,2025-04-20,Palermo-Sur,Presencial,TANVIMIL ACD|AEROGAL,Se revisaron casos clínicos con TANVIMIL ACD. Médico receptivo.
804,Paula Acosta,500156,2025-05-11,Palermo-Sur,Presencial,TANVIMIL ACD FLUOR|AEROGAL|TANVIMIL ACD,Visita de seguimiento. Se discutió eficacia de TANVIMIL ACD FLUOR en pacientes.
805,Paula Acosta,500156,2026-06-26,Palermo-Sur,Virtual,TANVIMIL ACD FLUOR,Se coordinó charla informativa sobre TANVIMIL ACD FLUOR para el equipo médico.
806,Paula Acosta,500156,2026-08-21,Palermo-Sur,Presencial,TANVIMIL ACD|AEROGAL|TANVIMIL ACD FLUOR,Se presentó nueva evidencia clínica de TANVIMIL ACD. Interés alto.
807,Paula Acosta,500156,2026-09-04,Palermo-Sur,Presencial,TANVIMIL ACD FLUOR|AEROGAL,"Visita breve. Se dejó material de TANVIMIL ACD FLUOR, AEROGAL para revisión."
808,Matías Herrera,724834,2025-06-16,Núñez-Centro,Presencial,TANDIUR,Visita breve. Se dejó material de TANDIUR para revisión.
809,Matías Herrera,724834,2026-01-05,Núñez-Centro,Virtual,TANDIUR|TIOCTAN|CO‑TIOCTAN,El médico consultó sobre posología de TANDIUR. Se aclararon dudas.
810,Matías Herrera,724834,2026-09-12,Núñez-Centro,Virtual,TIOCTAN|CO‑TIOCTAN|TANVIMIL B1 B6 B12,El médico compartió experiencia positiva con TIOCTAN.
811,Julieta Romero,590785,2025-01-16,Palermo-Norte,Presencial,TANVIMIL AMINOÁCIDOS|TANVIMIL B1 B6 B12,El médico consultó sobre posología de TANVIMIL AMINOÁCIDOS. Se aclararon dudas.
812,Julieta Romero,590785,2025-02-11,Palermo-Norte,Virtual,TANVIMIL B1 B6 B12|TANVIMIL AMINOÁCIDOS|TANVIMIL PLUS,Se coordinó charla informativa sobre TANVIMIL B1 B6 B12 para el equipo médico.
813,Julieta Romero,590785,2025-04-27,Palermo-Norte,Virtual,TANVIMIL B1 B6 B12|TANVIMIL PLUS|TANVIMIL AMINOÁCIDOS,El médico consultó sobre posología de TANVIMIL B1 B6 B12. Se aclararon dudas.
814,Julieta Romero,590785,2025-05-26,Palermo-Norte,Presencial,TANVIMIL PLUS|TANVIMIL B1 B6 B12,Se revisaron casos clínicos con TANVIMIL PLUS. Médico receptivo.
815,Julieta Romero,590785,2025-06-15,Palermo-Norte,Presencial,TANVIMIL AMINOÁCIDOS|TANVIMIL PLUS|TANVIMIL B1 B6 B12,"Reunión productiva. Se abordaron beneficios de TANVIMIL AMINOÁCIDOS, TANVIMIL PLUS, TANVIMIL B1 B6 B12."
816,Julieta Romero,590785,2025-07-23,Palermo-Norte,Presencial,TANVIMIL B1 B6 B12,Se coordinó charla informativa sobre TANVIMIL B1 B6 B12 para el equipo médico.
817,Julieta Romero,590785,2025-08-22,Palermo-Norte,Presencial,TANVIMIL AMINOÁCIDOS,Visita breve. Se dejó material de TANVIMIL AMINOÁCIDOS para revisión.
818,Julieta Romero,590785,2025-09-28,Palermo-Norte,Presencial,TANVIMIL PLUS,Se presentaron TANVIMIL PLUS. El médico mostró interés en TANVIMIL PLUS.
819,Julieta Romero,590785,2025-11-02,Palermo-Norte,Telefónica,TANVIMIL PLUS|TANVIMIL AMINOÁCIDOS,El médico consultó sobre posología de TANVIMIL PLUS. Se aclararon dudas.
820,Julieta Romero,590785,2025-12-02,Palermo-Norte,Presencial,TANVIMIL AMINOÁCIDOS|TANVIMIL B1 B6 B12|TANVIMIL PLUS,Se discutieron novedades de TANVIMIL AMINOÁCIDOS. Médico solicitó muestras.
821,Julieta Romero,590785,2026-01-09,Palermo-Norte,Telefónica,TANVIMIL AMINOÁCIDOS|TANVIMIL PLUS,El médico consultó sobre posología de TANVIMIL AMINOÁCIDOS. Se aclararon dudas.
822,Julieta Romero,590785,2026-02-26,Palermo-Norte,Telefónica,TANVIMIL PLUS|TANVIMIL AMINOÁCIDOS|TANVIMIL B1 B6 B12,El médico consultó sobre posología de TANVIMIL PLUS. Se aclararon dudas.
823,Julieta Romero,590785,2026-03-02,Palermo-Norte,Presencial,TANVIMIL PLUS|TANVIMIL B1 B6 B12,Se coordinó charla informativa sobre TANVIMIL PLUS para el equipo médico.
824,Julieta Romero,590785,2026-04-21,Palermo-Norte,Telefónica,TANVIMIL PLUS,Se revisaron casos clínicos con TANVIMIL PLUS. Médico receptivo.
825,Carlos Gómez,680099,2025-01-04,Flores-Norte,Telefónica,CO‑TIOCTAN|TANVIMIL B1 B6 B12,Se revisaron casos clínicos con CO‑TIOCTAN. Médico receptivo.
826,Carlos Gómez,680099,2025-02-19,Flores-Norte,Telefónica,CO‑TIOCTAN|TANDIUR,Visita de seguimiento. Se discutió eficacia de CO‑TIOCTAN en pacientes.
827,Carlos Gómez,680099,2025-05-28,Flores-Norte,Telefónica,TIOCTAN|CO‑TIOCTAN,Visita de seguimiento. Se discutió eficacia de TIOCTAN en pacientes.
828,Carlos Gómez,680099,2025-07-20,Flores-Norte,Virtual,TANVIMIL B1 B6 B12,Se revisaron casos clínicos con TANVIMIL B1 B6 B12. Médico receptivo.
829,Carlos Gómez,680099,2025-10-09,Flores-Norte,Telefónica,TIOCTAN|CO‑TIOCTAN,Se presentó nueva evidencia clínica de TIOCTAN. Interés alto.
830,Carlos Gómez,680099,2026-01-15,Flores-Norte,Virtual,TIOCTAN|CO‑TIOCTAN,Se presentó nueva evidencia clínica de TIOCTAN. Interés alto.
831,Carlos Gómez,680099,2026-09-11,Flores-Norte,Virtual,CO‑TIOCTAN|TANVIMIL B1 B6 B12,Visita de seguimiento. Se discutió eficacia de CO‑TIOCTAN en pacientes.
832,Carlos Gómez,680099,2026-11-09,Flores-Norte,Telefónica,TIOCTAN|CO‑TIOCTAN|TANDIUR,"Se presentaron TIOCTAN, CO‑TIOCTAN, TANDIUR. El médico mostró interés en TIOCTAN."
833,Carlos Gómez,680099,2026-12-15,Flores-Norte,Virtual,CO‑TIOCTAN|TANVIMIL B1 B6 B12,El médico consultó sobre posología de CO‑TIOCTAN. Se aclararon dudas.
834,Camila Ruiz,813328,2025-02-17,Caballito-Centro,Presencial,SUTRICO TAR|MENCOGRIN AP,El médico consultó sobre posología de SUTRICO TAR. Se aclararon dudas.
835,Camila Ruiz,813328,2025-03-18,Caballito-Centro,Virtual,TRIMACREM PLUS|MENCOGRIN AP,El médico consultó sobre posología de TRIMACREM PLUS. Se aclararon dudas.
836,Camila Ruiz,813328,2025-04-27,Caballito-Centro,Virtual,SUTRICO TAR|PANCUTAN NF,Se discutieron novedades de SUTRICO TAR. Médico solicitó muestras.
837,Camila Ruiz,813328,2025-05-24,Caballito-Centro,Presencial,PANCUTAN NF,Se discutieron novedades de PANCUTAN NF. Médico solicitó muestras.
838,Camila Ruiz,813328,2025-07-14,Caballito-Centro,Presencial,MENCOGRIN AP|PANCUTAN NF,"Se entregó material informativo sobre MENCOGRIN AP, PANCUTAN NF. Buena recepción."
839,Camila Ruiz,813328,2025-10-16,Caballito-Centro,Presencial,PANCUTAN NF|SUTRICO TAR|TRIMACREM PLUS,"Se presentaron PANCUTAN NF, SUTRICO TAR, TRIMACREM PLUS. El médico mostró interés en PANCUTAN NF."
840,Camila Ruiz,813328,2025-11-28,Caballito-Centro,Virtual,PANCUTAN NF|MENCOGRIN AP,Se presentó nueva evidencia clínica de PANCUTAN NF. Interés alto.
841,Camila Ruiz,813328,2025-12-04,Caballito-Centro,Telefónica,PANCUTAN NF|TRIMACREM PLUS,Se coordinó charla informativa sobre PANCUTAN NF para el equipo médico.
842,Camila Ruiz,813328,2026-02-02,Caballito-Centro,Presencial,PANCUTAN NF|TRIMACREM PLUS,"Visita breve. Se dejó material de PANCUTAN NF, TRIMACREM PLUS para revisión."
843,Camila Ruiz,813328,2026-03-26,Caballito-Centro,Virtual,TRICOPLUS|TRIMACREM PLUS,"Reunión productiva. Se abordaron beneficios de TRICOPLUS, TRIMACREM PLUS."
844,Camila Ruiz,813328,2026-04-06,Caballito-Centro,Presencial,PANCUTAN NF|MENCOGRIN AP,Se coordinó charla informativa sobre PANCUTAN NF para el equipo médico.
845,Camila Ruiz,813328,2026-05-18,Caballito-Centro,Presencial,PANCUTAN NF|SUTRICO TAR,Se presentó nueva evidencia clínica de PANCUTAN NF. Interés alto.
846,Camila Ruiz,813328,2026-06-13,Caballito-Centro,Virtual,SUTRICO TAR|MENCOGRIN AP|PANCUTAN NF,"Se presentaron SUTRICO TAR, MENCOGRIN AP, PANCUTAN NF. El médico mostró interés en SUTRICO TAR."
847,Camila Ruiz,813328,2026-08-10,Caballito-Centro,Presencial,TRIMACREM PLUS|MENCOGRIN AP,Se discutieron novedades de TRIMACREM PLUS. Médico solicitó muestras.
848,Camila Ruiz,813328,2026-09-16,Caballito-Centro,Presencial,TRIMACREM PLUS|TRICOPLUS,Se coordinó charla informativa sobre TRIMACREM PLUS para el equipo médico.
849,Federico Álvarez,855731,2025-03-23,Devoto-Centro,Telefónica,TACNA|TRICOFIN,"Presentación de TACNA, TRICOFIN. Se acordó seguimiento en próxima visita."
850,Federico Álvarez,855731,2025-12-11,Devoto-Centro,Presencial,TRICOFIN|TACNA,"Visita breve. Se dejó material de TRICOFIN, TACNA para revisión."
851,Federico Álvarez,855731,2026-04-12,Devoto-Centro,Presencial,TRICOFIN|TACNA,"Se presentaron TRICOFIN, TACNA. El médico mostró interés en TRICOFIN."
852,Federico Álvarez,855731,2026-08-08,Devoto-Centro,Presencial,TRICOFIN|TACNA,El médico compartió experiencia positiva con TRICOFIN.
853,Camila Ruiz,220116,2025-10-03,Almagro-Centro,Virtual,TANVIMIL AMINOÁCIDOS,Visita de seguimiento. Se discutió eficacia de TANVIMIL AMINOÁCIDOS en pacientes.
854,Camila Ruiz,220116,2025-12-06,Almagro-Centro,Virtual,TANVIMIL PLUS|TANVIMIL B1 B6 B12,Visita de seguimiento. Se discutió eficacia de TANVIMIL PLUS en pacientes.
855,Camila Ruiz,220116,2026-03-09,Almagro-Centro,Presencial,TANVIMIL AMINOÁCIDOS|TANVIMIL PLUS,Se presentó nueva evidencia clínica de TANVIMIL AMINOÁCIDOS. Interés alto.
856,Camila Ruiz,220116,2026-05-12,Almagro-Centro,Presencial,TANVIMIL PLUS,Reunión productiva. Se abordaron beneficios de TANVIMIL PLUS.
857,Valentina Pérez,814825,2025-01-25,Belgrano-R,Presencial,TRICOFIN|TACNA,Se coordinó charla informativa sobre TRICOFIN para el equipo médico.
858,Valentina Pérez,814825,2025-06-08,Belgrano-R,Presencial,TACNA|TRICOFIN,"Presentación de TACNA, TRICOFIN. Se acordó seguimiento en próxima visita."
859,Valentina Pérez,814825,2025-07-06,Belgrano-R,Telefónica,TACNA|TRICOFIN,Se presentó nueva evidencia clínica de TACNA. Interés alto.
860,Valentina Pérez,814825,2025-09-22,Belgrano-R,Presencial,TRICOFIN|TACNA,"Visita breve. Se dejó material de TRICOFIN, TACNA para revisión."
861,Valentina Pérez,814825,2025-12-09,Belgrano-R,Presencial,TACNA|TRICOFIN,El médico consultó sobre posología de TACNA. Se aclararon dudas.
862,Valentina Pérez,814825,2026-03-28,Belgrano-R,Presencial,TRICOFIN,Se presentaron TRICOFIN. El médico mostró interés en TRICOFIN.
863,Valentina Pérez,814825,2026-06-02,Belgrano-R,Presencial,TACNA,Visita de seguimiento. Se discutió eficacia de TACNA en pacientes.
864,Valentina Pérez,814825,2026-07-23,Belgrano-R,Presencial,TACNA,Se entregó material informativo sobre TACNA. Buena recepción.
865,Valentina Pérez,814825,2026-11-27,Belgrano-R,Virtual,TRICOFIN|TACNA,"Reunión productiva. Se abordaron beneficios de TRICOFIN, TACNA."
866,Diego López,663054,2025-03-06,Belgrano-Centro,Telefónica,ONEFIN|TACNA,"Se entregó material informativo sobre ONEFIN, TACNA. Buena recepción."
867,Diego López,663054,2025-06-02,Belgrano-Centro,Telefónica,ONEFIN,Se discutieron novedades de ONEFIN. Médico solicitó muestras.
868,Diego López,663054,2025-08-14,Belgrano-Centro,Virtual,TACNA,El médico compartió experiencia positiva con TACNA.
869,Diego López,663054,2026-04-07,Belgrano-Centro,Virtual,ONEFIN|TACNA,"Visita breve. Se dejó material de ONEFIN, TACNA para revisión."
870,Diego López,663054,2026-05-26,Belgrano-Centro,Telefónica,ONEFIN,El médico consultó sobre posología de ONEFIN. Se aclararon dudas.
871,Diego López,663054,2026-09-27,Belgrano-Centro,Telefónica,TACNA|ONEFIN,El médico compartió experiencia positiva con TACNA.
872,Diego López,663054,2026-11-21,Belgrano-Centro,Telefónica,ONEFIN,Reunión productiva. Se abordaron beneficios de ONEFIN.
873,Diego López,663054,2026-12-20,Belgrano-Centro,Virtual,ONEFIN,Visita breve. Se dejó material de ONEFIN para revisión.
874,Florencia Sánchez,905934,2025-05-19,Palermo-Norte,Presencial,TACNA|TRICOFIN,"Visita breve. Se dejó material de TACNA, TRICOFIN para revisión."
875,Florencia Sánchez,905934,2026-04-09,Palermo-Norte,Telefónica,TACNA,Se coordinó charla informativa sobre TACNA para el equipo médico.
876,Ana Martínez,772097,2025-03-02,Devoto-Centro,Presencial,TIOCTAN|CO‑TIOCTAN|TANVIMIL B1 B6 B12,"Presentación de TIOCTAN, CO‑TIOCTAN, TANVIMIL B1 B6 B12. Se acordó seguimiento en próxima visita."
877,Ana Martínez,772097,2025-04-27,Devoto-Centro,Presencial,TIOCTAN|TANDIUR|CO‑TIOCTAN,El médico consultó sobre posología de TIOCTAN. Se aclararon dudas.
878,Ana Martínez,772097,2025-07-22,Devoto-Centro,Virtual,CO‑TIOCTAN,Reunión productiva. Se abordaron beneficios de CO‑TIOCTAN.
879,Ana Martínez,772097,2025-09-26,Devoto-Centro,Presencial,TIOCTAN,Se discutieron novedades de TIOCTAN. Médico solicitó muestras.
880,Ana Martínez,772097,2025-10-14,Devoto-Centro,Presencial,TANDIUR|TIOCTAN,"Visita breve. Se dejó material de TANDIUR, TIOCTAN para revisión."
881,Ana Martínez,772097,2025-11-04,Devoto-Centro,Presencial,CO‑TIOCTAN,Se revisaron casos clínicos con CO‑TIOCTAN. Médico receptivo.
882,Ana Martínez,772097,2026-02-14,Devoto-Centro,Telefónica,TIOCTAN|CO‑TIOCTAN|TANVIMIL B1 B6 B12,"Reunión productiva. Se abordaron beneficios de TIOCTAN, CO‑TIOCTAN, TANVIMIL B1 B6 B12."
883,Ana Martínez,772097,2026-03-23,Devoto-Centro,Telefónica,TANVIMIL B1 B6 B12|TANDIUR|CO‑TIOCTAN,"Se entregó material informativo sobre TANVIMIL B1 B6 B12, TANDIUR, CO‑TIOCTAN. Buena recepción."
884,Ana Martínez,772097,2026-05-19,Devoto-Centro,Presencial,TIOCTAN|TANVIMIL B1 B6 B12,"Se entregó material informativo sobre TIOCTAN, TANVIMIL B1 B6 B12. Buena recepción."
885,Ana Martínez,772097,2026-07-24,Devoto-Centro,Virtual,TIOCTAN|TANVIMIL B1 B6 B12,"Visita breve. Se dejó material de TIOCTAN, TANVIMIL B1 B6 B12 para revisión."
886,Ana Martínez,772097,2026-09-18,Devoto-Centro,Presencial,TANDIUR|CO‑TIOCTAN,"Reunión productiva. Se abordaron beneficios de TANDIUR, CO‑TIOCTAN."
887,Martín Rodríguez,216970,2025-01-20,Palermo-Sur,Presencial,TANVIMIL PLUS,Reunión productiva. Se abordaron beneficios de TANVIMIL PLUS.
888,Martín Rodríguez,216970,2025-04-23,Palermo-Sur,Virtual,TANVIMIL PLUS|TANVIMIL B1 B6 B12,"Reunión productiva. Se abordaron beneficios de TANVIMIL PLUS, TANVIMIL B1 B6 B12."
889,Martín Rodríguez,216970,2025-09-27,Palermo-Sur,Presencial,TANVIMIL PLUS,Visita de seguimiento. Se discutió eficacia de TANVIMIL PLUS en pacientes.
890,Martín Rodríguez,216970,2025-11-28,Palermo-Sur,Presencial,TANVIMIL B1 B6 B12|TANVIMIL PLUS|TANVIMIL AMINOÁCIDOS,El médico compartió experiencia positiva con TANVIMIL B1 B6 B12.
891,Martín Rodríguez,216970,2026-01-01,Palermo-Sur,Virtual,TANVIMIL B1 B6 B12|TANVIMIL PLUS|TANVIMIL AMINOÁCIDOS,Se presentó nueva evidencia clínica de TANVIMIL B1 B6 B12. Interés alto.
892,Martín Rodríguez,216970,2026-04-22,Palermo-Sur,Presencial,TANVIMIL AMINOÁCIDOS|TANVIMIL B1 B6 B12,Se discutieron novedades de TANVIMIL AMINOÁCIDOS. Médico solicitó muestras.
893,Martín Rodríguez,216970,2026-12-23,Palermo-Sur,Presencial,TANVIMIL PLUS,Visita breve. Se dejó material de TANVIMIL PLUS para revisión.
894,Martín Rodríguez,555884,2025-02-21,Quilmes-Centro,Telefónica,TANVIMIL ACD,Se coordinó charla informativa sobre TANVIMIL ACD para el equipo médico.
895,Martín Rodríguez,555884,2025-04-08,Quilmes-Centro,Virtual,TRICOFIN|TANVIMIL ACD,"Reunión productiva. Se abordaron beneficios de TRICOFIN, TANVIMIL ACD."
896,Martín Rodríguez,555884,2025-05-24,Quilmes-Centro,Telefónica,TRICOFIN,Se discutieron novedades de TRICOFIN. Médico solicitó muestras.
897,Martín Rodríguez,555884,2025-08-06,Quilmes-Centro,Telefónica,TANVIMIL ACD|TRICOFIN,Se coordinó charla informativa sobre TANVIMIL ACD para el equipo médico.
898,Martín Rodríguez,555884,2026-05-03,Quilmes-Centro,Telefónica,TANVIMIL ACD,Se discutieron novedades de TANVIMIL ACD. Médico solicitó muestras.
899,Martín Rodríguez,555884,2026-08-24,Quilmes-Centro,Telefónica,TANVIMIL ACD,Presentación de TANVIMIL ACD. Se acordó seguimiento en próxima visita.
900,Martín Rodríguez,555884,2026-11-14,Quilmes-Centro,Telefónica,TRICOFIN|TANVIMIL ACD,Se discutieron novedades de TRICOFIN. Médico solicitó muestras.
901,Florencia Sánchez,265840,2025-08-03,Quilmes-Centro,Presencial,CO‑TIOCTAN|TANVIMIL AMINOÁCIDOS|TIOCTAN,"Se entregó material informativo sobre CO‑TIOCTAN, TANVIMIL AMINOÁCIDOS, TIOCTAN. Buena recepción."
902,Florencia Sánchez,265840,2025-09-12,Quilmes-Centro,Telefónica,TIOCTAN|CO‑TIOCTAN|TANVIMIL AMINOÁCIDOS,Se presentó nueva evidencia clínica de TIOCTAN. Interés alto.
903,Florencia Sánchez,265840,2025-12-05,Quilmes-Centro,Virtual,TANVIMIL AMINOÁCIDOS|CO‑TIOCTAN,Se coordinó charla informativa sobre TANVIMIL AMINOÁCIDOS para el equipo médico.
904,Matías Herrera,103402,2025-01-14,Vicente López-Centro,Telefónica,PAMOXET,Se entregó material informativo sobre PAMOXET. Buena recepción.
905,Matías Herrera,103402,2025-03-23,Vicente López-Centro,Presencial,APSICO|ONEFIN|PAMOXET,Se presentó nueva evidencia clínica de APSICO. Interés alto.
906,Matías Herrera,103402,2025-06-01,Vicente López-Centro,Telefónica,PAMOXET,Se revisaron casos clínicos con PAMOXET. Médico receptivo.
907,Matías Herrera,103402,2025-10-13,Vicente López-Centro,Presencial,ONEFIN,Visita de seguimiento. Se discutió eficacia de ONEFIN en pacientes.
908,Matías Herrera,103402,2026-04-17,Vicente López-Centro,Presencial,APSICO|PAMOXET,"Se presentaron APSICO, PAMOXET. El médico mostró interés en APSICO."
909,Matías Herrera,103402,2026-06-07,Vicente López-Centro,Presencial,PAMOXET,Se discutieron novedades de PAMOXET. Médico solicitó muestras.
910,Paula Acosta,854639,2025-01-20,Vicente López-Centro,Presencial,TIOCTAN,Se revisaron casos clínicos con TIOCTAN. Médico receptivo.
911,Paula Acosta,854639,2025-05-24,Vicente López-Centro,Presencial,TIOCTAN,El médico consultó sobre posología de TIOCTAN. Se aclararon dudas.
912,Paula Acosta,854639,2025-07-17,Vicente López-Centro,Presencial,TANVIMIL B1 B6 B12|TIOCTAN,El médico consultó sobre posología de TANVIMIL B1 B6 B12. Se aclararon dudas.
913,Paula Acosta,854639,2025-09-22,Vicente López-Centro,Virtual,TANVIMIL B1 B6 B12|TIOCTAN,Visita de seguimiento. Se discutió eficacia de TANVIMIL B1 B6 B12 en pacientes.
914,Paula Acosta,854639,2025-12-08,Vicente López-Centro,Virtual,TANVIMIL B1 B6 B12,Reunión productiva. Se abordaron beneficios de TANVIMIL B1 B6 B12.
915,Paula Acosta,854639,2026-08-21,Vicente López-Centro,Telefónica,TIOCTAN,Visita de seguimiento. Se discutió eficacia de TIOCTAN en pacientes.
916,Paula Acosta,854639,2026-10-25,Vicente López-Centro,Presencial,TIOCTAN|TANVIMIL B1 B6 B12,"Reunión productiva. Se abordaron beneficios de TIOCTAN, TANVIMIL B1 B6 B12."
917,Valentina Pérez,624902,2025-01-21,Flores-Norte,Virtual,PAMOXET|APSICO,El médico compartió experiencia positiva con PAMOXET.
918,Valentina Pérez,624902,2025-02-08,Flores-Norte,Presencial,PAMOXET|APSICO,"Se presentaron PAMOXET, APSICO. El médico mostró interés en PAMOXET."
919,Valentina Pérez,624902,2025-03-22,Flores-Norte,Presencial,APSICO,Reunión productiva. Se abordaron beneficios de APSICO.
920,Valentina Pérez,624902,2025-05-01,Flores-Norte,Virtual,PAMOXET|APSICO,"Presentación de PAMOXET, APSICO. Se acordó seguimiento en próxima visita."
921,Valentina Pérez,624902,2025-07-24,Flores-Norte,Presencial,APSICO,Se coordinó charla informativa sobre APSICO para el equipo médico.
922,Valentina Pérez,624902,2025-08-11,Flores-Norte,Presencial,PAMOXET|APSICO,"Visita breve. Se dejó material de PAMOXET, APSICO para revisión."
923,Valentina Pérez,624902,2025-11-27,Flores-Norte,Virtual,APSICO,Presentación de APSICO. Se acordó seguimiento en próxima visita.
924,Valentina Pérez,624902,2026-02-26,Flores-Norte,Presencial,PAMOXET|APSICO,Se revisaron casos clínicos con PAMOXET. Médico receptivo.
925,Valentina Pérez,624902,2026-08-24,Flores-Norte,Presencial,APSICO,Se presentaron APSICO. El médico mostró interés en APSICO.
926,Valentina Pérez,624902,2026-10-04,Flores-Norte,Presencial,PAMOXET|APSICO,Se discutieron novedades de PAMOXET. Médico solicitó muestras.
927,Valentina Pérez,624902,2026-11-03,Flores-Norte,Presencial,PAMOXET,Presentación de PAMOXET. Se acordó seguimiento en próxima visita.
928,Valentina Pérez,898975,2025-02-06,Quilmes-Centro,Telefónica,TIOCTAN|TANVIMIL B1 B6 B12,"Reunión productiva. Se abordaron beneficios de TIOCTAN, TANVIMIL B1 B6 B12."
929,Valentina Pérez,898975,2025-03-19,Quilmes-Centro,Virtual,TIOCTAN,Se presentó nueva evidencia clínica de TIOCTAN. Interés alto.
930,Valentina Pérez,898975,2025-04-28,Quilmes-Centro,Presencial,TIOCTAN|TANVIMIL B1 B6 B12,Se coordinó charla informativa sobre TIOCTAN para el equipo médico.
931,Valentina Pérez,898975,2025-10-08,Quilmes-Centro,Telefónica,TANVIMIL B1 B6 B12|TIOCTAN,"Se presentaron TANVIMIL B1 B6 B12, TIOCTAN. El médico mostró interés en TANVIMIL B1 B6 B12."
932,Valentina Pérez,898975,2026-04-12,Quilmes-Centro,Presencial,TANVIMIL B1 B6 B12|TIOCTAN,"Se entregó material informativo sobre TANVIMIL B1 B6 B12, TIOCTAN. Buena recepción."
933,Julieta Romero,287330,2025-02-04,Palermo-Sur,Presencial,APSICO|PAMOXET,"Reunión productiva. Se abordaron beneficios de APSICO, PAMOXET."
934,Julieta Romero,287330,2025-11-15,Palermo-Sur,Presencial,APSICO,El médico consultó sobre posología de APSICO. Se aclararon dudas.
935,Gonzalo Medina,632342,2025-01-21,Villa Urquiza-Centro,Telefónica,MENCOGRIN AP,Se revisaron casos clínicos con MENCOGRIN AP. Médico receptivo.
936,Gonzalo Medina,632342,2025-06-21,Villa Urquiza-Centro,Virtual,PANCUTAN NF|MENCOGRIN AP|TRIMACREM PLUS,"Reunión productiva. Se abordaron beneficios de PANCUTAN NF, MENCOGRIN AP, TRIMACREM PLUS."
937,Gonzalo Medina,632342,2025-09-28,Villa Urquiza-Centro,Virtual,SUTRICO TAR|TRICOPLUS|TRIMACREM PLUS,"Se presentaron SUTRICO TAR, TRICOPLUS, TRIMACREM PLUS. El médico mostró interés en SUTRICO TAR."
938,Gonzalo Medina,632342,2025-10-13,Villa Urquiza-Centro,Telefónica,TRICOPLUS,El médico consultó sobre posología de TRICOPLUS. Se aclararon dudas.
939,Gonzalo Medina,632342,2025-11-09,Villa Urquiza-Centro,Virtual,MENCOGRIN AP|TRICOPLUS|TRIMACREM PLUS,El médico compartió experiencia positiva con MENCOGRIN AP.
940,Gonzalo Medina,632342,2026-04-12,Villa Urquiza-Centro,Telefónica,PANCUTAN NF|TRICOPLUS|SUTRICO TAR,"Presentación de PANCUTAN NF, TRICOPLUS, SUTRICO TAR. Se acordó seguimiento en próxima visita."
941,Gonzalo Medina,632342,2026-05-04,Villa Urquiza-Centro,Virtual,TRIMACREM PLUS|SUTRICO TAR|TRICOPLUS,"Se entregó material informativo sobre TRIMACREM PLUS, SUTRICO TAR, TRICOPLUS. Buena recepción."
942,Rocío Castro,211579,2025-01-16,Quilmes-Centro,Virtual,PANCUTAN NF,Se presentó nueva evidencia clínica de PANCUTAN NF. Interés alto.
943,Rocío Castro,211579,2025-02-02,Quilmes-Centro,Presencial,MENCOGRIN AP,Se discutieron novedades de MENCOGRIN AP. Médico solicitó muestras.
944,Rocío Castro,211579,2025-03-11,Quilmes-Centro,Virtual,PANCUTAN NF|TRICOPLUS,"Se presentaron PANCUTAN NF, TRICOPLUS. El médico mostró interés en PANCUTAN NF."
945,Rocío Castro,211579,2025-04-19,Quilmes-Centro,Virtual,SUTRICO TAR,El médico consultó sobre posología de SUTRICO TAR. Se aclararon dudas.
946,Rocío Castro,211579,2025-05-11,Quilmes-Centro,Presencial,TRIMACREM PLUS|MENCOGRIN AP,Se coordinó charla informativa sobre TRIMACREM PLUS para el equipo médico.
947,Rocío Castro,211579,2025-06-08,Quilmes-Centro,Virtual,TRIMACREM PLUS|PANCUTAN NF|MENCOGRIN AP,Se presentó nueva evidencia clínica de TRIMACREM PLUS. Interés alto.
948,Rocío Castro,211579,2025-07-07,Quilmes-Centro,Presencial,MENCOGRIN AP|SUTRICO TAR|TRIMACREM PLUS,Visita de seguimiento. Se discutió eficacia de MENCOGRIN AP en pacientes.
949,Rocío Castro,211579,2025-08-05,Quilmes-Centro,Presencial,MENCOGRIN AP,Se revisaron casos clínicos con MENCOGRIN AP. Médico receptivo.
950,Rocío Castro,211579,2025-09-22,Quilmes-Centro,Presencial,TRIMACREM PLUS|MENCOGRIN AP,"Reunión productiva. Se abordaron beneficios de TRIMACREM PLUS, MENCOGRIN AP."
951,Rocío Castro,211579,2025-10-03,Quilmes-Centro,Telefónica,PANCUTAN NF|TRIMACREM PLUS|SUTRICO TAR,Se presentó nueva evidencia clínica de PANCUTAN NF. Interés alto.
952,Rocío Castro,211579,2025-11-24,Quilmes-Centro,Presencial,TRIMACREM PLUS|MENCOGRIN AP,Visita de seguimiento. Se discutió eficacia de TRIMACREM PLUS en pacientes.
953,Rocío Castro,211579,2026-01-15,Quilmes-Centro,Virtual,TRICOPLUS|PANCUTAN NF|MENCOGRIN AP,"Reunión productiva. Se abordaron beneficios de TRICOPLUS, PANCUTAN NF, MENCOGRIN AP."
954,Rocío Castro,211579,2026-02-25,Quilmes-Centro,Presencial,TRICOPLUS|SUTRICO TAR|MENCOGRIN AP,Se discutieron novedades de TRICOPLUS. Médico solicitó muestras.
955,Rocío Castro,211579,2026-04-14,Quilmes-Centro,Presencial,SUTRICO TAR|TRIMACREM PLUS|MENCOGRIN AP,El médico compartió experiencia positiva con SUTRICO TAR.
956,Rocío Castro,211579,2026-05-11,Quilmes-Centro,Telefónica,TRIMACREM PLUS,Se revisaron casos clínicos con TRIMACREM PLUS. Médico receptivo.
957,Rocío Castro,211579,2026-06-07,Quilmes-Centro,Presencial,TRICOPLUS|TRIMACREM PLUS,El médico compartió experiencia positiva con TRICOPLUS.
958,Rocío Castro,211579,2026-07-10,Quilmes-Centro,Virtual,TRIMACREM PLUS|PANCUTAN NF|MENCOGRIN AP,Visita de seguimiento. Se discutió eficacia de TRIMACREM PLUS en pacientes.
959,Rocío Castro,211579,2026-08-14,Quilmes-Centro,Presencial,TRICOPLUS|TRIMACREM PLUS|MENCOGRIN AP,Se presentó nueva evidencia clínica de TRICOPLUS. Interés alto.
960,Rocío Castro,211579,2026-11-06,Quilmes-Centro,Presencial,TRIMACREM PLUS|TRICOPLUS,"Se presentaron TRIMACREM PLUS, TRICOPLUS. El médico mostró interés en TRIMACREM PLUS."
961,Rocío Castro,211579,2026-12-10,Quilmes-Centro,Presencial,MENCOGRIN AP|PANCUTAN NF|SUTRICO TAR,El médico consultó sobre posología de MENCOGRIN AP. Se aclararon dudas.
962,Federico Álvarez,412942,2025-02-27,Villa Urquiza-Centro,Presencial,ALACIR|CIRUELAX MINITABS,"Visita breve. Se dejó material de ALACIR, CIRUELAX MINITABS para revisión."
963,Federico Álvarez,412942,2025-06-05,Villa Urquiza-Centro,Telefónica,ALACIR,El médico consultó sobre posología de ALACIR. Se aclararon dudas.
964,Federico Álvarez,412942,2025-07-05,Villa Urquiza-Centro,Presencial,CIRUELAX MINITABS|ALACIR,Se revisaron casos clínicos con CIRUELAX MINITABS. Médico receptivo.
965,Federico Álvarez,412942,2025-08-17,Villa Urquiza-Centro,Virtual,ALACIR,Reunión productiva. Se abordaron beneficios de ALACIR.
966,Federico Álvarez,412942,2025-11-15,Villa Urquiza-Centro,Presencial,ALACIR|CIRUELAX MINITABS,Se revisaron casos clínicos con ALACIR. Médico receptivo.
967,Daniela Morales,982554,2025-01-13,Núñez-Centro,Presencial,SUTRICO TAR|MENCOGRIN AP,Se coordinó charla informativa sobre SUTRICO TAR para el equipo médico.
968,Daniela Morales,982554,2025-02-23,Núñez-Centro,Virtual,TRIMACREM PLUS|SUTRICO TAR,"Presentación de TRIMACREM PLUS, SUTRICO TAR. Se acordó seguimiento en próxima visita."
969,Daniela Morales,982554,2025-04-24,Núñez-Centro,Presencial,TRICOPLUS|TRIMACREM PLUS,"Presentación de TRICOPLUS, TRIMACREM PLUS. Se acordó seguimiento en próxima visita."
970,Daniela Morales,982554,2025-05-14,Núñez-Centro,Virtual,TRICOPLUS|PANCUTAN NF|MENCOGRIN AP,Visita de seguimiento. Se discutió eficacia de TRICOPLUS en pacientes.
971,Daniela Morales,982554,2025-07-04,Núñez-Centro,Virtual,PANCUTAN NF,Presentación de PANCUTAN NF. Se acordó seguimiento en próxima visita.
972,Daniela Morales,982554,2025-08-16,Núñez-Centro,Telefónica,TRICOPLUS,Presentación de TRICOPLUS. Se acordó seguimiento en próxima visita.
973,Daniela Morales,982554,2025-09-15,Núñez-Centro,Presencial,SUTRICO TAR|TRICOPLUS|PANCUTAN NF,"Reunión productiva. Se abordaron beneficios de SUTRICO TAR, TRICOPLUS, PANCUTAN NF."
974,Daniela Morales,982554,2025-10-22,Núñez-Centro,Presencial,PANCUTAN NF|TRIMACREM PLUS|MENCOGRIN AP,Se coordinó charla informativa sobre PANCUTAN NF para el equipo médico.
975,Daniela Morales,982554,2025-11-03,Núñez-Centro,Telefónica,MENCOGRIN AP,Se discutieron novedades de MENCOGRIN AP. Médico solicitó muestras.
976,Daniela Morales,982554,2025-12-02,Núñez-Centro,Presencial,MENCOGRIN AP|SUTRICO TAR,"Se presentaron MENCOGRIN AP, SUTRICO TAR. El médico mostró interés en MENCOGRIN AP."
977,Daniela Morales,982554,2026-01-21,Núñez-Centro,Presencial,MENCOGRIN AP|SUTRICO TAR|PANCUTAN NF,Se coordinó charla informativa sobre MENCOGRIN AP para el equipo médico.
978,Daniela Morales,982554,2026-02-07,Núñez-Centro,Virtual,TRIMACREM PLUS|TRICOPLUS|SUTRICO TAR,Se presentó nueva evidencia clínica de TRIMACREM PLUS. Interés alto.
979,Daniela Morales,982554,2026-04-09,Núñez-Centro,Virtual,PANCUTAN NF|MENCOGRIN AP,Visita de seguimiento. Se discutió eficacia de PANCUTAN NF en pacientes.
980,Daniela Morales,982554,2026-05-28,Núñez-Centro,Presencial,TRICOPLUS|TRIMACREM PLUS,Se discutieron novedades de TRICOPLUS. Médico solicitó muestras.
981,Daniela Morales,982554,2026-06-18,Núñez-Centro,Presencial,TRIMACREM PLUS|TRICOPLUS|SUTRICO TAR,"Reunión productiva. Se abordaron beneficios de TRIMACREM PLUS, TRICOPLUS, SUTRICO TAR."
982,Daniela Morales,982554,2026-07-05,Núñez-Centro,Presencial,PANCUTAN NF|SUTRICO TAR,"Se entregó material informativo sobre PANCUTAN NF, SUTRICO TAR. Buena recepción."
983,Daniela Morales,982554,2026-08-23,Núñez-Centro,Presencial,SUTRICO TAR|TRICOPLUS|MENCOGRIN AP,Se revisaron casos clínicos con SUTRICO TAR. Médico receptivo.
984,Daniela Morales,982554,2026-09-24,Núñez-Centro,Virtual,SUTRICO TAR,Se presentaron SUTRICO TAR. El médico mostró interés en SUTRICO TAR.
985,Daniela Morales,982554,2026-10-18,Núñez-Centro,Presencial,SUTRICO TAR|TRICOPLUS,Se coordinó charla informativa sobre SUTRICO TAR para el equipo médico.
986,Daniela Morales,982554,2026-11-17,Núñez-Centro,Presencial,PANCUTAN NF,Se presentó nueva evidencia clínica de PANCUTAN NF. Interés alto.
987,Valentina Pérez,769987,2025-03-26,Palermo-Sur,Virtual,TRICOFIN,Se entregó material informativo sobre TRICOFIN. Buena recepción.
988,Valentina Pérez,769987,2026-01-17,Palermo-Sur,Presencial,TACNA|TRICOFIN,Visita de seguimiento. Se discutió eficacia de TACNA en pacientes.
989,Valentina Pérez,769987,2026-08-25,Palermo-Sur,Presencial,TACNA,Se discutieron novedades de TACNA. Médico solicitó muestras.
990,Diego López,632323,2025-05-15,Flores-Norte,Presencial,PAMOXET|ONEFIN|APSICO,Visita de seguimiento. Se discutió eficacia de PAMOXET en pacientes.
991,Diego López,632323,2026-02-14,Flores-Norte,Presencial,PAMOXET|ONEFIN|APSICO,Se revisaron casos clínicos con PAMOXET. Médico receptivo.
992,Diego López,632323,2026-06-22,Flores-Norte,Presencial,APSICO|ONEFIN|PAMOXET,Se presentó nueva evidencia clínica de APSICO. Interés alto.
993,Matías Herrera,738551,2025-01-22,Belgrano-R,Presencial,TRICOFIN,Se discutieron novedades de TRICOFIN. Médico solicitó muestras.
994,Matías Herrera,738551,2025-02-01,Belgrano-R,Telefónica,TACNA|TRICOFIN,Visita de seguimiento. Se discutió eficacia de TACNA en pacientes.
995,Matías Herrera,738551,2025-03-24,Belgrano-R,Presencial,TRICOFIN,El médico consultó sobre posología de TRICOFIN. Se aclararon dudas.
996,Matías Herrera,738551,2025-05-13,Belgrano-R,Presencial,TACNA,Reunión productiva. Se abordaron beneficios de TACNA.
997,Matías Herrera,738551,2025-06-19,Belgrano-R,Presencial,TACNA,El médico consultó sobre posología de TACNA. Se aclararon dudas.
998,Matías Herrera,738551,2025-07-21,Belgrano-R,Virtual,TRICOFIN,Visita de seguimiento. Se discutió eficacia de TRICOFIN en pacientes.
999,Matías Herrera,738551,2025-08-23,Belgrano-R,Presencial,TRICOFIN|TACNA,Se discutieron novedades de TRICOFIN. Médico solicitó muestras.
1000,Matías Herrera,738551,2025-09-25,Belgrano-R,Telefónica,TACNA|TRICOFIN,Se revisaron casos clínicos con TACNA. Médico receptivo.
1001,Matías Herrera,738551,2025-10-25,Belgrano-R,Presencial,TACNA|TRICOFIN,"Se entregó material informativo sobre TACNA, TRICOFIN. Buena recepción."
1002,Matías Herrera,738551,2025-11-19,Belgrano-R,Presencial,TRICOFIN,El médico compartió experiencia positiva con TRICOFIN.
1003,Matías Herrera,738551,2025-12-14,Belgrano-R,Presencial,TACNA|TRICOFIN,Se coordinó charla informativa sobre TACNA para el equipo médico.
1004,Matías Herrera,738551,2026-01-02,Belgrano-R,Presencial,TRICOFIN|TACNA,Se discutieron novedades de TRICOFIN. Médico solicitó muestras.
1005,Matías Herrera,738551,2026-02-21,Belgrano-R,Presencial,TACNA|TRICOFIN,El médico compartió experiencia positiva con TACNA.
1006,Matías Herrera,738551,2026-04-27,Belgrano-R,Virtual,TACNA,Se revisaron casos clínicos con TACNA. Médico receptivo.
1007,Matías Herrera,738551,2026-05-01,Belgrano-R,Presencial,TACNA|TRICOFIN,"Visita breve. Se dejó material de TACNA, TRICOFIN para revisión."
1008,Matías Herrera,738551,2026-07-27,Belgrano-R,Presencial,TACNA,Presentación de TACNA. Se acordó seguimiento en próxima visita.
1009,Matías Herrera,738551,2026-08-06,Belgrano-R,Telefónica,TRICOFIN|TACNA,El médico compartió experiencia positiva con TRICOFIN.
1010,Matías Herrera,738551,2026-09-12,Belgrano-R,Presencial,TRICOFIN|TACNA,Visita de seguimiento. Se discutió eficacia de TRICOFIN en pacientes.
1011,Matías Herrera,738551,2026-11-01,Belgrano-R,Virtual,TACNA,Se presentaron TACNA. El médico mostró interés en TACNA.
1012,Julieta Romero,308573,2025-02-12,Núñez-Centro,Virtual,TANVIMIL ACD|TANVIMIL ACD FLUOR|AEROGAL,"Visita breve. Se dejó material de TANVIMIL ACD, TANVIMIL ACD FLUOR, AEROGAL para revisión."
1013,Julieta Romero,308573,2026-10-26,Núñez-Centro,Presencial,AEROGAL|TANVIMIL ACD|TANVIMIL ACD FLUOR,"Reunión productiva. Se abordaron beneficios de AEROGAL, TANVIMIL ACD, TANVIMIL ACD FLUOR."
1014,Ana Martínez,260263,2025-03-28,Almagro-Centro,Presencial,TRICOPLUS|PANCUTAN NF,Visita de seguimiento. Se discutió eficacia de TRICOPLUS en pacientes.
1015,Ana Martínez,260263,2025-05-20,Almagro-Centro,Presencial,PANCUTAN NF|MENCOGRIN AP,"Se presentaron PANCUTAN NF, MENCOGRIN AP. El médico mostró interés en PANCUTAN NF."
1016,Ana Martínez,260263,2025-11-20,Almagro-Centro,Presencial,TRIMACREM PLUS,Se coordinó charla informativa sobre TRIMACREM PLUS para el equipo médico.
1017,Ana Martínez,260263,2026-03-09,Almagro-Centro,Virtual,TRIMACREM PLUS,El médico compartió experiencia positiva con TRIMACREM PLUS.
1018,Matías Herrera,899550,2025-01-25,Belgrano-Centro,Virtual,AEROGAL|TANVIMIL ACD FLUOR,"Presentación de AEROGAL, TANVIMIL ACD FLUOR. Se acordó seguimiento en próxima visita."
1019,Matías Herrera,899550,2025-02-20,Belgrano-Centro,Telefónica,AEROGAL,El médico compartió experiencia positiva con AEROGAL.
1020,Matías Herrera,899550,2025-05-08,Belgrano-Centro,Virtual,TANVIMIL ACD FLUOR|AEROGAL|TANVIMIL ACD,Se revisaron casos clínicos con TANVIMIL ACD FLUOR. Médico receptivo.
1021,Matías Herrera,899550,2025-10-11,Belgrano-Centro,Virtual,TANVIMIL ACD|TANVIMIL ACD FLUOR,"Reunión productiva. Se abordaron beneficios de TANVIMIL ACD, TANVIMIL ACD FLUOR."
1022,Matías Herrera,899550,2026-01-19,Belgrano-Centro,Virtual,TANVIMIL ACD|AEROGAL,El médico consultó sobre posología de TANVIMIL ACD. Se aclararon dudas.
1023,Matías Herrera,899550,2026-03-02,Belgrano-Centro,Virtual,TANVIMIL ACD FLUOR|AEROGAL,Se revisaron casos clínicos con TANVIMIL ACD FLUOR. Médico receptivo.
1024,Matías Herrera,899550,2026-10-23,Belgrano-Centro,Virtual,TANVIMIL ACD,Se coordinó charla informativa sobre TANVIMIL ACD para el equipo médico.
1025,Matías Herrera,899550,2026-11-13,Belgrano-Centro,Telefónica,TANVIMIL ACD FLUOR|AEROGAL|TANVIMIL ACD,El médico consultó sobre posología de TANVIMIL ACD FLUOR. Se aclararon dudas.
1026,Nicolás Díaz,269396,2025-06-13,Caballito-Centro,Virtual,TANVIMIL ACD FLUOR|AEROGAL,Visita de seguimiento. Se discutió eficacia de TANVIMIL ACD FLUOR en pacientes.
1027,Nicolás Díaz,269396,2025-07-18,Caballito-Centro,Virtual,TANVIMIL ACD|AEROGAL|TANVIMIL ACD FLUOR,El médico compartió experiencia positiva con TANVIMIL ACD.
1028,Nicolás Díaz,269396,2025-10-27,Caballito-Centro,Virtual,AEROGAL|TANVIMIL ACD FLUOR|TANVIMIL ACD,Se revisaron casos clínicos con AEROGAL. Médico receptivo.
1029,Nicolás Díaz,269396,2025-11-08,Caballito-Centro,Telefónica,TANVIMIL ACD FLUOR,Se presentaron TANVIMIL ACD FLUOR. El médico mostró interés en TANVIMIL ACD FLUOR.
1030,Nicolás Díaz,269396,2025-12-20,Caballito-Centro,Telefónica,TANVIMIL ACD FLUOR|AEROGAL,"Se entregó material informativo sobre TANVIMIL ACD FLUOR, AEROGAL. Buena recepción."
1031,Nicolás Díaz,269396,2026-06-24,Caballito-Centro,Virtual,TANVIMIL ACD|TANVIMIL ACD FLUOR,"Visita breve. Se dejó material de TANVIMIL ACD, TANVIMIL ACD FLUOR para revisión."
1032,Nicolás Díaz,269396,2026-09-27,Caballito-Centro,Virtual,TANVIMIL ACD FLUOR,El médico consultó sobre posología de TANVIMIL ACD FLUOR. Se aclararon dudas.
1033,Nicolás Díaz,269396,2026-12-27,Caballito-Centro,Virtual,TANVIMIL ACD|AEROGAL|TANVIMIL ACD FLUOR,Se presentó nueva evidencia clínica de TANVIMIL ACD. Interés alto.
1034,Sebastián Torres,665579,2025-04-23,Almagro-Centro,Telefónica,TANVIMIL ACD|TANVIMIL ACD FLUOR,El médico consultó sobre posología de TANVIMIL ACD. Se aclararon dudas.
1035,Sebastián Torres,665579,2025-05-26,Almagro-Centro,Presencial,TANVIMIL ACD|TANVIMIL ACD FLUOR,Se coordinó charla informativa sobre TANVIMIL ACD para el equipo médico.
1036,Sebastián Torres,665579,2025-07-09,Almagro-Centro,Virtual,TANVIMIL ACD FLUOR|AEROGAL|TANVIMIL ACD,"Presentación de TANVIMIL ACD FLUOR, AEROGAL, TANVIMIL ACD. Se acordó seguimiento en próxima visita."
1037,Sebastián Torres,665579,2025-08-16,Almagro-Centro,Presencial,TANVIMIL ACD FLUOR|AEROGAL|TANVIMIL ACD,Se revisaron casos clínicos con TANVIMIL ACD FLUOR. Médico receptivo.
1038,Sebastián Torres,665579,2025-11-14,Almagro-Centro,Presencial,AEROGAL,Se revisaron casos clínicos con AEROGAL. Médico receptivo.
1039,Sebastián Torres,665579,2026-03-16,Almagro-Centro,Telefónica,AEROGAL,Se discutieron novedades de AEROGAL. Médico solicitó muestras.
1040,Sebastián Torres,665579,2026-04-02,Almagro-Centro,Virtual,TANVIMIL ACD FLUOR|TANVIMIL ACD|AEROGAL,"Visita breve. Se dejó material de TANVIMIL ACD FLUOR, TANVIMIL ACD, AEROGAL para revisión."
1041,Sebastián Torres,665579,2026-05-13,Almagro-Centro,Presencial,AEROGAL|TANVIMIL ACD|TANVIMIL ACD FLUOR,El médico compartió experiencia positiva con AEROGAL.
1042,Rocío Castro,916449,2025-02-26,Vicente López-Centro,Presencial,PAMOXET|ONEFIN|APSICO,Se presentó nueva evidencia clínica de PAMOXET. Interés alto.
1043,Rocío Castro,916449,2025-05-28,Vicente López-Centro,Virtual,APSICO,Reunión productiva. Se abordaron beneficios de APSICO.
1044,Rocío Castro,916449,2025-10-24,Vicente López-Centro,Presencial,ONEFIN|APSICO|PAMOXET,"Presentación de ONEFIN, APSICO, PAMOXET. Se acordó seguimiento en próxima visita."
1045,Rocío Castro,916449,2026-03-02,Vicente López-Centro,Presencial,PAMOXET|ONEFIN,"Visita breve. Se dejó material de PAMOXET, ONEFIN para revisión."
1046,Rocío Castro,916449,2026-05-05,Vicente López-Centro,Presencial,ONEFIN|APSICO,El médico compartió experiencia positiva con ONEFIN.
1047,Rocío Castro,916449,2026-08-25,Vicente López-Centro,Presencial,APSICO,Visita breve. Se dejó material de APSICO para revisión.
1048,Agustín Varela,656116,2025-02-19,Belgrano-R,Telefónica,CIRUELAX MINITABS,Se presentaron CIRUELAX MINITABS. El médico mostró interés en CIRUELAX MINITABS.
1049,Agustín Varela,656116,2025-12-26,Belgrano-R,Presencial,CIRUELAX MINITABS|ALACIR,Visita de seguimiento. Se discutió eficacia de CIRUELAX MINITABS en pacientes.
1050,Agustín Varela,656116,2026-06-25,Belgrano-R,Virtual,CIRUELAX MINITABS|ALACIR,Se revisaron casos clínicos con CIRUELAX MINITABS. Médico receptivo.
1051,Agustín Varela,656116,2026-08-02,Belgrano-R,Virtual,ALACIR|CIRUELAX MINITABS,"Presentación de ALACIR, CIRUELAX MINITABS. Se acordó seguimiento en próxima visita."
1052,Agustín Varela,656116,2026-10-25,Belgrano-R,Telefónica,ALACIR,Se coordinó charla informativa sobre ALACIR para el equipo médico.
1053,Federico Álvarez,100599,2025-01-25,La Plata-Centro,Telefónica,ONEFIN|TACNA,El médico compartió experiencia positiva con ONEFIN.
1054,Florencia Sánchez,728038,2026-01-02,Vicente López-Centro,Virtual,TANVIMIL AMINOÁCIDOS|TANVIMIL B1 B6 B12,"Presentación de TANVIMIL AMINOÁCIDOS, TANVIMIL B1 B6 B12. Se acordó seguimiento en próxima visita."
1055,Florencia Sánchez,728038,2026-10-21,Vicente López-Centro,Presencial,TANVIMIL AMINOÁCIDOS|TANVIMIL B1 B6 B12,Se revisaron casos clínicos con TANVIMIL AMINOÁCIDOS. Médico receptivo.
1056,Florencia Sánchez,728038,2026-11-06,Vicente López-Centro,Presencial,TANVIMIL AMINOÁCIDOS,Se revisaron casos clínicos con TANVIMIL AMINOÁCIDOS. Médico receptivo.
1057,Diego López,439902,2026-02-14,Vicente López-Centro,Virtual,APSICO|PAMOXET,Se revisaron casos clínicos con APSICO. Médico receptivo.
1058,Diego López,439902,2026-03-23,Vicente López-Centro,Telefónica,APSICO,Se coordinó charla informativa sobre APSICO para el equipo médico.
1059,Diego López,439902,2026-04-17,Vicente López-Centro,Virtual,PAMOXET|APSICO,Se discutieron novedades de PAMOXET. Médico solicitó muestras.
1060,Diego López,439902,2026-05-28,Vicente López-Centro,Virtual,APSICO|PAMOXET,Se coordinó charla informativa sobre APSICO para el equipo médico.
1061,Diego López,439902,2026-06-08,Vicente López-Centro,Virtual,APSICO|PAMOXET,"Presentación de APSICO, PAMOXET. Se acordó seguimiento en próxima visita."
1062,Diego López,439902,2026-09-16,Vicente López-Centro,Virtual,PAMOXET|APSICO,Se revisaron casos clínicos con PAMOXET. Médico receptivo.
1063,Agustín Varela,612340,2025-01-21,Quilmes-Centro,Virtual,TANVIMIL B1 B6 B12,Se presentó nueva evidencia clínica de TANVIMIL B1 B6 B12. Interés alto.
1064,Agustín Varela,612340,2025-02-23,Quilmes-Centro,Virtual,TANVIMIL B1 B6 B12|TIOCTAN,"Reunión productiva. Se abordaron beneficios de TANVIMIL B1 B6 B12, TIOCTAN."
1065,Agustín Varela,612340,2025-05-09,Quilmes-Centro,Virtual,TIOCTAN|TANVIMIL B1 B6 B12,"Se entregó material informativo sobre TIOCTAN, TANVIMIL B1 B6 B12. Buena recepción."
1066,Agustín Varela,612340,2025-06-25,Quilmes-Centro,Virtual,TANVIMIL B1 B6 B12|TIOCTAN,Se discutieron novedades de TANVIMIL B1 B6 B12. Médico solicitó muestras.
1067,Agustín Varela,612340,2025-08-21,Quilmes-Centro,Virtual,TIOCTAN|TANVIMIL B1 B6 B12,Se revisaron casos clínicos con TIOCTAN. Médico receptivo.
1068,Agustín Varela,612340,2025-09-21,Quilmes-Centro,Virtual,TANVIMIL B1 B6 B12|TIOCTAN,"Presentación de TANVIMIL B1 B6 B12, TIOCTAN. Se acordó seguimiento en próxima visita."
1069,Agustín Varela,612340,2025-10-06,Quilmes-Centro,Telefónica,TANVIMIL B1 B6 B12,El médico compartió experiencia positiva con TANVIMIL B1 B6 B12.
1070,Agustín Varela,612340,2026-02-17,Quilmes-Centro,Virtual,TANVIMIL B1 B6 B12|TIOCTAN,"Se entregó material informativo sobre TANVIMIL B1 B6 B12, TIOCTAN. Buena recepción."
1071,Agustín Varela,612340,2026-03-13,Quilmes-Centro,Telefónica,TANVIMIL B1 B6 B12|TIOCTAN,"Presentación de TANVIMIL B1 B6 B12, TIOCTAN. Se acordó seguimiento en próxima visita."
1072,Agustín Varela,612340,2026-05-04,Quilmes-Centro,Telefónica,TIOCTAN,Visita breve. Se dejó material de TIOCTAN para revisión.
1073,Agustín Varela,612340,2026-06-24,Quilmes-Centro,Telefónica,TANVIMIL B1 B6 B12|TIOCTAN,"Presentación de TANVIMIL B1 B6 B12, TIOCTAN. Se acordó seguimiento en próxima visita."
1074,Agustín Varela,612340,2026-08-12,Quilmes-Centro,Virtual,TANVIMIL B1 B6 B12|TIOCTAN,Se revisaron casos clínicos con TANVIMIL B1 B6 B12. Médico receptivo.
1075,Agustín Varela,612340,2026-09-25,Quilmes-Centro,Virtual,TANVIMIL B1 B6 B12|TIOCTAN,"Presentación de TANVIMIL B1 B6 B12, TIOCTAN. Se acordó seguimiento en próxima visita."
1076,Florencia Sánchez,217301,2025-03-21,Palermo-Sur,Presencial,TIOCTAN|TANVIMIL B1 B6 B12,Visita de seguimiento. Se discutió eficacia de TIOCTAN en pacientes.
1077,Florencia Sánchez,217301,2026-03-06,Palermo-Sur,Presencial,TANVIMIL B1 B6 B12,Se revisaron casos clínicos con TANVIMIL B1 B6 B12. Médico receptivo.
1078,Florencia Sánchez,217301,2026-11-09,Palermo-Sur,Presencial,TANVIMIL B1 B6 B12,Se revisaron casos clínicos con TANVIMIL B1 B6 B12. Médico receptivo.
1079,Daniela Morales,351083,2025-01-05,Palermo-Sur,Telefónica,CIRUELAX MINITABS|ALACIR,"Se entregó material informativo sobre CIRUELAX MINITABS, ALACIR. Buena recepción."
1080,Daniela Morales,351083,2025-03-22,Palermo-Sur,Virtual,ALACIR|CIRUELAX MINITABS,"Se presentaron ALACIR, CIRUELAX MINITABS. El médico mostró interés en ALACIR."
1081,Daniela Morales,351083,2025-04-17,Palermo-Sur,Virtual,CIRUELAX MINITABS,Visita de seguimiento. Se discutió eficacia de CIRUELAX MINITABS en pacientes.
1082,Daniela Morales,351083,2025-05-18,Palermo-Sur,Presencial,ALACIR|CIRUELAX MINITABS,Se revisaron casos clínicos con ALACIR. Médico receptivo.
1083,Daniela Morales,351083,2025-06-25,Palermo-Sur,Telefónica,ALACIR,Se discutieron novedades de ALACIR. Médico solicitó muestras.
1084,Daniela Morales,351083,2025-07-16,Palermo-Sur,Virtual,ALACIR,Se coordinó charla informativa sobre ALACIR para el equipo médico.
1085,Daniela Morales,351083,2025-08-28,Palermo-Sur,Presencial,CIRUELAX MINITABS,Reunión productiva. Se abordaron beneficios de CIRUELAX MINITABS.
1086,Daniela Morales,351083,2025-10-18,Palermo-Sur,Presencial,ALACIR,El médico consultó sobre posología de ALACIR. Se aclararon dudas.
1087,Daniela Morales,351083,2025-11-27,Palermo-Sur,Presencial,ALACIR,Se coordinó charla informativa sobre ALACIR para el equipo médico.
1088,Daniela Morales,351083,2025-12-02,Palermo-Sur,Presencial,CIRUELAX MINITABS,Reunión productiva. Se abordaron beneficios de CIRUELAX MINITABS.
1089,Daniela Morales,351083,2026-01-27,Palermo-Sur,Virtual,ALACIR,Visita de seguimiento. Se discutió eficacia de ALACIR en pacientes.
1090,Daniela Morales,351083,2026-04-23,Palermo-Sur,Presencial,CIRUELAX MINITABS|ALACIR,"Se entregó material informativo sobre CIRUELAX MINITABS, ALACIR. Buena recepción."
1091,Daniela Morales,351083,2026-06-10,Palermo-Sur,Telefónica,CIRUELAX MINITABS|ALACIR,"Se entregó material informativo sobre CIRUELAX MINITABS, ALACIR. Buena recepción."
1092,Daniela Morales,351083,2026-07-05,Palermo-Sur,Virtual,ALACIR|CIRUELAX MINITABS,"Se entregó material informativo sobre ALACIR, CIRUELAX MINITABS. Buena recepción."
1093,Daniela Morales,351083,2026-08-27,Palermo-Sur,Virtual,CIRUELAX MINITABS|ALACIR,"Se entregó material informativo sobre CIRUELAX MINITABS, ALACIR. Buena recepción."
1094,Daniela Morales,351083,2026-09-28,Palermo-Sur,Presencial,ALACIR,El médico consultó sobre posología de ALACIR. Se aclararon dudas.
1095,Daniela Morales,351083,2026-10-27,Palermo-Sur,Presencial,CIRUELAX MINITABS|ALACIR,"Reunión productiva. Se abordaron beneficios de CIRUELAX MINITABS, ALACIR."
1096,Daniela Morales,351083,2026-11-23,Palermo-Sur,Telefónica,CIRUELAX MINITABS,Se discutieron novedades de CIRUELAX MINITABS. Médico solicitó muestras.
1097,Valentina Pérez,160738,2025-02-07,Palermo-Sur,Presencial,TRICOFIN|TACNA,El médico consultó sobre posología de TRICOFIN. Se aclararon dudas.
1098,Valentina Pérez,160738,2025-04-25,Palermo-Sur,Presencial,TACNA,Se revisaron casos clínicos con TACNA. Médico receptivo.
1099,Valentina Pérez,160738,2025-05-17,Palermo-Sur,Presencial,TRICOFIN|TACNA,"Se entregó material informativo sobre TRICOFIN, TACNA. Buena recepción."
1100,Valentina Pérez,160738,2025-07-05,Palermo-Sur,Telefónica,TACNA|TRICOFIN,Visita de seguimiento. Se discutió eficacia de TACNA en pacientes.
1101,Valentina Pérez,160738,2025-09-07,Palermo-Sur,Virtual,TACNA|TRICOFIN,Se revisaron casos clínicos con TACNA. Médico receptivo.
1102,Valentina Pérez,160738,2025-10-13,Palermo-Sur,Presencial,TACNA,El médico compartió experiencia positiva con TACNA.
1103,Valentina Pérez,160738,2025-11-08,Palermo-Sur,Presencial,TRICOFIN,Presentación de TRICOFIN. Se acordó seguimiento en próxima visita.
1104,Valentina Pérez,160738,2025-12-27,Palermo-Sur,Telefónica,TACNA,El médico compartió experiencia positiva con TACNA.
1105,Valentina Pérez,160738,2026-01-19,Palermo-Sur,Presencial,TRICOFIN,Se presentaron TRICOFIN. El médico mostró interés en TRICOFIN.
1106,Valentina Pérez,160738,2026-02-13,Palermo-Sur,Presencial,TRICOFIN,Presentación de TRICOFIN. Se acordó seguimiento en próxima visita.
1107,Valentina Pérez,160738,2026-03-20,Palermo-Sur,Presencial,TACNA,Se discutieron novedades de TACNA. Médico solicitó muestras.
1108,Valentina Pérez,160738,2026-04-05,Palermo-Sur,Presencial,TRICOFIN,Se entregó material informativo sobre TRICOFIN. Buena recepción.
1109,Valentina Pérez,160738,2026-05-08,Palermo-Sur,Telefónica,TRICOFIN,Se presentó nueva evidencia clínica de TRICOFIN. Interés alto.
1110,Valentina Pérez,160738,2026-06-23,Palermo-Sur,Virtual,TACNA|TRICOFIN,El médico compartió experiencia positiva con TACNA.
1111,Valentina Pérez,160738,2026-09-26,Palermo-Sur,Telefónica,TRICOFIN,Visita de seguimiento. Se discutió eficacia de TRICOFIN en pacientes.
1112,Valentina Pérez,160738,2026-11-22,Palermo-Sur,Telefónica,TRICOFIN|TACNA,"Presentación de TRICOFIN, TACNA. Se acordó seguimiento en próxima visita."
1113,Valentina Pérez,160738,2026-12-24,Palermo-Sur,Presencial,TACNA|TRICOFIN,El médico consultó sobre posología de TACNA. Se aclararon dudas.
1114,Gonzalo Medina,352572,2025-02-09,Belgrano-Centro,Presencial,MENCOGRIN AP|TRIMACREM PLUS|TRICOPLUS,Visita de seguimiento. Se discutió eficacia de MENCOGRIN AP en pacientes.
1115,Gonzalo Medina,352572,2025-03-07,Belgrano-Centro,Presencial,PANCUTAN NF,El médico compartió experiencia positiva con PANCUTAN NF.
1116,Gonzalo Medina,352572,2025-04-22,Belgrano-Centro,Virtual,TRICOPLUS|PANCUTAN NF,Se discutieron novedades de TRICOPLUS. Médico solicitó muestras.
1117,Gonzalo Medina,352572,2025-05-16,Belgrano-Centro,Telefónica,SUTRICO TAR|TRICOPLUS,"Reunión productiva. Se abordaron beneficios de SUTRICO TAR, TRICOPLUS."
1118,Gonzalo Medina,352572,2025-06-25,Belgrano-Centro,Presencial,PANCUTAN NF,Reunión productiva. Se abordaron beneficios de PANCUTAN NF.
1119,Gonzalo Medina,352572,2025-08-18,Belgrano-Centro,Presencial,TRIMACREM PLUS|SUTRICO TAR,El médico compartió experiencia positiva con TRIMACREM PLUS.
1120,Gonzalo Medina,352572,2025-09-01,Belgrano-Centro,Virtual,TRICOPLUS|SUTRICO TAR|TRIMACREM PLUS,Se coordinó charla informativa sobre TRICOPLUS para el equipo médico.
1121,Gonzalo Medina,352572,2025-10-20,Belgrano-Centro,Virtual,TRIMACREM PLUS|TRICOPLUS|MENCOGRIN AP,Se revisaron casos clínicos con TRIMACREM PLUS. Médico receptivo.
1122,Gonzalo Medina,352572,2025-11-11,Belgrano-Centro,Presencial,TRICOPLUS,Se entregó material informativo sobre TRICOPLUS. Buena recepción.
1123,Gonzalo Medina,352572,2025-12-05,Belgrano-Centro,Presencial,SUTRICO TAR|TRICOPLUS,"Se entregó material informativo sobre SUTRICO TAR, TRICOPLUS. Buena recepción."
1124,Gonzalo Medina,352572,2026-01-09,Belgrano-Centro,Presencial,MENCOGRIN AP|PANCUTAN NF|SUTRICO TAR,Visita de seguimiento. Se discutió eficacia de MENCOGRIN AP en pacientes.
1125,Gonzalo Medina,352572,2026-02-17,Belgrano-Centro,Presencial,TRIMACREM PLUS|PANCUTAN NF,Visita de seguimiento. Se discutió eficacia de TRIMACREM PLUS en pacientes.
1126,Gonzalo Medina,352572,2026-04-10,Belgrano-Centro,Presencial,TRIMACREM PLUS,Se coordinó charla informativa sobre TRIMACREM PLUS para el equipo médico.
1127,Gonzalo Medina,352572,2026-05-17,Belgrano-Centro,Presencial,TRICOPLUS|SUTRICO TAR,El médico compartió experiencia positiva con TRICOPLUS.
1128,Gonzalo Medina,352572,2026-08-26,Belgrano-Centro,Presencial,MENCOGRIN AP|SUTRICO TAR|TRIMACREM PLUS,Se coordinó charla informativa sobre MENCOGRIN AP para el equipo médico.
1129,Gonzalo Medina,352572,2026-09-19,Belgrano-Centro,Virtual,MENCOGRIN AP,Reunión productiva. Se abordaron beneficios de MENCOGRIN AP.
1130,Gonzalo Medina,352572,2026-10-20,Belgrano-Centro,Presencial,PANCUTAN NF|SUTRICO TAR,Se presentó nueva evidencia clínica de PANCUTAN NF. Interés alto.
1131,Gonzalo Medina,352572,2026-11-24,Belgrano-Centro,Virtual,TRICOPLUS|TRIMACREM PLUS|MENCOGRIN AP,"Presentación de TRICOPLUS, TRIMACREM PLUS, MENCOGRIN AP. Se acordó seguimiento en próxima visita."
1132,Lucía Fernández,182582,2025-02-11,Villa Urquiza-Centro,Presencial,TANVIMIL ACD,Se coordinó charla informativa sobre TANVIMIL ACD para el equipo médico.
1133,Lucía Fernández,182582,2025-06-24,Villa Urquiza-Centro,Telefónica,TRICOFIN|TANVIMIL ACD,El médico consultó sobre posología de TRICOFIN. Se aclararon dudas.
1134,Lucía Fernández,182582,2025-09-08,Villa Urquiza-Centro,Telefónica,TANVIMIL ACD|TRICOFIN,Se presentó nueva evidencia clínica de TANVIMIL ACD. Interés alto.
1135,Lucía Fernández,182582,2025-10-03,Villa Urquiza-Centro,Presencial,TANVIMIL ACD|TRICOFIN,El médico consultó sobre posología de TANVIMIL ACD. Se aclararon dudas.
1136,Lucía Fernández,182582,2025-12-21,Villa Urquiza-Centro,Presencial,TANVIMIL ACD|TRICOFIN,"Visita breve. Se dejó material de TANVIMIL ACD, TRICOFIN para revisión."
1137,Lucía Fernández,182582,2026-04-26,Villa Urquiza-Centro,Presencial,TANVIMIL ACD|TRICOFIN,"Reunión productiva. Se abordaron beneficios de TANVIMIL ACD, TRICOFIN."
1138,Lucía Fernández,867460,2025-01-16,Devoto-Centro,Presencial,TANVIMIL ACD|AEROGAL|TANVIMIL ACD FLUOR,"Se presentaron TANVIMIL ACD, AEROGAL, TANVIMIL ACD FLUOR. El médico mostró interés en TANVIMIL ACD."
1139,Lucía Fernández,867460,2025-04-01,Devoto-Centro,Presencial,TANVIMIL ACD|TANVIMIL ACD FLUOR,"Reunión productiva. Se abordaron beneficios de TANVIMIL ACD, TANVIMIL ACD FLUOR."
1140,Lucía Fernández,867460,2025-06-06,Devoto-Centro,Presencial,TANVIMIL ACD FLUOR|AEROGAL,Se presentó nueva evidencia clínica de TANVIMIL ACD FLUOR. Interés alto.
1141,Lucía Fernández,867460,2025-07-09,Devoto-Centro,Telefónica,AEROGAL,Se coordinó charla informativa sobre AEROGAL para el equipo médico.
1142,Lucía Fernández,867460,2025-09-23,Devoto-Centro,Virtual,AEROGAL,El médico compartió experiencia positiva con AEROGAL.
1143,Lucía Fernández,867460,2025-10-23,Devoto-Centro,Presencial,AEROGAL|TANVIMIL ACD FLUOR,"Se entregó material informativo sobre AEROGAL, TANVIMIL ACD FLUOR. Buena recepción."
1144,Lucía Fernández,867460,2025-11-22,Devoto-Centro,Presencial,AEROGAL|TANVIMIL ACD FLUOR|TANVIMIL ACD,Se discutieron novedades de AEROGAL. Médico solicitó muestras.
1145,Lucía Fernández,867460,2025-12-22,Devoto-Centro,Presencial,AEROGAL|TANVIMIL ACD,"Se presentaron AEROGAL, TANVIMIL ACD. El médico mostró interés en AEROGAL."
1146,Lucía Fernández,867460,2026-02-15,Devoto-Centro,Presencial,TANVIMIL ACD|TANVIMIL ACD FLUOR,Visita de seguimiento. Se discutió eficacia de TANVIMIL ACD en pacientes.
1147,Lucía Fernández,867460,2026-03-07,Devoto-Centro,Telefónica,TANVIMIL ACD|AEROGAL,"Presentación de TANVIMIL ACD, AEROGAL. Se acordó seguimiento en próxima visita."
1148,Lucía Fernández,867460,2026-04-14,Devoto-Centro,Presencial,TANVIMIL ACD FLUOR|AEROGAL|TANVIMIL ACD,"Visita breve. Se dejó material de TANVIMIL ACD FLUOR, AEROGAL, TANVIMIL ACD para revisión."
1149,Lucía Fernández,867460,2026-05-24,Devoto-Centro,Virtual,TANVIMIL ACD FLUOR,Presentación de TANVIMIL ACD FLUOR. Se acordó seguimiento en próxima visita.
1150,Lucía Fernández,867460,2026-08-22,Devoto-Centro,Presencial,AEROGAL|TANVIMIL ACD FLUOR,Se presentó nueva evidencia clínica de AEROGAL. Interés alto.
1151,Lucía Fernández,867460,2026-09-01,Devoto-Centro,Presencial,TANVIMIL ACD|AEROGAL,El médico compartió experiencia positiva con TANVIMIL ACD.
1152,Lucía Fernández,867460,2026-10-26,Devoto-Centro,Presencial,AEROGAL|TANVIMIL ACD|TANVIMIL ACD FLUOR,Se revisaron casos clínicos con AEROGAL. Médico receptivo.
1153,Martín Rodríguez,955662,2025-06-28,San Isidro-Centro,Telefónica,PAMOXET,Visita de seguimiento. Se discutió eficacia de PAMOXET en pacientes.
1154,Martín Rodríguez,955662,2025-08-25,San Isidro-Centro,Presencial,PAMOXET|APSICO,Se coordinó charla informativa sobre PAMOXET para el equipo médico.
1155,Martín Rodríguez,955662,2025-09-05,San Isidro-Centro,Presencial,PAMOXET,Se presentó nueva evidencia clínica de PAMOXET. Interés alto.
1156,Martín Rodríguez,955662,2025-11-12,San Isidro-Centro,Presencial,PAMOXET|APSICO,El médico consultó sobre posología de PAMOXET. Se aclararon dudas.
1157,Martín Rodríguez,955662,2026-01-18,San Isidro-Centro,Virtual,PAMOXET,Se entregó material informativo sobre PAMOXET. Buena recepción.
1158,Julieta Romero,172574,2025-02-24,Devoto-Centro,Telefónica,TANVIMIL AMINOÁCIDOS|TIOCTAN|CO‑TIOCTAN,"Reunión productiva. Se abordaron beneficios de TANVIMIL AMINOÁCIDOS, TIOCTAN, CO‑TIOCTAN."
1159,Julieta Romero,172574,2025-04-23,Devoto-Centro,Virtual,CO‑TIOCTAN|TIOCTAN|TANVIMIL AMINOÁCIDOS,Se presentó nueva evidencia clínica de CO‑TIOCTAN. Interés alto.
1160,Julieta Romero,172574,2025-08-23,Devoto-Centro,Telefónica,TIOCTAN|TANVIMIL AMINOÁCIDOS,Se presentó nueva evidencia clínica de TIOCTAN. Interés alto.
1161,Julieta Romero,172574,2025-09-21,Devoto-Centro,Telefónica,CO‑TIOCTAN|TIOCTAN,"Se presentaron CO‑TIOCTAN, TIOCTAN. El médico mostró interés en CO‑TIOCTAN."
1162,Julieta Romero,172574,2025-10-13,Devoto-Centro,Virtual,TIOCTAN|TANVIMIL AMINOÁCIDOS,"Se presentaron TIOCTAN, TANVIMIL AMINOÁCIDOS. El médico mostró interés en TIOCTAN."
1163,Julieta Romero,172574,2025-12-09,Devoto-Centro,Virtual,TANVIMIL AMINOÁCIDOS|CO‑TIOCTAN,Se coordinó charla informativa sobre TANVIMIL AMINOÁCIDOS para el equipo médico.
1164,Julieta Romero,172574,2026-04-10,Devoto-Centro,Virtual,TIOCTAN,Se coordinó charla informativa sobre TIOCTAN para el equipo médico.
1165,Julieta Romero,172574,2026-08-23,Devoto-Centro,Telefónica,TANVIMIL AMINOÁCIDOS|TIOCTAN|CO‑TIOCTAN,"Presentación de TANVIMIL AMINOÁCIDOS, TIOCTAN, CO‑TIOCTAN. Se acordó seguimiento en próxima visita."
1166,Julieta Romero,172574,2026-12-26,Devoto-Centro,Telefónica,TANVIMIL AMINOÁCIDOS|CO‑TIOCTAN|TIOCTAN,"Visita breve. Se dejó material de TANVIMIL AMINOÁCIDOS, CO‑TIOCTAN, TIOCTAN para revisión."
1167,Diego López,658582,2025-02-12,Belgrano-R,Telefónica,TACNA,Visita de seguimiento. Se discutió eficacia de TACNA en pacientes.
1168,Diego López,658582,2025-09-23,Belgrano-R,Virtual,ONEFIN|TACNA,"Reunión productiva. Se abordaron beneficios de ONEFIN, TACNA."
1169,Diego López,658582,2025-10-08,Belgrano-R,Virtual,ONEFIN,Se entregó material informativo sobre ONEFIN. Buena recepción.
1170,Diego López,658582,2026-02-01,Belgrano-R,Virtual,ONEFIN,Se discutieron novedades de ONEFIN. Médico solicitó muestras.
1171,Diego López,658582,2026-05-12,Belgrano-R,Telefónica,ONEFIN|TACNA,Se coordinó charla informativa sobre ONEFIN para el equipo médico.
1172,Diego López,658582,2026-07-09,Belgrano-R,Virtual,ONEFIN|TACNA,Se discutieron novedades de ONEFIN. Médico solicitó muestras.
1173,Diego López,658582,2026-12-20,Belgrano-R,Virtual,ONEFIN,Se coordinó charla informativa sobre ONEFIN para el equipo médico.
1174,Matías Herrera,234628,2025-06-14,Villa Urquiza-Centro,Presencial,ALACIR,El médico compartió experiencia positiva con ALACIR.
1175,Federico Álvarez,791798,2025-01-26,Belgrano-R,Telefónica,TACNA|ONEFIN,Se discutieron novedades de TACNA. Médico solicitó muestras.
1176,Federico Álvarez,791798,2025-03-24,Belgrano-R,Telefónica,TACNA|ONEFIN,"Reunión productiva. Se abordaron beneficios de TACNA, ONEFIN."
1177,Federico Álvarez,791798,2025-05-22,Belgrano-R,Virtual,ONEFIN,Se presentaron ONEFIN. El médico mostró interés en ONEFIN.
1178,Federico Álvarez,791798,2025-07-18,Belgrano-R,Telefónica,ONEFIN,El médico compartió experiencia positiva con ONEFIN.
1179,Federico Álvarez,791798,2025-10-12,Belgrano-R,Virtual,ONEFIN|TACNA,"Presentación de ONEFIN, TACNA. Se acordó seguimiento en próxima visita."
1180,Federico Álvarez,791798,2025-12-18,Belgrano-R,Telefónica,TACNA|ONEFIN,Se revisaron casos clínicos con TACNA. Médico receptivo.
1181,Federico Álvarez,791798,2026-02-07,Belgrano-R,Telefónica,TACNA|ONEFIN,Se discutieron novedades de TACNA. Médico solicitó muestras.
1182,Federico Álvarez,791798,2026-04-25,Belgrano-R,Telefónica,ONEFIN,El médico consultó sobre posología de ONEFIN. Se aclararon dudas.
1183,Federico Álvarez,791798,2026-05-15,Belgrano-R,Telefónica,TACNA|ONEFIN,El médico consultó sobre posología de TACNA. Se aclararon dudas.
1184,Federico Álvarez,791798,2026-09-28,Belgrano-R,Telefónica,ONEFIN,Se presentó nueva evidencia clínica de ONEFIN. Interés alto.
1185,Federico Álvarez,791798,2026-11-06,Belgrano-R,Virtual,TACNA|ONEFIN,El médico compartió experiencia positiva con TACNA.
1186,Nicolás Díaz,598369,2025-01-10,Devoto-Centro,Telefónica,TANVIMIL PLUS,Se entregó material informativo sobre TANVIMIL PLUS. Buena recepción.
1187,Nicolás Díaz,598369,2025-02-10,Devoto-Centro,Presencial,TANVIMIL AMINOÁCIDOS|TANVIMIL PLUS|TANVIMIL B1 B6 B12,"Se entregó material informativo sobre TANVIMIL AMINOÁCIDOS, TANVIMIL PLUS, TANVIMIL B1 B6 B12. Buena recepción."
1188,Nicolás Díaz,598369,2025-04-16,Devoto-Centro,Telefónica,TANVIMIL B1 B6 B12|TANVIMIL PLUS|TANVIMIL AMINOÁCIDOS,Se presentó nueva evidencia clínica de TANVIMIL B1 B6 B12. Interés alto.
1189,Nicolás Díaz,598369,2025-05-12,Devoto-Centro,Telefónica,TANVIMIL PLUS|TANVIMIL AMINOÁCIDOS,Se discutieron novedades de TANVIMIL PLUS. Médico solicitó muestras.
1190,Nicolás Díaz,598369,2025-06-19,Devoto-Centro,Presencial,TANVIMIL PLUS|TANVIMIL AMINOÁCIDOS|TANVIMIL B1 B6 B12,"Visita breve. Se dejó material de TANVIMIL PLUS, TANVIMIL AMINOÁCIDOS, TANVIMIL B1 B6 B12 para revisión."
1191,Nicolás Díaz,598369,2025-08-24,Devoto-Centro,Presencial,TANVIMIL PLUS|TANVIMIL AMINOÁCIDOS,Se presentó nueva evidencia clínica de TANVIMIL PLUS. Interés alto.
1192,Nicolás Díaz,598369,2025-09-17,Devoto-Centro,Presencial,TANVIMIL PLUS|TANVIMIL B1 B6 B12|TANVIMIL AMINOÁCIDOS,"Reunión productiva. Se abordaron beneficios de TANVIMIL PLUS, TANVIMIL B1 B6 B12, TANVIMIL AMINOÁCIDOS."
1193,Nicolás Díaz,598369,2025-11-08,Devoto-Centro,Presencial,TANVIMIL B1 B6 B12|TANVIMIL PLUS|TANVIMIL AMINOÁCIDOS,Se revisaron casos clínicos con TANVIMIL B1 B6 B12. Médico receptivo.
1194,Nicolás Díaz,598369,2026-01-13,Devoto-Centro,Presencial,TANVIMIL AMINOÁCIDOS|TANVIMIL PLUS,"Se entregó material informativo sobre TANVIMIL AMINOÁCIDOS, TANVIMIL PLUS. Buena recepción."
1195,Nicolás Díaz,598369,2026-02-09,Devoto-Centro,Presencial,TANVIMIL PLUS|TANVIMIL AMINOÁCIDOS,"Visita breve. Se dejó material de TANVIMIL PLUS, TANVIMIL AMINOÁCIDOS para revisión."
1196,Nicolás Díaz,598369,2026-03-03,Devoto-Centro,Presencial,TANVIMIL PLUS|TANVIMIL B1 B6 B12|TANVIMIL AMINOÁCIDOS,"Presentación de TANVIMIL PLUS, TANVIMIL B1 B6 B12, TANVIMIL AMINOÁCIDOS. Se acordó seguimiento en próxima visita."
1197,Nicolás Díaz,598369,2026-04-27,Devoto-Centro,Presencial,TANVIMIL AMINOÁCIDOS|TANVIMIL PLUS|TANVIMIL B1 B6 B12,"Presentación de TANVIMIL AMINOÁCIDOS, TANVIMIL PLUS, TANVIMIL B1 B6 B12. Se acordó seguimiento en próxima visita."
1198,Nicolás Díaz,598369,2026-05-28,Devoto-Centro,Virtual,TANVIMIL AMINOÁCIDOS,Se coordinó charla informativa sobre TANVIMIL AMINOÁCIDOS para el equipo médico.
1199,Nicolás Díaz,598369,2026-06-20,Devoto-Centro,Presencial,TANVIMIL AMINOÁCIDOS,Presentación de TANVIMIL AMINOÁCIDOS. Se acordó seguimiento en próxima visita.
1200,Nicolás Díaz,598369,2026-07-11,Devoto-Centro,Presencial,TANVIMIL AMINOÁCIDOS|TANVIMIL PLUS|TANVIMIL B1 B6 B12,Se discutieron novedades de TANVIMIL AMINOÁCIDOS. Médico solicitó muestras.
1201,Nicolás Díaz,598369,2026-08-12,Devoto-Centro,Presencial,TANVIMIL B1 B6 B12|TANVIMIL AMINOÁCIDOS,Se presentó nueva evidencia clínica de TANVIMIL B1 B6 B12. Interés alto.
1202,Nicolás Díaz,598369,2026-09-10,Devoto-Centro,Telefónica,TANVIMIL PLUS|TANVIMIL AMINOÁCIDOS,"Reunión productiva. Se abordaron beneficios de TANVIMIL PLUS, TANVIMIL AMINOÁCIDOS."
1203,Nicolás Díaz,598369,2026-10-16,Devoto-Centro,Presencial,TANVIMIL AMINOÁCIDOS,Se presentó nueva evidencia clínica de TANVIMIL AMINOÁCIDOS. Interés alto.
1204,Nicolás Díaz,598369,2026-11-02,Devoto-Centro,Virtual,TANVIMIL PLUS|TANVIMIL AMINOÁCIDOS,El médico consultó sobre posología de TANVIMIL PLUS. Se aclararon dudas.
1205,Camila Ruiz,676510,2025-04-27,Almagro-Centro,Virtual,PAMOXET|APSICO|ONEFIN,Se coordinó charla informativa sobre PAMOXET para el equipo médico.
1206,Camila Ruiz,676510,2025-11-16,Almagro-Centro,Virtual,PAMOXET|APSICO|ONEFIN,Se discutieron novedades de PAMOXET. Médico solicitó muestras.
1207,Camila Ruiz,676510,2025-12-19,Almagro-Centro,Telefónica,APSICO|ONEFIN,Se discutieron novedades de APSICO. Médico solicitó muestras.
1208,Diego López,273148,2025-02-11,Belgrano-R,Telefónica,TACNA,Se revisaron casos clínicos con TACNA. Médico receptivo.
1209,Diego López,273148,2025-06-13,Belgrano-R,Presencial,ONEFIN,Se presentaron ONEFIN. El médico mostró interés en ONEFIN.
1210,Diego López,273148,2025-11-12,Belgrano-R,Presencial,TACNA,Se revisaron casos clínicos con TACNA. Médico receptivo.
1211,Diego López,273148,2026-01-20,Belgrano-R,Presencial,TACNA,Se discutieron novedades de TACNA. Médico solicitó muestras.
1212,Diego López,273148,2026-03-15,Belgrano-R,Presencial,ONEFIN|TACNA,"Reunión productiva. Se abordaron beneficios de ONEFIN, TACNA."
1213,Diego López,273148,2026-04-03,Belgrano-R,Virtual,ONEFIN|TACNA,"Se presentaron ONEFIN, TACNA. El médico mostró interés en ONEFIN."
1214,Diego López,273148,2026-12-21,Belgrano-R,Presencial,ONEFIN|TACNA,"Se presentaron ONEFIN, TACNA. El médico mostró interés en ONEFIN."
1215,Agustín Varela,377932,2025-04-26,La Plata-Centro,Virtual,TANVIMIL B1 B6 B12,Se presentó nueva evidencia clínica de TANVIMIL B1 B6 B12. Interés alto.
1216,Agustín Varela,377932,2025-06-25,La Plata-Centro,Virtual,TANVIMIL B1 B6 B12,Se discutieron novedades de TANVIMIL B1 B6 B12. Médico solicitó muestras.
1217,Agustín Varela,377932,2025-11-28,La Plata-Centro,Telefónica,TANVIMIL B1 B6 B12,Se presentó nueva evidencia clínica de TANVIMIL B1 B6 B12. Interés alto.
1218,Agustín Varela,377932,2026-02-10,La Plata-Centro,Virtual,TIOCTAN|TANVIMIL B1 B6 B12,"Visita breve. Se dejó material de TIOCTAN, TANVIMIL B1 B6 B12 para revisión."
1219,Agustín Varela,377932,2026-03-08,La Plata-Centro,Virtual,TIOCTAN|TANVIMIL B1 B6 B12,El médico compartió experiencia positiva con TIOCTAN.
1220,Agustín Varela,377932,2026-05-14,La Plata-Centro,Telefónica,TANVIMIL B1 B6 B12,El médico compartió experiencia positiva con TANVIMIL B1 B6 B12.
1221,Agustín Varela,377932,2026-08-18,La Plata-Centro,Telefónica,TANVIMIL B1 B6 B12|TIOCTAN,"Se presentaron TANVIMIL B1 B6 B12, TIOCTAN. El médico mostró interés en TANVIMIL B1 B6 B12."
1222,Valentina Pérez,653306,2025-03-25,Vicente López-Centro,Virtual,APSICO|ONEFIN,"Presentación de APSICO, ONEFIN. Se acordó seguimiento en próxima visita."
1223,Valentina Pérez,653306,2025-09-01,Vicente López-Centro,Presencial,PAMOXET,Se coordinó charla informativa sobre PAMOXET para el equipo médico.
1224,Valentina Pérez,653306,2026-03-18,Vicente López-Centro,Telefónica,ONEFIN|PAMOXET,"Se entregó material informativo sobre ONEFIN, PAMOXET. Buena recepción."
1225,Valentina Pérez,653306,2026-04-16,Vicente López-Centro,Presencial,PAMOXET|APSICO,"Se presentaron PAMOXET, APSICO. El médico mostró interés en PAMOXET."
1226,Valentina Pérez,653306,2026-06-04,Vicente López-Centro,Presencial,APSICO|PAMOXET,"Se presentaron APSICO, PAMOXET. El médico mostró interés en APSICO."
1227,Valentina Pérez,653306,2026-10-08,Vicente López-Centro,Presencial,APSICO|ONEFIN,Se discutieron novedades de APSICO. Médico solicitó muestras.
1228,Gonzalo Medina,736059,2025-01-21,Belgrano-Centro,Presencial,TACNA|TRICOFIN,El médico consultó sobre posología de TACNA. Se aclararon dudas.
1229,Gonzalo Medina,736059,2025-03-09,Belgrano-Centro,Presencial,TRICOFIN|TACNA,"Se presentaron TRICOFIN, TACNA. El médico mostró interés en TRICOFIN."
1230,Gonzalo Medina,736059,2025-07-21,Belgrano-Centro,Presencial,TRICOFIN,Reunión productiva. Se abordaron beneficios de TRICOFIN.
1231,Gonzalo Medina,736059,2025-12-21,Belgrano-Centro,Presencial,TRICOFIN|TACNA,Se discutieron novedades de TRICOFIN. Médico solicitó muestras.
1232,Gonzalo Medina,736059,2026-06-22,Belgrano-Centro,Presencial,TRICOFIN|TACNA,Se discutieron novedades de TRICOFIN. Médico solicitó muestras.
1233,Rocío Castro,543692,2025-01-02,Devoto-Centro,Virtual,TANVIMIL ACD FLUOR,Visita de seguimiento. Se discutió eficacia de TANVIMIL ACD FLUOR en pacientes.
1234,Rocío Castro,543692,2025-06-21,Devoto-Centro,Telefónica,AEROGAL|TANVIMIL ACD,"Reunión productiva. Se abordaron beneficios de AEROGAL, TANVIMIL ACD."
1235,Rocío Castro,543692,2025-10-07,Devoto-Centro,Virtual,AEROGAL|TANVIMIL ACD FLUOR,"Visita breve. Se dejó material de AEROGAL, TANVIMIL ACD FLUOR para revisión."
1236,Rocío Castro,543692,2026-01-01,Devoto-Centro,Telefónica,AEROGAL,Visita breve. Se dejó material de AEROGAL para revisión.
1237,Rocío Castro,543692,2026-02-19,Devoto-Centro,Telefónica,TANVIMIL ACD,Visita breve. Se dejó material de TANVIMIL ACD para revisión.
1238,Rocío Castro,543692,2026-06-13,Devoto-Centro,Telefónica,AEROGAL|TANVIMIL ACD|TANVIMIL ACD FLUOR,"Se presentaron AEROGAL, TANVIMIL ACD, TANVIMIL ACD FLUOR. El médico mostró interés en AEROGAL."
1239,Rocío Castro,543692,2026-07-21,Devoto-Centro,Telefónica,AEROGAL|TANVIMIL ACD,"Reunión productiva. Se abordaron beneficios de AEROGAL, TANVIMIL ACD."
1240,Rocío Castro,543692,2026-08-04,Devoto-Centro,Telefónica,TANVIMIL ACD,Se discutieron novedades de TANVIMIL ACD. Médico solicitó muestras.
1241,Rocío Castro,543692,2026-09-09,Devoto-Centro,Telefónica,TANVIMIL ACD|TANVIMIL ACD FLUOR,"Visita breve. Se dejó material de TANVIMIL ACD, TANVIMIL ACD FLUOR para revisión."
1242,Rocío Castro,543692,2026-10-05,Devoto-Centro,Telefónica,TANVIMIL ACD FLUOR,Visita de seguimiento. Se discutió eficacia de TANVIMIL ACD FLUOR en pacientes.
1243,Rocío Castro,543692,2026-11-13,Devoto-Centro,Telefónica,TANVIMIL ACD|AEROGAL,Se presentó nueva evidencia clínica de TANVIMIL ACD. Interés alto.
1244,Martín Rodríguez,322086,2025-04-09,Devoto-Centro,Telefónica,TANVIMIL B1 B6 B12,Se presentaron TANVIMIL B1 B6 B12. El médico mostró interés en TANVIMIL B1 B6 B12.
1245,Martín Rodríguez,322086,2025-10-08,Devoto-Centro,Virtual,TANVIMIL PLUS|TANVIMIL AMINOÁCIDOS,Se discutieron novedades de TANVIMIL PLUS. Médico solicitó muestras.
1246,Martín Rodríguez,322086,2025-11-09,Devoto-Centro,Virtual,TANVIMIL AMINOÁCIDOS|TANVIMIL PLUS,Se revisaron casos clínicos con TANVIMIL AMINOÁCIDOS. Médico receptivo.
1247,Martín Rodríguez,322086,2026-02-28,Devoto-Centro,Telefónica,TANVIMIL AMINOÁCIDOS|TANVIMIL PLUS,"Se entregó material informativo sobre TANVIMIL AMINOÁCIDOS, TANVIMIL PLUS. Buena recepción."
1248,Martín Rodríguez,322086,2026-04-12,Devoto-Centro,Virtual,TANVIMIL PLUS|TANVIMIL B1 B6 B12|TANVIMIL AMINOÁCIDOS,Se revisaron casos clínicos con TANVIMIL PLUS. Médico receptivo.
1249,Martín Rodríguez,322086,2026-05-22,Devoto-Centro,Virtual,TANVIMIL B1 B6 B12,Visita breve. Se dejó material de TANVIMIL B1 B6 B12 para revisión.
1250,Martín Rodríguez,322086,2026-07-17,Devoto-Centro,Telefónica,TANVIMIL AMINOÁCIDOS|TANVIMIL B1 B6 B12,Se presentó nueva evidencia clínica de TANVIMIL AMINOÁCIDOS. Interés alto.
1251,Martín Rodríguez,322086,2026-08-18,Devoto-Centro,Virtual,TANVIMIL AMINOÁCIDOS|TANVIMIL PLUS,"Presentación de TANVIMIL AMINOÁCIDOS, TANVIMIL PLUS. Se acordó seguimiento en próxima visita."
1252,Martín Rodríguez,322086,2026-10-06,Devoto-Centro,Telefónica,TANVIMIL PLUS|TANVIMIL AMINOÁCIDOS|TANVIMIL B1 B6 B12,Se revisaron casos clínicos con TANVIMIL PLUS. Médico receptivo.
1253,Martín Rodríguez,322086,2026-12-14,Devoto-Centro,Telefónica,TANVIMIL AMINOÁCIDOS|TANVIMIL B1 B6 B12,Se discutieron novedades de TANVIMIL AMINOÁCIDOS. Médico solicitó muestras.
1254,Valentina Pérez,891952,2025-05-09,Caballito-Centro,Virtual,TIOCTAN|TANVIMIL AMINOÁCIDOS|CO‑TIOCTAN,"Se entregó material informativo sobre TIOCTAN, TANVIMIL AMINOÁCIDOS, CO‑TIOCTAN. Buena recepción."
1255,Federico Álvarez,823378,2025-02-14,Villa Urquiza-Centro,Presencial,ALACIR|CIRUELAX MINITABS,Se discutieron novedades de ALACIR. Médico solicitó muestras.
1256,Federico Álvarez,823378,2026-02-03,Villa Urquiza-Centro,Presencial,ALACIR,Visita breve. Se dejó material de ALACIR para revisión.
1257,Federico Álvarez,823378,2026-04-08,Villa Urquiza-Centro,Presencial,ALACIR,El médico consultó sobre posología de ALACIR. Se aclararon dudas.
1258,Gonzalo Medina,310922,2025-01-26,Caballito-Centro,Telefónica,APSICO,Visita de seguimiento. Se discutió eficacia de APSICO en pacientes.
1259,Gonzalo Medina,310922,2025-02-09,Caballito-Centro,Presencial,APSICO,El médico consultó sobre posología de APSICO. Se aclararon dudas.
1260,Gonzalo Medina,310922,2025-03-18,Caballito-Centro,Presencial,APSICO,El médico compartió experiencia positiva con APSICO.
1261,Gonzalo Medina,310922,2025-04-23,Caballito-Centro,Virtual,APSICO|PAMOXET,Visita de seguimiento. Se discutió eficacia de APSICO en pacientes.
1262,Gonzalo Medina,310922,2025-05-25,Caballito-Centro,Telefónica,PAMOXET,El médico compartió experiencia positiva con PAMOXET.
1263,Gonzalo Medina,310922,2025-07-08,Caballito-Centro,Presencial,PAMOXET,Se presentó nueva evidencia clínica de PAMOXET. Interés alto.
1264,Gonzalo Medina,310922,2025-09-13,Caballito-Centro,Virtual,PAMOXET,Se entregó material informativo sobre PAMOXET. Buena recepción.
1265,Gonzalo Medina,310922,2025-10-13,Caballito-Centro,Presencial,PAMOXET|APSICO,"Se entregó material informativo sobre PAMOXET, APSICO. Buena recepción."
1266,Gonzalo Medina,310922,2025-11-21,Caballito-Centro,Presencial,PAMOXET,Visita breve. Se dejó material de PAMOXET para revisión.
1267,Gonzalo Medina,310922,2025-12-20,Caballito-Centro,Presencial,APSICO|PAMOXET,Se discutieron novedades de APSICO. Médico solicitó muestras.
1268,Gonzalo Medina,310922,2026-02-26,Caballito-Centro,Virtual,APSICO|PAMOXET,"Se entregó material informativo sobre APSICO, PAMOXET. Buena recepción."
1269,Gonzalo Medina,310922,2026-03-17,Caballito-Centro,Presencial,PAMOXET,Visita breve. Se dejó material de PAMOXET para revisión.
1270,Gonzalo Medina,310922,2026-06-21,Caballito-Centro,Presencial,APSICO,Se presentaron APSICO. El médico mostró interés en APSICO.
1271,Gonzalo Medina,310922,2026-07-20,Caballito-Centro,Presencial,APSICO|PAMOXET,El médico compartió experiencia positiva con APSICO.
1272,Gonzalo Medina,310922,2026-08-12,Caballito-Centro,Presencial,PAMOXET,El médico compartió experiencia positiva con PAMOXET.
1273,Gonzalo Medina,310922,2026-09-13,Caballito-Centro,Presencial,APSICO,Se revisaron casos clínicos con APSICO. Médico receptivo.
1274,Gonzalo Medina,310922,2026-10-08,Caballito-Centro,Presencial,APSICO,El médico compartió experiencia positiva con APSICO.
1275,Gonzalo Medina,310922,2026-11-15,Caballito-Centro,Presencial,APSICO|PAMOXET,El médico consultó sobre posología de APSICO. Se aclararon dudas.
1276,Gonzalo Medina,310922,2026-12-05,Caballito-Centro,Presencial,PAMOXET,Se coordinó charla informativa sobre PAMOXET para el equipo médico.
1277,Julieta Romero,847581,2025-02-26,Belgrano-Centro,Presencial,TRICOFIN,Reunión productiva. Se abordaron beneficios de TRICOFIN.
1278,Julieta Romero,847581,2025-12-06,Belgrano-Centro,Presencial,TACNA,Se entregó material informativo sobre TACNA. Buena recepción.
1279,Julieta Romero,847581,2026-01-26,Belgrano-Centro,Virtual,TRICOFIN,Se presentó nueva evidencia clínica de TRICOFIN. Interés alto.
1280,Julieta Romero,847581,2026-06-10,Belgrano-Centro,Presencial,TACNA,Visita breve. Se dejó material de TACNA para revisión.
1281,Julieta Romero,847581,2026-10-18,Belgrano-Centro,Presencial,TACNA|TRICOFIN,"Visita breve. Se dejó material de TACNA, TRICOFIN para revisión."
1282,Julieta Romero,847581,2026-12-27,Belgrano-Centro,Virtual,TACNA,Se discutieron novedades de TACNA. Médico solicitó muestras.
1283,Rocío Castro,426858,2025-01-14,Flores-Norte,Telefónica,TACNA,Presentación de TACNA. Se acordó seguimiento en próxima visita.
1284,Rocío Castro,426858,2025-05-27,Flores-Norte,Telefónica,TACNA,Presentación de TACNA. Se acordó seguimiento en próxima visita.
1285,Rocío Castro,426858,2025-06-28,Flores-Norte,Virtual,ONEFIN|TACNA,Se coordinó charla informativa sobre ONEFIN para el equipo médico.
1286,Rocío Castro,426858,2025-07-15,Flores-Norte,Virtual,ONEFIN,El médico consultó sobre posología de ONEFIN. Se aclararon dudas.
1287,Rocío Castro,426858,2025-11-07,Flores-Norte,Presencial,TACNA,Reunión productiva. Se abordaron beneficios de TACNA.
1288,Rocío Castro,426858,2026-02-02,Flores-Norte,Presencial,ONEFIN|TACNA,Se presentó nueva evidencia clínica de ONEFIN. Interés alto.
1289,Rocío Castro,426858,2026-06-01,Flores-Norte,Virtual,ONEFIN|TACNA,Se discutieron novedades de ONEFIN. Médico solicitó muestras.
1290,Rocío Castro,426858,2026-07-19,Flores-Norte,Presencial,TACNA|ONEFIN,Se discutieron novedades de TACNA. Médico solicitó muestras.
1291,Rocío Castro,426858,2026-10-13,Flores-Norte,Presencial,ONEFIN,El médico consultó sobre posología de ONEFIN. Se aclararon dudas.
1292,Rocío Castro,426858,2026-11-03,Flores-Norte,Presencial,ONEFIN|TACNA,"Presentación de ONEFIN, TACNA. Se acordó seguimiento en próxima visita."
1293,Matías Herrera,518373,2025-02-25,Palermo-Norte,Presencial,ALACIR|CIRUELAX MINITABS,Se presentó nueva evidencia clínica de ALACIR. Interés alto.
1294,Matías Herrera,518373,2025-04-27,Palermo-Norte,Virtual,CIRUELAX MINITABS|ALACIR,El médico consultó sobre posología de CIRUELAX MINITABS. Se aclararon dudas.
1295,Matías Herrera,518373,2025-06-14,Palermo-Norte,Telefónica,CIRUELAX MINITABS|ALACIR,"Visita breve. Se dejó material de CIRUELAX MINITABS, ALACIR para revisión."
1296,Matías Herrera,518373,2025-10-21,Palermo-Norte,Telefónica,ALACIR,El médico compartió experiencia positiva con ALACIR.
1297,Matías Herrera,518373,2026-02-14,Palermo-Norte,Presencial,ALACIR|CIRUELAX MINITABS,Se revisaron casos clínicos con ALACIR. Médico receptivo.
1298,Matías Herrera,781446,2025-03-10,Belgrano-Centro,Presencial,TANVIMIL ACD|TRICOFIN,"Visita breve. Se dejó material de TANVIMIL ACD, TRICOFIN para revisión."
1299,Lucía Fernández,491559,2025-01-08,San Isidro-Centro,Presencial,TANVIMIL ACD FLUOR,Visita de seguimiento. Se discutió eficacia de TANVIMIL ACD FLUOR en pacientes.
1300,Lucía Fernández,491559,2025-02-09,San Isidro-Centro,Presencial,TANVIMIL ACD|AEROGAL,Se revisaron casos clínicos con TANVIMIL ACD. Médico receptivo.
1301,Lucía Fernández,491559,2025-03-17,San Isidro-Centro,Presencial,TANVIMIL ACD FLUOR|AEROGAL,"Visita breve. Se dejó material de TANVIMIL ACD FLUOR, AEROGAL para revisión."
1302,Lucía Fernández,491559,2025-04-22,San Isidro-Centro,Telefónica,TANVIMIL ACD|TANVIMIL ACD FLUOR,Se coordinó charla informativa sobre TANVIMIL ACD para el equipo médico.
1303,Lucía Fernández,491559,2025-05-19,San Isidro-Centro,Telefónica,AEROGAL,Se discutieron novedades de AEROGAL. Médico solicitó muestras.
1304,Lucía Fernández,491559,2025-06-11,San Isidro-Centro,Presencial,AEROGAL|TANVIMIL ACD,El médico compartió experiencia positiva con AEROGAL.
1305,Lucía Fernández,491559,2025-07-24,San Isidro-Centro,Virtual,TANVIMIL ACD FLUOR,Se presentaron TANVIMIL ACD FLUOR. El médico mostró interés en TANVIMIL ACD FLUOR.
1306,Lucía Fernández,491559,2025-09-26,San Isidro-Centro,Presencial,TANVIMIL ACD FLUOR|TANVIMIL ACD,"Visita breve. Se dejó material de TANVIMIL ACD FLUOR, TANVIMIL ACD para revisión."
1307,Lucía Fernández,491559,2025-10-04,San Isidro-Centro,Presencial,TANVIMIL ACD,Visita de seguimiento. Se discutió eficacia de TANVIMIL ACD en pacientes.
1308,Lucía Fernández,491559,2025-11-15,San Isidro-Centro,Presencial,TANVIMIL ACD,Reunión productiva. Se abordaron beneficios de TANVIMIL ACD.
1309,Lucía Fernández,491559,2026-01-21,San Isidro-Centro,Presencial,TANVIMIL ACD,El médico consultó sobre posología de TANVIMIL ACD. Se aclararon dudas.
1310,Lucía Fernández,491559,2026-03-13,San Isidro-Centro,Presencial,TANVIMIL ACD FLUOR|TANVIMIL ACD,"Se presentaron TANVIMIL ACD FLUOR, TANVIMIL ACD. El médico mostró interés en TANVIMIL ACD FLUOR."
1311,Lucía Fernández,491559,2026-04-03,San Isidro-Centro,Virtual,AEROGAL|TANVIMIL ACD FLUOR|TANVIMIL ACD,"Se entregó material informativo sobre AEROGAL, TANVIMIL ACD FLUOR, TANVIMIL ACD. Buena recepción."
1312,Sebastián Torres,559381,2025-01-23,Caballito-Centro,Telefónica,APSICO|PAMOXET,Visita de seguimiento. Se discutió eficacia de APSICO en pacientes.
1313,Sebastián Torres,559381,2025-02-28,Caballito-Centro,Presencial,APSICO|PAMOXET,"Reunión productiva. Se abordaron beneficios de APSICO, PAMOXET."
1314,Sebastián Torres,559381,2025-03-27,Caballito-Centro,Presencial,PAMOXET,Visita breve. Se dejó material de PAMOXET para revisión.
1315,Sebastián Torres,559381,2025-04-10,Caballito-Centro,Virtual,APSICO|PAMOXET,El médico compartió experiencia positiva con APSICO.
1316,Sebastián Torres,559381,2025-05-08,Caballito-Centro,Telefónica,PAMOXET,Se revisaron casos clínicos con PAMOXET. Médico receptivo.
1317,Sebastián Torres,559381,2025-06-03,Caballito-Centro,Virtual,PAMOXET|APSICO,"Se presentaron PAMOXET, APSICO. El médico mostró interés en PAMOXET."
1318,Sebastián Torres,559381,2025-07-26,Caballito-Centro,Telefónica,APSICO|PAMOXET,Se presentó nueva evidencia clínica de APSICO. Interés alto.
1319,Sebastián Torres,559381,2025-08-09,Caballito-Centro,Telefónica,PAMOXET|APSICO,"Se entregó material informativo sobre PAMOXET, APSICO. Buena recepción."
1320,Sebastián Torres,559381,2025-09-25,Caballito-Centro,Presencial,PAMOXET|APSICO,El médico consultó sobre posología de PAMOXET. Se aclararon dudas.
1321,Sebastián Torres,559381,2025-11-14,Caballito-Centro,Virtual,PAMOXET|APSICO,Se discutieron novedades de PAMOXET. Médico solicitó muestras.
1322,Sebastián Torres,559381,2025-12-11,Caballito-Centro,Virtual,APSICO|PAMOXET,Se coordinó charla informativa sobre APSICO para el equipo médico.
1323,Sebastián Torres,559381,2026-02-21,Caballito-Centro,Presencial,PAMOXET,Reunión productiva. Se abordaron beneficios de PAMOXET.
1324,Sebastián Torres,559381,2026-03-26,Caballito-Centro,Presencial,APSICO,Visita breve. Se dejó material de APSICO para revisión.
1325,Sebastián Torres,559381,2026-04-28,Caballito-Centro,Virtual,PAMOXET|APSICO,"Visita breve. Se dejó material de PAMOXET, APSICO para revisión."
1326,Sebastián Torres,559381,2026-05-02,Caballito-Centro,Presencial,APSICO,Se revisaron casos clínicos con APSICO. Médico receptivo.
1327,Sebastián Torres,559381,2026-06-22,Caballito-Centro,Presencial,PAMOXET|APSICO,Se revisaron casos clínicos con PAMOXET. Médico receptivo.
1328,Sebastián Torres,559381,2026-08-09,Caballito-Centro,Virtual,PAMOXET|APSICO,Se discutieron novedades de PAMOXET. Médico solicitó muestras.
1329,Sebastián Torres,559381,2026-10-04,Caballito-Centro,Virtual,APSICO|PAMOXET,El médico consultó sobre posología de APSICO. Se aclararon dudas.
1330,Sebastián Torres,559381,2026-11-26,Caballito-Centro,Virtual,PAMOXET|APSICO,Se revisaron casos clínicos con PAMOXET. Médico receptivo.
1331,Valentina Pérez,359947,2025-01-01,San Isidro-Centro,Virtual,TACNA,Se presentó nueva evidencia clínica de TACNA. Interés alto.
1332,Valentina Pérez,359947,2025-09-26,San Isidro-Centro,Telefónica,TACNA,Visita breve. Se dejó material de TACNA para revisión.
1333,Valentina Pérez,359947,2025-11-03,San Isidro-Centro,Telefónica,ONEFIN|TACNA,Se discutieron novedades de ONEFIN. Médico solicitó muestras.
1334,Valentina Pérez,359947,2026-02-20,San Isidro-Centro,Virtual,ONEFIN|TACNA,"Reunión productiva. Se abordaron beneficios de ONEFIN, TACNA."
1335,Valentina Pérez,359947,2026-03-20,San Isidro-Centro,Telefónica,ONEFIN|TACNA,"Se entregó material informativo sobre ONEFIN, TACNA. Buena recepción."
1336,Martín Rodríguez,454508,2025-09-04,Vicente López-Centro,Presencial,TANVIMIL ACD,Se presentó nueva evidencia clínica de TANVIMIL ACD. Interés alto.
1337,Martín Rodríguez,454508,2025-11-18,Vicente López-Centro,Presencial,TRICOFIN,El médico consultó sobre posología de TRICOFIN. Se aclararon dudas.
1338,Martín Rodríguez,454508,2026-11-06,Vicente López-Centro,Virtual,TANVIMIL ACD,Visita de seguimiento. Se discutió eficacia de TANVIMIL ACD en pacientes.
1339,Gonzalo Medina,680828,2025-11-10,Belgrano-Centro,Virtual,TACNA,Se entregó material informativo sobre TACNA. Buena recepción.
1340,Gonzalo Medina,680828,2025-12-20,Belgrano-Centro,Presencial,TACNA|TRICOFIN,"Presentación de TACNA, TRICOFIN. Se acordó seguimiento en próxima visita."
1341,Gonzalo Medina,680828,2026-05-02,Belgrano-Centro,Telefónica,TRICOFIN|TACNA,El médico consultó sobre posología de TRICOFIN. Se aclararon dudas.
1342,Gonzalo Medina,680828,2026-09-25,Belgrano-Centro,Presencial,TACNA|TRICOFIN,Se presentó nueva evidencia clínica de TACNA. Interés alto.
1343,Florencia Sánchez,341292,2025-06-17,Belgrano-R,Virtual,TANVIMIL B1 B6 B12,Reunión productiva. Se abordaron beneficios de TANVIMIL B1 B6 B12.
1344,Florencia Sánchez,341292,2025-08-19,Belgrano-R,Presencial,TANVIMIL B1 B6 B12,Visita de seguimiento. Se discutió eficacia de TANVIMIL B1 B6 B12 en pacientes.
1345,Florencia Sánchez,341292,2025-09-21,Belgrano-R,Presencial,TIOCTAN,Visita de seguimiento. Se discutió eficacia de TIOCTAN en pacientes.
1346,Florencia Sánchez,341292,2025-10-11,Belgrano-R,Presencial,TIOCTAN,Se revisaron casos clínicos con TIOCTAN. Médico receptivo.
1347,Florencia Sánchez,341292,2026-06-05,Belgrano-R,Virtual,TIOCTAN,El médico consultó sobre posología de TIOCTAN. Se aclararon dudas.
1348,Gonzalo Medina,717024,2025-03-25,Devoto-Centro,Virtual,CO‑TIOCTAN|TANDIUR|TANVIMIL B1 B6 B12,El médico consultó sobre posología de CO‑TIOCTAN. Se aclararon dudas.
1349,Gonzalo Medina,717024,2025-11-08,Devoto-Centro,Telefónica,TANVIMIL B1 B6 B12,Se coordinó charla informativa sobre TANVIMIL B1 B6 B12 para el equipo médico.
1350,Gonzalo Medina,717024,2026-01-21,Devoto-Centro,Presencial,TIOCTAN,Visita breve. Se dejó material de TIOCTAN para revisión.
1351,Gonzalo Medina,717024,2026-02-04,Devoto-Centro,Virtual,TANVIMIL B1 B6 B12,El médico compartió experiencia positiva con TANVIMIL B1 B6 B12.
1352,Gonzalo Medina,717024,2026-03-23,Devoto-Centro,Presencial,TIOCTAN|CO‑TIOCTAN|TANDIUR,El médico consultó sobre posología de TIOCTAN. Se aclararon dudas.
1353,Gonzalo Medina,717024,2026-05-21,Devoto-Centro,Presencial,TIOCTAN|CO‑TIOCTAN|TANDIUR,Visita de seguimiento. Se discutió eficacia de TIOCTAN en pacientes.
1354,Gonzalo Medina,717024,2026-06-07,Devoto-Centro,Presencial,CO‑TIOCTAN|TANVIMIL B1 B6 B12|TIOCTAN,Se discutieron novedades de CO‑TIOCTAN. Médico solicitó muestras.
1355,Gonzalo Medina,717024,2026-07-27,Devoto-Centro,Presencial,TANDIUR|TIOCTAN,"Visita breve. Se dejó material de TANDIUR, TIOCTAN para revisión."
1356,Gonzalo Medina,717024,2026-09-11,Devoto-Centro,Telefónica,CO‑TIOCTAN|TANVIMIL B1 B6 B12,El médico compartió experiencia positiva con CO‑TIOCTAN.
1357,Sebastián Torres,174441,2025-02-04,Recoleta-Norte,Virtual,TANVIMIL B1 B6 B12,El médico compartió experiencia positiva con TANVIMIL B1 B6 B12.
1358,Sebastián Torres,174441,2025-07-26,Recoleta-Norte,Telefónica,TANVIMIL B1 B6 B12|TANVIMIL PLUS|TANVIMIL AMINOÁCIDOS,"Visita breve. Se dejó material de TANVIMIL B1 B6 B12, TANVIMIL PLUS, TANVIMIL AMINOÁCIDOS para revisión."
1359,Sebastián Torres,174441,2025-10-11,Recoleta-Norte,Presencial,TANVIMIL PLUS|TANVIMIL AMINOÁCIDOS|TANVIMIL B1 B6 B12,Visita de seguimiento. Se discutió eficacia de TANVIMIL PLUS en pacientes.
1360,Sebastián Torres,174441,2026-01-11,Recoleta-Norte,Telefónica,TANVIMIL AMINOÁCIDOS,Se coordinó charla informativa sobre TANVIMIL AMINOÁCIDOS para el equipo médico.
1361,Sebastián Torres,174441,2026-02-25,Recoleta-Norte,Presencial,TANVIMIL PLUS|TANVIMIL B1 B6 B12,"Se presentaron TANVIMIL PLUS, TANVIMIL B1 B6 B12. El médico mostró interés en TANVIMIL PLUS."
1362,Sebastián Torres,174441,2026-07-04,Recoleta-Norte,Presencial,TANVIMIL B1 B6 B12,Se discutieron novedades de TANVIMIL B1 B6 B12. Médico solicitó muestras.
1363,Sebastián Torres,174441,2026-12-08,Recoleta-Norte,Presencial,TANVIMIL PLUS,El médico consultó sobre posología de TANVIMIL PLUS. Se aclararon dudas.
1364,Nicolás Díaz,842225,2025-03-02,Almagro-Centro,Virtual,CO‑TIOCTAN|TIOCTAN,"Visita breve. Se dejó material de CO‑TIOCTAN, TIOCTAN para revisión."
1365,Nicolás Díaz,842225,2025-04-07,Almagro-Centro,Telefónica,TANVIMIL AMINOÁCIDOS|TIOCTAN|CO‑TIOCTAN,Se discutieron novedades de TANVIMIL AMINOÁCIDOS. Médico solicitó muestras.
1366,Nicolás Díaz,842225,2025-05-18,Almagro-Centro,Virtual,TIOCTAN,Se revisaron casos clínicos con TIOCTAN. Médico receptivo.
1367,Nicolás Díaz,842225,2025-08-16,Almagro-Centro,Virtual,CO‑TIOCTAN,Se entregó material informativo sobre CO‑TIOCTAN. Buena recepción.
1368,Nicolás Díaz,842225,2025-12-14,Almagro-Centro,Telefónica,TIOCTAN|TANVIMIL AMINOÁCIDOS,"Presentación de TIOCTAN, TANVIMIL AMINOÁCIDOS. Se acordó seguimiento en próxima visita."
1369,Nicolás Díaz,842225,2026-03-14,Almagro-Centro,Telefónica,TANVIMIL AMINOÁCIDOS,Reunión productiva. Se abordaron beneficios de TANVIMIL AMINOÁCIDOS.
1370,Nicolás Díaz,842225,2026-05-08,Almagro-Centro,Telefónica,TANVIMIL AMINOÁCIDOS|TIOCTAN,"Se entregó material informativo sobre TANVIMIL AMINOÁCIDOS, TIOCTAN. Buena recepción."
1371,Florencia Sánchez,161733,2025-01-15,Palermo-Sur,Telefónica,ONEFIN|APSICO|PAMOXET,"Visita breve. Se dejó material de ONEFIN, APSICO, PAMOXET para revisión."
1372,Matías Herrera,340062,2025-04-06,Recoleta-Norte,Virtual,CO‑TIOCTAN|TANDIUR,"Reunión productiva. Se abordaron beneficios de CO‑TIOCTAN, TANDIUR."
1373,Matías Herrera,340062,2025-06-12,Recoleta-Norte,Telefónica,TANVIMIL B1 B6 B12|TIOCTAN,"Se presentaron TANVIMIL B1 B6 B12, TIOCTAN. El médico mostró interés en TANVIMIL B1 B6 B12."
1374,Matías Herrera,340062,2025-08-04,Recoleta-Norte,Telefónica,TANVIMIL B1 B6 B12|TIOCTAN|TANDIUR,"Se presentaron TANVIMIL B1 B6 B12, TIOCTAN, TANDIUR. El médico mostró interés en TANVIMIL B1 B6 B12."
1375,Matías Herrera,340062,2025-10-08,Recoleta-Norte,Telefónica,TANDIUR|TIOCTAN|TANVIMIL B1 B6 B12,"Presentación de TANDIUR, TIOCTAN, TANVIMIL B1 B6 B12. Se acordó seguimiento en próxima visita."
1376,Matías Herrera,340062,2026-06-14,Recoleta-Norte,Telefónica,CO‑TIOCTAN|TANDIUR,"Se presentaron CO‑TIOCTAN, TANDIUR. El médico mostró interés en CO‑TIOCTAN."
1377,Matías Herrera,340062,2026-07-10,Recoleta-Norte,Virtual,CO‑TIOCTAN,Se coordinó charla informativa sobre CO‑TIOCTAN para el equipo médico.
1378,Matías Herrera,340062,2026-10-15,Recoleta-Norte,Telefónica,TIOCTAN|TANVIMIL B1 B6 B12|CO‑TIOCTAN,"Presentación de TIOCTAN, TANVIMIL B1 B6 B12, CO‑TIOCTAN. Se acordó seguimiento en próxima visita."
1379,Matías Herrera,340062,2026-11-14,Recoleta-Norte,Virtual,TIOCTAN|TANVIMIL B1 B6 B12,Se discutieron novedades de TIOCTAN. Médico solicitó muestras.
1380,Camila Ruiz,170674,2025-03-07,La Plata-Centro,Presencial,TANVIMIL PLUS|TANVIMIL B1 B6 B12|TANVIMIL AMINOÁCIDOS,Visita de seguimiento. Se discutió eficacia de TANVIMIL PLUS en pacientes.
1381,Camila Ruiz,174299,2025-10-02,Recoleta-Norte,Virtual,TANVIMIL AMINOÁCIDOS,El médico consultó sobre posología de TANVIMIL AMINOÁCIDOS. Se aclararon dudas.
1382,Camila Ruiz,174299,2025-11-15,Recoleta-Norte,Telefónica,TIOCTAN|TANVIMIL AMINOÁCIDOS,"Presentación de TIOCTAN, TANVIMIL AMINOÁCIDOS. Se acordó seguimiento en próxima visita."
1383,Camila Ruiz,174299,2025-12-13,Recoleta-Norte,Virtual,TANVIMIL AMINOÁCIDOS|CO‑TIOCTAN,Se revisaron casos clínicos con TANVIMIL AMINOÁCIDOS. Médico receptivo.
1384,Camila Ruiz,174299,2026-01-19,Recoleta-Norte,Telefónica,CO‑TIOCTAN|TIOCTAN,Se revisaron casos clínicos con CO‑TIOCTAN. Médico receptivo.
1385,Camila Ruiz,174299,2026-03-22,Recoleta-Norte,Virtual,TANVIMIL AMINOÁCIDOS,Visita de seguimiento. Se discutió eficacia de TANVIMIL AMINOÁCIDOS en pacientes.
1386,Camila Ruiz,174299,2026-09-24,Recoleta-Norte,Telefónica,TANVIMIL AMINOÁCIDOS|TIOCTAN,Se presentó nueva evidencia clínica de TANVIMIL AMINOÁCIDOS. Interés alto.
1387,Camila Ruiz,639131,2025-01-28,Núñez-Centro,Presencial,TANVIMIL AMINOÁCIDOS|CO‑TIOCTAN,"Se presentaron TANVIMIL AMINOÁCIDOS, CO‑TIOCTAN. El médico mostró interés en TANVIMIL AMINOÁCIDOS."
1388,Camila Ruiz,639131,2025-03-10,Núñez-Centro,Presencial,CO‑TIOCTAN|TANVIMIL AMINOÁCIDOS|TIOCTAN,Se presentó nueva evidencia clínica de CO‑TIOCTAN. Interés alto.
1389,Camila Ruiz,639131,2025-04-24,Núñez-Centro,Presencial,TANVIMIL AMINOÁCIDOS|CO‑TIOCTAN|TIOCTAN,"Reunión productiva. Se abordaron beneficios de TANVIMIL AMINOÁCIDOS, CO‑TIOCTAN, TIOCTAN."
1390,Camila Ruiz,639131,2025-07-22,Núñez-Centro,Virtual,CO‑TIOCTAN|TANVIMIL AMINOÁCIDOS,Se presentó nueva evidencia clínica de CO‑TIOCTAN. Interés alto.
1391,Camila Ruiz,639131,2025-08-07,Núñez-Centro,Presencial,CO‑TIOCTAN,El médico consultó sobre posología de CO‑TIOCTAN. Se aclararon dudas.
1392,Camila Ruiz,639131,2025-09-05,Núñez-Centro,Presencial,TIOCTAN|CO‑TIOCTAN|TANVIMIL AMINOÁCIDOS,Se discutieron novedades de TIOCTAN. Médico solicitó muestras.
1393,Camila Ruiz,639131,2025-10-18,Núñez-Centro,Presencial,CO‑TIOCTAN|TANVIMIL AMINOÁCIDOS,"Visita breve. Se dejó material de CO‑TIOCTAN, TANVIMIL AMINOÁCIDOS para revisión."
1394,Camila Ruiz,639131,2025-11-23,Núñez-Centro,Telefónica,TANVIMIL AMINOÁCIDOS,Se presentó nueva evidencia clínica de TANVIMIL AMINOÁCIDOS. Interés alto.
1395,Camila Ruiz,639131,2025-12-04,Núñez-Centro,Virtual,TIOCTAN|CO‑TIOCTAN,Se revisaron casos clínicos con TIOCTAN. Médico receptivo.
1396,Camila Ruiz,639131,2026-01-19,Núñez-Centro,Virtual,TIOCTAN|TANVIMIL AMINOÁCIDOS|CO‑TIOCTAN,Se discutieron novedades de TIOCTAN. Médico solicitó muestras.
1397,Camila Ruiz,639131,2026-03-28,Núñez-Centro,Presencial,CO‑TIOCTAN|TANVIMIL AMINOÁCIDOS,"Presentación de CO‑TIOCTAN, TANVIMIL AMINOÁCIDOS. Se acordó seguimiento en próxima visita."
1398,Camila Ruiz,639131,2026-04-01,Núñez-Centro,Virtual,CO‑TIOCTAN|TIOCTAN|TANVIMIL AMINOÁCIDOS,"Visita breve. Se dejó material de CO‑TIOCTAN, TIOCTAN, TANVIMIL AMINOÁCIDOS para revisión."
1399,Camila Ruiz,639131,2026-05-10,Núñez-Centro,Telefónica,CO‑TIOCTAN|TANVIMIL AMINOÁCIDOS,Visita de seguimiento. Se discutió eficacia de CO‑TIOCTAN en pacientes.
1400,Camila Ruiz,639131,2026-06-12,Núñez-Centro,Virtual,TIOCTAN|TANVIMIL AMINOÁCIDOS,"Presentación de TIOCTAN, TANVIMIL AMINOÁCIDOS. Se acordó seguimiento en próxima visita."
1401,Camila Ruiz,639131,2026-08-23,Núñez-Centro,Presencial,CO‑TIOCTAN|TANVIMIL AMINOÁCIDOS,Se presentó nueva evidencia clínica de CO‑TIOCTAN. Interés alto.
1402,Camila Ruiz,639131,2026-09-21,Núñez-Centro,Virtual,TANVIMIL AMINOÁCIDOS|CO‑TIOCTAN|TIOCTAN,"Presentación de TANVIMIL AMINOÁCIDOS, CO‑TIOCTAN, TIOCTAN. Se acordó seguimiento en próxima visita."
1403,Camila Ruiz,639131,2026-10-13,Núñez-Centro,Telefónica,CO‑TIOCTAN,Se revisaron casos clínicos con CO‑TIOCTAN. Médico receptivo.
1404,Camila Ruiz,639131,2026-12-09,Núñez-Centro,Presencial,CO‑TIOCTAN|TANVIMIL AMINOÁCIDOS|TIOCTAN,"Reunión productiva. Se abordaron beneficios de CO‑TIOCTAN, TANVIMIL AMINOÁCIDOS, TIOCTAN."
1405,Lucía Fernández,349565,2025-08-19,Microcentro-Este,Telefónica,TANVIMIL ACD,Reunión productiva. Se abordaron beneficios de TANVIMIL ACD.
1406,Lucía Fernández,349565,2025-12-21,Microcentro-Este,Virtual,TANVIMIL ACD FLUOR,Se discutieron novedades de TANVIMIL ACD FLUOR. Médico solicitó muestras.
1407,Carlos Gómez,392004,2025-09-14,Recoleta-Norte,Virtual,TRIMACREM PLUS|SUTRICO TAR|TRICOPLUS,"Reunión productiva. Se abordaron beneficios de TRIMACREM PLUS, SUTRICO TAR, TRICOPLUS."
1408,Carlos Gómez,392004,2025-11-06,Recoleta-Norte,Telefónica,MENCOGRIN AP,Se presentaron MENCOGRIN AP. El médico mostró interés en MENCOGRIN AP.
1409,Carlos Gómez,392004,2025-12-16,Recoleta-Norte,Telefónica,SUTRICO TAR,Presentación de SUTRICO TAR. Se acordó seguimiento en próxima visita.
1410,Carlos Gómez,392004,2026-01-16,Recoleta-Norte,Telefónica,TRICOPLUS|MENCOGRIN AP|PANCUTAN NF,Se revisaron casos clínicos con TRICOPLUS. Médico receptivo.
1411,Carlos Gómez,392004,2026-04-03,Recoleta-Norte,Virtual,TRIMACREM PLUS|SUTRICO TAR,Se presentó nueva evidencia clínica de TRIMACREM PLUS. Interés alto.
1412,Carlos Gómez,392004,2026-05-28,Recoleta-Norte,Telefónica,MENCOGRIN AP,Se presentó nueva evidencia clínica de MENCOGRIN AP. Interés alto.
1413,Agustín Varela,801474,2025-01-02,Devoto-Centro,Presencial,PAMOXET,Se discutieron novedades de PAMOXET. Médico solicitó muestras.
1414,Agustín Varela,801474,2025-06-16,Devoto-Centro,Virtual,APSICO,El médico consultó sobre posología de APSICO. Se aclararon dudas.
1415,Agustín Varela,801474,2025-07-28,Devoto-Centro,Virtual,APSICO,El médico consultó sobre posología de APSICO. Se aclararon dudas.
1416,Agustín Varela,801474,2025-10-27,Devoto-Centro,Telefónica,PAMOXET,Se presentó nueva evidencia clínica de PAMOXET. Interés alto.
1417,Agustín Varela,801474,2025-11-18,Devoto-Centro,Presencial,PAMOXET|APSICO,Visita de seguimiento. Se discutió eficacia de PAMOXET en pacientes.
1418,Agustín Varela,801474,2026-01-28,Devoto-Centro,Presencial,APSICO|PAMOXET,Visita de seguimiento. Se discutió eficacia de APSICO en pacientes.
1419,Agustín Varela,801474,2026-07-12,Devoto-Centro,Presencial,APSICO,Reunión productiva. Se abordaron beneficios de APSICO.
1420,Agustín Varela,801474,2026-08-26,Devoto-Centro,Presencial,APSICO,Presentación de APSICO. Se acordó seguimiento en próxima visita.
1421,Daniela Morales,608993,2025-02-19,Palermo-Sur,Telefónica,ONEFIN|TACNA,Se coordinó charla informativa sobre ONEFIN para el equipo médico.
1422,Daniela Morales,608993,2025-07-06,Palermo-Sur,Presencial,TACNA|ONEFIN,"Visita breve. Se dejó material de TACNA, ONEFIN para revisión."
1423,Daniela Morales,608993,2025-09-21,Palermo-Sur,Presencial,ONEFIN|TACNA,"Se presentaron ONEFIN, TACNA. El médico mostró interés en ONEFIN."
1424,Daniela Morales,608993,2026-02-26,Palermo-Sur,Presencial,ONEFIN|TACNA,Se discutieron novedades de ONEFIN. Médico solicitó muestras.
1425,Daniela Morales,608993,2026-03-02,Palermo-Sur,Telefónica,TACNA|ONEFIN,"Se entregó material informativo sobre TACNA, ONEFIN. Buena recepción."
1426,Daniela Morales,608993,2026-06-28,Palermo-Sur,Virtual,ONEFIN|TACNA,"Se entregó material informativo sobre ONEFIN, TACNA. Buena recepción."
1427,Daniela Morales,608993,2026-12-17,Palermo-Sur,Telefónica,ONEFIN|TACNA,El médico compartió experiencia positiva con ONEFIN.
1428,Nicolás Díaz,324643,2025-08-10,Belgrano-Centro,Presencial,APSICO|PAMOXET,Se presentó nueva evidencia clínica de APSICO. Interés alto.
1429,Nicolás Díaz,324643,2025-11-24,Belgrano-Centro,Presencial,PAMOXET|APSICO,Visita de seguimiento. Se discutió eficacia de PAMOXET en pacientes.
1430,Nicolás Díaz,324643,2026-01-01,Belgrano-Centro,Presencial,APSICO|PAMOXET,"Visita breve. Se dejó material de APSICO, PAMOXET para revisión."
1431,Nicolás Díaz,324643,2026-04-25,Belgrano-Centro,Virtual,APSICO,Visita breve. Se dejó material de APSICO para revisión.
1432,Nicolás Díaz,324643,2026-05-06,Belgrano-Centro,Presencial,APSICO|PAMOXET,Se presentó nueva evidencia clínica de APSICO. Interés alto.
1433,Nicolás Díaz,324643,2026-08-03,Belgrano-Centro,Presencial,APSICO|PAMOXET,"Reunión productiva. Se abordaron beneficios de APSICO, PAMOXET."
1434,Nicolás Díaz,324643,2026-09-04,Belgrano-Centro,Virtual,PAMOXET|APSICO,"Visita breve. Se dejó material de PAMOXET, APSICO para revisión."
1435,Nicolás Díaz,324643,2026-12-08,Belgrano-Centro,Presencial,APSICO,Reunión productiva. Se abordaron beneficios de APSICO.
1436,Federico Álvarez,238739,2025-02-07,Belgrano-Centro,Virtual,TANVIMIL ACD|TRICOFIN,"Se presentaron TANVIMIL ACD, TRICOFIN. El médico mostró interés en TANVIMIL ACD."
1437,Federico Álvarez,238739,2025-05-04,Belgrano-Centro,Telefónica,TANVIMIL ACD,El médico consultó sobre posología de TANVIMIL ACD. Se aclararon dudas.
1438,Federico Álvarez,238739,2025-06-20,Belgrano-Centro,Telefónica,TRICOFIN,Se presentaron TRICOFIN. El médico mostró interés en TRICOFIN.
1439,Federico Álvarez,238739,2025-07-10,Belgrano-Centro,Virtual,TRICOFIN|TANVIMIL ACD,El médico compartió experiencia positiva con TRICOFIN.
1440,Federico Álvarez,238739,2025-09-28,Belgrano-Centro,Virtual,TRICOFIN|TANVIMIL ACD,Se discutieron novedades de TRICOFIN. Médico solicitó muestras.
1441,Federico Álvarez,238739,2025-10-17,Belgrano-Centro,Telefónica,TANVIMIL ACD|TRICOFIN,Se discutieron novedades de TANVIMIL ACD. Médico solicitó muestras.
1442,Federico Álvarez,238739,2025-11-21,Belgrano-Centro,Telefónica,TANVIMIL ACD,El médico consultó sobre posología de TANVIMIL ACD. Se aclararon dudas.
1443,Federico Álvarez,238739,2025-12-24,Belgrano-Centro,Virtual,TANVIMIL ACD|TRICOFIN,Visita de seguimiento. Se discutió eficacia de TANVIMIL ACD en pacientes.
1444,Federico Álvarez,238739,2026-03-26,Belgrano-Centro,Virtual,TANVIMIL ACD|TRICOFIN,Visita de seguimiento. Se discutió eficacia de TANVIMIL ACD en pacientes.
1445,Federico Álvarez,238739,2026-09-27,Belgrano-Centro,Telefónica,TRICOFIN,Visita breve. Se dejó material de TRICOFIN para revisión.
1446,Rocío Castro,595631,2026-04-10,Flores-Norte,Presencial,ONEFIN|TACNA,Se presentó nueva evidencia clínica de ONEFIN. Interés alto.
1447,Rocío Castro,595631,2026-09-24,Flores-Norte,Virtual,TACNA|ONEFIN,Se coordinó charla informativa sobre TACNA para el equipo médico.
1448,Nicolás Díaz,354801,2025-02-18,Quilmes-Centro,Virtual,TANVIMIL ACD,Se presentaron TANVIMIL ACD. El médico mostró interés en TANVIMIL ACD.
1449,Nicolás Díaz,354801,2025-03-18,Quilmes-Centro,Presencial,TANVIMIL ACD,Reunión productiva. Se abordaron beneficios de TANVIMIL ACD.
1450,Nicolás Díaz,354801,2025-05-16,Quilmes-Centro,Presencial,TANVIMIL ACD,Visita breve. Se dejó material de TANVIMIL ACD para revisión.
1451,Nicolás Díaz,354801,2025-06-13,Quilmes-Centro,Telefónica,TRICOFIN|TANVIMIL ACD,Se revisaron casos clínicos con TRICOFIN. Médico receptivo.
1452,Nicolás Díaz,354801,2025-07-03,Quilmes-Centro,Telefónica,TRICOFIN|TANVIMIL ACD,"Se entregó material informativo sobre TRICOFIN, TANVIMIL ACD. Buena recepción."
1453,Nicolás Díaz,354801,2025-08-16,Quilmes-Centro,Virtual,TRICOFIN,Se coordinó charla informativa sobre TRICOFIN para el equipo médico.
1454,Nicolás Díaz,354801,2025-09-02,Quilmes-Centro,Presencial,TRICOFIN,Visita breve. Se dejó material de TRICOFIN para revisión.
1455,Nicolás Díaz,354801,2025-10-22,Quilmes-Centro,Presencial,TANVIMIL ACD,El médico compartió experiencia positiva con TANVIMIL ACD.
1456,Nicolás Díaz,354801,2025-11-20,Quilmes-Centro,Telefónica,TRICOFIN|TANVIMIL ACD,"Se entregó material informativo sobre TRICOFIN, TANVIMIL ACD. Buena recepción."
1457,Nicolás Díaz,354801,2025-12-14,Quilmes-Centro,Virtual,TANVIMIL ACD,Se entregó material informativo sobre TANVIMIL ACD. Buena recepción.
1458,Nicolás Díaz,354801,2026-03-13,Quilmes-Centro,Virtual,TANVIMIL ACD,Reunión productiva. Se abordaron beneficios de TANVIMIL ACD.
1459,Nicolás Díaz,354801,2026-04-14,Quilmes-Centro,Presencial,TRICOFIN|TANVIMIL ACD,"Presentación de TRICOFIN, TANVIMIL ACD. Se acordó seguimiento en próxima visita."
1460,Nicolás Díaz,354801,2026-05-05,Quilmes-Centro,Virtual,TANVIMIL ACD,Se discutieron novedades de TANVIMIL ACD. Médico solicitó muestras.
1461,Nicolás Díaz,354801,2026-06-04,Quilmes-Centro,Virtual,TANVIMIL ACD|TRICOFIN,"Visita breve. Se dejó material de TANVIMIL ACD, TRICOFIN para revisión."
1462,Nicolás Díaz,354801,2026-08-01,Quilmes-Centro,Virtual,TRICOFIN|TANVIMIL ACD,Se coordinó charla informativa sobre TRICOFIN para el equipo médico.
1463,Nicolás Díaz,354801,2026-10-25,Quilmes-Centro,Telefónica,TRICOFIN,Visita breve. Se dejó material de TRICOFIN para revisión.
1464,Nicolás Díaz,354801,2026-12-10,Quilmes-Centro,Telefónica,TANVIMIL ACD|TRICOFIN,Visita de seguimiento. Se discutió eficacia de TANVIMIL ACD en pacientes.
1465,Valentina Pérez,922733,2025-09-27,Flores-Norte,Virtual,TACNA,Se presentó nueva evidencia clínica de TACNA. Interés alto.
1466,Valentina Pérez,922733,2025-11-01,Flores-Norte,Virtual,TACNA,Se entregó material informativo sobre TACNA. Buena recepción.
1467,Valentina Pérez,922733,2026-01-12,Flores-Norte,Telefónica,ONEFIN,Se discutieron novedades de ONEFIN. Médico solicitó muestras.
1468,Valentina Pérez,922733,2026-06-17,Flores-Norte,Virtual,ONEFIN,Presentación de ONEFIN. Se acordó seguimiento en próxima visita.
1469,Federico Álvarez,946721,2025-01-28,Villa Urquiza-Centro,Presencial,ALACIR,Se entregó material informativo sobre ALACIR. Buena recepción.
1470,Federico Álvarez,946721,2025-02-06,Villa Urquiza-Centro,Presencial,ALACIR|CIRUELAX MINITABS,El médico compartió experiencia positiva con ALACIR.
1471,Federico Álvarez,946721,2025-03-04,Villa Urquiza-Centro,Virtual,ALACIR,Presentación de ALACIR. Se acordó seguimiento en próxima visita.
1472,Federico Álvarez,946721,2025-04-22,Villa Urquiza-Centro,Presencial,CIRUELAX MINITABS,Reunión productiva. Se abordaron beneficios de CIRUELAX MINITABS.
1473,Federico Álvarez,946721,2025-05-02,Villa Urquiza-Centro,Virtual,ALACIR|CIRUELAX MINITABS,"Se presentaron ALACIR, CIRUELAX MINITABS. El médico mostró interés en ALACIR."
1474,Federico Álvarez,946721,2025-06-12,Villa Urquiza-Centro,Telefónica,ALACIR|CIRUELAX MINITABS,Visita de seguimiento. Se discutió eficacia de ALACIR en pacientes.
1475,Federico Álvarez,946721,2025-07-13,Villa Urquiza-Centro,Virtual,CIRUELAX MINITABS|ALACIR,Se presentó nueva evidencia clínica de CIRUELAX MINITABS. Interés alto.
1476,Federico Álvarez,946721,2025-08-26,Villa Urquiza-Centro,Telefónica,ALACIR|CIRUELAX MINITABS,"Se presentaron ALACIR, CIRUELAX MINITABS. El médico mostró interés en ALACIR."
1477,Federico Álvarez,946721,2025-09-12,Villa Urquiza-Centro,Presencial,CIRUELAX MINITABS|ALACIR,"Se entregó material informativo sobre CIRUELAX MINITABS, ALACIR. Buena recepción."
1478,Federico Álvarez,946721,2025-11-06,Villa Urquiza-Centro,Presencial,CIRUELAX MINITABS|ALACIR,El médico compartió experiencia positiva con CIRUELAX MINITABS.
1479,Federico Álvarez,946721,2026-02-09,Villa Urquiza-Centro,Presencial,CIRUELAX MINITABS|ALACIR,"Reunión productiva. Se abordaron beneficios de CIRUELAX MINITABS, ALACIR."
1480,Federico Álvarez,946721,2026-04-04,Villa Urquiza-Centro,Virtual,CIRUELAX MINITABS,Visita de seguimiento. Se discutió eficacia de CIRUELAX MINITABS en pacientes.
1481,Agustín Varela,526833,2025-02-14,Núñez-Centro,Presencial,MENCOGRIN AP|TRICOPLUS|PANCUTAN NF,Se coordinó charla informativa sobre MENCOGRIN AP para el equipo médico.
1482,Agustín Varela,526833,2025-05-01,Núñez-Centro,Virtual,SUTRICO TAR|PANCUTAN NF,El médico consultó sobre posología de SUTRICO TAR. Se aclararon dudas.
1483,Agustín Varela,526833,2025-06-11,Núñez-Centro,Virtual,SUTRICO TAR|PANCUTAN NF|MENCOGRIN AP,El médico compartió experiencia positiva con SUTRICO TAR.
1484,Agustín Varela,526833,2025-07-28,Núñez-Centro,Telefónica,PANCUTAN NF|SUTRICO TAR,Se revisaron casos clínicos con PANCUTAN NF. Médico receptivo.
1485,Agustín Varela,526833,2025-08-28,Núñez-Centro,Virtual,MENCOGRIN AP|PANCUTAN NF,Se revisaron casos clínicos con MENCOGRIN AP. Médico receptivo.
1486,Agustín Varela,526833,2025-09-20,Núñez-Centro,Telefónica,MENCOGRIN AP|TRIMACREM PLUS|PANCUTAN NF,Se revisaron casos clínicos con MENCOGRIN AP. Médico receptivo.
1487,Agustín Varela,526833,2025-10-05,Núñez-Centro,Presencial,TRICOPLUS|PANCUTAN NF|SUTRICO TAR,"Visita breve. Se dejó material de TRICOPLUS, PANCUTAN NF, SUTRICO TAR para revisión."
1488,Agustín Varela,526833,2025-11-12,Núñez-Centro,Presencial,PANCUTAN NF,Reunión productiva. Se abordaron beneficios de PANCUTAN NF.
1489,Agustín Varela,526833,2026-01-21,Núñez-Centro,Virtual,TRICOPLUS,El médico compartió experiencia positiva con TRICOPLUS.
1490,Agustín Varela,526833,2026-03-16,Núñez-Centro,Presencial,TRIMACREM PLUS|PANCUTAN NF,El médico compartió experiencia positiva con TRIMACREM PLUS.
1491,Agustín Varela,526833,2026-04-16,Núñez-Centro,Presencial,TRIMACREM PLUS|TRICOPLUS,El médico compartió experiencia positiva con TRIMACREM PLUS.
1492,Agustín Varela,526833,2026-05-01,Núñez-Centro,Presencial,MENCOGRIN AP|TRIMACREM PLUS,"Se entregó material informativo sobre MENCOGRIN AP, TRIMACREM PLUS. Buena recepción."
1493,Agustín Varela,526833,2026-06-23,Núñez-Centro,Presencial,MENCOGRIN AP|PANCUTAN NF|TRIMACREM PLUS,"Presentación de MENCOGRIN AP, PANCUTAN NF, TRIMACREM PLUS. Se acordó seguimiento en próxima visita."
1494,Agustín Varela,526833,2026-08-11,Núñez-Centro,Presencial,PANCUTAN NF|TRICOPLUS,"Visita breve. Se dejó material de PANCUTAN NF, TRICOPLUS para revisión."
1495,Agustín Varela,526833,2026-09-16,Núñez-Centro,Virtual,PANCUTAN NF|MENCOGRIN AP,Visita de seguimiento. Se discutió eficacia de PANCUTAN NF en pacientes.
1496,Agustín Varela,526833,2026-10-28,Núñez-Centro,Virtual,PANCUTAN NF|MENCOGRIN AP|TRICOPLUS,El médico compartió experiencia positiva con PANCUTAN NF.
1497,Agustín Varela,526833,2026-11-24,Núñez-Centro,Presencial,PANCUTAN NF|TRIMACREM PLUS,"Se presentaron PANCUTAN NF, TRIMACREM PLUS. El médico mostró interés en PANCUTAN NF."
1498,Rocío Castro,299659,2025-01-09,San Isidro-Centro,Virtual,TACNA,Se coordinó charla informativa sobre TACNA para el equipo médico.
1499,Rocío Castro,299659,2025-03-14,San Isidro-Centro,Presencial,ONEFIN,Se entregó material informativo sobre ONEFIN. Buena recepción.
1500,Rocío Castro,299659,2025-04-23,San Isidro-Centro,Virtual,TACNA|ONEFIN,El médico consultó sobre posología de TACNA. Se aclararon dudas.
1501,Rocío Castro,299659,2025-05-27,San Isidro-Centro,Virtual,ONEFIN,Reunión productiva. Se abordaron beneficios de ONEFIN.
1502,Rocío Castro,299659,2025-06-28,San Isidro-Centro,Presencial,TACNA,Se presentaron TACNA. El médico mostró interés en TACNA.
1503,Rocío Castro,299659,2025-07-07,San Isidro-Centro,Presencial,TACNA,Visita de seguimiento. Se discutió eficacia de TACNA en pacientes.
1504,Rocío Castro,299659,2025-08-27,San Isidro-Centro,Virtual,ONEFIN,Visita breve. Se dejó material de ONEFIN para revisión.
1505,Rocío Castro,299659,2025-09-28,San Isidro-Centro,Presencial,ONEFIN,Reunión productiva. Se abordaron beneficios de ONEFIN.
1506,Rocío Castro,299659,2025-10-27,San Isidro-Centro,Presencial,TACNA,Se discutieron novedades de TACNA. Médico solicitó muestras.
1507,Rocío Castro,299659,2025-11-28,San Isidro-Centro,Presencial,ONEFIN|TACNA,"Presentación de ONEFIN, TACNA. Se acordó seguimiento en próxima visita."
1508,Rocío Castro,299659,2025-12-07,San Isidro-Centro,Presencial,TACNA|ONEFIN,"Presentación de TACNA, ONEFIN. Se acordó seguimiento en próxima visita."
1509,Rocío Castro,299659,2026-02-04,San Isidro-Centro,Presencial,ONEFIN|TACNA,Se discutieron novedades de ONEFIN. Médico solicitó muestras.
1510,Rocío Castro,299659,2026-03-26,San Isidro-Centro,Virtual,TACNA,Se presentó nueva evidencia clínica de TACNA. Interés alto.
1511,Rocío Castro,299659,2026-04-16,San Isidro-Centro,Telefónica,ONEFIN,Reunión productiva. Se abordaron beneficios de ONEFIN.
1512,Matías Herrera,198907,2025-01-01,Palermo-Norte,Telefónica,ALACIR,El médico consultó sobre posología de ALACIR. Se aclararon dudas.
1513,Matías Herrera,198907,2025-06-19,Palermo-Norte,Telefónica,ALACIR,Presentación de ALACIR. Se acordó seguimiento en próxima visita.
1514,Matías Herrera,198907,2025-07-24,Palermo-Norte,Virtual,ALACIR|CIRUELAX MINITABS,"Se presentaron ALACIR, CIRUELAX MINITABS. El médico mostró interés en ALACIR."
1515,Matías Herrera,198907,2025-08-10,Palermo-Norte,Virtual,CIRUELAX MINITABS|ALACIR,El médico compartió experiencia positiva con CIRUELAX MINITABS.
1516,Matías Herrera,198907,2025-09-02,Palermo-Norte,Telefónica,CIRUELAX MINITABS,Se presentaron CIRUELAX MINITABS. El médico mostró interés en CIRUELAX MINITABS.
1517,Matías Herrera,198907,2026-05-07,Palermo-Norte,Telefónica,ALACIR,El médico compartió experiencia positiva con ALACIR.
1518,Rocío Castro,201639,2025-03-07,San Isidro-Centro,Telefónica,TACNA,Se presentaron TACNA. El médico mostró interés en TACNA.
1519,Rocío Castro,201639,2025-04-26,San Isidro-Centro,Telefónica,TACNA,Visita breve. Se dejó material de TACNA para revisión.
1520,Rocío Castro,201639,2025-05-21,San Isidro-Centro,Virtual,TRICOFIN|TACNA,"Se entregó material informativo sobre TRICOFIN, TACNA. Buena recepción."
1521,Rocío Castro,201639,2025-06-19,San Isidro-Centro,Presencial,TRICOFIN|TACNA,"Visita breve. Se dejó material de TRICOFIN, TACNA para revisión."
1522,Rocío Castro,201639,2025-07-22,San Isidro-Centro,Presencial,TACNA,El médico compartió experiencia positiva con TACNA.
1523,Rocío Castro,201639,2025-09-01,San Isidro-Centro,Presencial,TRICOFIN|TACNA,"Visita breve. Se dejó material de TRICOFIN, TACNA para revisión."
1524,Rocío Castro,201639,2025-10-10,San Isidro-Centro,Virtual,TACNA,Se entregó material informativo sobre TACNA. Buena recepción.
1525,Rocío Castro,201639,2025-11-09,San Isidro-Centro,Presencial,TACNA,El médico compartió experiencia positiva con TACNA.
1526,Rocío Castro,201639,2026-01-20,San Isidro-Centro,Presencial,TRICOFIN|TACNA,Se presentó nueva evidencia clínica de TRICOFIN. Interés alto.
1527,Rocío Castro,201639,2026-02-07,San Isidro-Centro,Presencial,TRICOFIN,Se revisaron casos clínicos con TRICOFIN. Médico receptivo.
1528,Rocío Castro,201639,2026-03-01,San Isidro-Centro,Virtual,TACNA|TRICOFIN,El médico compartió experiencia positiva con TACNA.
1529,Rocío Castro,201639,2026-05-02,San Isidro-Centro,Telefónica,TRICOFIN|TACNA,Se revisaron casos clínicos con TRICOFIN. Médico receptivo.
1530,Valentina Pérez,551989,2025-07-02,Devoto-Centro,Presencial,TIOCTAN,Reunión productiva. Se abordaron beneficios de TIOCTAN.
1531,Valentina Pérez,551989,2026-08-16,Devoto-Centro,Virtual,TANVIMIL AMINOÁCIDOS,El médico consultó sobre posología de TANVIMIL AMINOÁCIDOS. Se aclararon dudas.
1532,Valentina Pérez,551989,2026-10-21,Devoto-Centro,Virtual,TIOCTAN|CO‑TIOCTAN|TANVIMIL AMINOÁCIDOS,"Se entregó material informativo sobre TIOCTAN, CO‑TIOCTAN, TANVIMIL AMINOÁCIDOS. Buena recepción."
1533,Federico Álvarez,531071,2025-03-03,Recoleta-Norte,Telefónica,TANVIMIL ACD|TRICOFIN,El médico consultó sobre posología de TANVIMIL ACD. Se aclararon dudas.
1534,Federico Álvarez,531071,2025-07-06,Recoleta-Norte,Virtual,TANVIMIL ACD|TRICOFIN,"Se entregó material informativo sobre TANVIMIL ACD, TRICOFIN. Buena recepción."
1535,Federico Álvarez,531071,2025-08-20,Recoleta-Norte,Telefónica,TRICOFIN|TANVIMIL ACD,Visita de seguimiento. Se discutió eficacia de TRICOFIN en pacientes.
1536,Federico Álvarez,531071,2026-01-21,Recoleta-Norte,Telefónica,TANVIMIL ACD|TRICOFIN,"Se presentaron TANVIMIL ACD, TRICOFIN. El médico mostró interés en TANVIMIL ACD."
1537,Federico Álvarez,531071,2026-06-13,Recoleta-Norte,Telefónica,TRICOFIN,Presentación de TRICOFIN. Se acordó seguimiento en próxima visita.
1538,Federico Álvarez,531071,2026-08-13,Recoleta-Norte,Virtual,TANVIMIL ACD,El médico compartió experiencia positiva con TANVIMIL ACD.
1539,Federico Álvarez,531071,2026-11-05,Recoleta-Norte,Telefónica,TANVIMIL ACD|TRICOFIN,Se revisaron casos clínicos con TANVIMIL ACD. Médico receptivo.
1540,Federico Álvarez,531071,2026-12-26,Recoleta-Norte,Telefónica,TANVIMIL ACD|TRICOFIN,Se presentó nueva evidencia clínica de TANVIMIL ACD. Interés alto.
1541,Agustín Varela,589710,2025-01-20,Almagro-Centro,Presencial,TANVIMIL ACD|AEROGAL,Se coordinó charla informativa sobre TANVIMIL ACD para el equipo médico.
1542,Agustín Varela,589710,2025-04-22,Almagro-Centro,Presencial,TANVIMIL ACD FLUOR|TANVIMIL ACD,El médico consultó sobre posología de TANVIMIL ACD FLUOR. Se aclararon dudas.
1543,Agustín Varela,589710,2025-08-14,Almagro-Centro,Virtual,TANVIMIL ACD|AEROGAL|TANVIMIL ACD FLUOR,El médico consultó sobre posología de TANVIMIL ACD. Se aclararon dudas.
1544,Agustín Varela,589710,2026-01-21,Almagro-Centro,Telefónica,AEROGAL|TANVIMIL ACD FLUOR,"Se entregó material informativo sobre AEROGAL, TANVIMIL ACD FLUOR. Buena recepción."
1545,Agustín Varela,589710,2026-05-12,Almagro-Centro,Presencial,TANVIMIL ACD FLUOR|TANVIMIL ACD,El médico compartió experiencia positiva con TANVIMIL ACD FLUOR.
1546,Nicolás Díaz,864491,2025-02-21,Recoleta-Norte,Virtual,CO‑TIOCTAN|TANVIMIL B1 B6 B12|TANDIUR,Se discutieron novedades de CO‑TIOCTAN. Médico solicitó muestras.
1547,Nicolás Díaz,864491,2025-03-08,Recoleta-Norte,Telefónica,TANVIMIL B1 B6 B12,Se presentaron TANVIMIL B1 B6 B12. El médico mostró interés en TANVIMIL B1 B6 B12.
1548,Nicolás Díaz,864491,2025-04-03,Recoleta-Norte,Virtual,TANVIMIL B1 B6 B12|TIOCTAN,Se discutieron novedades de TANVIMIL B1 B6 B12. Médico solicitó muestras.
1549,Nicolás Díaz,864491,2025-06-26,Recoleta-Norte,Telefónica,CO‑TIOCTAN,Se presentó nueva evidencia clínica de CO‑TIOCTAN. Interés alto.
1550,Nicolás Díaz,864491,2025-10-20,Recoleta-Norte,Virtual,TANVIMIL B1 B6 B12|TIOCTAN,"Reunión productiva. Se abordaron beneficios de TANVIMIL B1 B6 B12, TIOCTAN."
1551,Nicolás Díaz,864491,2025-12-11,Recoleta-Norte,Telefónica,TIOCTAN|TANDIUR|CO‑TIOCTAN,Visita de seguimiento. Se discutió eficacia de TIOCTAN en pacientes.
1552,Nicolás Díaz,864491,2026-03-13,Recoleta-Norte,Virtual,TANVIMIL B1 B6 B12|CO‑TIOCTAN|TIOCTAN,"Reunión productiva. Se abordaron beneficios de TANVIMIL B1 B6 B12, CO‑TIOCTAN, TIOCTAN."
1553,Nicolás Díaz,864491,2026-06-21,Recoleta-Norte,Telefónica,TIOCTAN,Presentación de TIOCTAN. Se acordó seguimiento en próxima visita.
1554,Rocío Castro,156802,2025-01-25,Palermo-Sur,Virtual,APSICO,Se discutieron novedades de APSICO. Médico solicitó muestras.
1555,Rocío Castro,156802,2025-07-15,Palermo-Sur,Virtual,APSICO|PAMOXET,"Visita breve. Se dejó material de APSICO, PAMOXET para revisión."
1556,Rocío Castro,156802,2025-08-22,Palermo-Sur,Telefónica,APSICO,Presentación de APSICO. Se acordó seguimiento en próxima visita.
1557,Rocío Castro,156802,2025-09-01,Palermo-Sur,Telefónica,APSICO|PAMOXET,"Visita breve. Se dejó material de APSICO, PAMOXET para revisión."
1558,Rocío Castro,156802,2025-12-10,Palermo-Sur,Telefónica,PAMOXET|APSICO,Se discutieron novedades de PAMOXET. Médico solicitó muestras.
1559,Rocío Castro,156802,2026-03-11,Palermo-Sur,Virtual,PAMOXET|APSICO,"Reunión productiva. Se abordaron beneficios de PAMOXET, APSICO."
1560,Rocío Castro,156802,2026-05-14,Palermo-Sur,Virtual,PAMOXET,Se coordinó charla informativa sobre PAMOXET para el equipo médico.
1561,Camila Ruiz,806073,2025-01-21,Quilmes-Centro,Telefónica,CIRUELAX MINITABS|ALACIR,"Se presentaron CIRUELAX MINITABS, ALACIR. El médico mostró interés en CIRUELAX MINITABS."
1562,Camila Ruiz,806073,2025-02-03,Quilmes-Centro,Virtual,ALACIR|CIRUELAX MINITABS,El médico consultó sobre posología de ALACIR. Se aclararon dudas.
1563,Camila Ruiz,806073,2025-03-28,Quilmes-Centro,Presencial,ALACIR|CIRUELAX MINITABS,"Reunión productiva. Se abordaron beneficios de ALACIR, CIRUELAX MINITABS."
1564,Camila Ruiz,806073,2025-04-05,Quilmes-Centro,Virtual,CIRUELAX MINITABS|ALACIR,Se revisaron casos clínicos con CIRUELAX MINITABS. Médico receptivo.
1565,Camila Ruiz,806073,2025-05-10,Quilmes-Centro,Presencial,CIRUELAX MINITABS,Presentación de CIRUELAX MINITABS. Se acordó seguimiento en próxima visita.
1566,Camila Ruiz,806073,2025-06-17,Quilmes-Centro,Presencial,CIRUELAX MINITABS|ALACIR,Se revisaron casos clínicos con CIRUELAX MINITABS. Médico receptivo.
1567,Camila Ruiz,806073,2025-10-21,Quilmes-Centro,Virtual,CIRUELAX MINITABS|ALACIR,"Se entregó material informativo sobre CIRUELAX MINITABS, ALACIR. Buena recepción."
1568,Camila Ruiz,806073,2026-02-25,Quilmes-Centro,Presencial,CIRUELAX MINITABS,Visita breve. Se dejó material de CIRUELAX MINITABS para revisión.
1569,Camila Ruiz,806073,2026-03-26,Quilmes-Centro,Virtual,ALACIR,Se presentaron ALACIR. El médico mostró interés en ALACIR.
1570,Camila Ruiz,806073,2026-04-15,Quilmes-Centro,Presencial,ALACIR|CIRUELAX MINITABS,Se presentó nueva evidencia clínica de ALACIR. Interés alto.
1571,Camila Ruiz,806073,2026-05-03,Quilmes-Centro,Presencial,ALACIR|CIRUELAX MINITABS,"Se entregó material informativo sobre ALACIR, CIRUELAX MINITABS. Buena recepción."
1572,Camila Ruiz,806073,2026-06-14,Quilmes-Centro,Presencial,CIRUELAX MINITABS|ALACIR,"Se entregó material informativo sobre CIRUELAX MINITABS, ALACIR. Buena recepción."
1573,Camila Ruiz,806073,2026-07-19,Quilmes-Centro,Presencial,CIRUELAX MINITABS|ALACIR,Se presentó nueva evidencia clínica de CIRUELAX MINITABS. Interés alto.
1574,Camila Ruiz,806073,2026-08-03,Quilmes-Centro,Presencial,ALACIR|CIRUELAX MINITABS,"Reunión productiva. Se abordaron beneficios de ALACIR, CIRUELAX MINITABS."
1575,Camila Ruiz,806073,2026-11-04,Quilmes-Centro,Virtual,CIRUELAX MINITABS,El médico consultó sobre posología de CIRUELAX MINITABS. Se aclararon dudas.
1576,Camila Ruiz,806073,2026-12-23,Quilmes-Centro,Telefónica,ALACIR,Se discutieron novedades de ALACIR. Médico solicitó muestras.
1577,Matías Herrera,777568,2025-02-24,Almagro-Centro,Presencial,ONEFIN|PAMOXET,El médico consultó sobre posología de ONEFIN. Se aclararon dudas.
1578,Matías Herrera,777568,2025-03-15,Almagro-Centro,Presencial,PAMOXET|ONEFIN|APSICO,Se coordinó charla informativa sobre PAMOXET para el equipo médico.
1579,Matías Herrera,777568,2025-07-17,Almagro-Centro,Presencial,APSICO|ONEFIN|PAMOXET,Se discutieron novedades de APSICO. Médico solicitó muestras.
1580,Matías Herrera,777568,2025-08-05,Almagro-Centro,Presencial,ONEFIN|APSICO|PAMOXET,Se revisaron casos clínicos con ONEFIN. Médico receptivo.
1581,Matías Herrera,777568,2025-09-16,Almagro-Centro,Telefónica,ONEFIN|APSICO|PAMOXET,"Reunión productiva. Se abordaron beneficios de ONEFIN, APSICO, PAMOXET."
1582,Matías Herrera,777568,2025-11-02,Almagro-Centro,Presencial,PAMOXET,Se presentaron PAMOXET. El médico mostró interés en PAMOXET.
1583,Valentina Pérez,203198,2025-03-09,San Isidro-Centro,Virtual,TANVIMIL AMINOÁCIDOS,Se discutieron novedades de TANVIMIL AMINOÁCIDOS. Médico solicitó muestras.
1584,Valentina Pérez,203198,2025-05-25,San Isidro-Centro,Presencial,TANVIMIL AMINOÁCIDOS|TANVIMIL PLUS|TANVIMIL B1 B6 B12,"Se presentaron TANVIMIL AMINOÁCIDOS, TANVIMIL PLUS, TANVIMIL B1 B6 B12. El médico mostró interés en TANVIMIL AMINOÁCIDOS."
1585,Valentina Pérez,522179,2025-03-19,Quilmes-Centro,Virtual,CIRUELAX MINITABS|ALACIR,Se revisaron casos clínicos con CIRUELAX MINITABS. Médico receptivo.
1586,Valentina Pérez,522179,2025-04-22,Quilmes-Centro,Virtual,CIRUELAX MINITABS,Visita breve. Se dejó material de CIRUELAX MINITABS para revisión.
1587,Valentina Pérez,522179,2025-07-06,Quilmes-Centro,Presencial,ALACIR,Visita de seguimiento. Se discutió eficacia de ALACIR en pacientes.
1588,Valentina Pérez,522179,2025-10-20,Quilmes-Centro,Virtual,ALACIR|CIRUELAX MINITABS,Se revisaron casos clínicos con ALACIR. Médico receptivo.
1589,Valentina Pérez,522179,2026-05-08,Quilmes-Centro,Presencial,ALACIR,Reunión productiva. Se abordaron beneficios de ALACIR.
1590,Valentina Pérez,522179,2026-08-26,Quilmes-Centro,Virtual,CIRUELAX MINITABS|ALACIR,Se discutieron novedades de CIRUELAX MINITABS. Médico solicitó muestras.
1591,Valentina Pérez,522179,2026-12-15,Quilmes-Centro,Presencial,ALACIR,Visita de seguimiento. Se discutió eficacia de ALACIR en pacientes.
1592,Martín Rodríguez,863587,2025-04-17,Caballito-Centro,Presencial,CO‑TIOCTAN|TANVIMIL B1 B6 B12|TIOCTAN,"Se presentaron CO‑TIOCTAN, TANVIMIL B1 B6 B12, TIOCTAN. El médico mostró interés en CO‑TIOCTAN."
1593,Martín Rodríguez,863587,2025-06-21,Caballito-Centro,Presencial,TIOCTAN|CO‑TIOCTAN,"Reunión productiva. Se abordaron beneficios de TIOCTAN, CO‑TIOCTAN."
1594,Martín Rodríguez,863587,2025-07-21,Caballito-Centro,Virtual,TANDIUR,Se presentó nueva evidencia clínica de TANDIUR. Interés alto.
1595,Martín Rodríguez,863587,2025-08-11,Caballito-Centro,Telefónica,TANVIMIL B1 B6 B12|CO‑TIOCTAN,El médico consultó sobre posología de TANVIMIL B1 B6 B12. Se aclararon dudas.
1596,Martín Rodríguez,863587,2025-09-18,Caballito-Centro,Presencial,TIOCTAN|CO‑TIOCTAN|TANVIMIL B1 B6 B12,Se revisaron casos clínicos con TIOCTAN. Médico receptivo.
1597,Martín Rodríguez,863587,2025-10-26,Caballito-Centro,Presencial,TIOCTAN,Se discutieron novedades de TIOCTAN. Médico solicitó muestras.
1598,Martín Rodríguez,863587,2025-12-16,Caballito-Centro,Presencial,TANDIUR,Se coordinó charla informativa sobre TANDIUR para el equipo médico.
1599,Martín Rodríguez,863587,2026-02-09,Caballito-Centro,Virtual,TANVIMIL B1 B6 B12,Se entregó material informativo sobre TANVIMIL B1 B6 B12. Buena recepción.
1600,Martín Rodríguez,863587,2026-04-11,Caballito-Centro,Presencial,TANDIUR,Se revisaron casos clínicos con TANDIUR. Médico receptivo.
1601,Martín Rodríguez,863587,2026-06-21,Caballito-Centro,Virtual,TANVIMIL B1 B6 B12,Reunión productiva. Se abordaron beneficios de TANVIMIL B1 B6 B12.
1602,Martín Rodríguez,863587,2026-07-22,Caballito-Centro,Presencial,TANVIMIL B1 B6 B12|TANDIUR|TIOCTAN,"Reunión productiva. Se abordaron beneficios de TANVIMIL B1 B6 B12, TANDIUR, TIOCTAN."
1603,Martín Rodríguez,863587,2026-08-09,Caballito-Centro,Presencial,TIOCTAN|TANVIMIL B1 B6 B12|CO‑TIOCTAN,"Reunión productiva. Se abordaron beneficios de TIOCTAN, TANVIMIL B1 B6 B12, CO‑TIOCTAN."
1604,Martín Rodríguez,863587,2026-09-12,Caballito-Centro,Presencial,TANVIMIL B1 B6 B12,El médico compartió experiencia positiva con TANVIMIL B1 B6 B12.
1605,Martín Rodríguez,863587,2026-10-21,Caballito-Centro,Presencial,TANDIUR|CO‑TIOCTAN,"Se entregó material informativo sobre TANDIUR, CO‑TIOCTAN. Buena recepción."
1606,Martín Rodríguez,863587,2026-11-21,Caballito-Centro,Telefónica,TIOCTAN,Visita de seguimiento. Se discutió eficacia de TIOCTAN en pacientes.
1607,Martín Rodríguez,863587,2026-12-05,Caballito-Centro,Telefónica,CO‑TIOCTAN|TANVIMIL B1 B6 B12,Visita de seguimiento. Se discutió eficacia de CO‑TIOCTAN en pacientes.
1608,Rocío Castro,455784,2025-01-27,La Plata-Centro,Virtual,CIRUELAX MINITABS|ALACIR,Se presentó nueva evidencia clínica de CIRUELAX MINITABS. Interés alto.
1609,Rocío Castro,455784,2025-06-03,La Plata-Centro,Virtual,CIRUELAX MINITABS,El médico consultó sobre posología de CIRUELAX MINITABS. Se aclararon dudas.
1610,Rocío Castro,455784,2025-07-01,La Plata-Centro,Virtual,ALACIR,Se discutieron novedades de ALACIR. Médico solicitó muestras.
1611,Rocío Castro,455784,2025-09-13,La Plata-Centro,Virtual,CIRUELAX MINITABS|ALACIR,"Reunión productiva. Se abordaron beneficios de CIRUELAX MINITABS, ALACIR."
1612,Rocío Castro,455784,2026-07-02,La Plata-Centro,Presencial,CIRUELAX MINITABS|ALACIR,Se coordinó charla informativa sobre CIRUELAX MINITABS para el equipo médico.
1613,Rocío Castro,455784,2026-08-08,La Plata-Centro,Presencial,CIRUELAX MINITABS|ALACIR,Visita de seguimiento. Se discutió eficacia de CIRUELAX MINITABS en pacientes.
1614,Rocío Castro,455784,2026-09-16,La Plata-Centro,Virtual,ALACIR|CIRUELAX MINITABS,"Presentación de ALACIR, CIRUELAX MINITABS. Se acordó seguimiento en próxima visita."
1615,Rocío Castro,455784,2026-10-27,La Plata-Centro,Telefónica,ALACIR,Presentación de ALACIR. Se acordó seguimiento en próxima visita.
1616,Rocío Castro,455784,2026-11-28,La Plata-Centro,Presencial,CIRUELAX MINITABS,Se coordinó charla informativa sobre CIRUELAX MINITABS para el equipo médico.
1617,Camila Ruiz,939482,2025-03-07,Caballito-Centro,Virtual,ONEFIN|TACNA,"Se presentaron ONEFIN, TACNA. El médico mostró interés en ONEFIN."
1618,Camila Ruiz,939482,2025-06-13,Caballito-Centro,Virtual,ONEFIN|TACNA,Se discutieron novedades de ONEFIN. Médico solicitó muestras.
1619,Camila Ruiz,939482,2025-09-02,Caballito-Centro,Telefónica,ONEFIN,Visita breve. Se dejó material de ONEFIN para revisión.
1620,Camila Ruiz,939482,2026-04-19,Caballito-Centro,Telefónica,TACNA|ONEFIN,Se presentó nueva evidencia clínica de TACNA. Interés alto.
1621,Camila Ruiz,939482,2026-07-15,Caballito-Centro,Telefónica,ONEFIN|TACNA,"Se entregó material informativo sobre ONEFIN, TACNA. Buena recepción."
1622,Camila Ruiz,939482,2026-10-17,Caballito-Centro,Telefónica,TACNA|ONEFIN,Se presentó nueva evidencia clínica de TACNA. Interés alto.
1623,Martín Rodríguez,214576,2025-01-25,Almagro-Centro,Virtual,TACNA|TRICOFIN,El médico compartió experiencia positiva con TACNA.
1624,Martín Rodríguez,214576,2025-05-09,Almagro-Centro,Virtual,TRICOFIN,Se presentaron TRICOFIN. El médico mostró interés en TRICOFIN.
1625,Martín Rodríguez,214576,2025-09-27,Almagro-Centro,Telefónica,TRICOFIN|TACNA,El médico consultó sobre posología de TRICOFIN. Se aclararon dudas.
1626,Martín Rodríguez,214576,2025-12-15,Almagro-Centro,Virtual,TRICOFIN,Presentación de TRICOFIN. Se acordó seguimiento en próxima visita.
1627,Martín Rodríguez,214576,2026-04-01,Almagro-Centro,Virtual,TACNA,Se discutieron novedades de TACNA. Médico solicitó muestras.
1628,Martín Rodríguez,214576,2026-05-20,Almagro-Centro,Virtual,TACNA,Visita de seguimiento. Se discutió eficacia de TACNA en pacientes.
1629,Ana Martínez,299448,2025-02-19,Belgrano-R,Telefónica,TANVIMIL AMINOÁCIDOS|TIOCTAN|CO‑TIOCTAN,"Reunión productiva. Se abordaron beneficios de TANVIMIL AMINOÁCIDOS, TIOCTAN, CO‑TIOCTAN."
1630,Ana Martínez,299448,2025-03-19,Belgrano-R,Telefónica,TIOCTAN|CO‑TIOCTAN|TANVIMIL AMINOÁCIDOS,El médico consultó sobre posología de TIOCTAN. Se aclararon dudas.
1631,Ana Martínez,299448,2025-04-21,Belgrano-R,Virtual,TIOCTAN|TANVIMIL AMINOÁCIDOS,Se coordinó charla informativa sobre TIOCTAN para el equipo médico.
1632,Ana Martínez,299448,2025-05-26,Belgrano-R,Virtual,CO‑TIOCTAN,Visita breve. Se dejó material de CO‑TIOCTAN para revisión.
1633,Ana Martínez,299448,2025-07-24,Belgrano-R,Telefónica,TANVIMIL AMINOÁCIDOS|CO‑TIOCTAN,"Se presentaron TANVIMIL AMINOÁCIDOS, CO‑TIOCTAN. El médico mostró interés en TANVIMIL AMINOÁCIDOS."
1634,Ana Martínez,299448,2025-11-20,Belgrano-R,Virtual,CO‑TIOCTAN|TIOCTAN|TANVIMIL AMINOÁCIDOS,El médico compartió experiencia positiva con CO‑TIOCTAN.
1635,Ana Martínez,299448,2026-01-28,Belgrano-R,Virtual,TANVIMIL AMINOÁCIDOS|TIOCTAN|CO‑TIOCTAN,El médico compartió experiencia positiva con TANVIMIL AMINOÁCIDOS.
1636,Ana Martínez,299448,2026-03-17,Belgrano-R,Telefónica,TIOCTAN|CO‑TIOCTAN|TANVIMIL AMINOÁCIDOS,Se revisaron casos clínicos con TIOCTAN. Médico receptivo.
1637,Ana Martínez,299448,2026-04-03,Belgrano-R,Telefónica,CO‑TIOCTAN|TANVIMIL AMINOÁCIDOS|TIOCTAN,Visita de seguimiento. Se discutió eficacia de CO‑TIOCTAN en pacientes.
1638,Ana Martínez,299448,2026-07-20,Belgrano-R,Telefónica,TIOCTAN,Se discutieron novedades de TIOCTAN. Médico solicitó muestras.
1639,Ana Martínez,299448,2026-11-24,Belgrano-R,Telefónica,TIOCTAN|CO‑TIOCTAN|TANVIMIL AMINOÁCIDOS,Se revisaron casos clínicos con TIOCTAN. Médico receptivo.
1640,Ana Martínez,662336,2025-08-02,Belgrano-R,Presencial,TANDIUR|CO‑TIOCTAN,El médico compartió experiencia positiva con TANDIUR.
1641,Paula Acosta,570405,2025-02-12,Caballito-Centro,Virtual,TANVIMIL AMINOÁCIDOS|TIOCTAN|CO‑TIOCTAN,"Se presentaron TANVIMIL AMINOÁCIDOS, TIOCTAN, CO‑TIOCTAN. El médico mostró interés en TANVIMIL AMINOÁCIDOS."
1642,Paula Acosta,570405,2025-03-28,Caballito-Centro,Telefónica,TIOCTAN,Se revisaron casos clínicos con TIOCTAN. Médico receptivo.
1643,Paula Acosta,570405,2026-02-17,Caballito-Centro,Virtual,TANVIMIL AMINOÁCIDOS,Reunión productiva. Se abordaron beneficios de TANVIMIL AMINOÁCIDOS.
1644,Paula Acosta,570405,2026-05-23,Caballito-Centro,Telefónica,TANVIMIL AMINOÁCIDOS|TIOCTAN,Visita de seguimiento. Se discutió eficacia de TANVIMIL AMINOÁCIDOS en pacientes.
1645,Paula Acosta,570405,2026-06-21,Caballito-Centro,Virtual,TIOCTAN,Presentación de TIOCTAN. Se acordó seguimiento en próxima visita.
1646,Paula Acosta,570405,2026-08-13,Caballito-Centro,Telefónica,TANVIMIL AMINOÁCIDOS,Presentación de TANVIMIL AMINOÁCIDOS. Se acordó seguimiento en próxima visita.
1647,Paula Acosta,570405,2026-10-20,Caballito-Centro,Telefónica,TIOCTAN|TANVIMIL AMINOÁCIDOS,El médico consultó sobre posología de TIOCTAN. Se aclararon dudas.
1648,Paula Acosta,570405,2026-12-25,Caballito-Centro,Virtual,CO‑TIOCTAN|TIOCTAN|TANVIMIL AMINOÁCIDOS,"Visita breve. Se dejó material de CO‑TIOCTAN, TIOCTAN, TANVIMIL AMINOÁCIDOS para revisión."
1649,Paula Acosta,292401,2025-02-11,La Plata-Centro,Presencial,ALACIR,Se revisaron casos clínicos con ALACIR. Médico receptivo.
1650,Paula Acosta,292401,2025-05-07,La Plata-Centro,Presencial,CIRUELAX MINITABS|ALACIR,Se discutieron novedades de CIRUELAX MINITABS. Médico solicitó muestras.
1651,Paula Acosta,292401,2025-06-01,La Plata-Centro,Presencial,CIRUELAX MINITABS,Se presentaron CIRUELAX MINITABS. El médico mostró interés en CIRUELAX MINITABS.
1652,Paula Acosta,292401,2025-07-23,La Plata-Centro,Presencial,CIRUELAX MINITABS|ALACIR,Se revisaron casos clínicos con CIRUELAX MINITABS. Médico receptivo.
1653,Paula Acosta,292401,2025-09-10,La Plata-Centro,Presencial,CIRUELAX MINITABS,Se entregó material informativo sobre CIRUELAX MINITABS. Buena recepción.
1654,Paula Acosta,292401,2026-01-07,La Plata-Centro,Telefónica,ALACIR|CIRUELAX MINITABS,"Se entregó material informativo sobre ALACIR, CIRUELAX MINITABS. Buena recepción."
1655,Paula Acosta,292401,2026-07-02,La Plata-Centro,Presencial,ALACIR,Se discutieron novedades de ALACIR. Médico solicitó muestras.
1656,Paula Acosta,292401,2026-08-07,La Plata-Centro,Telefónica,CIRUELAX MINITABS,Visita breve. Se dejó material de CIRUELAX MINITABS para revisión.
1657,Paula Acosta,292401,2026-10-03,La Plata-Centro,Presencial,CIRUELAX MINITABS,Se coordinó charla informativa sobre CIRUELAX MINITABS para el equipo médico.
1658,Paula Acosta,292401,2026-11-25,La Plata-Centro,Presencial,ALACIR|CIRUELAX MINITABS,"Visita breve. Se dejó material de ALACIR, CIRUELAX MINITABS para revisión."
1659,Sebastián Torres,361941,2025-01-13,Caballito-Centro,Telefónica,TRICOPLUS|SUTRICO TAR|PANCUTAN NF,Se coordinó charla informativa sobre TRICOPLUS para el equipo médico.
1660,Sebastián Torres,361941,2025-02-08,Caballito-Centro,Telefónica,TRICOPLUS|SUTRICO TAR|PANCUTAN NF,El médico compartió experiencia positiva con TRICOPLUS.
1661,Sebastián Torres,361941,2025-03-26,Caballito-Centro,Virtual,TRIMACREM PLUS|TRICOPLUS,El médico compartió experiencia positiva con TRIMACREM PLUS.
1662,Sebastián Torres,361941,2025-05-03,Caballito-Centro,Virtual,TRIMACREM PLUS|TRICOPLUS|MENCOGRIN AP,Se presentó nueva evidencia clínica de TRIMACREM PLUS. Interés alto.
1663,Sebastián Torres,361941,2025-06-27,Caballito-Centro,Presencial,MENCOGRIN AP|TRIMACREM PLUS|TRICOPLUS,"Visita breve. Se dejó material de MENCOGRIN AP, TRIMACREM PLUS, TRICOPLUS para revisión."
1664,Sebastián Torres,361941,2025-08-26,Caballito-Centro,Presencial,TRIMACREM PLUS,Reunión productiva. Se abordaron beneficios de TRIMACREM PLUS.
1665,Sebastián Torres,361941,2025-09-13,Caballito-Centro,Presencial,TRIMACREM PLUS,Se presentaron TRIMACREM PLUS. El médico mostró interés en TRIMACREM PLUS.
1666,Sebastián Torres,361941,2025-10-22,Caballito-Centro,Presencial,SUTRICO TAR|MENCOGRIN AP,"Reunión productiva. Se abordaron beneficios de SUTRICO TAR, MENCOGRIN AP."
1667,Sebastián Torres,361941,2025-11-05,Caballito-Centro,Presencial,SUTRICO TAR|PANCUTAN NF|TRICOPLUS,El médico compartió experiencia positiva con SUTRICO TAR.
1668,Sebastián Torres,361941,2025-12-03,Caballito-Centro,Presencial,PANCUTAN NF|SUTRICO TAR,Se presentó nueva evidencia clínica de PANCUTAN NF. Interés alto.
1669,Sebastián Torres,361941,2026-01-21,Caballito-Centro,Presencial,MENCOGRIN AP|TRICOPLUS|PANCUTAN NF,"Se presentaron MENCOGRIN AP, TRICOPLUS, PANCUTAN NF. El médico mostró interés en MENCOGRIN AP."
1670,Sebastián Torres,361941,2026-03-17,Caballito-Centro,Presencial,TRIMACREM PLUS|TRICOPLUS|PANCUTAN NF,Se discutieron novedades de TRIMACREM PLUS. Médico solicitó muestras.
1671,Sebastián Torres,361941,2026-04-19,Caballito-Centro,Presencial,SUTRICO TAR|PANCUTAN NF|TRIMACREM PLUS,Se coordinó charla informativa sobre SUTRICO TAR para el equipo médico.
1672,Sebastián Torres,361941,2026-05-17,Caballito-Centro,Presencial,PANCUTAN NF|TRICOPLUS,El médico consultó sobre posología de PANCUTAN NF. Se aclararon dudas.
1673,Sebastián Torres,361941,2026-06-07,Caballito-Centro,Virtual,SUTRICO TAR|MENCOGRIN AP,"Reunión productiva. Se abordaron beneficios de SUTRICO TAR, MENCOGRIN AP."
1674,Sebastián Torres,361941,2026-10-02,Caballito-Centro,Virtual,TRICOPLUS|MENCOGRIN AP,Visita de seguimiento. Se discutió eficacia de TRICOPLUS en pacientes.
1675,Sebastián Torres,361941,2026-11-11,Caballito-Centro,Presencial,TRICOPLUS|PANCUTAN NF|MENCOGRIN AP,El médico compartió experiencia positiva con TRICOPLUS.
1676,Carlos Gómez,997546,2025-03-03,Palermo-Norte,Presencial,TANVIMIL ACD,Visita de seguimiento. Se discutió eficacia de TANVIMIL ACD en pacientes.
1677,Agustín Varela,202664,2026-03-19,Flores-Norte,Presencial,PAMOXET,El médico consultó sobre posología de PAMOXET. Se aclararon dudas.
1678,Agustín Varela,666847,2025-02-04,La Plata-Centro,Virtual,TIOCTAN,El médico compartió experiencia positiva con TIOCTAN.
1679,Agustín Varela,666847,2025-09-04,La Plata-Centro,Virtual,TANVIMIL B1 B6 B12|TIOCTAN,Se revisaron casos clínicos con TANVIMIL B1 B6 B12. Médico receptivo.
1680,Agustín Varela,666847,2025-11-05,La Plata-Centro,Virtual,TIOCTAN,Visita de seguimiento. Se discutió eficacia de TIOCTAN en pacientes.
1681,Agustín Varela,666847,2026-01-26,La Plata-Centro,Virtual,TIOCTAN|TANVIMIL B1 B6 B12,"Se entregó material informativo sobre TIOCTAN, TANVIMIL B1 B6 B12. Buena recepción."
1682,Agustín Varela,666847,2026-03-18,La Plata-Centro,Virtual,TANVIMIL B1 B6 B12,Se presentó nueva evidencia clínica de TANVIMIL B1 B6 B12. Interés alto.
1683,Agustín Varela,666847,2026-05-07,La Plata-Centro,Virtual,TIOCTAN|TANVIMIL B1 B6 B12,"Presentación de TIOCTAN, TANVIMIL B1 B6 B12. Se acordó seguimiento en próxima visita."
1684,Agustín Varela,666847,2026-06-15,La Plata-Centro,Virtual,TIOCTAN|TANVIMIL B1 B6 B12,"Se presentaron TIOCTAN, TANVIMIL B1 B6 B12. El médico mostró interés en TIOCTAN."
1685,Agustín Varela,666847,2026-08-02,La Plata-Centro,Virtual,TANVIMIL B1 B6 B12,Se presentó nueva evidencia clínica de TANVIMIL B1 B6 B12. Interés alto.
1686,Agustín Varela,666847,2026-10-11,La Plata-Centro,Virtual,TANVIMIL B1 B6 B12,Reunión productiva. Se abordaron beneficios de TANVIMIL B1 B6 B12.
1687,Agustín Varela,666847,2026-11-07,La Plata-Centro,Virtual,TIOCTAN,Reunión productiva. Se abordaron beneficios de TIOCTAN.
1688,Matías Herrera,976638,2025-01-01,Palermo-Norte,Telefónica,TRICOPLUS|PANCUTAN NF|MENCOGRIN AP,Se revisaron casos clínicos con TRICOPLUS. Médico receptivo.
1689,Matías Herrera,976638,2025-02-28,Palermo-Norte,Telefónica,SUTRICO TAR|TRICOPLUS,Visita de seguimiento. Se discutió eficacia de SUTRICO TAR en pacientes.
1690,Matías Herrera,976638,2025-12-23,Palermo-Norte,Presencial,PANCUTAN NF|SUTRICO TAR|MENCOGRIN AP,El médico consultó sobre posología de PANCUTAN NF. Se aclararon dudas.
1691,Sebastián Torres,115474,2025-01-13,Belgrano-R,Virtual,TRICOFIN|TANVIMIL ACD,Visita de seguimiento. Se discutió eficacia de TRICOFIN en pacientes.
1692,Sebastián Torres,115474,2025-02-27,Belgrano-R,Virtual,TANVIMIL ACD|TRICOFIN,"Visita breve. Se dejó material de TANVIMIL ACD, TRICOFIN para revisión."
1693,Sebastián Torres,115474,2025-06-24,Belgrano-R,Telefónica,TRICOFIN,El médico consultó sobre posología de TRICOFIN. Se aclararon dudas.
1694,Sebastián Torres,115474,2025-08-13,Belgrano-R,Presencial,TRICOFIN,Se revisaron casos clínicos con TRICOFIN. Médico receptivo.
1695,Sebastián Torres,115474,2025-11-27,Belgrano-R,Presencial,TANVIMIL ACD|TRICOFIN,El médico consultó sobre posología de TANVIMIL ACD. Se aclararon dudas.
1696,Sebastián Torres,115474,2026-01-26,Belgrano-R,Presencial,TANVIMIL ACD|TRICOFIN,El médico consultó sobre posología de TANVIMIL ACD. Se aclararon dudas.
1697,Sebastián Torres,115474,2026-03-11,Belgrano-R,Telefónica,TRICOFIN,Se presentaron TRICOFIN. El médico mostró interés en TRICOFIN.
1698,Diego López,197793,2025-01-22,Almagro-Centro,Presencial,TANVIMIL ACD|AEROGAL,Se coordinó charla informativa sobre TANVIMIL ACD para el equipo médico.
1699,Diego López,197793,2025-02-17,Almagro-Centro,Presencial,TANVIMIL ACD FLUOR,Se discutieron novedades de TANVIMIL ACD FLUOR. Médico solicitó muestras.
1700,Diego López,197793,2025-03-27,Almagro-Centro,Virtual,AEROGAL,Se revisaron casos clínicos con AEROGAL. Médico receptivo.
1701,Diego López,197793,2025-06-27,Almagro-Centro,Presencial,AEROGAL|TANVIMIL ACD FLUOR|TANVIMIL ACD,Se coordinó charla informativa sobre AEROGAL para el equipo médico.
1702,Diego López,197793,2025-07-06,Almagro-Centro,Presencial,TANVIMIL ACD|AEROGAL|TANVIMIL ACD FLUOR,El médico consultó sobre posología de TANVIMIL ACD. Se aclararon dudas.
1703,Diego López,197793,2025-08-04,Almagro-Centro,Presencial,TANVIMIL ACD|AEROGAL,Se discutieron novedades de TANVIMIL ACD. Médico solicitó muestras.
1704,Diego López,197793,2025-09-27,Almagro-Centro,Presencial,TANVIMIL ACD FLUOR|TANVIMIL ACD,"Visita breve. Se dejó material de TANVIMIL ACD FLUOR, TANVIMIL ACD para revisión."
1705,Diego López,197793,2025-11-24,Almagro-Centro,Presencial,TANVIMIL ACD FLUOR,Visita breve. Se dejó material de TANVIMIL ACD FLUOR para revisión.
1706,Diego López,197793,2025-12-12,Almagro-Centro,Virtual,TANVIMIL ACD FLUOR|TANVIMIL ACD,Se discutieron novedades de TANVIMIL ACD FLUOR. Médico solicitó muestras.
1707,Diego López,197793,2026-01-22,Almagro-Centro,Presencial,AEROGAL|TANVIMIL ACD FLUOR|TANVIMIL ACD,Se coordinó charla informativa sobre AEROGAL para el equipo médico.
1708,Diego López,197793,2026-02-14,Almagro-Centro,Presencial,AEROGAL|TANVIMIL ACD FLUOR|TANVIMIL ACD,"Se presentaron AEROGAL, TANVIMIL ACD FLUOR, TANVIMIL ACD. El médico mostró interés en AEROGAL."
1709,Diego López,197793,2026-03-01,Almagro-Centro,Presencial,TANVIMIL ACD FLUOR|TANVIMIL ACD|AEROGAL,El médico consultó sobre posología de TANVIMIL ACD FLUOR. Se aclararon dudas.
1710,Diego López,197793,2026-04-22,Almagro-Centro,Presencial,TANVIMIL ACD FLUOR|AEROGAL,Se revisaron casos clínicos con TANVIMIL ACD FLUOR. Médico receptivo.
1711,Diego López,197793,2026-05-10,Almagro-Centro,Virtual,AEROGAL|TANVIMIL ACD FLUOR|TANVIMIL ACD,"Reunión productiva. Se abordaron beneficios de AEROGAL, TANVIMIL ACD FLUOR, TANVIMIL ACD."
1712,Sebastián Torres,989921,2025-04-03,San Isidro-Centro,Telefónica,TANVIMIL B1 B6 B12|TIOCTAN,"Se presentaron TANVIMIL B1 B6 B12, TIOCTAN. El médico mostró interés en TANVIMIL B1 B6 B12."
1713,Sebastián Torres,989921,2025-07-21,San Isidro-Centro,Virtual,TANVIMIL B1 B6 B12,Se coordinó charla informativa sobre TANVIMIL B1 B6 B12 para el equipo médico.
1714,Sebastián Torres,989921,2025-09-07,San Isidro-Centro,Telefónica,TANVIMIL B1 B6 B12|TIOCTAN,"Visita breve. Se dejó material de TANVIMIL B1 B6 B12, TIOCTAN para revisión."
1715,Sebastián Torres,989921,2025-12-21,San Isidro-Centro,Presencial,TIOCTAN,Se revisaron casos clínicos con TIOCTAN. Médico receptivo.
1716,Sebastián Torres,989921,2026-01-21,San Isidro-Centro,Presencial,TANVIMIL B1 B6 B12|TIOCTAN,"Visita breve. Se dejó material de TANVIMIL B1 B6 B12, TIOCTAN para revisión."
1717,Sebastián Torres,989921,2026-02-27,San Isidro-Centro,Presencial,TANVIMIL B1 B6 B12,Se revisaron casos clínicos con TANVIMIL B1 B6 B12. Médico receptivo.
1718,Sebastián Torres,989921,2026-03-02,San Isidro-Centro,Virtual,TIOCTAN,Se entregó material informativo sobre TIOCTAN. Buena recepción.
1719,Sebastián Torres,989921,2026-05-07,San Isidro-Centro,Virtual,TIOCTAN,Se revisaron casos clínicos con TIOCTAN. Médico receptivo.
1720,Ana Martínez,274389,2025-05-19,Palermo-Sur,Presencial,TANVIMIL ACD FLUOR,Presentación de TANVIMIL ACD FLUOR. Se acordó seguimiento en próxima visita.
1721,Ana Martínez,274389,2025-07-13,Palermo-Sur,Presencial,AEROGAL|TANVIMIL ACD,"Presentación de AEROGAL, TANVIMIL ACD. Se acordó seguimiento en próxima visita."
1722,Diego López,526156,2025-04-02,Flores-Norte,Telefónica,TANVIMIL B1 B6 B12|TIOCTAN,Se coordinó charla informativa sobre TANVIMIL B1 B6 B12 para el equipo médico.
1723,Diego López,526156,2025-08-18,Flores-Norte,Telefónica,TIOCTAN|TANVIMIL B1 B6 B12,"Se presentaron TIOCTAN, TANVIMIL B1 B6 B12. El médico mostró interés en TIOCTAN."
1724,Diego López,526156,2025-11-22,Flores-Norte,Virtual,TIOCTAN|TANVIMIL B1 B6 B12,"Presentación de TIOCTAN, TANVIMIL B1 B6 B12. Se acordó seguimiento en próxima visita."
1725,Diego López,526156,2026-01-19,Flores-Norte,Virtual,TIOCTAN|TANVIMIL B1 B6 B12,"Se entregó material informativo sobre TIOCTAN, TANVIMIL B1 B6 B12. Buena recepción."
1726,Diego López,526156,2026-05-08,Flores-Norte,Virtual,TANVIMIL B1 B6 B12|TIOCTAN,"Se presentaron TANVIMIL B1 B6 B12, TIOCTAN. El médico mostró interés en TANVIMIL B1 B6 B12."
1727,Diego López,526156,2026-06-22,Flores-Norte,Telefónica,TIOCTAN|TANVIMIL B1 B6 B12,Se presentó nueva evidencia clínica de TIOCTAN. Interés alto.
1728,Diego López,526156,2026-10-28,Flores-Norte,Virtual,TANVIMIL B1 B6 B12,El médico consultó sobre posología de TANVIMIL B1 B6 B12. Se aclararon dudas.
1729,Diego López,526156,2026-11-14,Flores-Norte,Telefónica,TIOCTAN,Se coordinó charla informativa sobre TIOCTAN para el equipo médico.
1730,Rocío Castro,609231,2025-01-02,La Plata-Centro,Presencial,CO‑TIOCTAN|TIOCTAN|TANVIMIL AMINOÁCIDOS,Se coordinó charla informativa sobre CO‑TIOCTAN para el equipo médico.
1731,Rocío Castro,609231,2025-11-28,La Plata-Centro,Presencial,TANVIMIL AMINOÁCIDOS,Visita breve. Se dejó material de TANVIMIL AMINOÁCIDOS para revisión.
1732,Rocío Castro,609231,2025-12-12,La Plata-Centro,Telefónica,CO‑TIOCTAN|TANVIMIL AMINOÁCIDOS,Se coordinó charla informativa sobre CO‑TIOCTAN para el equipo médico.
1733,Rocío Castro,609231,2026-01-28,La Plata-Centro,Presencial,CO‑TIOCTAN,El médico consultó sobre posología de CO‑TIOCTAN. Se aclararon dudas.
1734,Rocío Castro,609231,2026-06-04,La Plata-Centro,Virtual,CO‑TIOCTAN|TANVIMIL AMINOÁCIDOS|TIOCTAN,"Visita breve. Se dejó material de CO‑TIOCTAN, TANVIMIL AMINOÁCIDOS, TIOCTAN para revisión."
1735,Rocío Castro,609231,2026-08-15,La Plata-Centro,Virtual,CO‑TIOCTAN|TIOCTAN|TANVIMIL AMINOÁCIDOS,El médico consultó sobre posología de CO‑TIOCTAN. Se aclararon dudas.
1736,Rocío Castro,609231,2026-09-16,La Plata-Centro,Presencial,TIOCTAN|CO‑TIOCTAN,"Se presentaron TIOCTAN, CO‑TIOCTAN. El médico mostró interés en TIOCTAN."
1737,Rocío Castro,609231,2026-10-28,La Plata-Centro,Virtual,TANVIMIL AMINOÁCIDOS,Reunión productiva. Se abordaron beneficios de TANVIMIL AMINOÁCIDOS.
1738,Rocío Castro,609231,2026-12-13,La Plata-Centro,Virtual,TIOCTAN|CO‑TIOCTAN|TANVIMIL AMINOÁCIDOS,"Reunión productiva. Se abordaron beneficios de TIOCTAN, CO‑TIOCTAN, TANVIMIL AMINOÁCIDOS."
1739,Nicolás Díaz,604740,2026-02-12,Palermo-Sur,Virtual,TRICOFIN,Visita breve. Se dejó material de TRICOFIN para revisión.
1740,Sebastián Torres,324130,2025-01-03,Vicente López-Centro,Presencial,ONEFIN|TACNA,Visita de seguimiento. Se discutió eficacia de ONEFIN en pacientes.
1741,Sebastián Torres,324130,2025-09-24,Vicente López-Centro,Telefónica,TACNA|ONEFIN,"Se presentaron TACNA, ONEFIN. El médico mostró interés en TACNA."
1742,Carlos Gómez,161483,2025-01-04,Flores-Norte,Virtual,TANVIMIL AMINOÁCIDOS|CO‑TIOCTAN|TIOCTAN,Se discutieron novedades de TANVIMIL AMINOÁCIDOS. Médico solicitó muestras.
1743,Carlos Gómez,161483,2025-05-28,Flores-Norte,Virtual,CO‑TIOCTAN|TIOCTAN|TANVIMIL AMINOÁCIDOS,"Se presentaron CO‑TIOCTAN, TIOCTAN, TANVIMIL AMINOÁCIDOS. El médico mostró interés en CO‑TIOCTAN."
1744,Carlos Gómez,161483,2026-07-22,Flores-Norte,Virtual,TIOCTAN|CO‑TIOCTAN|TANVIMIL AMINOÁCIDOS,Se discutieron novedades de TIOCTAN. Médico solicitó muestras.
1745,Carlos Gómez,161483,2026-12-07,Flores-Norte,Presencial,TIOCTAN|CO‑TIOCTAN,El médico consultó sobre posología de TIOCTAN. Se aclararon dudas.
1746,Diego López,272634,2025-06-03,Palermo-Sur,Presencial,TRIMACREM PLUS,Se presentó nueva evidencia clínica de TRIMACREM PLUS. Interés alto.
1747,Diego López,272634,2025-11-08,Palermo-Sur,Presencial,TRICOPLUS|TRIMACREM PLUS|SUTRICO TAR,Se presentó nueva evidencia clínica de TRICOPLUS. Interés alto.
1748,Diego López,272634,2025-12-03,Palermo-Sur,Presencial,SUTRICO TAR|MENCOGRIN AP,Se presentó nueva evidencia clínica de SUTRICO TAR. Interés alto.
1749,Diego López,272634,2026-06-08,Palermo-Sur,Telefónica,TRIMACREM PLUS|TRICOPLUS,"Reunión productiva. Se abordaron beneficios de TRIMACREM PLUS, TRICOPLUS."
1750,Federico Álvarez,497382,2025-05-06,Devoto-Centro,Presencial,TANVIMIL ACD FLUOR|TANVIMIL ACD,Se discutieron novedades de TANVIMIL ACD FLUOR. Médico solicitó muestras.
1751,Federico Álvarez,497382,2025-06-08,Devoto-Centro,Presencial,TANVIMIL ACD|TANVIMIL ACD FLUOR,El médico compartió experiencia positiva con TANVIMIL ACD.
1752,Federico Álvarez,497382,2025-08-17,Devoto-Centro,Presencial,TANVIMIL ACD|TANVIMIL ACD FLUOR|AEROGAL,Se discutieron novedades de TANVIMIL ACD. Médico solicitó muestras.
1753,Federico Álvarez,497382,2025-12-11,Devoto-Centro,Virtual,AEROGAL,Visita de seguimiento. Se discutió eficacia de AEROGAL en pacientes.
1754,Lucía Fernández,102260,2025-01-18,Caballito-Centro,Telefónica,PAMOXET,Reunión productiva. Se abordaron beneficios de PAMOXET.
1755,Lucía Fernández,102260,2025-03-14,Caballito-Centro,Presencial,PAMOXET,El médico consultó sobre posología de PAMOXET. Se aclararon dudas.
1756,Lucía Fernández,102260,2025-07-25,Caballito-Centro,Presencial,APSICO|PAMOXET,El médico compartió experiencia positiva con APSICO.
1757,Lucía Fernández,102260,2025-10-14,Caballito-Centro,Virtual,APSICO,Se presentaron APSICO. El médico mostró interés en APSICO.
1758,Lucía Fernández,102260,2026-02-19,Caballito-Centro,Presencial,APSICO|PAMOXET,Se revisaron casos clínicos con APSICO. Médico receptivo.
1759,Lucía Fernández,102260,2026-04-05,Caballito-Centro,Presencial,PAMOXET,Se revisaron casos clínicos con PAMOXET. Médico receptivo.
1760,Daniela Morales,509386,2025-03-18,Palermo-Norte,Virtual,TIOCTAN|CO‑TIOCTAN,El médico compartió experiencia positiva con TIOCTAN.
1761,Daniela Morales,509386,2025-07-15,Palermo-Norte,Telefónica,TIOCTAN|CO‑TIOCTAN|TANVIMIL AMINOÁCIDOS,"Se entregó material informativo sobre TIOCTAN, CO‑TIOCTAN, TANVIMIL AMINOÁCIDOS. Buena recepción."
1762,Daniela Morales,509386,2026-01-21,Palermo-Norte,Telefónica,TIOCTAN|TANVIMIL AMINOÁCIDOS|CO‑TIOCTAN,El médico compartió experiencia positiva con TIOCTAN.
1763,Federico Álvarez,378085,2025-01-23,Flores-Norte,Telefónica,CO‑TIOCTAN|TANVIMIL B1 B6 B12|TANDIUR,Se discutieron novedades de CO‑TIOCTAN. Médico solicitó muestras.
1764,Federico Álvarez,378085,2025-12-15,Flores-Norte,Telefónica,TANVIMIL B1 B6 B12|CO‑TIOCTAN|TIOCTAN,Se presentó nueva evidencia clínica de TANVIMIL B1 B6 B12. Interés alto.
1765,Federico Álvarez,378085,2026-01-20,Flores-Norte,Telefónica,TIOCTAN|TANVIMIL B1 B6 B12,Visita de seguimiento. Se discutió eficacia de TIOCTAN en pacientes.
1766,Federico Álvarez,378085,2026-06-10,Flores-Norte,Telefónica,TIOCTAN|TANDIUR|TANVIMIL B1 B6 B12,"Se presentaron TIOCTAN, TANDIUR, TANVIMIL B1 B6 B12. El médico mostró interés en TIOCTAN."
1767,Federico Álvarez,378085,2026-07-09,Flores-Norte,Telefónica,TANDIUR|TANVIMIL B1 B6 B12,"Presentación de TANDIUR, TANVIMIL B1 B6 B12. Se acordó seguimiento en próxima visita."
1768,Federico Álvarez,378085,2026-11-16,Flores-Norte,Virtual,CO‑TIOCTAN|TANVIMIL B1 B6 B12|TANDIUR,Se discutieron novedades de CO‑TIOCTAN. Médico solicitó muestras.
1769,Ana Martínez,577110,2025-07-27,Belgrano-Centro,Virtual,TANVIMIL AMINOÁCIDOS|TANVIMIL PLUS|TANVIMIL B1 B6 B12,"Visita breve. Se dejó material de TANVIMIL AMINOÁCIDOS, TANVIMIL PLUS, TANVIMIL B1 B6 B12 para revisión."
1770,Ana Martínez,577110,2025-08-21,Belgrano-Centro,Presencial,TANVIMIL B1 B6 B12|TANVIMIL AMINOÁCIDOS|TANVIMIL PLUS,"Presentación de TANVIMIL B1 B6 B12, TANVIMIL AMINOÁCIDOS, TANVIMIL PLUS. Se acordó seguimiento en próxima visita."
1771,Ana Martínez,577110,2025-09-04,Belgrano-Centro,Presencial,TANVIMIL AMINOÁCIDOS|TANVIMIL PLUS,"Se presentaron TANVIMIL AMINOÁCIDOS, TANVIMIL PLUS. El médico mostró interés en TANVIMIL AMINOÁCIDOS."
1772,Ana Martínez,577110,2026-01-26,Belgrano-Centro,Presencial,TANVIMIL AMINOÁCIDOS,Se entregó material informativo sobre TANVIMIL AMINOÁCIDOS. Buena recepción.
1773,Ana Martínez,577110,2026-03-22,Belgrano-Centro,Presencial,TANVIMIL B1 B6 B12|TANVIMIL PLUS,"Se entregó material informativo sobre TANVIMIL B1 B6 B12, TANVIMIL PLUS. Buena recepción."
1774,Ana Martínez,577110,2026-05-13,Belgrano-Centro,Presencial,TANVIMIL PLUS|TANVIMIL B1 B6 B12,"Visita breve. Se dejó material de TANVIMIL PLUS, TANVIMIL B1 B6 B12 para revisión."
1775,Ana Martínez,577110,2026-06-13,Belgrano-Centro,Presencial,TANVIMIL B1 B6 B12,Visita de seguimiento. Se discutió eficacia de TANVIMIL B1 B6 B12 en pacientes.
1776,Valentina Pérez,399105,2025-11-01,La Plata-Centro,Virtual,TANVIMIL ACD|TANVIMIL ACD FLUOR,"Reunión productiva. Se abordaron beneficios de TANVIMIL ACD, TANVIMIL ACD FLUOR."
1777,Valentina Pérez,399105,2026-03-13,La Plata-Centro,Presencial,TANVIMIL ACD|TANVIMIL ACD FLUOR|AEROGAL,Se coordinó charla informativa sobre TANVIMIL ACD para el equipo médico.
1778,Valentina Pérez,399105,2026-08-07,La Plata-Centro,Presencial,TANVIMIL ACD FLUOR|AEROGAL|TANVIMIL ACD,"Visita breve. Se dejó material de TANVIMIL ACD FLUOR, AEROGAL, TANVIMIL ACD para revisión."
1779,Matías Herrera,543555,2025-01-07,La Plata-Centro,Presencial,TANVIMIL B1 B6 B12,Se presentaron TANVIMIL B1 B6 B12. El médico mostró interés en TANVIMIL B1 B6 B12.
1780,Matías Herrera,543555,2025-02-08,La Plata-Centro,Telefónica,TIOCTAN|CO‑TIOCTAN|TANVIMIL B1 B6 B12,Se presentó nueva evidencia clínica de TIOCTAN. Interés alto.
1781,Matías Herrera,543555,2025-03-14,La Plata-Centro,Presencial,TANDIUR|CO‑TIOCTAN,Se coordinó charla informativa sobre TANDIUR para el equipo médico.
1782,Matías Herrera,543555,2025-07-15,La Plata-Centro,Virtual,TANDIUR|TIOCTAN|TANVIMIL B1 B6 B12,Se revisaron casos clínicos con TANDIUR. Médico receptivo.
1783,Matías Herrera,543555,2025-08-07,La Plata-Centro,Presencial,CO‑TIOCTAN,El médico compartió experiencia positiva con CO‑TIOCTAN.
1784,Matías Herrera,543555,2025-09-11,La Plata-Centro,Presencial,TANVIMIL B1 B6 B12|TANDIUR|CO‑TIOCTAN,"Visita breve. Se dejó material de TANVIMIL B1 B6 B12, TANDIUR, CO‑TIOCTAN para revisión."
1785,Matías Herrera,543555,2025-10-28,La Plata-Centro,Presencial,TIOCTAN|TANDIUR|TANVIMIL B1 B6 B12,Se revisaron casos clínicos con TIOCTAN. Médico receptivo.
1786,Matías Herrera,543555,2025-11-03,La Plata-Centro,Virtual,TIOCTAN,Se revisaron casos clínicos con TIOCTAN. Médico receptivo.
1787,Matías Herrera,543555,2026-01-11,La Plata-Centro,Virtual,TANDIUR|TANVIMIL B1 B6 B12|TIOCTAN,"Se entregó material informativo sobre TANDIUR, TANVIMIL B1 B6 B12, TIOCTAN. Buena recepción."
1788,Matías Herrera,543555,2026-02-13,La Plata-Centro,Virtual,TANVIMIL B1 B6 B12|TANDIUR|CO‑TIOCTAN,"Se presentaron TANVIMIL B1 B6 B12, TANDIUR, CO‑TIOCTAN. El médico mostró interés en TANVIMIL B1 B6 B12."
1789,Matías Herrera,543555,2026-03-07,La Plata-Centro,Telefónica,TANVIMIL B1 B6 B12|CO‑TIOCTAN,El médico consultó sobre posología de TANVIMIL B1 B6 B12. Se aclararon dudas.
1790,Matías Herrera,543555,2026-04-03,La Plata-Centro,Virtual,TANDIUR|TANVIMIL B1 B6 B12,Se revisaron casos clínicos con TANDIUR. Médico receptivo.
1791,Matías Herrera,543555,2026-05-13,La Plata-Centro,Presencial,TANVIMIL B1 B6 B12|TIOCTAN,Se presentó nueva evidencia clínica de TANVIMIL B1 B6 B12. Interés alto.
1792,Matías Herrera,543555,2026-06-19,La Plata-Centro,Virtual,TIOCTAN|CO‑TIOCTAN|TANDIUR,Se coordinó charla informativa sobre TIOCTAN para el equipo médico.
1793,Matías Herrera,543555,2026-08-20,La Plata-Centro,Presencial,TANVIMIL B1 B6 B12,Visita de seguimiento. Se discutió eficacia de TANVIMIL B1 B6 B12 en pacientes.
1794,Matías Herrera,543555,2026-09-16,La Plata-Centro,Presencial,TANDIUR|TANVIMIL B1 B6 B12,"Se presentaron TANDIUR, TANVIMIL B1 B6 B12. El médico mostró interés en TANDIUR."
1795,Matías Herrera,543555,2026-11-09,La Plata-Centro,Virtual,CO‑TIOCTAN,Se revisaron casos clínicos con CO‑TIOCTAN. Médico receptivo.
1796,Ana Martínez,830429,2025-06-04,La Plata-Centro,Presencial,TANVIMIL PLUS|TANVIMIL B1 B6 B12,Se revisaron casos clínicos con TANVIMIL PLUS. Médico receptivo.
1797,Ana Martínez,830429,2026-01-25,La Plata-Centro,Presencial,TANVIMIL AMINOÁCIDOS|TANVIMIL B1 B6 B12,Se revisaron casos clínicos con TANVIMIL AMINOÁCIDOS. Médico receptivo.
1798,Ana Martínez,830429,2026-02-23,La Plata-Centro,Presencial,TANVIMIL AMINOÁCIDOS|TANVIMIL PLUS|TANVIMIL B1 B6 B12,"Reunión productiva. Se abordaron beneficios de TANVIMIL AMINOÁCIDOS, TANVIMIL PLUS, TANVIMIL B1 B6 B12."
1799,Ana Martínez,830429,2026-03-10,La Plata-Centro,Presencial,TANVIMIL AMINOÁCIDOS|TANVIMIL PLUS,"Se presentaron TANVIMIL AMINOÁCIDOS, TANVIMIL PLUS. El médico mostró interés en TANVIMIL AMINOÁCIDOS."
1800,Ana Martínez,830429,2026-06-24,La Plata-Centro,Presencial,TANVIMIL PLUS|TANVIMIL AMINOÁCIDOS|TANVIMIL B1 B6 B12,Se presentó nueva evidencia clínica de TANVIMIL PLUS. Interés alto.
1801,Ana Martínez,830429,2026-07-15,La Plata-Centro,Virtual,TANVIMIL B1 B6 B12,Visita breve. Se dejó material de TANVIMIL B1 B6 B12 para revisión.
1802,Ana Martínez,830429,2026-08-02,La Plata-Centro,Presencial,TANVIMIL B1 B6 B12,El médico consultó sobre posología de TANVIMIL B1 B6 B12. Se aclararon dudas.
1803,Ana Martínez,830429,2026-12-15,La Plata-Centro,Presencial,TANVIMIL AMINOÁCIDOS|TANVIMIL B1 B6 B12|TANVIMIL PLUS,Se discutieron novedades de TANVIMIL AMINOÁCIDOS. Médico solicitó muestras.
1804,Agustín Varela,865990,2025-05-21,Belgrano-R,Virtual,CO‑TIOCTAN|TANVIMIL AMINOÁCIDOS|TIOCTAN,"Se presentaron CO‑TIOCTAN, TANVIMIL AMINOÁCIDOS, TIOCTAN. El médico mostró interés en CO‑TIOCTAN."
1805,Agustín Varela,865990,2025-08-07,Belgrano-R,Presencial,TANVIMIL AMINOÁCIDOS|TIOCTAN|CO‑TIOCTAN,"Presentación de TANVIMIL AMINOÁCIDOS, TIOCTAN, CO‑TIOCTAN. Se acordó seguimiento en próxima visita."
1806,Agustín Varela,865990,2026-07-16,Belgrano-R,Virtual,TANVIMIL AMINOÁCIDOS,Se discutieron novedades de TANVIMIL AMINOÁCIDOS. Médico solicitó muestras.
1807,Agustín Varela,865990,2026-08-14,Belgrano-R,Virtual,TANVIMIL AMINOÁCIDOS|CO‑TIOCTAN|TIOCTAN,Se discutieron novedades de TANVIMIL AMINOÁCIDOS. Médico solicitó muestras.
1808,Carlos Gómez,921414,2025-02-01,Palermo-Norte,Telefónica,TACNA,Se entregó material informativo sobre TACNA. Buena recepción.
1809,Carlos Gómez,921414,2025-03-27,Palermo-Norte,Virtual,TACNA|TRICOFIN,Se presentó nueva evidencia clínica de TACNA. Interés alto.
1810,Carlos Gómez,921414,2025-04-13,Palermo-Norte,Presencial,TACNA|TRICOFIN,"Se presentaron TACNA, TRICOFIN. El médico mostró interés en TACNA."
1811,Carlos Gómez,921414,2025-06-10,Palermo-Norte,Presencial,TACNA,Se presentó nueva evidencia clínica de TACNA. Interés alto.
1812,Carlos Gómez,921414,2025-07-10,Palermo-Norte,Presencial,TACNA,Se discutieron novedades de TACNA. Médico solicitó muestras.
1813,Carlos Gómez,921414,2025-08-18,Palermo-Norte,Virtual,TRICOFIN,El médico compartió experiencia positiva con TRICOFIN.
1814,Carlos Gómez,921414,2025-09-09,Palermo-Norte,Telefónica,TRICOFIN,Se presentaron TRICOFIN. El médico mostró interés en TRICOFIN.
1815,Carlos Gómez,921414,2025-11-27,Palermo-Norte,Presencial,TACNA,Presentación de TACNA. Se acordó seguimiento en próxima visita.
1816,Carlos Gómez,921414,2025-12-21,Palermo-Norte,Presencial,TACNA|TRICOFIN,"Se presentaron TACNA, TRICOFIN. El médico mostró interés en TACNA."
1817,Carlos Gómez,921414,2026-02-07,Palermo-Norte,Presencial,TRICOFIN|TACNA,"Se presentaron TRICOFIN, TACNA. El médico mostró interés en TRICOFIN."
1818,Carlos Gómez,921414,2026-05-11,Palermo-Norte,Virtual,TACNA|TRICOFIN,"Visita breve. Se dejó material de TACNA, TRICOFIN para revisión."
1819,Lucía Fernández,682765,2025-05-15,Almagro-Centro,Virtual,TIOCTAN|TANDIUR|CO‑TIOCTAN,El médico consultó sobre posología de TIOCTAN. Se aclararon dudas.
1820,Lucía Fernández,682765,2025-09-05,Almagro-Centro,Presencial,CO‑TIOCTAN|TIOCTAN|TANVIMIL B1 B6 B12,"Visita breve. Se dejó material de CO‑TIOCTAN, TIOCTAN, TANVIMIL B1 B6 B12 para revisión."
1821,Lucía Fernández,682765,2026-03-19,Almagro-Centro,Virtual,CO‑TIOCTAN|TANDIUR|TIOCTAN,Se revisaron casos clínicos con CO‑TIOCTAN. Médico receptivo.
1822,Lucía Fernández,682765,2026-04-07,Almagro-Centro,Presencial,TANDIUR|CO‑TIOCTAN,"Reunión productiva. Se abordaron beneficios de TANDIUR, CO‑TIOCTAN."
1823,Sebastián Torres,794022,2025-06-09,San Isidro-Centro,Virtual,PAMOXET|APSICO,Se revisaron casos clínicos con PAMOXET. Médico receptivo.
1824,Sebastián Torres,794022,2025-08-27,San Isidro-Centro,Virtual,APSICO,El médico compartió experiencia positiva con APSICO.
1825,Sebastián Torres,794022,2025-12-09,San Isidro-Centro,Presencial,APSICO,Se presentó nueva evidencia clínica de APSICO. Interés alto.
1826,Martín Rodríguez,853305,2025-06-27,San Isidro-Centro,Virtual,TANVIMIL ACD,Reunión productiva. Se abordaron beneficios de TANVIMIL ACD.
1827,Martín Rodríguez,853305,2025-09-18,San Isidro-Centro,Virtual,TRICOFIN|TANVIMIL ACD,Se coordinó charla informativa sobre TRICOFIN para el equipo médico.
1828,Martín Rodríguez,853305,2025-11-25,San Isidro-Centro,Presencial,TANVIMIL ACD|TRICOFIN,Visita de seguimiento. Se discutió eficacia de TANVIMIL ACD en pacientes.
1829,Martín Rodríguez,853305,2025-12-25,San Isidro-Centro,Presencial,TANVIMIL ACD,Reunión productiva. Se abordaron beneficios de TANVIMIL ACD.
1830,Martín Rodríguez,853305,2026-01-03,San Isidro-Centro,Presencial,TRICOFIN|TANVIMIL ACD,Se coordinó charla informativa sobre TRICOFIN para el equipo médico.
1831,Martín Rodríguez,853305,2026-04-09,San Isidro-Centro,Presencial,TANVIMIL ACD|TRICOFIN,Se discutieron novedades de TANVIMIL ACD. Médico solicitó muestras.
1832,Lucía Fernández,299122,2025-01-02,San Isidro-Centro,Presencial,TACNA,Visita de seguimiento. Se discutió eficacia de TACNA en pacientes.
1833,Lucía Fernández,299122,2025-02-26,San Isidro-Centro,Virtual,ONEFIN|TACNA,"Se entregó material informativo sobre ONEFIN, TACNA. Buena recepción."
1834,Lucía Fernández,299122,2026-05-19,San Isidro-Centro,Telefónica,ONEFIN,Se presentó nueva evidencia clínica de ONEFIN. Interés alto.
1835,Rocío Castro,328275,2025-09-02,San Isidro-Centro,Presencial,TIOCTAN|TANDIUR,Se coordinó charla informativa sobre TIOCTAN para el equipo médico.
1836,Rocío Castro,328275,2025-12-11,San Isidro-Centro,Virtual,CO‑TIOCTAN|TANVIMIL B1 B6 B12|TIOCTAN,Se coordinó charla informativa sobre CO‑TIOCTAN para el equipo médico.
1837,Matías Herrera,161324,2025-11-19,Almagro-Centro,Virtual,TANVIMIL B1 B6 B12,El médico compartió experiencia positiva con TANVIMIL B1 B6 B12.
1838,Matías Herrera,707314,2025-02-28,Recoleta-Norte,Presencial,TIOCTAN|TANVIMIL B1 B6 B12,Se presentó nueva evidencia clínica de TIOCTAN. Interés alto.
1839,Matías Herrera,707314,2025-06-20,Recoleta-Norte,Presencial,TANVIMIL B1 B6 B12|TIOCTAN,"Reunión productiva. Se abordaron beneficios de TANVIMIL B1 B6 B12, TIOCTAN."
1840,Matías Herrera,707314,2025-08-15,Recoleta-Norte,Virtual,TANVIMIL B1 B6 B12|TIOCTAN,"Reunión productiva. Se abordaron beneficios de TANVIMIL B1 B6 B12, TIOCTAN."
1841,Matías Herrera,707314,2025-12-07,Recoleta-Norte,Telefónica,TIOCTAN|TANVIMIL B1 B6 B12,"Presentación de TIOCTAN, TANVIMIL B1 B6 B12. Se acordó seguimiento en próxima visita."
1842,Matías Herrera,707314,2026-03-19,Recoleta-Norte,Presencial,TIOCTAN,Se presentaron TIOCTAN. El médico mostró interés en TIOCTAN.
1843,Matías Herrera,707314,2026-11-15,Recoleta-Norte,Telefónica,TIOCTAN,Reunión productiva. Se abordaron beneficios de TIOCTAN.
1844,Rocío Castro,871476,2025-01-18,Núñez-Centro,Presencial,ALACIR|CIRUELAX MINITABS,"Se presentaron ALACIR, CIRUELAX MINITABS. El médico mostró interés en ALACIR."
1845,Rocío Castro,871476,2025-02-21,Núñez-Centro,Virtual,ALACIR|CIRUELAX MINITABS,El médico consultó sobre posología de ALACIR. Se aclararon dudas.
1846,Rocío Castro,871476,2025-05-18,Núñez-Centro,Virtual,ALACIR,Visita de seguimiento. Se discutió eficacia de ALACIR en pacientes.
1847,Rocío Castro,871476,2025-06-25,Núñez-Centro,Presencial,CIRUELAX MINITABS|ALACIR,Se presentó nueva evidencia clínica de CIRUELAX MINITABS. Interés alto.
1848,Rocío Castro,871476,2026-02-21,Núñez-Centro,Virtual,CIRUELAX MINITABS|ALACIR,Se revisaron casos clínicos con CIRUELAX MINITABS. Médico receptivo.
1849,Rocío Castro,871476,2026-07-15,Núñez-Centro,Presencial,ALACIR|CIRUELAX MINITABS,El médico compartió experiencia positiva con ALACIR.
1850,Rocío Castro,871476,2026-08-22,Núñez-Centro,Telefónica,ALACIR,Reunión productiva. Se abordaron beneficios de ALACIR.
1851,Rocío Castro,871476,2026-09-24,Núñez-Centro,Presencial,ALACIR,Visita de seguimiento. Se discutió eficacia de ALACIR en pacientes.
1852,Rocío Castro,871476,2026-10-19,Núñez-Centro,Telefónica,CIRUELAX MINITABS,Se revisaron casos clínicos con CIRUELAX MINITABS. Médico receptivo.
1853,Rocío Castro,871476,2026-11-24,Núñez-Centro,Presencial,CIRUELAX MINITABS|ALACIR,"Se presentaron CIRUELAX MINITABS, ALACIR. El médico mostró interés en CIRUELAX MINITABS."
1854,Federico Álvarez,668532,2025-01-10,Belgrano-Centro,Presencial,APSICO,Se discutieron novedades de APSICO. Médico solicitó muestras.
1855,Federico Álvarez,668532,2025-12-15,Belgrano-Centro,Telefónica,PAMOXET,Visita breve. Se dejó material de PAMOXET para revisión.
1856,Federico Álvarez,668532,2026-06-15,Belgrano-Centro,Presencial,PAMOXET,Visita breve. Se dejó material de PAMOXET para revisión.
1857,Federico Álvarez,668532,2026-10-04,Belgrano-Centro,Virtual,APSICO|PAMOXET,Se discutieron novedades de APSICO. Médico solicitó muestras.
1858,Matías Herrera,428838,2025-01-24,Palermo-Norte,Presencial,TANVIMIL PLUS|TANVIMIL B1 B6 B12|TANVIMIL AMINOÁCIDOS,"Visita breve. Se dejó material de TANVIMIL PLUS, TANVIMIL B1 B6 B12, TANVIMIL AMINOÁCIDOS para revisión."
1859,Matías Herrera,428838,2025-02-08,Palermo-Norte,Virtual,TANVIMIL PLUS,Reunión productiva. Se abordaron beneficios de TANVIMIL PLUS.
1860,Matías Herrera,428838,2025-03-24,Palermo-Norte,Presencial,TANVIMIL B1 B6 B12|TANVIMIL PLUS|TANVIMIL AMINOÁCIDOS,Se presentó nueva evidencia clínica de TANVIMIL B1 B6 B12. Interés alto.
1861,Matías Herrera,428838,2025-06-19,Palermo-Norte,Virtual,TANVIMIL B1 B6 B12|TANVIMIL AMINOÁCIDOS|TANVIMIL PLUS,El médico compartió experiencia positiva con TANVIMIL B1 B6 B12.
1862,Matías Herrera,428838,2025-07-23,Palermo-Norte,Telefónica,TANVIMIL AMINOÁCIDOS|TANVIMIL B1 B6 B12,"Se presentaron TANVIMIL AMINOÁCIDOS, TANVIMIL B1 B6 B12. El médico mostró interés en TANVIMIL AMINOÁCIDOS."
1863,Matías Herrera,428838,2025-08-10,Palermo-Norte,Presencial,TANVIMIL AMINOÁCIDOS,Se revisaron casos clínicos con TANVIMIL AMINOÁCIDOS. Médico receptivo.
1864,Matías Herrera,428838,2025-10-20,Palermo-Norte,Virtual,TANVIMIL AMINOÁCIDOS,Visita breve. Se dejó material de TANVIMIL AMINOÁCIDOS para revisión.
1865,Matías Herrera,428838,2025-12-05,Palermo-Norte,Presencial,TANVIMIL PLUS|TANVIMIL B1 B6 B12,Se revisaron casos clínicos con TANVIMIL PLUS. Médico receptivo.
1866,Matías Herrera,428838,2026-01-07,Palermo-Norte,Virtual,TANVIMIL PLUS|TANVIMIL B1 B6 B12|TANVIMIL AMINOÁCIDOS,Se discutieron novedades de TANVIMIL PLUS. Médico solicitó muestras.
1867,Matías Herrera,428838,2026-02-05,Palermo-Norte,Presencial,TANVIMIL PLUS,Se entregó material informativo sobre TANVIMIL PLUS. Buena recepción.
1868,Matías Herrera,428838,2026-04-02,Palermo-Norte,Presencial,TANVIMIL B1 B6 B12|TANVIMIL AMINOÁCIDOS,Visita de seguimiento. Se discutió eficacia de TANVIMIL B1 B6 B12 en pacientes.
1869,Matías Herrera,428838,2026-05-06,Palermo-Norte,Telefónica,TANVIMIL B1 B6 B12,El médico consultó sobre posología de TANVIMIL B1 B6 B12. Se aclararon dudas.
1870,Diego López,159942,2026-03-06,Núñez-Centro,Virtual,TIOCTAN|CO‑TIOCTAN|TANVIMIL AMINOÁCIDOS,Se coordinó charla informativa sobre TIOCTAN para el equipo médico.
1871,Diego López,159942,2026-05-11,Núñez-Centro,Virtual,CO‑TIOCTAN|TIOCTAN,Visita de seguimiento. Se discutió eficacia de CO‑TIOCTAN en pacientes.
1872,Diego López,159942,2026-10-17,Núñez-Centro,Telefónica,CO‑TIOCTAN|TANVIMIL AMINOÁCIDOS|TIOCTAN,El médico consultó sobre posología de CO‑TIOCTAN. Se aclararon dudas.
1873,Rocío Castro,712554,2025-01-14,Palermo-Sur,Presencial,TRICOFIN|TACNA,"Se presentaron TRICOFIN, TACNA. El médico mostró interés en TRICOFIN."
1874,Rocío Castro,712554,2025-02-01,Palermo-Sur,Telefónica,TACNA|TRICOFIN,Se discutieron novedades de TACNA. Médico solicitó muestras.
1875,Rocío Castro,712554,2025-05-16,Palermo-Sur,Telefónica,TACNA|TRICOFIN,El médico compartió experiencia positiva con TACNA.
1876,Rocío Castro,712554,2025-06-07,Palermo-Sur,Virtual,TRICOFIN|TACNA,"Se entregó material informativo sobre TRICOFIN, TACNA. Buena recepción."
1877,Rocío Castro,712554,2025-07-15,Palermo-Sur,Telefónica,TACNA|TRICOFIN,"Reunión productiva. Se abordaron beneficios de TACNA, TRICOFIN."
1878,Rocío Castro,712554,2025-09-13,Palermo-Sur,Virtual,TRICOFIN|TACNA,Se coordinó charla informativa sobre TRICOFIN para el equipo médico.
1879,Rocío Castro,712554,2025-10-22,Palermo-Sur,Virtual,TRICOFIN|TACNA,Se revisaron casos clínicos con TRICOFIN. Médico receptivo.
1880,Rocío Castro,712554,2025-11-01,Palermo-Sur,Telefónica,TRICOFIN|TACNA,"Reunión productiva. Se abordaron beneficios de TRICOFIN, TACNA."
1881,Rocío Castro,712554,2026-01-25,Palermo-Sur,Presencial,TRICOFIN|TACNA,El médico consultó sobre posología de TRICOFIN. Se aclararon dudas.
1882,Rocío Castro,712554,2026-02-10,Palermo-Sur,Presencial,TRICOFIN|TACNA,Se coordinó charla informativa sobre TRICOFIN para el equipo médico.
1883,Rocío Castro,712554,2026-03-03,Palermo-Sur,Virtual,TACNA|TRICOFIN,El médico consultó sobre posología de TACNA. Se aclararon dudas.
1884,Rocío Castro,712554,2026-05-10,Palermo-Sur,Presencial,TRICOFIN,Se discutieron novedades de TRICOFIN. Médico solicitó muestras.
1885,Rocío Castro,712554,2026-06-24,Palermo-Sur,Virtual,TACNA,Se coordinó charla informativa sobre TACNA para el equipo médico.
1886,Rocío Castro,712554,2026-07-14,Palermo-Sur,Presencial,TRICOFIN,Se presentó nueva evidencia clínica de TRICOFIN. Interés alto.
1887,Rocío Castro,712554,2026-08-12,Palermo-Sur,Telefónica,TACNA,El médico consultó sobre posología de TACNA. Se aclararon dudas.
1888,Rocío Castro,712554,2026-09-19,Palermo-Sur,Presencial,TACNA,Se discutieron novedades de TACNA. Médico solicitó muestras.
1889,Rocío Castro,712554,2026-10-23,Palermo-Sur,Telefónica,TACNA|TRICOFIN,Se revisaron casos clínicos con TACNA. Médico receptivo.
1890,Rocío Castro,712554,2026-11-10,Palermo-Sur,Telefónica,TRICOFIN|TACNA,"Visita breve. Se dejó material de TRICOFIN, TACNA para revisión."
1891,Rocío Castro,712554,2026-12-18,Palermo-Sur,Presencial,TRICOFIN|TACNA,Se presentó nueva evidencia clínica de TRICOFIN. Interés alto.
1892,Carlos Gómez,599948,2025-09-24,Quilmes-Centro,Telefónica,TACNA,Visita de seguimiento. Se discutió eficacia de TACNA en pacientes.
1893,Carlos Gómez,599948,2026-01-10,Quilmes-Centro,Presencial,TACNA,Se entregó material informativo sobre TACNA. Buena recepción.
1894,Nicolás Díaz,627276,2025-01-17,Belgrano-Centro,Presencial,TANVIMIL ACD|TRICOFIN,El médico consultó sobre posología de TANVIMIL ACD. Se aclararon dudas.
1895,Nicolás Díaz,627276,2025-02-09,Belgrano-Centro,Virtual,TANVIMIL ACD|TRICOFIN,"Visita breve. Se dejó material de TANVIMIL ACD, TRICOFIN para revisión."
1896,Nicolás Díaz,627276,2025-06-13,Belgrano-Centro,Virtual,TANVIMIL ACD|TRICOFIN,Se discutieron novedades de TANVIMIL ACD. Médico solicitó muestras.
1897,Nicolás Díaz,627276,2025-08-12,Belgrano-Centro,Presencial,TRICOFIN,Presentación de TRICOFIN. Se acordó seguimiento en próxima visita.
1898,Nicolás Díaz,627276,2025-10-18,Belgrano-Centro,Presencial,TANVIMIL ACD|TRICOFIN,Se coordinó charla informativa sobre TANVIMIL ACD para el equipo médico.
1899,Nicolás Díaz,627276,2025-12-21,Belgrano-Centro,Presencial,TANVIMIL ACD|TRICOFIN,Se coordinó charla informativa sobre TANVIMIL ACD para el equipo médico.
1900,Nicolás Díaz,627276,2026-02-14,Belgrano-Centro,Presencial,TANVIMIL ACD|TRICOFIN,El médico consultó sobre posología de TANVIMIL ACD. Se aclararon dudas.
1901,Nicolás Díaz,627276,2026-04-06,Belgrano-Centro,Presencial,TANVIMIL ACD,El médico compartió experiencia positiva con TANVIMIL ACD.
1902,Nicolás Díaz,627276,2026-06-20,Belgrano-Centro,Presencial,TRICOFIN,Se revisaron casos clínicos con TRICOFIN. Médico receptivo.
1903,Nicolás Díaz,627276,2026-08-26,Belgrano-Centro,Virtual,TANVIMIL ACD,Se presentaron TANVIMIL ACD. El médico mostró interés en TANVIMIL ACD.
1904,Nicolás Díaz,627276,2026-12-16,Belgrano-Centro,Presencial,TANVIMIL ACD|TRICOFIN,Visita de seguimiento. Se discutió eficacia de TANVIMIL ACD en pacientes.
1905,Lucía Fernández,656926,2025-02-21,Devoto-Centro,Virtual,PANCUTAN NF|TRICOPLUS|MENCOGRIN AP,Visita de seguimiento. Se discutió eficacia de PANCUTAN NF en pacientes.
1906,Lucía Fernández,656926,2025-03-25,Devoto-Centro,Presencial,TRICOPLUS,Reunión productiva. Se abordaron beneficios de TRICOPLUS.
1907,Lucía Fernández,656926,2025-11-09,Devoto-Centro,Presencial,PANCUTAN NF|TRICOPLUS|SUTRICO TAR,"Visita breve. Se dejó material de PANCUTAN NF, TRICOPLUS, SUTRICO TAR para revisión."
1908,Lucía Fernández,656926,2026-01-15,Devoto-Centro,Telefónica,PANCUTAN NF|MENCOGRIN AP|TRIMACREM PLUS,"Reunión productiva. Se abordaron beneficios de PANCUTAN NF, MENCOGRIN AP, TRIMACREM PLUS."
1909,Lucía Fernández,656926,2026-03-27,Devoto-Centro,Virtual,TRICOPLUS,Visita de seguimiento. Se discutió eficacia de TRICOPLUS en pacientes.
1910,Lucía Fernández,656926,2026-05-16,Devoto-Centro,Presencial,PANCUTAN NF|TRICOPLUS,"Reunión productiva. Se abordaron beneficios de PANCUTAN NF, TRICOPLUS."
1911,Lucía Fernández,656926,2026-06-26,Devoto-Centro,Virtual,TRICOPLUS|TRIMACREM PLUS|PANCUTAN NF,Se presentó nueva evidencia clínica de TRICOPLUS. Interés alto.
1912,Lucía Fernández,656926,2026-09-04,Devoto-Centro,Virtual,MENCOGRIN AP|TRICOPLUS,"Se presentaron MENCOGRIN AP, TRICOPLUS. El médico mostró interés en MENCOGRIN AP."
1913,Lucía Fernández,656926,2026-10-19,Devoto-Centro,Presencial,MENCOGRIN AP|TRICOPLUS,"Se entregó material informativo sobre MENCOGRIN AP, TRICOPLUS. Buena recepción."
1914,Nicolás Díaz,265080,2025-05-13,Almagro-Centro,Presencial,TANVIMIL ACD,Se presentaron TANVIMIL ACD. El médico mostró interés en TANVIMIL ACD.
1915,Nicolás Díaz,265080,2025-11-17,Almagro-Centro,Virtual,TRICOFIN,Se coordinó charla informativa sobre TRICOFIN para el equipo médico.
1916,Nicolás Díaz,265080,2025-12-01,Almagro-Centro,Presencial,TANVIMIL ACD,El médico compartió experiencia positiva con TANVIMIL ACD.
1917,Nicolás Díaz,265080,2026-01-13,Almagro-Centro,Telefónica,TRICOFIN|TANVIMIL ACD,"Se presentaron TRICOFIN, TANVIMIL ACD. El médico mostró interés en TRICOFIN."
1918,Nicolás Díaz,265080,2026-04-03,Almagro-Centro,Presencial,TANVIMIL ACD,Se presentó nueva evidencia clínica de TANVIMIL ACD. Interés alto.
1919,Carlos Gómez,632496,2025-11-19,Almagro-Centro,Telefónica,TANVIMIL B1 B6 B12,Se presentaron TANVIMIL B1 B6 B12. El médico mostró interés en TANVIMIL B1 B6 B12.
1920,Matías Herrera,184002,2025-07-25,Palermo-Norte,Telefónica,TIOCTAN|TANVIMIL B1 B6 B12,El médico consultó sobre posología de TIOCTAN. Se aclararon dudas.
1921,Matías Herrera,184002,2026-01-11,Palermo-Norte,Presencial,TIOCTAN,Se presentó nueva evidencia clínica de TIOCTAN. Interés alto.
1922,Matías Herrera,184002,2026-02-25,Palermo-Norte,Virtual,TANVIMIL B1 B6 B12,Presentación de TANVIMIL B1 B6 B12. Se acordó seguimiento en próxima visita.
1923,Valentina Pérez,992697,2025-04-21,Devoto-Centro,Presencial,TACNA,Visita de seguimiento. Se discutió eficacia de TACNA en pacientes.
1924,Valentina Pérez,992697,2025-06-11,Devoto-Centro,Telefónica,TACNA|TRICOFIN,"Se presentaron TACNA, TRICOFIN. El médico mostró interés en TACNA."
1925,Valentina Pérez,992697,2025-08-14,Devoto-Centro,Presencial,TACNA,Visita de seguimiento. Se discutió eficacia de TACNA en pacientes.
1926,Valentina Pérez,992697,2025-12-02,Devoto-Centro,Presencial,TACNA,Presentación de TACNA. Se acordó seguimiento en próxima visita.
1927,Valentina Pérez,992697,2026-03-03,Devoto-Centro,Presencial,TACNA,Reunión productiva. Se abordaron beneficios de TACNA.
1928,Valentina Pérez,992697,2026-04-09,Devoto-Centro,Presencial,TACNA|TRICOFIN,Se presentó nueva evidencia clínica de TACNA. Interés alto.
1929,Valentina Pérez,992697,2026-05-27,Devoto-Centro,Presencial,TACNA,Se entregó material informativo sobre TACNA. Buena recepción.
1930,Valentina Pérez,992697,2026-09-18,Devoto-Centro,Virtual,TRICOFIN|TACNA,"Se presentaron TRICOFIN, TACNA. El médico mostró interés en TRICOFIN."
1931,Florencia Sánchez,171849,2025-02-16,Belgrano-R,Presencial,CO‑TIOCTAN,Visita breve. Se dejó material de CO‑TIOCTAN para revisión.
1932,Florencia Sánchez,171849,2025-03-05,Belgrano-R,Virtual,TIOCTAN|TANVIMIL B1 B6 B12|CO‑TIOCTAN,Se coordinó charla informativa sobre TIOCTAN para el equipo médico.
1933,Florencia Sánchez,171849,2025-07-23,Belgrano-R,Presencial,TANDIUR|TANVIMIL B1 B6 B12,Visita de seguimiento. Se discutió eficacia de TANDIUR en pacientes.
1934,Florencia Sánchez,171849,2025-08-21,Belgrano-R,Presencial,TIOCTAN,Se discutieron novedades de TIOCTAN. Médico solicitó muestras.
1935,Florencia Sánchez,171849,2025-10-06,Belgrano-R,Presencial,CO‑TIOCTAN|TIOCTAN|TANDIUR,"Se presentaron CO‑TIOCTAN, TIOCTAN, TANDIUR. El médico mostró interés en CO‑TIOCTAN."
1936,Florencia Sánchez,171849,2025-11-12,Belgrano-R,Presencial,TANDIUR|TIOCTAN|CO‑TIOCTAN,"Se entregó material informativo sobre TANDIUR, TIOCTAN, CO‑TIOCTAN. Buena recepción."
1937,Florencia Sánchez,171849,2025-12-09,Belgrano-R,Virtual,CO‑TIOCTAN,Visita breve. Se dejó material de CO‑TIOCTAN para revisión.
1938,Florencia Sánchez,171849,2026-07-02,Belgrano-R,Telefónica,TIOCTAN|TANVIMIL B1 B6 B12|CO‑TIOCTAN,"Se entregó material informativo sobre TIOCTAN, TANVIMIL B1 B6 B12, CO‑TIOCTAN. Buena recepción."
1939,Florencia Sánchez,171849,2026-11-26,Belgrano-R,Virtual,TANVIMIL B1 B6 B12,El médico consultó sobre posología de TANVIMIL B1 B6 B12. Se aclararon dudas.
1940,Florencia Sánchez,171849,2026-12-15,Belgrano-R,Presencial,TANDIUR|CO‑TIOCTAN|TANVIMIL B1 B6 B12,Se revisaron casos clínicos con TANDIUR. Médico receptivo.
1941,Agustín Varela,723939,2025-02-22,Recoleta-Norte,Presencial,TRICOFIN,Presentación de TRICOFIN. Se acordó seguimiento en próxima visita.
1942,Agustín Varela,723939,2026-12-14,Recoleta-Norte,Virtual,TACNA|TRICOFIN,"Reunión productiva. Se abordaron beneficios de TACNA, TRICOFIN."
1943,Camila Ruiz,171262,2025-04-02,Belgrano-R,Presencial,PAMOXET,Presentación de PAMOXET. Se acordó seguimiento en próxima visita.
1944,Camila Ruiz,171262,2025-05-21,Belgrano-R,Presencial,APSICO,Se revisaron casos clínicos con APSICO. Médico receptivo.
1945,Camila Ruiz,171262,2025-08-09,Belgrano-R,Virtual,PAMOXET|APSICO,"Se presentaron PAMOXET, APSICO. El médico mostró interés en PAMOXET."
1946,Camila Ruiz,171262,2025-09-04,Belgrano-R,Virtual,PAMOXET|APSICO,"Presentación de PAMOXET, APSICO. Se acordó seguimiento en próxima visita."
1947,Camila Ruiz,171262,2026-09-21,Belgrano-R,Presencial,PAMOXET|APSICO,Se presentó nueva evidencia clínica de PAMOXET. Interés alto.
1948,Camila Ruiz,171262,2026-10-06,Belgrano-R,Presencial,APSICO,El médico consultó sobre posología de APSICO. Se aclararon dudas.
1949,Lucía Fernández,523389,2025-01-20,La Plata-Centro,Telefónica,APSICO|PAMOXET,El médico compartió experiencia positiva con APSICO.
1950,Lucía Fernández,523389,2025-02-04,La Plata-Centro,Telefónica,PAMOXET|APSICO,El médico consultó sobre posología de PAMOXET. Se aclararon dudas.
1951,Lucía Fernández,523389,2025-12-14,La Plata-Centro,Telefónica,PAMOXET|APSICO,"Reunión productiva. Se abordaron beneficios de PAMOXET, APSICO."
1952,Lucía Fernández,523389,2026-01-16,La Plata-Centro,Telefónica,PAMOXET,Visita de seguimiento. Se discutió eficacia de PAMOXET en pacientes.
1953,Lucía Fernández,523389,2026-08-24,La Plata-Centro,Telefónica,PAMOXET,El médico consultó sobre posología de PAMOXET. Se aclararon dudas.
1954,Lucía Fernández,523389,2026-09-20,La Plata-Centro,Telefónica,APSICO|PAMOXET,Se coordinó charla informativa sobre APSICO para el equipo médico.
1955,Lucía Fernández,523389,2026-12-26,La Plata-Centro,Virtual,APSICO|PAMOXET,"Se entregó material informativo sobre APSICO, PAMOXET. Buena recepción."
1956,Agustín Varela,225710,2025-02-11,Palermo-Norte,Virtual,TANVIMIL B1 B6 B12|TIOCTAN,"Se entregó material informativo sobre TANVIMIL B1 B6 B12, TIOCTAN. Buena recepción."
1957,Agustín Varela,225710,2026-03-06,Palermo-Norte,Presencial,TIOCTAN,Se presentaron TIOCTAN. El médico mostró interés en TIOCTAN.
1958,Agustín Varela,225710,2026-05-28,Palermo-Norte,Presencial,TANVIMIL B1 B6 B12,Se presentó nueva evidencia clínica de TANVIMIL B1 B6 B12. Interés alto.
1959,Julieta Romero,697347,2025-02-24,Devoto-Centro,Presencial,TACNA|TRICOFIN,El médico consultó sobre posología de TACNA. Se aclararon dudas.
1960,Julieta Romero,697347,2025-03-12,Devoto-Centro,Virtual,TRICOFIN,Se revisaron casos clínicos con TRICOFIN. Médico receptivo.
1961,Julieta Romero,697347,2025-06-04,Devoto-Centro,Virtual,TACNA,Se revisaron casos clínicos con TACNA. Médico receptivo.
1962,Julieta Romero,697347,2025-11-27,Devoto-Centro,Presencial,TACNA,Se coordinó charla informativa sobre TACNA para el equipo médico.
1963,Julieta Romero,697347,2025-12-07,Devoto-Centro,Presencial,TRICOFIN|TACNA,El médico compartió experiencia positiva con TRICOFIN.
1964,Julieta Romero,697347,2026-02-13,Devoto-Centro,Presencial,TACNA|TRICOFIN,Se revisaron casos clínicos con TACNA. Médico receptivo.
1965,Julieta Romero,697347,2026-06-21,Devoto-Centro,Telefónica,TRICOFIN|TACNA,Se coordinó charla informativa sobre TRICOFIN para el equipo médico.
1966,Florencia Sánchez,358175,2025-02-06,Palermo-Sur,Presencial,CO‑TIOCTAN,Se coordinó charla informativa sobre CO‑TIOCTAN para el equipo médico.
1967,Florencia Sánchez,358175,2025-04-22,Palermo-Sur,Virtual,TIOCTAN|CO‑TIOCTAN|TANVIMIL AMINOÁCIDOS,"Visita breve. Se dejó material de TIOCTAN, CO‑TIOCTAN, TANVIMIL AMINOÁCIDOS para revisión."
1968,Florencia Sánchez,358175,2025-09-24,Palermo-Sur,Virtual,CO‑TIOCTAN|TANVIMIL AMINOÁCIDOS|TIOCTAN,Se discutieron novedades de CO‑TIOCTAN. Médico solicitó muestras.
1969,Florencia Sánchez,358175,2025-10-25,Palermo-Sur,Presencial,TIOCTAN|CO‑TIOCTAN|TANVIMIL AMINOÁCIDOS,"Reunión productiva. Se abordaron beneficios de TIOCTAN, CO‑TIOCTAN, TANVIMIL AMINOÁCIDOS."
1970,Florencia Sánchez,358175,2026-07-13,Palermo-Sur,Telefónica,TIOCTAN,Se presentó nueva evidencia clínica de TIOCTAN. Interés alto.
1971,Florencia Sánchez,358175,2026-08-09,Palermo-Sur,Presencial,TANVIMIL AMINOÁCIDOS|TIOCTAN|CO‑TIOCTAN,"Presentación de TANVIMIL AMINOÁCIDOS, TIOCTAN, CO‑TIOCTAN. Se acordó seguimiento en próxima visita."
1972,Ana Martínez,707040,2025-01-12,Recoleta-Norte,Presencial,TIOCTAN|TANDIUR|TANVIMIL B1 B6 B12,"Presentación de TIOCTAN, TANDIUR, TANVIMIL B1 B6 B12. Se acordó seguimiento en próxima visita."
1973,Ana Martínez,707040,2025-06-25,Recoleta-Norte,Presencial,TIOCTAN|CO‑TIOCTAN,Se presentó nueva evidencia clínica de TIOCTAN. Interés alto.
1974,Ana Martínez,707040,2025-11-28,Recoleta-Norte,Presencial,TANVIMIL B1 B6 B12|CO‑TIOCTAN,El médico consultó sobre posología de TANVIMIL B1 B6 B12. Se aclararon dudas.
1975,Ana Martínez,707040,2026-03-20,Recoleta-Norte,Telefónica,TANVIMIL B1 B6 B12,Reunión productiva. Se abordaron beneficios de TANVIMIL B1 B6 B12.
1976,Ana Martínez,707040,2026-10-15,Recoleta-Norte,Virtual,CO‑TIOCTAN,Se discutieron novedades de CO‑TIOCTAN. Médico solicitó muestras.
1977,Ana Martínez,723398,2026-01-07,Palermo-Sur,Presencial,ALACIR,Se revisaron casos clínicos con ALACIR. Médico receptivo.
1978,Ana Martínez,723398,2026-03-08,Palermo-Sur,Virtual,ALACIR,Se discutieron novedades de ALACIR. Médico solicitó muestras.
1979,Ana Martínez,723398,2026-11-22,Palermo-Sur,Virtual,CIRUELAX MINITABS,Se coordinó charla informativa sobre CIRUELAX MINITABS para el equipo médico.
1980,Ana Martínez,723398,2026-12-02,Palermo-Sur,Telefónica,CIRUELAX MINITABS,Visita de seguimiento. Se discutió eficacia de CIRUELAX MINITABS en pacientes.
1981,Paula Acosta,141672,2025-01-05,Recoleta-Norte,Presencial,ALACIR|CIRUELAX MINITABS,"Se presentaron ALACIR, CIRUELAX MINITABS. El médico mostró interés en ALACIR."
1982,Paula Acosta,141672,2025-02-05,Recoleta-Norte,Virtual,CIRUELAX MINITABS|ALACIR,"Se entregó material informativo sobre CIRUELAX MINITABS, ALACIR. Buena recepción."
1983,Paula Acosta,141672,2025-03-20,Recoleta-Norte,Presencial,ALACIR|CIRUELAX MINITABS,"Se entregó material informativo sobre ALACIR, CIRUELAX MINITABS. Buena recepción."
1984,Paula Acosta,141672,2025-04-05,Recoleta-Norte,Virtual,ALACIR,Se presentaron ALACIR. El médico mostró interés en ALACIR.
1985,Paula Acosta,141672,2025-05-05,Recoleta-Norte,Presencial,ALACIR,Se revisaron casos clínicos con ALACIR. Médico receptivo.
1986,Paula Acosta,141672,2025-06-11,Recoleta-Norte,Presencial,ALACIR|CIRUELAX MINITABS,"Presentación de ALACIR, CIRUELAX MINITABS. Se acordó seguimiento en próxima visita."
1987,Paula Acosta,141672,2025-07-06,Recoleta-Norte,Virtual,ALACIR|CIRUELAX MINITABS,Se discutieron novedades de ALACIR. Médico solicitó muestras.
1988,Paula Acosta,141672,2025-08-09,Recoleta-Norte,Telefónica,CIRUELAX MINITABS|ALACIR,Se discutieron novedades de CIRUELAX MINITABS. Médico solicitó muestras.
1989,Paula Acosta,141672,2025-09-25,Recoleta-Norte,Presencial,CIRUELAX MINITABS|ALACIR,El médico consultó sobre posología de CIRUELAX MINITABS. Se aclararon dudas.
1990,Paula Acosta,141672,2025-10-09,Recoleta-Norte,Presencial,ALACIR,Reunión productiva. Se abordaron beneficios de ALACIR.
1991,Paula Acosta,141672,2025-11-20,Recoleta-Norte,Presencial,ALACIR,Se discutieron novedades de ALACIR. Médico solicitó muestras.
1992,Paula Acosta,141672,2025-12-16,Recoleta-Norte,Telefónica,CIRUELAX MINITABS,Se discutieron novedades de CIRUELAX MINITABS. Médico solicitó muestras.
1993,Paula Acosta,141672,2026-01-24,Recoleta-Norte,Presencial,CIRUELAX MINITABS,Se coordinó charla informativa sobre CIRUELAX MINITABS para el equipo médico.
1994,Paula Acosta,141672,2026-04-19,Recoleta-Norte,Presencial,CIRUELAX MINITABS|ALACIR,"Visita breve. Se dejó material de CIRUELAX MINITABS, ALACIR para revisión."
1995,Paula Acosta,141672,2026-05-24,Recoleta-Norte,Virtual,ALACIR|CIRUELAX MINITABS,Visita de seguimiento. Se discutió eficacia de ALACIR en pacientes.
1996,Paula Acosta,141672,2026-06-06,Recoleta-Norte,Presencial,ALACIR,Se entregó material informativo sobre ALACIR. Buena recepción.
1997,Paula Acosta,141672,2026-09-24,Recoleta-Norte,Virtual,CIRUELAX MINITABS,Se entregó material informativo sobre CIRUELAX MINITABS. Buena recepción.
1998,Paula Acosta,141672,2026-10-07,Recoleta-Norte,Presencial,CIRUELAX MINITABS,Se entregó material informativo sobre CIRUELAX MINITABS. Buena recepción.
1999,Paula Acosta,141672,2026-11-01,Recoleta-Norte,Virtual,ALACIR|CIRUELAX MINITABS,Se revisaron casos clínicos con ALACIR. Médico receptivo.
2000,Paula Acosta,141672,2026-12-11,Recoleta-Norte,Telefónica,ALACIR,Se revisaron casos clínicos con ALACIR. Médico receptivo.
2001,Valentina Pérez,749468,2025-08-28,Belgrano-R,Telefónica,PAMOXET,Se discutieron novedades de PAMOXET. Médico solicitó muestras.
2002,Valentina Pérez,749468,2025-12-21,Belgrano-R,Telefónica,APSICO|PAMOXET,El médico consultó sobre posología de APSICO. Se aclararon dudas.
2003,Valentina Pérez,749468,2026-06-17,Belgrano-R,Telefónica,ONEFIN|PAMOXET|APSICO,Se coordinó charla informativa sobre ONEFIN para el equipo médico.
2004,Valentina Pérez,749468,2026-09-08,Belgrano-R,Virtual,ONEFIN|PAMOXET|APSICO,El médico compartió experiencia positiva con ONEFIN.
2005,Valentina Pérez,749468,2026-12-23,Belgrano-R,Virtual,PAMOXET|APSICO,El médico consultó sobre posología de PAMOXET. Se aclararon dudas.
2006,Rocío Castro,185965,2025-04-01,San Isidro-Centro,Presencial,TANVIMIL B1 B6 B12,Se presentó nueva evidencia clínica de TANVIMIL B1 B6 B12. Interés alto.
2007,Ana Martínez,539589,2025-02-21,Palermo-Sur,Telefónica,TIOCTAN|TANVIMIL AMINOÁCIDOS|CO‑TIOCTAN,"Reunión productiva. Se abordaron beneficios de TIOCTAN, TANVIMIL AMINOÁCIDOS, CO‑TIOCTAN."
2008,Ana Martínez,539589,2025-03-06,Palermo-Sur,Telefónica,TANVIMIL AMINOÁCIDOS,Reunión productiva. Se abordaron beneficios de TANVIMIL AMINOÁCIDOS.
2009,Ana Martínez,539589,2025-07-21,Palermo-Sur,Virtual,TANVIMIL AMINOÁCIDOS,Reunión productiva. Se abordaron beneficios de TANVIMIL AMINOÁCIDOS.
2010,Ana Martínez,539589,2025-08-25,Palermo-Sur,Telefónica,TANVIMIL AMINOÁCIDOS|CO‑TIOCTAN,"Se entregó material informativo sobre TANVIMIL AMINOÁCIDOS, CO‑TIOCTAN. Buena recepción."
2011,Ana Martínez,539589,2025-11-22,Palermo-Sur,Telefónica,CO‑TIOCTAN|TIOCTAN,"Reunión productiva. Se abordaron beneficios de CO‑TIOCTAN, TIOCTAN."
2012,Ana Martínez,539589,2026-05-02,Palermo-Sur,Virtual,CO‑TIOCTAN,Se revisaron casos clínicos con CO‑TIOCTAN. Médico receptivo.
2013,Ana Martínez,539589,2026-06-10,Palermo-Sur,Telefónica,TANVIMIL AMINOÁCIDOS,Se entregó material informativo sobre TANVIMIL AMINOÁCIDOS. Buena recepción.
2014,Ana Martínez,539589,2026-07-11,Palermo-Sur,Telefónica,TANVIMIL AMINOÁCIDOS|TIOCTAN|CO‑TIOCTAN,Se discutieron novedades de TANVIMIL AMINOÁCIDOS. Médico solicitó muestras.
2015,Ana Martínez,539589,2026-09-08,Palermo-Sur,Telefónica,TANVIMIL AMINOÁCIDOS,Reunión productiva. Se abordaron beneficios de TANVIMIL AMINOÁCIDOS.
2016,Daniela Morales,712024,2025-02-05,Flores-Norte,Telefónica,TIOCTAN|TANVIMIL B1 B6 B12,"Se presentaron TIOCTAN, TANVIMIL B1 B6 B12. El médico mostró interés en TIOCTAN."
2017,Daniela Morales,712024,2026-11-15,Flores-Norte,Virtual,TANVIMIL B1 B6 B12|TIOCTAN,"Se entregó material informativo sobre TANVIMIL B1 B6 B12, TIOCTAN. Buena recepción."
2018,Julieta Romero,648177,2025-03-22,Caballito-Centro,Virtual,ALACIR|CIRUELAX MINITABS,Se coordinó charla informativa sobre ALACIR para el equipo médico.
2019,Julieta Romero,648177,2025-04-02,Caballito-Centro,Presencial,CIRUELAX MINITABS|ALACIR,"Presentación de CIRUELAX MINITABS, ALACIR. Se acordó seguimiento en próxima visita."
2020,Julieta Romero,648177,2025-08-24,Caballito-Centro,Presencial,ALACIR|CIRUELAX MINITABS,Se revisaron casos clínicos con ALACIR. Médico receptivo.
2021,Julieta Romero,648177,2025-10-02,Caballito-Centro,Virtual,CIRUELAX MINITABS,Se entregó material informativo sobre CIRUELAX MINITABS. Buena recepción.
2022,Julieta Romero,648177,2026-04-01,Caballito-Centro,Presencial,ALACIR,Se coordinó charla informativa sobre ALACIR para el equipo médico.
2023,Julieta Romero,648177,2026-08-03,Caballito-Centro,Presencial,CIRUELAX MINITABS,Reunión productiva. Se abordaron beneficios de CIRUELAX MINITABS.
2024,Julieta Romero,648177,2026-10-26,Caballito-Centro,Presencial,ALACIR,Visita de seguimiento. Se discutió eficacia de ALACIR en pacientes.
2025,Florencia Sánchez,431737,2025-02-13,Recoleta-Norte,Telefónica,TANVIMIL ACD,Visita breve. Se dejó material de TANVIMIL ACD para revisión.
2026,Florencia Sánchez,431737,2025-05-04,Recoleta-Norte,Telefónica,TANVIMIL ACD,Visita de seguimiento. Se discutió eficacia de TANVIMIL ACD en pacientes.
2027,Florencia Sánchez,431737,2025-06-01,Recoleta-Norte,Telefónica,TANVIMIL ACD,Se coordinó charla informativa sobre TANVIMIL ACD para el equipo médico.
2028,Florencia Sánchez,431737,2025-07-15,Recoleta-Norte,Telefónica,TRICOFIN,Visita de seguimiento. Se discutió eficacia de TRICOFIN en pacientes.
2029,Florencia Sánchez,431737,2025-08-08,Recoleta-Norte,Telefónica,TRICOFIN,Presentación de TRICOFIN. Se acordó seguimiento en próxima visita.
2030,Florencia Sánchez,431737,2025-09-03,Recoleta-Norte,Telefónica,TANVIMIL ACD,Visita de seguimiento. Se discutió eficacia de TANVIMIL ACD en pacientes.
2031,Florencia Sánchez,431737,2025-10-25,Recoleta-Norte,Telefónica,TANVIMIL ACD,Visita de seguimiento. Se discutió eficacia de TANVIMIL ACD en pacientes.
2032,Florencia Sánchez,431737,2025-11-04,Recoleta-Norte,Telefónica,TRICOFIN|TANVIMIL ACD,Se coordinó charla informativa sobre TRICOFIN para el equipo médico.
2033,Florencia Sánchez,431737,2026-01-11,Recoleta-Norte,Telefónica,TRICOFIN,Se coordinó charla informativa sobre TRICOFIN para el equipo médico.
2034,Florencia Sánchez,431737,2026-02-07,Recoleta-Norte,Telefónica,TRICOFIN,Se entregó material informativo sobre TRICOFIN. Buena recepción.
2035,Florencia Sánchez,431737,2026-03-05,Recoleta-Norte,Telefónica,TANVIMIL ACD,Presentación de TANVIMIL ACD. Se acordó seguimiento en próxima visita.
2036,Florencia Sánchez,431737,2026-06-01,Recoleta-Norte,Telefónica,TANVIMIL ACD,Reunión productiva. Se abordaron beneficios de TANVIMIL ACD.
2037,Florencia Sánchez,431737,2026-08-08,Recoleta-Norte,Virtual,TRICOFIN|TANVIMIL ACD,"Reunión productiva. Se abordaron beneficios de TRICOFIN, TANVIMIL ACD."
2038,Florencia Sánchez,431737,2026-09-19,Recoleta-Norte,Virtual,TRICOFIN,Se coordinó charla informativa sobre TRICOFIN para el equipo médico.
2039,Florencia Sánchez,431737,2026-12-20,Recoleta-Norte,Virtual,TANVIMIL ACD,Se coordinó charla informativa sobre TANVIMIL ACD para el equipo médico.
2040,Daniela Morales,373432,2025-01-26,Quilmes-Centro,Presencial,TANVIMIL B1 B6 B12|TANVIMIL AMINOÁCIDOS|TANVIMIL PLUS,Se revisaron casos clínicos con TANVIMIL B1 B6 B12. Médico receptivo.
2041,Daniela Morales,373432,2025-12-14,Quilmes-Centro,Presencial,TANVIMIL PLUS,El médico consultó sobre posología de TANVIMIL PLUS. Se aclararon dudas.
2042,Daniela Morales,373432,2026-09-03,Quilmes-Centro,Telefónica,TANVIMIL B1 B6 B12,Reunión productiva. Se abordaron beneficios de TANVIMIL B1 B6 B12.
2043,Paula Acosta,429445,2025-02-24,Palermo-Sur,Presencial,PAMOXET|APSICO,"Reunión productiva. Se abordaron beneficios de PAMOXET, APSICO."
2044,Paula Acosta,429445,2025-05-16,Palermo-Sur,Presencial,APSICO|PAMOXET|ONEFIN,El médico compartió experiencia positiva con APSICO.
2045,Paula Acosta,429445,2025-07-12,Palermo-Sur,Presencial,APSICO|ONEFIN|PAMOXET,"Presentación de APSICO, ONEFIN, PAMOXET. Se acordó seguimiento en próxima visita."
2046,Paula Acosta,429445,2025-09-18,Palermo-Sur,Presencial,PAMOXET,Se discutieron novedades de PAMOXET. Médico solicitó muestras.
2047,Paula Acosta,429445,2025-10-23,Palermo-Sur,Presencial,APSICO,Visita de seguimiento. Se discutió eficacia de APSICO en pacientes.
2048,Paula Acosta,429445,2026-01-26,Palermo-Sur,Telefónica,APSICO|ONEFIN|PAMOXET,"Reunión productiva. Se abordaron beneficios de APSICO, ONEFIN, PAMOXET."
2049,Paula Acosta,429445,2026-09-03,Palermo-Sur,Telefónica,ONEFIN,Se revisaron casos clínicos con ONEFIN. Médico receptivo.
2050,Paula Acosta,429445,2026-10-08,Palermo-Sur,Virtual,ONEFIN|APSICO|PAMOXET,Se discutieron novedades de ONEFIN. Médico solicitó muestras.
2051,Paula Acosta,429445,2026-12-14,Palermo-Sur,Presencial,PAMOXET|APSICO|ONEFIN,El médico consultó sobre posología de PAMOXET. Se aclararon dudas.
2052,Agustín Varela,350280,2025-04-13,Núñez-Centro,Virtual,PAMOXET|APSICO,Se coordinó charla informativa sobre PAMOXET para el equipo médico.
2053,Agustín Varela,350280,2025-06-21,Núñez-Centro,Presencial,PAMOXET,Se presentaron PAMOXET. El médico mostró interés en PAMOXET.
2054,Agustín Varela,350280,2025-08-07,Núñez-Centro,Presencial,PAMOXET,Se presentaron PAMOXET. El médico mostró interés en PAMOXET.
2055,Agustín Varela,350280,2025-12-12,Núñez-Centro,Telefónica,PAMOXET|APSICO,Se presentó nueva evidencia clínica de PAMOXET. Interés alto.
2056,Agustín Varela,350280,2026-03-05,Núñez-Centro,Presencial,APSICO|PAMOXET,"Se presentaron APSICO, PAMOXET. El médico mostró interés en APSICO."
2057,Diego López,378517,2025-02-10,Núñez-Centro,Virtual,PAMOXET,Visita breve. Se dejó material de PAMOXET para revisión.
2058,Diego López,378517,2025-07-15,Núñez-Centro,Presencial,APSICO,Visita breve. Se dejó material de APSICO para revisión.
2059,Diego López,378517,2025-10-23,Núñez-Centro,Telefónica,PAMOXET,El médico consultó sobre posología de PAMOXET. Se aclararon dudas.
2060,Diego López,378517,2026-03-27,Núñez-Centro,Presencial,APSICO,Se presentó nueva evidencia clínica de APSICO. Interés alto.
2061,Diego López,378517,2026-08-07,Núñez-Centro,Telefónica,APSICO,Se discutieron novedades de APSICO. Médico solicitó muestras.
2062,Matías Herrera,515011,2025-05-03,Almagro-Centro,Telefónica,PAMOXET,Reunión productiva. Se abordaron beneficios de PAMOXET.
2063,Matías Herrera,515011,2025-08-20,Almagro-Centro,Telefónica,APSICO|ONEFIN,"Se entregó material informativo sobre APSICO, ONEFIN. Buena recepción."
2064,Matías Herrera,515011,2025-09-18,Almagro-Centro,Presencial,APSICO|ONEFIN|PAMOXET,El médico compartió experiencia positiva con APSICO.
2065,Matías Herrera,515011,2025-10-01,Almagro-Centro,Presencial,ONEFIN,Se entregó material informativo sobre ONEFIN. Buena recepción.
2066,Matías Herrera,515011,2025-12-05,Almagro-Centro,Virtual,APSICO|PAMOXET,"Se presentaron APSICO, PAMOXET. El médico mostró interés en APSICO."
2067,Matías Herrera,515011,2026-04-23,Almagro-Centro,Presencial,APSICO|PAMOXET,Se discutieron novedades de APSICO. Médico solicitó muestras.
2068,Matías Herrera,515011,2026-05-01,Almagro-Centro,Presencial,PAMOXET|ONEFIN,Se revisaron casos clínicos con PAMOXET. Médico receptivo.
2069,Lucía Fernández,237235,2025-02-08,Belgrano-Centro,Virtual,CIRUELAX MINITABS|ALACIR,Se discutieron novedades de CIRUELAX MINITABS. Médico solicitó muestras.
2070,Lucía Fernández,237235,2025-04-23,Belgrano-Centro,Presencial,CIRUELAX MINITABS|ALACIR,Se discutieron novedades de CIRUELAX MINITABS. Médico solicitó muestras.
2071,Lucía Fernández,237235,2025-05-11,Belgrano-Centro,Presencial,ALACIR,Se coordinó charla informativa sobre ALACIR para el equipo médico.
2072,Lucía Fernández,237235,2025-06-24,Belgrano-Centro,Virtual,CIRUELAX MINITABS|ALACIR,Se coordinó charla informativa sobre CIRUELAX MINITABS para el equipo médico.
2073,Lucía Fernández,237235,2025-07-05,Belgrano-Centro,Telefónica,CIRUELAX MINITABS|ALACIR,Se revisaron casos clínicos con CIRUELAX MINITABS. Médico receptivo.
2074,Lucía Fernández,237235,2025-09-07,Belgrano-Centro,Virtual,CIRUELAX MINITABS|ALACIR,El médico consultó sobre posología de CIRUELAX MINITABS. Se aclararon dudas.
2075,Lucía Fernández,237235,2025-12-06,Belgrano-Centro,Presencial,CIRUELAX MINITABS|ALACIR,Visita de seguimiento. Se discutió eficacia de CIRUELAX MINITABS en pacientes.
2076,Lucía Fernández,237235,2026-02-09,Belgrano-Centro,Presencial,CIRUELAX MINITABS,El médico consultó sobre posología de CIRUELAX MINITABS. Se aclararon dudas.
2077,Lucía Fernández,237235,2026-03-21,Belgrano-Centro,Virtual,CIRUELAX MINITABS,Visita breve. Se dejó material de CIRUELAX MINITABS para revisión.
2078,Lucía Fernández,237235,2026-04-25,Belgrano-Centro,Virtual,CIRUELAX MINITABS|ALACIR,El médico consultó sobre posología de CIRUELAX MINITABS. Se aclararon dudas.
2079,Lucía Fernández,237235,2026-05-23,Belgrano-Centro,Presencial,ALACIR|CIRUELAX MINITABS,"Se presentaron ALACIR, CIRUELAX MINITABS. El médico mostró interés en ALACIR."
2080,Lucía Fernández,237235,2026-06-19,Belgrano-Centro,Presencial,CIRUELAX MINITABS|ALACIR,El médico consultó sobre posología de CIRUELAX MINITABS. Se aclararon dudas.
2081,Lucía Fernández,237235,2026-07-24,Belgrano-Centro,Telefónica,CIRUELAX MINITABS,Visita de seguimiento. Se discutió eficacia de CIRUELAX MINITABS en pacientes.
2082,Lucía Fernández,237235,2026-10-25,Belgrano-Centro,Virtual,CIRUELAX MINITABS|ALACIR,El médico compartió experiencia positiva con CIRUELAX MINITABS.
2083,Lucía Fernández,237235,2026-12-13,Belgrano-Centro,Telefónica,CIRUELAX MINITABS|ALACIR,El médico compartió experiencia positiva con CIRUELAX MINITABS.
2084,Carlos Gómez,804318,2025-03-12,Recoleta-Norte,Telefónica,ONEFIN|APSICO,Se presentó nueva evidencia clínica de ONEFIN. Interés alto.
2085,Carlos Gómez,804318,2025-04-27,Recoleta-Norte,Telefónica,ONEFIN|APSICO,"Reunión productiva. Se abordaron beneficios de ONEFIN, APSICO."
2086,Carlos Gómez,804318,2025-08-08,Recoleta-Norte,Telefónica,ONEFIN,El médico consultó sobre posología de ONEFIN. Se aclararon dudas.
2087,Carlos Gómez,804318,2026-04-17,Recoleta-Norte,Telefónica,APSICO,Se presentó nueva evidencia clínica de APSICO. Interés alto.
2088,Gonzalo Medina,776856,2025-09-01,Recoleta-Norte,Presencial,TANVIMIL ACD|AEROGAL|TANVIMIL ACD FLUOR,Se coordinó charla informativa sobre TANVIMIL ACD para el equipo médico.
2089,Gonzalo Medina,776856,2026-01-12,Recoleta-Norte,Presencial,AEROGAL|TANVIMIL ACD|TANVIMIL ACD FLUOR,Se revisaron casos clínicos con AEROGAL. Médico receptivo.
2090,Gonzalo Medina,776856,2026-03-20,Recoleta-Norte,Presencial,AEROGAL|TANVIMIL ACD FLUOR|TANVIMIL ACD,Se revisaron casos clínicos con AEROGAL. Médico receptivo.
2091,Valentina Pérez,414569,2025-09-26,Microcentro-Este,Telefónica,TANVIMIL B1 B6 B12,Se entregó material informativo sobre TANVIMIL B1 B6 B12. Buena recepción.
2092,Valentina Pérez,414569,2025-10-07,Microcentro-Este,Presencial,TANVIMIL AMINOÁCIDOS|TANVIMIL B1 B6 B12|TANVIMIL PLUS,El médico compartió experiencia positiva con TANVIMIL AMINOÁCIDOS.
2093,Valentina Pérez,414569,2026-02-25,Microcentro-Este,Presencial,TANVIMIL PLUS|TANVIMIL B1 B6 B12|TANVIMIL AMINOÁCIDOS,Se coordinó charla informativa sobre TANVIMIL PLUS para el equipo médico.
2094,Valentina Pérez,414569,2026-03-08,Microcentro-Este,Presencial,TANVIMIL AMINOÁCIDOS|TANVIMIL B1 B6 B12,Se discutieron novedades de TANVIMIL AMINOÁCIDOS. Médico solicitó muestras.
2095,Valentina Pérez,414569,2026-04-06,Microcentro-Este,Telefónica,TANVIMIL PLUS|TANVIMIL AMINOÁCIDOS,"Presentación de TANVIMIL PLUS, TANVIMIL AMINOÁCIDOS. Se acordó seguimiento en próxima visita."
2096,Rocío Castro,431535,2025-04-23,San Isidro-Centro,Telefónica,TIOCTAN|TANVIMIL B1 B6 B12|CO‑TIOCTAN,El médico compartió experiencia positiva con TIOCTAN.
2097,Rocío Castro,431535,2025-05-15,San Isidro-Centro,Virtual,TANVIMIL B1 B6 B12|CO‑TIOCTAN|TIOCTAN,Se coordinó charla informativa sobre TANVIMIL B1 B6 B12 para el equipo médico.
2098,Rocío Castro,431535,2025-07-25,San Isidro-Centro,Telefónica,CO‑TIOCTAN,Se discutieron novedades de CO‑TIOCTAN. Médico solicitó muestras.
2099,Rocío Castro,431535,2025-08-16,San Isidro-Centro,Telefónica,TANVIMIL B1 B6 B12,Se revisaron casos clínicos con TANVIMIL B1 B6 B12. Médico receptivo.
2100,Rocío Castro,431535,2025-09-24,San Isidro-Centro,Virtual,TIOCTAN,Presentación de TIOCTAN. Se acordó seguimiento en próxima visita.
2101,Rocío Castro,431535,2025-12-28,San Isidro-Centro,Telefónica,TANVIMIL B1 B6 B12|TANDIUR|TIOCTAN,El médico compartió experiencia positiva con TANVIMIL B1 B6 B12.
2102,Rocío Castro,431535,2026-01-26,San Isidro-Centro,Telefónica,TANVIMIL B1 B6 B12|TIOCTAN,"Presentación de TANVIMIL B1 B6 B12, TIOCTAN. Se acordó seguimiento en próxima visita."
2103,Rocío Castro,431535,2026-02-05,San Isidro-Centro,Virtual,TANVIMIL B1 B6 B12|TANDIUR,Se revisaron casos clínicos con TANVIMIL B1 B6 B12. Médico receptivo.
2104,Rocío Castro,431535,2026-03-07,San Isidro-Centro,Telefónica,TANDIUR|TANVIMIL B1 B6 B12,El médico compartió experiencia positiva con TANDIUR.
2105,Rocío Castro,431535,2026-05-27,San Isidro-Centro,Telefónica,TANVIMIL B1 B6 B12|TIOCTAN|TANDIUR,Se presentó nueva evidencia clínica de TANVIMIL B1 B6 B12. Interés alto.
2106,Matías Herrera,888387,2025-01-22,Núñez-Centro,Presencial,TANVIMIL ACD FLUOR|TANVIMIL ACD,"Visita breve. Se dejó material de TANVIMIL ACD FLUOR, TANVIMIL ACD para revisión."
2107,Matías Herrera,888387,2025-02-09,Núñez-Centro,Presencial,TANVIMIL ACD|AEROGAL,Se revisaron casos clínicos con TANVIMIL ACD. Médico receptivo.
2108,Matías Herrera,888387,2025-03-17,Núñez-Centro,Virtual,TANVIMIL ACD|TANVIMIL ACD FLUOR|AEROGAL,Se presentó nueva evidencia clínica de TANVIMIL ACD. Interés alto.
2109,Matías Herrera,888387,2025-04-08,Núñez-Centro,Presencial,AEROGAL|TANVIMIL ACD,"Se entregó material informativo sobre AEROGAL, TANVIMIL ACD. Buena recepción."
2110,Matías Herrera,888387,2025-05-28,Núñez-Centro,Presencial,TANVIMIL ACD|TANVIMIL ACD FLUOR,Se revisaron casos clínicos con TANVIMIL ACD. Médico receptivo.
2111,Matías Herrera,888387,2025-07-13,Núñez-Centro,Presencial,AEROGAL|TANVIMIL ACD|TANVIMIL ACD FLUOR,Visita de seguimiento. Se discutió eficacia de AEROGAL en pacientes.
2112,Matías Herrera,888387,2025-09-15,Núñez-Centro,Presencial,AEROGAL|TANVIMIL ACD|TANVIMIL ACD FLUOR,"Se presentaron AEROGAL, TANVIMIL ACD, TANVIMIL ACD FLUOR. El médico mostró interés en AEROGAL."
2113,Matías Herrera,888387,2025-10-08,Núñez-Centro,Presencial,AEROGAL|TANVIMIL ACD,El médico compartió experiencia positiva con AEROGAL.
2114,Matías Herrera,888387,2025-11-28,Núñez-Centro,Telefónica,AEROGAL|TANVIMIL ACD|TANVIMIL ACD FLUOR,"Reunión productiva. Se abordaron beneficios de AEROGAL, TANVIMIL ACD, TANVIMIL ACD FLUOR."
2115,Matías Herrera,888387,2026-02-05,Núñez-Centro,Virtual,AEROGAL|TANVIMIL ACD FLUOR|TANVIMIL ACD,El médico compartió experiencia positiva con AEROGAL.
2116,Matías Herrera,888387,2026-03-09,Núñez-Centro,Telefónica,TANVIMIL ACD FLUOR,Se presentaron TANVIMIL ACD FLUOR. El médico mostró interés en TANVIMIL ACD FLUOR.
2117,Matías Herrera,888387,2026-04-25,Núñez-Centro,Presencial,TANVIMIL ACD|TANVIMIL ACD FLUOR|AEROGAL,El médico compartió experiencia positiva con TANVIMIL ACD.
2118,Matías Herrera,888387,2026-05-23,Núñez-Centro,Virtual,AEROGAL|TANVIMIL ACD|TANVIMIL ACD FLUOR,Se discutieron novedades de AEROGAL. Médico solicitó muestras.
2119,Matías Herrera,888387,2026-06-27,Núñez-Centro,Presencial,TANVIMIL ACD|TANVIMIL ACD FLUOR|AEROGAL,Se revisaron casos clínicos con TANVIMIL ACD. Médico receptivo.
2120,Matías Herrera,888387,2026-07-15,Núñez-Centro,Presencial,TANVIMIL ACD FLUOR|AEROGAL,El médico consultó sobre posología de TANVIMIL ACD FLUOR. Se aclararon dudas.
2121,Matías Herrera,888387,2026-08-18,Núñez-Centro,Presencial,TANVIMIL ACD|TANVIMIL ACD FLUOR,"Se entregó material informativo sobre TANVIMIL ACD, TANVIMIL ACD FLUOR. Buena recepción."
2122,Matías Herrera,888387,2026-09-16,Núñez-Centro,Presencial,TANVIMIL ACD|AEROGAL,Se coordinó charla informativa sobre TANVIMIL ACD para el equipo médico.
2123,Matías Herrera,888387,2026-10-16,Núñez-Centro,Presencial,TANVIMIL ACD|AEROGAL,Visita de seguimiento. Se discutió eficacia de TANVIMIL ACD en pacientes.
2124,Matías Herrera,888387,2026-11-27,Núñez-Centro,Presencial,TANVIMIL ACD FLUOR|TANVIMIL ACD,Se discutieron novedades de TANVIMIL ACD FLUOR. Médico solicitó muestras.
2125,Julieta Romero,176066,2025-11-05,Caballito-Centro,Presencial,AEROGAL|TANVIMIL ACD,"Se entregó material informativo sobre AEROGAL, TANVIMIL ACD. Buena recepción."
2126,Julieta Romero,176066,2026-05-22,Caballito-Centro,Presencial,TANVIMIL ACD FLUOR|TANVIMIL ACD,"Reunión productiva. Se abordaron beneficios de TANVIMIL ACD FLUOR, TANVIMIL ACD."
2127,Paula Acosta,580547,2025-06-20,Villa Urquiza-Centro,Presencial,ONEFIN,Visita breve. Se dejó material de ONEFIN para revisión.
2128,Paula Acosta,580547,2026-02-11,Villa Urquiza-Centro,Presencial,ONEFIN,Visita de seguimiento. Se discutió eficacia de ONEFIN en pacientes.
2129,Matías Herrera,751332,2025-05-15,Palermo-Sur,Presencial,AEROGAL|TANVIMIL ACD,Visita de seguimiento. Se discutió eficacia de AEROGAL en pacientes.
2130,Matías Herrera,751332,2026-02-11,Palermo-Sur,Telefónica,TANVIMIL ACD FLUOR,El médico consultó sobre posología de TANVIMIL ACD FLUOR. Se aclararon dudas.
2131,Matías Herrera,751332,2026-08-04,Palermo-Sur,Presencial,AEROGAL|TANVIMIL ACD FLUOR,"Visita breve. Se dejó material de AEROGAL, TANVIMIL ACD FLUOR para revisión."
2132,Matías Herrera,751332,2026-11-19,Palermo-Sur,Presencial,TANVIMIL ACD FLUOR|AEROGAL|TANVIMIL ACD,"Se presentaron TANVIMIL ACD FLUOR, AEROGAL, TANVIMIL ACD. El médico mostró interés en TANVIMIL ACD FLUOR."
2133,Nicolás Díaz,690341,2025-01-16,Belgrano-R,Presencial,ONEFIN|APSICO,"Presentación de ONEFIN, APSICO. Se acordó seguimiento en próxima visita."
2134,Nicolás Díaz,690341,2025-02-06,Belgrano-R,Presencial,APSICO|PAMOXET,Se revisaron casos clínicos con APSICO. Médico receptivo.
2135,Nicolás Díaz,690341,2025-03-26,Belgrano-R,Telefónica,PAMOXET,Visita breve. Se dejó material de PAMOXET para revisión.
2136,Nicolás Díaz,690341,2025-04-17,Belgrano-R,Virtual,PAMOXET,El médico compartió experiencia positiva con PAMOXET.
2137,Nicolás Díaz,690341,2025-05-14,Belgrano-R,Virtual,ONEFIN|PAMOXET,Se coordinó charla informativa sobre ONEFIN para el equipo médico.
2138,Nicolás Díaz,690341,2025-06-19,Belgrano-R,Presencial,APSICO,Reunión productiva. Se abordaron beneficios de APSICO.
2139,Nicolás Díaz,690341,2025-07-07,Belgrano-R,Virtual,PAMOXET|APSICO,Se presentó nueva evidencia clínica de PAMOXET. Interés alto.
2140,Nicolás Díaz,690341,2025-08-01,Belgrano-R,Presencial,APSICO|PAMOXET|ONEFIN,Se presentó nueva evidencia clínica de APSICO. Interés alto.
2141,Nicolás Díaz,690341,2025-09-20,Belgrano-R,Virtual,APSICO,Visita de seguimiento. Se discutió eficacia de APSICO en pacientes.
2142,Nicolás Díaz,690341,2025-10-06,Belgrano-R,Presencial,APSICO|PAMOXET,"Se presentaron APSICO, PAMOXET. El médico mostró interés en APSICO."
2143,Nicolás Díaz,690341,2025-11-22,Belgrano-R,Presencial,APSICO,Se presentó nueva evidencia clínica de APSICO. Interés alto.
2144,Nicolás Díaz,690341,2025-12-07,Belgrano-R,Presencial,APSICO,Visita de seguimiento. Se discutió eficacia de APSICO en pacientes.
2145,Nicolás Díaz,690341,2026-01-01,Belgrano-R,Presencial,ONEFIN,Se presentó nueva evidencia clínica de ONEFIN. Interés alto.
2146,Nicolás Díaz,690341,2026-02-07,Belgrano-R,Presencial,APSICO|ONEFIN|PAMOXET,"Se presentaron APSICO, ONEFIN, PAMOXET. El médico mostró interés en APSICO."
2147,Nicolás Díaz,690341,2026-05-12,Belgrano-R,Virtual,PAMOXET|ONEFIN,Visita de seguimiento. Se discutió eficacia de PAMOXET en pacientes.
2148,Nicolás Díaz,690341,2026-06-25,Belgrano-R,Presencial,PAMOXET|APSICO|ONEFIN,"Se presentaron PAMOXET, APSICO, ONEFIN. El médico mostró interés en PAMOXET."
2149,Nicolás Díaz,690341,2026-07-28,Belgrano-R,Presencial,ONEFIN|PAMOXET,Se discutieron novedades de ONEFIN. Médico solicitó muestras.
2150,Nicolás Díaz,690341,2026-08-03,Belgrano-R,Virtual,APSICO,Se revisaron casos clínicos con APSICO. Médico receptivo.
2151,Nicolás Díaz,690341,2026-09-08,Belgrano-R,Presencial,PAMOXET|ONEFIN,El médico consultó sobre posología de PAMOXET. Se aclararon dudas.
2152,Nicolás Díaz,690341,2026-10-24,Belgrano-R,Telefónica,PAMOXET,Se revisaron casos clínicos con PAMOXET. Médico receptivo.
2153,Nicolás Díaz,690341,2026-11-20,Belgrano-R,Virtual,ONEFIN|APSICO|PAMOXET,"Reunión productiva. Se abordaron beneficios de ONEFIN, APSICO, PAMOXET."
2154,Nicolás Díaz,690341,2026-12-04,Belgrano-R,Presencial,ONEFIN|APSICO|PAMOXET,El médico consultó sobre posología de ONEFIN. Se aclararon dudas.
2155,Paula Acosta,176819,2025-01-03,Belgrano-Centro,Presencial,TACNA|TRICOFIN,"Se presentaron TACNA, TRICOFIN. El médico mostró interés en TACNA."
2156,Paula Acosta,176819,2025-05-21,Belgrano-Centro,Presencial,TRICOFIN|TACNA,Visita de seguimiento. Se discutió eficacia de TRICOFIN en pacientes.
2157,Paula Acosta,176819,2025-06-17,Belgrano-Centro,Presencial,TACNA,Reunión productiva. Se abordaron beneficios de TACNA.
2158,Paula Acosta,176819,2025-07-24,Belgrano-Centro,Presencial,TACNA|TRICOFIN,Se presentó nueva evidencia clínica de TACNA. Interés alto.
2159,Paula Acosta,176819,2025-08-21,Belgrano-Centro,Virtual,TACNA,Se presentó nueva evidencia clínica de TACNA. Interés alto.
2160,Paula Acosta,176819,2025-09-05,Belgrano-Centro,Presencial,TRICOFIN|TACNA,"Presentación de TRICOFIN, TACNA. Se acordó seguimiento en próxima visita."
2161,Paula Acosta,176819,2025-10-07,Belgrano-Centro,Virtual,TACNA,El médico consultó sobre posología de TACNA. Se aclararon dudas.
2162,Paula Acosta,176819,2025-11-25,Belgrano-Centro,Presencial,TRICOFIN|TACNA,"Reunión productiva. Se abordaron beneficios de TRICOFIN, TACNA."
2163,Paula Acosta,176819,2026-01-24,Belgrano-Centro,Telefónica,TACNA,Se presentó nueva evidencia clínica de TACNA. Interés alto.
2164,Paula Acosta,176819,2026-02-09,Belgrano-Centro,Presencial,TACNA|TRICOFIN,Visita de seguimiento. Se discutió eficacia de TACNA en pacientes.
2165,Paula Acosta,176819,2026-03-19,Belgrano-Centro,Virtual,TACNA,Se presentaron TACNA. El médico mostró interés en TACNA.
2166,Nicolás Díaz,663750,2025-06-21,Almagro-Centro,Presencial,TRICOFIN|TANVIMIL ACD,"Reunión productiva. Se abordaron beneficios de TRICOFIN, TANVIMIL ACD."
2167,Nicolás Díaz,663750,2025-07-17,Almagro-Centro,Virtual,TANVIMIL ACD,Se discutieron novedades de TANVIMIL ACD. Médico solicitó muestras.
2168,Nicolás Díaz,663750,2026-01-17,Almagro-Centro,Telefónica,TANVIMIL ACD|TRICOFIN,Se revisaron casos clínicos con TANVIMIL ACD. Médico receptivo.
2169,Matías Herrera,323508,2025-01-26,Villa Urquiza-Centro,Presencial,TANVIMIL ACD,El médico compartió experiencia positiva con TANVIMIL ACD.
2170,Matías Herrera,323508,2025-03-17,Villa Urquiza-Centro,Virtual,TRICOFIN,Visita breve. Se dejó material de TRICOFIN para revisión.
2171,Matías Herrera,323508,2025-04-15,Villa Urquiza-Centro,Presencial,TRICOFIN,Se presentaron TRICOFIN. El médico mostró interés en TRICOFIN.
2172,Matías Herrera,323508,2025-11-02,Villa Urquiza-Centro,Presencial,TRICOFIN|TANVIMIL ACD,Se revisaron casos clínicos con TRICOFIN. Médico receptivo.
2173,Matías Herrera,323508,2026-02-21,Villa Urquiza-Centro,Presencial,TRICOFIN|TANVIMIL ACD,"Se presentaron TRICOFIN, TANVIMIL ACD. El médico mostró interés en TRICOFIN."
2174,Matías Herrera,323508,2026-05-28,Villa Urquiza-Centro,Virtual,TANVIMIL ACD,Se presentaron TANVIMIL ACD. El médico mostró interés en TANVIMIL ACD.
2175,Agustín Varela,630458,2025-01-09,Belgrano-R,Presencial,PAMOXET|APSICO,Se coordinó charla informativa sobre PAMOXET para el equipo médico.
2176,Agustín Varela,630458,2025-08-24,Belgrano-R,Presencial,PAMOXET|APSICO|ONEFIN,"Presentación de PAMOXET, APSICO, ONEFIN. Se acordó seguimiento en próxima visita."
2177,Agustín Varela,630458,2026-02-09,Belgrano-R,Presencial,ONEFIN,Se coordinó charla informativa sobre ONEFIN para el equipo médico.
2178,Agustín Varela,630458,2026-07-27,Belgrano-R,Presencial,ONEFIN,Se entregó material informativo sobre ONEFIN. Buena recepción.
2179,Paula Acosta,378082,2025-01-28,La Plata-Centro,Telefónica,APSICO,Se revisaron casos clínicos con APSICO. Médico receptivo.
2180,Paula Acosta,378082,2025-03-13,La Plata-Centro,Telefónica,PAMOXET,Visita de seguimiento. Se discutió eficacia de PAMOXET en pacientes.
2181,Paula Acosta,378082,2025-04-13,La Plata-Centro,Telefónica,APSICO|PAMOXET,"Se presentaron APSICO, PAMOXET. El médico mostró interés en APSICO."
2182,Paula Acosta,378082,2025-05-06,La Plata-Centro,Virtual,APSICO,Visita de seguimiento. Se discutió eficacia de APSICO en pacientes.
2183,Paula Acosta,378082,2026-01-08,La Plata-Centro,Virtual,PAMOXET|APSICO,Se revisaron casos clínicos con PAMOXET. Médico receptivo.
2184,Paula Acosta,378082,2026-02-10,La Plata-Centro,Telefónica,APSICO,El médico compartió experiencia positiva con APSICO.
2185,Paula Acosta,378082,2026-03-16,La Plata-Centro,Telefónica,PAMOXET,El médico consultó sobre posología de PAMOXET. Se aclararon dudas.
2186,Paula Acosta,378082,2026-08-24,La Plata-Centro,Telefónica,PAMOXET,Se entregó material informativo sobre PAMOXET. Buena recepción.
2187,Paula Acosta,378082,2026-10-18,La Plata-Centro,Virtual,APSICO|PAMOXET,"Visita breve. Se dejó material de APSICO, PAMOXET para revisión."
2188,Paula Acosta,378082,2026-12-23,La Plata-Centro,Telefónica,PAMOXET,Se revisaron casos clínicos con PAMOXET. Médico receptivo.
2189,Daniela Morales,172132,2025-02-02,Caballito-Centro,Virtual,AEROGAL|TANVIMIL ACD,"Presentación de AEROGAL, TANVIMIL ACD. Se acordó seguimiento en próxima visita."
2190,Daniela Morales,172132,2025-08-11,Caballito-Centro,Presencial,TANVIMIL ACD FLUOR|AEROGAL|TANVIMIL ACD,"Se entregó material informativo sobre TANVIMIL ACD FLUOR, AEROGAL, TANVIMIL ACD. Buena recepción."
2191,Daniela Morales,172132,2025-12-04,Caballito-Centro,Presencial,AEROGAL,Se revisaron casos clínicos con AEROGAL. Médico receptivo.
2192,Daniela Morales,172132,2026-01-25,Caballito-Centro,Presencial,AEROGAL|TANVIMIL ACD|TANVIMIL ACD FLUOR,"Reunión productiva. Se abordaron beneficios de AEROGAL, TANVIMIL ACD, TANVIMIL ACD FLUOR."
2193,Daniela Morales,172132,2026-02-05,Caballito-Centro,Virtual,TANVIMIL ACD FLUOR|TANVIMIL ACD|AEROGAL,"Presentación de TANVIMIL ACD FLUOR, TANVIMIL ACD, AEROGAL. Se acordó seguimiento en próxima visita."
2194,Daniela Morales,172132,2026-07-21,Caballito-Centro,Presencial,AEROGAL|TANVIMIL ACD,El médico consultó sobre posología de AEROGAL. Se aclararon dudas.
2195,Daniela Morales,172132,2026-08-12,Caballito-Centro,Telefónica,TANVIMIL ACD|TANVIMIL ACD FLUOR,El médico consultó sobre posología de TANVIMIL ACD. Se aclararon dudas.
2196,Daniela Morales,172132,2026-09-02,Caballito-Centro,Telefónica,TANVIMIL ACD|AEROGAL,"Se presentaron TANVIMIL ACD, AEROGAL. El médico mostró interés en TANVIMIL ACD."
2197,Daniela Morales,172132,2026-10-04,Caballito-Centro,Presencial,TANVIMIL ACD FLUOR|AEROGAL,Se revisaron casos clínicos con TANVIMIL ACD FLUOR. Médico receptivo.
2198,Sebastián Torres,356150,2025-12-22,Almagro-Centro,Presencial,TANVIMIL AMINOÁCIDOS,Se revisaron casos clínicos con TANVIMIL AMINOÁCIDOS. Médico receptivo.
2199,Matías Herrera,487477,2025-08-07,Belgrano-R,Presencial,PAMOXET|APSICO,Se presentó nueva evidencia clínica de PAMOXET. Interés alto.
2200,Matías Herrera,487477,2026-01-19,Belgrano-R,Presencial,APSICO,Visita breve. Se dejó material de APSICO para revisión.
2201,Matías Herrera,487477,2026-02-04,Belgrano-R,Virtual,PAMOXET|APSICO,"Se presentaron PAMOXET, APSICO. El médico mostró interés en PAMOXET."
2202,Matías Herrera,487477,2026-06-04,Belgrano-R,Presencial,APSICO|PAMOXET,"Se entregó material informativo sobre APSICO, PAMOXET. Buena recepción."
2203,Matías Herrera,487477,2026-07-23,Belgrano-R,Presencial,APSICO,Reunión productiva. Se abordaron beneficios de APSICO.
2204,Matías Herrera,487477,2026-09-25,Belgrano-R,Presencial,APSICO|PAMOXET,Visita de seguimiento. Se discutió eficacia de APSICO en pacientes.
2205,Matías Herrera,487477,2026-12-13,Belgrano-R,Virtual,PAMOXET|APSICO,Se discutieron novedades de PAMOXET. Médico solicitó muestras.
2206,Nicolás Díaz,398830,2025-01-02,Caballito-Centro,Presencial,TANVIMIL B1 B6 B12,El médico compartió experiencia positiva con TANVIMIL B1 B6 B12.
2207,Nicolás Díaz,398830,2025-03-03,Caballito-Centro,Virtual,TANVIMIL PLUS,Visita breve. Se dejó material de TANVIMIL PLUS para revisión.
2208,Nicolás Díaz,398830,2025-04-15,Caballito-Centro,Presencial,TANVIMIL AMINOÁCIDOS|TANVIMIL B1 B6 B12|TANVIMIL PLUS,Visita de seguimiento. Se discutió eficacia de TANVIMIL AMINOÁCIDOS en pacientes.
2209,Nicolás Díaz,398830,2025-05-12,Caballito-Centro,Telefónica,TANVIMIL PLUS|TANVIMIL AMINOÁCIDOS|TANVIMIL B1 B6 B12,Se discutieron novedades de TANVIMIL PLUS. Médico solicitó muestras.
2210,Nicolás Díaz,398830,2025-06-07,Caballito-Centro,Presencial,TANVIMIL B1 B6 B12,Se revisaron casos clínicos con TANVIMIL B1 B6 B12. Médico receptivo.
2211,Nicolás Díaz,398830,2025-07-17,Caballito-Centro,Presencial,TANVIMIL B1 B6 B12|TANVIMIL PLUS,Se coordinó charla informativa sobre TANVIMIL B1 B6 B12 para el equipo médico.
2212,Nicolás Díaz,398830,2025-08-07,Caballito-Centro,Presencial,TANVIMIL PLUS|TANVIMIL B1 B6 B12,"Presentación de TANVIMIL PLUS, TANVIMIL B1 B6 B12. Se acordó seguimiento en próxima visita."
2213,Nicolás Díaz,398830,2025-10-01,Caballito-Centro,Presencial,TANVIMIL PLUS|TANVIMIL AMINOÁCIDOS|TANVIMIL B1 B6 B12,"Visita breve. Se dejó material de TANVIMIL PLUS, TANVIMIL AMINOÁCIDOS, TANVIMIL B1 B6 B12 para revisión."
2214,Nicolás Díaz,398830,2025-11-21,Caballito-Centro,Presencial,TANVIMIL AMINOÁCIDOS,Se entregó material informativo sobre TANVIMIL AMINOÁCIDOS. Buena recepción.
2215,Nicolás Díaz,398830,2025-12-27,Caballito-Centro,Presencial,TANVIMIL B1 B6 B12|TANVIMIL PLUS|TANVIMIL AMINOÁCIDOS,Se revisaron casos clínicos con TANVIMIL B1 B6 B12. Médico receptivo.
2216,Nicolás Díaz,398830,2026-01-08,Caballito-Centro,Presencial,TANVIMIL PLUS,Se discutieron novedades de TANVIMIL PLUS. Médico solicitó muestras.
2217,Nicolás Díaz,398830,2026-02-02,Caballito-Centro,Presencial,TANVIMIL PLUS|TANVIMIL B1 B6 B12|TANVIMIL AMINOÁCIDOS,Visita de seguimiento. Se discutió eficacia de TANVIMIL PLUS en pacientes.
2218,Nicolás Díaz,398830,2026-03-03,Caballito-Centro,Presencial,TANVIMIL AMINOÁCIDOS|TANVIMIL PLUS|TANVIMIL B1 B6 B12,"Reunión productiva. Se abordaron beneficios de TANVIMIL AMINOÁCIDOS, TANVIMIL PLUS, TANVIMIL B1 B6 B12."
2219,Nicolás Díaz,398830,2026-04-27,Caballito-Centro,Presencial,TANVIMIL B1 B6 B12|TANVIMIL PLUS,"Visita breve. Se dejó material de TANVIMIL B1 B6 B12, TANVIMIL PLUS para revisión."
2220,Nicolás Díaz,398830,2026-06-12,Caballito-Centro,Virtual,TANVIMIL AMINOÁCIDOS|TANVIMIL B1 B6 B12,"Reunión productiva. Se abordaron beneficios de TANVIMIL AMINOÁCIDOS, TANVIMIL B1 B6 B12."
2221,Nicolás Díaz,398830,2026-07-04,Caballito-Centro,Virtual,TANVIMIL AMINOÁCIDOS|TANVIMIL PLUS|TANVIMIL B1 B6 B12,"Visita breve. Se dejó material de TANVIMIL AMINOÁCIDOS, TANVIMIL PLUS, TANVIMIL B1 B6 B12 para revisión."
2222,Nicolás Díaz,398830,2026-08-10,Caballito-Centro,Presencial,TANVIMIL PLUS,Se revisaron casos clínicos con TANVIMIL PLUS. Médico receptivo.
2223,Nicolás Díaz,398830,2026-09-28,Caballito-Centro,Virtual,TANVIMIL B1 B6 B12|TANVIMIL PLUS,Se presentó nueva evidencia clínica de TANVIMIL B1 B6 B12. Interés alto.
2224,Nicolás Díaz,398830,2026-10-26,Caballito-Centro,Presencial,TANVIMIL B1 B6 B12|TANVIMIL AMINOÁCIDOS,"Visita breve. Se dejó material de TANVIMIL B1 B6 B12, TANVIMIL AMINOÁCIDOS para revisión."
2225,Julieta Romero,559469,2025-04-01,San Isidro-Centro,Virtual,TIOCTAN|TANVIMIL B1 B6 B12,Se revisaron casos clínicos con TIOCTAN. Médico receptivo.
2226,Julieta Romero,559469,2025-05-16,San Isidro-Centro,Virtual,TIOCTAN|TANVIMIL B1 B6 B12,"Reunión productiva. Se abordaron beneficios de TIOCTAN, TANVIMIL B1 B6 B12."
2227,Julieta Romero,559469,2025-06-21,San Isidro-Centro,Telefónica,TANVIMIL B1 B6 B12|TIOCTAN,Se revisaron casos clínicos con TANVIMIL B1 B6 B12. Médico receptivo.
2228,Julieta Romero,559469,2025-07-12,San Isidro-Centro,Telefónica,TANVIMIL B1 B6 B12,Visita de seguimiento. Se discutió eficacia de TANVIMIL B1 B6 B12 en pacientes.
2229,Julieta Romero,559469,2025-09-18,San Isidro-Centro,Telefónica,TANVIMIL B1 B6 B12|TIOCTAN,"Reunión productiva. Se abordaron beneficios de TANVIMIL B1 B6 B12, TIOCTAN."
2230,Julieta Romero,559469,2026-02-10,San Isidro-Centro,Virtual,TIOCTAN,Se presentaron TIOCTAN. El médico mostró interés en TIOCTAN.
2231,Julieta Romero,559469,2026-03-02,San Isidro-Centro,Telefónica,TIOCTAN,Se discutieron novedades de TIOCTAN. Médico solicitó muestras.
2232,Julieta Romero,559469,2026-04-19,San Isidro-Centro,Telefónica,TANVIMIL B1 B6 B12,Se entregó material informativo sobre TANVIMIL B1 B6 B12. Buena recepción.
2233,Agustín Varela,974244,2025-01-02,Núñez-Centro,Virtual,TANVIMIL ACD FLUOR|AEROGAL|TANVIMIL ACD,"Se presentaron TANVIMIL ACD FLUOR, AEROGAL, TANVIMIL ACD. El médico mostró interés en TANVIMIL ACD FLUOR."
2234,Agustín Varela,974244,2025-04-06,Núñez-Centro,Telefónica,TANVIMIL ACD,Se presentó nueva evidencia clínica de TANVIMIL ACD. Interés alto.
2235,Agustín Varela,974244,2025-05-06,Núñez-Centro,Virtual,AEROGAL|TANVIMIL ACD FLUOR|TANVIMIL ACD,Se coordinó charla informativa sobre AEROGAL para el equipo médico.
2236,Agustín Varela,974244,2025-09-24,Núñez-Centro,Virtual,AEROGAL|TANVIMIL ACD FLUOR,"Se presentaron AEROGAL, TANVIMIL ACD FLUOR. El médico mostró interés en AEROGAL."
2237,Agustín Varela,974244,2026-01-24,Núñez-Centro,Telefónica,AEROGAL|TANVIMIL ACD FLUOR|TANVIMIL ACD,"Reunión productiva. Se abordaron beneficios de AEROGAL, TANVIMIL ACD FLUOR, TANVIMIL ACD."
2238,Agustín Varela,974244,2026-03-09,Núñez-Centro,Telefónica,TANVIMIL ACD,Se coordinó charla informativa sobre TANVIMIL ACD para el equipo médico.
2239,Agustín Varela,974244,2026-04-02,Núñez-Centro,Virtual,AEROGAL,Se presentó nueva evidencia clínica de AEROGAL. Interés alto.
2240,Agustín Varela,974244,2026-07-02,Núñez-Centro,Telefónica,TANVIMIL ACD,Se entregó material informativo sobre TANVIMIL ACD. Buena recepción.
2241,Agustín Varela,974244,2026-08-12,Núñez-Centro,Virtual,TANVIMIL ACD FLUOR|AEROGAL|TANVIMIL ACD,Se presentó nueva evidencia clínica de TANVIMIL ACD FLUOR. Interés alto.
2242,Agustín Varela,974244,2026-11-19,Núñez-Centro,Telefónica,TANVIMIL ACD FLUOR,El médico compartió experiencia positiva con TANVIMIL ACD FLUOR.
2243,Daniela Morales,417212,2025-01-09,Palermo-Norte,Virtual,CIRUELAX MINITABS,Se entregó material informativo sobre CIRUELAX MINITABS. Buena recepción.
2244,Daniela Morales,417212,2025-02-16,Palermo-Norte,Virtual,ALACIR|CIRUELAX MINITABS,"Reunión productiva. Se abordaron beneficios de ALACIR, CIRUELAX MINITABS."
2245,Daniela Morales,417212,2025-03-15,Palermo-Norte,Presencial,ALACIR,El médico compartió experiencia positiva con ALACIR.
2246,Daniela Morales,417212,2025-04-20,Palermo-Norte,Telefónica,ALACIR|CIRUELAX MINITABS,"Visita breve. Se dejó material de ALACIR, CIRUELAX MINITABS para revisión."
2247,Daniela Morales,417212,2025-06-24,Palermo-Norte,Presencial,CIRUELAX MINITABS,Se discutieron novedades de CIRUELAX MINITABS. Médico solicitó muestras.
2248,Daniela Morales,417212,2025-08-16,Palermo-Norte,Virtual,ALACIR|CIRUELAX MINITABS,Visita de seguimiento. Se discutió eficacia de ALACIR en pacientes.
2249,Daniela Morales,417212,2025-09-26,Palermo-Norte,Presencial,ALACIR|CIRUELAX MINITABS,El médico consultó sobre posología de ALACIR. Se aclararon dudas.
2250,Daniela Morales,417212,2025-10-12,Palermo-Norte,Telefónica,ALACIR,El médico consultó sobre posología de ALACIR. Se aclararon dudas.
2251,Daniela Morales,417212,2025-11-11,Palermo-Norte,Presencial,ALACIR|CIRUELAX MINITABS,"Reunión productiva. Se abordaron beneficios de ALACIR, CIRUELAX MINITABS."
2252,Daniela Morales,417212,2025-12-06,Palermo-Norte,Presencial,CIRUELAX MINITABS|ALACIR,"Se presentaron CIRUELAX MINITABS, ALACIR. El médico mostró interés en CIRUELAX MINITABS."
2253,Daniela Morales,417212,2026-01-04,Palermo-Norte,Telefónica,CIRUELAX MINITABS,Visita de seguimiento. Se discutió eficacia de CIRUELAX MINITABS en pacientes.
2254,Daniela Morales,417212,2026-02-24,Palermo-Norte,Presencial,ALACIR|CIRUELAX MINITABS,Se presentó nueva evidencia clínica de ALACIR. Interés alto.
2255,Daniela Morales,417212,2026-03-22,Palermo-Norte,Presencial,ALACIR|CIRUELAX MINITABS,Visita de seguimiento. Se discutió eficacia de ALACIR en pacientes.
2256,Daniela Morales,417212,2026-05-13,Palermo-Norte,Presencial,ALACIR|CIRUELAX MINITABS,"Visita breve. Se dejó material de ALACIR, CIRUELAX MINITABS para revisión."
2257,Lucía Fernández,946305,2025-02-05,Caballito-Centro,Telefónica,AEROGAL|TANVIMIL ACD FLUOR,Se revisaron casos clínicos con AEROGAL. Médico receptivo.
2258,Lucía Fernández,946305,2025-05-26,Caballito-Centro,Presencial,TANVIMIL ACD FLUOR|TANVIMIL ACD,"Se entregó material informativo sobre TANVIMIL ACD FLUOR, TANVIMIL ACD. Buena recepción."
2259,Lucía Fernández,946305,2025-09-01,Caballito-Centro,Presencial,TANVIMIL ACD|AEROGAL,"Visita breve. Se dejó material de TANVIMIL ACD, AEROGAL para revisión."
2260,Lucía Fernández,946305,2026-05-18,Caballito-Centro,Virtual,TANVIMIL ACD|AEROGAL,Se presentó nueva evidencia clínica de TANVIMIL ACD. Interés alto.
2261,Agustín Varela,785743,2025-03-13,Recoleta-Norte,Virtual,APSICO,Reunión productiva. Se abordaron beneficios de APSICO.
2262,Agustín Varela,785743,2025-07-16,Recoleta-Norte,Telefónica,APSICO,Presentación de APSICO. Se acordó seguimiento en próxima visita.
2263,Agustín Varela,785743,2025-09-15,Recoleta-Norte,Virtual,APSICO|PAMOXET|ONEFIN,"Se entregó material informativo sobre APSICO, PAMOXET, ONEFIN. Buena recepción."
2264,Agustín Varela,785743,2025-11-28,Recoleta-Norte,Virtual,APSICO|PAMOXET,Visita de seguimiento. Se discutió eficacia de APSICO en pacientes.
2265,Agustín Varela,785743,2026-01-28,Recoleta-Norte,Telefónica,APSICO|PAMOXET,Se discutieron novedades de APSICO. Médico solicitó muestras.
2266,Agustín Varela,785743,2026-04-09,Recoleta-Norte,Telefónica,ONEFIN|APSICO|PAMOXET,Se discutieron novedades de ONEFIN. Médico solicitó muestras.
2267,Agustín Varela,785743,2026-05-19,Recoleta-Norte,Virtual,ONEFIN,Se revisaron casos clínicos con ONEFIN. Médico receptivo.
2268,Agustín Varela,785743,2026-06-07,Recoleta-Norte,Virtual,ONEFIN|APSICO,Se discutieron novedades de ONEFIN. Médico solicitó muestras.
2269,Agustín Varela,785743,2026-08-27,Recoleta-Norte,Virtual,PAMOXET|ONEFIN,Se discutieron novedades de PAMOXET. Médico solicitó muestras.
2270,Agustín Varela,785743,2026-10-01,Recoleta-Norte,Telefónica,PAMOXET|ONEFIN|APSICO,El médico consultó sobre posología de PAMOXET. Se aclararon dudas.
2271,Agustín Varela,785743,2026-11-02,Recoleta-Norte,Virtual,PAMOXET,Presentación de PAMOXET. Se acordó seguimiento en próxima visita.
2272,Agustín Varela,785743,2026-12-07,Recoleta-Norte,Telefónica,APSICO|PAMOXET|ONEFIN,"Se presentaron APSICO, PAMOXET, ONEFIN. El médico mostró interés en APSICO."
2273,Rocío Castro,956795,2025-08-10,Belgrano-R,Virtual,TANVIMIL B1 B6 B12|TANDIUR|CO‑TIOCTAN,Se presentó nueva evidencia clínica de TANVIMIL B1 B6 B12. Interés alto.
2274,Rocío Castro,956795,2025-11-22,Belgrano-R,Telefónica,TANDIUR,Se presentó nueva evidencia clínica de TANDIUR. Interés alto.
2275,Rocío Castro,956795,2026-02-18,Belgrano-R,Virtual,TANDIUR|CO‑TIOCTAN,El médico consultó sobre posología de TANDIUR. Se aclararon dudas.
2276,Rocío Castro,956795,2026-03-24,Belgrano-R,Virtual,TIOCTAN|TANVIMIL B1 B6 B12,Se revisaron casos clínicos con TIOCTAN. Médico receptivo.
2277,Rocío Castro,956795,2026-04-05,Belgrano-R,Virtual,CO‑TIOCTAN|TANVIMIL B1 B6 B12,Se revisaron casos clínicos con CO‑TIOCTAN. Médico receptivo.
2278,Rocío Castro,956795,2026-05-16,Belgrano-R,Virtual,TANVIMIL B1 B6 B12,Se entregó material informativo sobre TANVIMIL B1 B6 B12. Buena recepción.
2279,Rocío Castro,956795,2026-06-05,Belgrano-R,Virtual,CO‑TIOCTAN|TANDIUR,"Se entregó material informativo sobre CO‑TIOCTAN, TANDIUR. Buena recepción."
2280,Rocío Castro,956795,2026-07-25,Belgrano-R,Virtual,TIOCTAN|TANDIUR,Se presentó nueva evidencia clínica de TIOCTAN. Interés alto.
2281,Rocío Castro,956795,2026-11-22,Belgrano-R,Telefónica,TANDIUR|TIOCTAN,"Se presentaron TANDIUR, TIOCTAN. El médico mostró interés en TANDIUR."
2282,Camila Ruiz,681542,2025-01-10,Belgrano-Centro,Virtual,TIOCTAN|TANVIMIL B1 B6 B12,El médico consultó sobre posología de TIOCTAN. Se aclararon dudas.
2283,Camila Ruiz,681542,2025-02-14,Belgrano-Centro,Virtual,TANVIMIL B1 B6 B12,Visita breve. Se dejó material de TANVIMIL B1 B6 B12 para revisión.
2284,Camila Ruiz,681542,2025-03-05,Belgrano-Centro,Virtual,TANVIMIL B1 B6 B12|TIOCTAN,"Visita breve. Se dejó material de TANVIMIL B1 B6 B12, TIOCTAN para revisión."
2285,Camila Ruiz,681542,2025-04-22,Belgrano-Centro,Presencial,TIOCTAN,Se entregó material informativo sobre TIOCTAN. Buena recepción.
2286,Camila Ruiz,681542,2025-05-15,Belgrano-Centro,Presencial,TIOCTAN,El médico compartió experiencia positiva con TIOCTAN.
2287,Camila Ruiz,681542,2025-06-13,Belgrano-Centro,Presencial,TIOCTAN|TANVIMIL B1 B6 B12,El médico consultó sobre posología de TIOCTAN. Se aclararon dudas.
2288,Camila Ruiz,681542,2025-07-23,Belgrano-Centro,Virtual,TIOCTAN|TANVIMIL B1 B6 B12,"Visita breve. Se dejó material de TIOCTAN, TANVIMIL B1 B6 B12 para revisión."
2289,Camila Ruiz,681542,2025-10-12,Belgrano-Centro,Presencial,TANVIMIL B1 B6 B12,Se discutieron novedades de TANVIMIL B1 B6 B12. Médico solicitó muestras.
2290,Camila Ruiz,681542,2025-11-13,Belgrano-Centro,Presencial,TIOCTAN,El médico consultó sobre posología de TIOCTAN. Se aclararon dudas.
2291,Camila Ruiz,681542,2025-12-10,Belgrano-Centro,Presencial,TIOCTAN|TANVIMIL B1 B6 B12,El médico consultó sobre posología de TIOCTAN. Se aclararon dudas.
2292,Camila Ruiz,681542,2026-01-01,Belgrano-Centro,Virtual,TANVIMIL B1 B6 B12,Se entregó material informativo sobre TANVIMIL B1 B6 B12. Buena recepción.
2293,Camila Ruiz,681542,2026-02-04,Belgrano-Centro,Telefónica,TANVIMIL B1 B6 B12,El médico consultó sobre posología de TANVIMIL B1 B6 B12. Se aclararon dudas.
2294,Camila Ruiz,681542,2026-03-15,Belgrano-Centro,Presencial,TANVIMIL B1 B6 B12|TIOCTAN,"Se entregó material informativo sobre TANVIMIL B1 B6 B12, TIOCTAN. Buena recepción."
2295,Camila Ruiz,681542,2026-04-28,Belgrano-Centro,Presencial,TIOCTAN|TANVIMIL B1 B6 B12,Se coordinó charla informativa sobre TIOCTAN para el equipo médico.
2296,Nicolás Díaz,413921,2025-02-17,Devoto-Centro,Presencial,TRICOPLUS|PANCUTAN NF|SUTRICO TAR,Se revisaron casos clínicos con TRICOPLUS. Médico receptivo.
2297,Nicolás Díaz,413921,2025-04-11,Devoto-Centro,Presencial,TRIMACREM PLUS|MENCOGRIN AP|SUTRICO TAR,El médico consultó sobre posología de TRIMACREM PLUS. Se aclararon dudas.
2298,Nicolás Díaz,413921,2025-06-17,Devoto-Centro,Virtual,TRIMACREM PLUS,Visita breve. Se dejó material de TRIMACREM PLUS para revisión.
2299,Nicolás Díaz,413921,2025-07-10,Devoto-Centro,Presencial,MENCOGRIN AP|PANCUTAN NF|SUTRICO TAR,"Presentación de MENCOGRIN AP, PANCUTAN NF, SUTRICO TAR. Se acordó seguimiento en próxima visita."
2300,Nicolás Díaz,413921,2026-01-15,Devoto-Centro,Telefónica,PANCUTAN NF|SUTRICO TAR|TRICOPLUS,El médico consultó sobre posología de PANCUTAN NF. Se aclararon dudas.
2301,Nicolás Díaz,413921,2026-03-21,Devoto-Centro,Presencial,MENCOGRIN AP|TRIMACREM PLUS,El médico consultó sobre posología de MENCOGRIN AP. Se aclararon dudas.
2302,Nicolás Díaz,413921,2026-07-10,Devoto-Centro,Presencial,TRICOPLUS|TRIMACREM PLUS,Se coordinó charla informativa sobre TRICOPLUS para el equipo médico.
2303,Nicolás Díaz,413921,2026-09-18,Devoto-Centro,Presencial,TRICOPLUS|MENCOGRIN AP|TRIMACREM PLUS,El médico compartió experiencia positiva con TRICOPLUS.
2304,Nicolás Díaz,413921,2026-11-17,Devoto-Centro,Telefónica,SUTRICO TAR|PANCUTAN NF,"Reunión productiva. Se abordaron beneficios de SUTRICO TAR, PANCUTAN NF."
2305,Gonzalo Medina,240814,2025-03-19,Núñez-Centro,Virtual,TRICOFIN|TACNA,Se revisaron casos clínicos con TRICOFIN. Médico receptivo.
2306,Gonzalo Medina,240814,2025-05-10,Núñez-Centro,Telefónica,TACNA,Presentación de TACNA. Se acordó seguimiento en próxima visita.
2307,Gonzalo Medina,240814,2025-06-07,Núñez-Centro,Telefónica,TRICOFIN,Se discutieron novedades de TRICOFIN. Médico solicitó muestras.
2308,Gonzalo Medina,240814,2025-08-13,Núñez-Centro,Virtual,TRICOFIN|TACNA,"Se presentaron TRICOFIN, TACNA. El médico mostró interés en TRICOFIN."
2309,Gonzalo Medina,240814,2025-09-08,Núñez-Centro,Virtual,TRICOFIN|TACNA,"Reunión productiva. Se abordaron beneficios de TRICOFIN, TACNA."
2310,Gonzalo Medina,240814,2026-01-16,Núñez-Centro,Telefónica,TRICOFIN|TACNA,Se presentó nueva evidencia clínica de TRICOFIN. Interés alto.
2311,Gonzalo Medina,240814,2026-06-15,Núñez-Centro,Telefónica,TACNA,Se presentó nueva evidencia clínica de TACNA. Interés alto.
2312,Gonzalo Medina,240814,2026-08-20,Núñez-Centro,Telefónica,TRICOFIN|TACNA,Se revisaron casos clínicos con TRICOFIN. Médico receptivo.
2313,Gonzalo Medina,240814,2026-09-14,Núñez-Centro,Virtual,TRICOFIN,Se presentó nueva evidencia clínica de TRICOFIN. Interés alto.
2314,Gonzalo Medina,240814,2026-11-13,Núñez-Centro,Telefónica,TACNA|TRICOFIN,Se coordinó charla informativa sobre TACNA para el equipo médico.
2315,Gonzalo Medina,240814,2026-12-09,Núñez-Centro,Virtual,TRICOFIN,Reunión productiva. Se abordaron beneficios de TRICOFIN.
2316,Gonzalo Medina,377312,2025-02-04,Flores-Norte,Presencial,CO‑TIOCTAN|TIOCTAN,Se revisaron casos clínicos con CO‑TIOCTAN. Médico receptivo.
2317,Gonzalo Medina,377312,2025-04-04,Flores-Norte,Presencial,TANVIMIL AMINOÁCIDOS,Se coordinó charla informativa sobre TANVIMIL AMINOÁCIDOS para el equipo médico.
2318,Gonzalo Medina,377312,2025-06-08,Flores-Norte,Virtual,TIOCTAN|CO‑TIOCTAN,"Visita breve. Se dejó material de TIOCTAN, CO‑TIOCTAN para revisión."
2319,Gonzalo Medina,377312,2025-07-12,Flores-Norte,Presencial,TANVIMIL AMINOÁCIDOS|TIOCTAN|CO‑TIOCTAN,Visita de seguimiento. Se discutió eficacia de TANVIMIL AMINOÁCIDOS en pacientes.
2320,Gonzalo Medina,377312,2025-08-12,Flores-Norte,Telefónica,TANVIMIL AMINOÁCIDOS,Presentación de TANVIMIL AMINOÁCIDOS. Se acordó seguimiento en próxima visita.
2321,Gonzalo Medina,377312,2025-12-11,Flores-Norte,Virtual,TANVIMIL AMINOÁCIDOS,El médico compartió experiencia positiva con TANVIMIL AMINOÁCIDOS.
2322,Gonzalo Medina,377312,2026-01-04,Flores-Norte,Telefónica,TANVIMIL AMINOÁCIDOS,Se presentó nueva evidencia clínica de TANVIMIL AMINOÁCIDOS. Interés alto.
2323,Gonzalo Medina,377312,2026-04-27,Flores-Norte,Telefónica,CO‑TIOCTAN,El médico compartió experiencia positiva con CO‑TIOCTAN.
2324,Gonzalo Medina,377312,2026-08-20,Flores-Norte,Presencial,CO‑TIOCTAN|TIOCTAN,El médico compartió experiencia positiva con CO‑TIOCTAN.
2325,Federico Álvarez,221035,2025-01-11,San Isidro-Centro,Virtual,ALACIR|CIRUELAX MINITABS,Se coordinó charla informativa sobre ALACIR para el equipo médico.
2326,Federico Álvarez,221035,2025-02-14,San Isidro-Centro,Presencial,ALACIR|CIRUELAX MINITABS,"Visita breve. Se dejó material de ALACIR, CIRUELAX MINITABS para revisión."
2327,Federico Álvarez,221035,2025-05-28,San Isidro-Centro,Presencial,CIRUELAX MINITABS|ALACIR,El médico consultó sobre posología de CIRUELAX MINITABS. Se aclararon dudas.
2328,Federico Álvarez,221035,2025-06-12,San Isidro-Centro,Virtual,CIRUELAX MINITABS|ALACIR,Se presentó nueva evidencia clínica de CIRUELAX MINITABS. Interés alto.
2329,Federico Álvarez,221035,2025-07-14,San Isidro-Centro,Presencial,CIRUELAX MINITABS,Se coordinó charla informativa sobre CIRUELAX MINITABS para el equipo médico.
2330,Federico Álvarez,221035,2025-08-11,San Isidro-Centro,Presencial,ALACIR|CIRUELAX MINITABS,Se presentó nueva evidencia clínica de ALACIR. Interés alto.
2331,Federico Álvarez,221035,2025-09-27,San Isidro-Centro,Virtual,ALACIR|CIRUELAX MINITABS,Se revisaron casos clínicos con ALACIR. Médico receptivo.
2332,Federico Álvarez,221035,2025-11-09,San Isidro-Centro,Presencial,CIRUELAX MINITABS,Se revisaron casos clínicos con CIRUELAX MINITABS. Médico receptivo.
2333,Federico Álvarez,221035,2025-12-28,San Isidro-Centro,Telefónica,CIRUELAX MINITABS,Visita breve. Se dejó material de CIRUELAX MINITABS para revisión.
2334,Federico Álvarez,221035,2026-02-05,San Isidro-Centro,Presencial,CIRUELAX MINITABS|ALACIR,"Se presentaron CIRUELAX MINITABS, ALACIR. El médico mostró interés en CIRUELAX MINITABS."
2335,Federico Álvarez,221035,2026-03-25,San Isidro-Centro,Presencial,CIRUELAX MINITABS|ALACIR,El médico consultó sobre posología de CIRUELAX MINITABS. Se aclararon dudas.
2336,Federico Álvarez,221035,2026-04-15,San Isidro-Centro,Presencial,ALACIR,Visita breve. Se dejó material de ALACIR para revisión.
2337,Federico Álvarez,212235,2025-01-15,Vicente López-Centro,Presencial,TACNA|TRICOFIN,"Reunión productiva. Se abordaron beneficios de TACNA, TRICOFIN."
2338,Federico Álvarez,212235,2025-02-19,Vicente López-Centro,Presencial,TRICOFIN|TACNA,"Se presentaron TRICOFIN, TACNA. El médico mostró interés en TRICOFIN."
2339,Federico Álvarez,212235,2025-03-27,Vicente López-Centro,Virtual,TACNA,Se discutieron novedades de TACNA. Médico solicitó muestras.
2340,Federico Álvarez,212235,2025-04-24,Vicente López-Centro,Presencial,TRICOFIN,Visita breve. Se dejó material de TRICOFIN para revisión.
2341,Federico Álvarez,212235,2025-05-05,Vicente López-Centro,Presencial,TRICOFIN,Se presentó nueva evidencia clínica de TRICOFIN. Interés alto.
2342,Federico Álvarez,212235,2025-06-11,Vicente López-Centro,Presencial,TRICOFIN,Se presentaron TRICOFIN. El médico mostró interés en TRICOFIN.
2343,Federico Álvarez,212235,2025-07-23,Vicente López-Centro,Presencial,TRICOFIN,Se revisaron casos clínicos con TRICOFIN. Médico receptivo.
2344,Federico Álvarez,212235,2025-08-22,Vicente López-Centro,Virtual,TRICOFIN|TACNA,Se coordinó charla informativa sobre TRICOFIN para el equipo médico.
2345,Federico Álvarez,212235,2025-09-12,Vicente López-Centro,Presencial,TACNA,El médico compartió experiencia positiva con TACNA.
2346,Federico Álvarez,212235,2025-10-20,Vicente López-Centro,Presencial,TACNA|TRICOFIN,Se coordinó charla informativa sobre TACNA para el equipo médico.
2347,Federico Álvarez,212235,2025-12-18,Vicente López-Centro,Presencial,TACNA,El médico consultó sobre posología de TACNA. Se aclararon dudas.
2348,Federico Álvarez,212235,2026-01-27,Vicente López-Centro,Telefónica,TACNA|TRICOFIN,Visita de seguimiento. Se discutió eficacia de TACNA en pacientes.
2349,Federico Álvarez,212235,2026-02-02,Vicente López-Centro,Presencial,TRICOFIN|TACNA,El médico compartió experiencia positiva con TRICOFIN.
2350,Federico Álvarez,212235,2026-03-03,Vicente López-Centro,Presencial,TACNA,Se presentaron TACNA. El médico mostró interés en TACNA.
2351,Federico Álvarez,212235,2026-04-25,Vicente López-Centro,Virtual,TRICOFIN|TACNA,"Presentación de TRICOFIN, TACNA. Se acordó seguimiento en próxima visita."
2352,Federico Álvarez,212235,2026-05-19,Vicente López-Centro,Presencial,TRICOFIN|TACNA,"Reunión productiva. Se abordaron beneficios de TRICOFIN, TACNA."
2353,Federico Álvarez,212235,2026-06-21,Vicente López-Centro,Telefónica,TACNA,Se coordinó charla informativa sobre TACNA para el equipo médico.
2354,Federico Álvarez,212235,2026-07-08,Vicente López-Centro,Telefónica,TACNA,Visita de seguimiento. Se discutió eficacia de TACNA en pacientes.
2355,Federico Álvarez,212235,2026-08-27,Vicente López-Centro,Presencial,TRICOFIN,Visita de seguimiento. Se discutió eficacia de TRICOFIN en pacientes.
2356,Federico Álvarez,212235,2026-10-14,Vicente López-Centro,Virtual,TRICOFIN,Visita de seguimiento. Se discutió eficacia de TRICOFIN en pacientes.
2357,Federico Álvarez,212235,2026-11-13,Vicente López-Centro,Presencial,TRICOFIN,Reunión productiva. Se abordaron beneficios de TRICOFIN.
2358,Federico Álvarez,212235,2026-12-26,Vicente López-Centro,Telefónica,TRICOFIN,El médico consultó sobre posología de TRICOFIN. Se aclararon dudas.
2359,Agustín Varela,680097,2025-03-25,Palermo-Norte,Presencial,PAMOXET,El médico consultó sobre posología de PAMOXET. Se aclararon dudas.
2360,Agustín Varela,680097,2025-07-01,Palermo-Norte,Virtual,PAMOXET,Se presentó nueva evidencia clínica de PAMOXET. Interés alto.
2361,Agustín Varela,680097,2025-08-08,Palermo-Norte,Presencial,APSICO|PAMOXET,"Presentación de APSICO, PAMOXET. Se acordó seguimiento en próxima visita."
2362,Agustín Varela,680097,2025-09-02,Palermo-Norte,Virtual,APSICO,Se presentó nueva evidencia clínica de APSICO. Interés alto.
2363,Agustín Varela,680097,2025-12-13,Palermo-Norte,Virtual,APSICO|PAMOXET,"Se presentaron APSICO, PAMOXET. El médico mostró interés en APSICO."
2364,Agustín Varela,680097,2026-03-07,Palermo-Norte,Telefónica,PAMOXET,Se discutieron novedades de PAMOXET. Médico solicitó muestras.
2365,Agustín Varela,680097,2026-05-07,Palermo-Norte,Telefónica,APSICO|PAMOXET,Se coordinó charla informativa sobre APSICO para el equipo médico.
2366,Rocío Castro,262998,2025-01-13,Palermo-Sur,Telefónica,APSICO,El médico compartió experiencia positiva con APSICO.
2367,Rocío Castro,262998,2025-03-11,Palermo-Sur,Virtual,APSICO,Se presentaron APSICO. El médico mostró interés en APSICO.
2368,Rocío Castro,262998,2025-05-21,Palermo-Sur,Telefónica,PAMOXET|APSICO,El médico compartió experiencia positiva con PAMOXET.
2369,Rocío Castro,262998,2025-08-15,Palermo-Sur,Telefónica,PAMOXET,Visita de seguimiento. Se discutió eficacia de PAMOXET en pacientes.
2370,Rocío Castro,262998,2026-01-07,Palermo-Sur,Virtual,APSICO,Se coordinó charla informativa sobre APSICO para el equipo médico.
2371,Rocío Castro,262998,2026-05-12,Palermo-Sur,Telefónica,APSICO,Se presentaron APSICO. El médico mostró interés en APSICO.
2372,Rocío Castro,262998,2026-07-01,Palermo-Sur,Telefónica,APSICO,El médico consultó sobre posología de APSICO. Se aclararon dudas.
2373,Rocío Castro,262998,2026-09-25,Palermo-Sur,Virtual,APSICO,Se presentó nueva evidencia clínica de APSICO. Interés alto.
2374,Martín Rodríguez,385577,2025-01-12,La Plata-Centro,Telefónica,ONEFIN,Se discutieron novedades de ONEFIN. Médico solicitó muestras.
2375,Martín Rodríguez,385577,2025-02-02,La Plata-Centro,Virtual,TACNA|ONEFIN,El médico consultó sobre posología de TACNA. Se aclararon dudas.
2376,Martín Rodríguez,385577,2025-03-26,La Plata-Centro,Presencial,ONEFIN|TACNA,Se discutieron novedades de ONEFIN. Médico solicitó muestras.
2377,Martín Rodríguez,385577,2025-04-27,La Plata-Centro,Presencial,ONEFIN,Se entregó material informativo sobre ONEFIN. Buena recepción.
2378,Martín Rodríguez,385577,2025-05-14,La Plata-Centro,Presencial,ONEFIN,Se revisaron casos clínicos con ONEFIN. Médico receptivo.
2379,Martín Rodríguez,385577,2025-06-23,La Plata-Centro,Presencial,TACNA,Se discutieron novedades de TACNA. Médico solicitó muestras.
2380,Martín Rodríguez,385577,2025-08-03,La Plata-Centro,Presencial,TACNA,Se presentó nueva evidencia clínica de TACNA. Interés alto.
2381,Martín Rodríguez,385577,2025-09-24,La Plata-Centro,Presencial,ONEFIN|TACNA,"Visita breve. Se dejó material de ONEFIN, TACNA para revisión."
2382,Martín Rodríguez,385577,2025-10-07,La Plata-Centro,Virtual,ONEFIN|TACNA,El médico compartió experiencia positiva con ONEFIN.
2383,Martín Rodríguez,385577,2026-01-14,La Plata-Centro,Telefónica,TACNA|ONEFIN,"Visita breve. Se dejó material de TACNA, ONEFIN para revisión."
2384,Martín Rodríguez,385577,2026-02-19,La Plata-Centro,Presencial,TACNA|ONEFIN,Se coordinó charla informativa sobre TACNA para el equipo médico.
2385,Martín Rodríguez,385577,2026-03-04,La Plata-Centro,Presencial,ONEFIN|TACNA,"Visita breve. Se dejó material de ONEFIN, TACNA para revisión."
2386,Martín Rodríguez,385577,2026-04-25,La Plata-Centro,Presencial,TACNA|ONEFIN,Visita de seguimiento. Se discutió eficacia de TACNA en pacientes.
2387,Martín Rodríguez,385577,2026-05-21,La Plata-Centro,Presencial,TACNA,Se discutieron novedades de TACNA. Médico solicitó muestras.
2388,Martín Rodríguez,385577,2026-06-01,La Plata-Centro,Presencial,TACNA,Se revisaron casos clínicos con TACNA. Médico receptivo.
2389,Martín Rodríguez,385577,2026-07-20,La Plata-Centro,Presencial,ONEFIN|TACNA,Se revisaron casos clínicos con ONEFIN. Médico receptivo.
2390,Martín Rodríguez,385577,2026-08-14,La Plata-Centro,Virtual,ONEFIN|TACNA,El médico compartió experiencia positiva con ONEFIN.
2391,Martín Rodríguez,385577,2026-09-23,La Plata-Centro,Presencial,ONEFIN|TACNA,"Presentación de ONEFIN, TACNA. Se acordó seguimiento en próxima visita."
2392,Martín Rodríguez,385577,2026-10-26,La Plata-Centro,Virtual,ONEFIN,Reunión productiva. Se abordaron beneficios de ONEFIN.
2393,Martín Rodríguez,385577,2026-11-06,La Plata-Centro,Presencial,ONEFIN,El médico consultó sobre posología de ONEFIN. Se aclararon dudas.
2394,Martín Rodríguez,385577,2026-12-27,La Plata-Centro,Virtual,TACNA|ONEFIN,"Se entregó material informativo sobre TACNA, ONEFIN. Buena recepción."
2395,Agustín Varela,320861,2026-01-19,Palermo-Sur,Presencial,TANVIMIL B1 B6 B12|TIOCTAN,"Se entregó material informativo sobre TANVIMIL B1 B6 B12, TIOCTAN. Buena recepción."
2396,Agustín Varela,320861,2026-05-01,Palermo-Sur,Presencial,TIOCTAN,El médico compartió experiencia positiva con TIOCTAN.
2397,Agustín Varela,320861,2026-06-22,Palermo-Sur,Presencial,TIOCTAN|TANVIMIL B1 B6 B12,Visita de seguimiento. Se discutió eficacia de TIOCTAN en pacientes.
2398,Agustín Varela,320861,2026-07-20,Palermo-Sur,Presencial,TANVIMIL B1 B6 B12,Se presentaron TANVIMIL B1 B6 B12. El médico mostró interés en TANVIMIL B1 B6 B12.
2399,Agustín Varela,320861,2026-10-28,Palermo-Sur,Presencial,TANVIMIL B1 B6 B12,Reunión productiva. Se abordaron beneficios de TANVIMIL B1 B6 B12.
2400,Agustín Varela,852470,2025-03-21,Recoleta-Norte,Telefónica,TRICOFIN|TACNA,Se coordinó charla informativa sobre TRICOFIN para el equipo médico.
2401,Agustín Varela,852470,2025-07-22,Recoleta-Norte,Telefónica,TACNA|TRICOFIN,Visita de seguimiento. Se discutió eficacia de TACNA en pacientes.
2402,Agustín Varela,852470,2025-08-10,Recoleta-Norte,Virtual,TACNA,Visita de seguimiento. Se discutió eficacia de TACNA en pacientes.
2403,Agustín Varela,852470,2025-10-21,Recoleta-Norte,Telefónica,TACNA|TRICOFIN,"Visita breve. Se dejó material de TACNA, TRICOFIN para revisión."
2404,Agustín Varela,852470,2025-12-11,Recoleta-Norte,Virtual,TACNA|TRICOFIN,"Presentación de TACNA, TRICOFIN. Se acordó seguimiento en próxima visita."
2405,Agustín Varela,852470,2026-02-02,Recoleta-Norte,Virtual,TACNA|TRICOFIN,"Visita breve. Se dejó material de TACNA, TRICOFIN para revisión."
2406,Agustín Varela,852470,2026-12-22,Recoleta-Norte,Telefónica,TRICOFIN|TACNA,"Presentación de TRICOFIN, TACNA. Se acordó seguimiento en próxima visita."
2407,Rocío Castro,313487,2025-02-18,Caballito-Centro,Presencial,TACNA,Se presentó nueva evidencia clínica de TACNA. Interés alto.
2408,Rocío Castro,313487,2025-08-15,Caballito-Centro,Virtual,TRICOFIN|TACNA,Se discutieron novedades de TRICOFIN. Médico solicitó muestras.
2409,Rocío Castro,313487,2026-05-17,Caballito-Centro,Virtual,TACNA|TRICOFIN,"Se presentaron TACNA, TRICOFIN. El médico mostró interés en TACNA."
2410,Rocío Castro,313487,2026-06-23,Caballito-Centro,Presencial,TRICOFIN,Se presentaron TRICOFIN. El médico mostró interés en TRICOFIN.
2411,Valentina Pérez,820892,2025-01-25,Palermo-Sur,Presencial,PAMOXET|ONEFIN|APSICO,El médico compartió experiencia positiva con PAMOXET.
2412,Valentina Pérez,820892,2026-04-18,Palermo-Sur,Presencial,ONEFIN|APSICO|PAMOXET,Se coordinó charla informativa sobre ONEFIN para el equipo médico.
2413,Valentina Pérez,820892,2026-11-08,Palermo-Sur,Presencial,ONEFIN,Visita breve. Se dejó material de ONEFIN para revisión.
2414,Valentina Pérez,820892,2026-12-15,Palermo-Sur,Telefónica,APSICO,Visita breve. Se dejó material de APSICO para revisión.
2415,Matías Herrera,629959,2025-04-17,Microcentro-Este,Telefónica,TRICOFIN,El médico consultó sobre posología de TRICOFIN. Se aclararon dudas.
2416,Matías Herrera,629959,2025-06-24,Microcentro-Este,Virtual,TRICOFIN,Se presentaron TRICOFIN. El médico mostró interés en TRICOFIN.
2417,Matías Herrera,629959,2025-07-17,Microcentro-Este,Telefónica,TANVIMIL ACD,Visita de seguimiento. Se discutió eficacia de TANVIMIL ACD en pacientes.
2418,Matías Herrera,629959,2026-01-12,Microcentro-Este,Telefónica,TRICOFIN,Se revisaron casos clínicos con TRICOFIN. Médico receptivo.
2419,Matías Herrera,629959,2026-04-20,Microcentro-Este,Virtual,TRICOFIN,El médico compartió experiencia positiva con TRICOFIN.
2420,Matías Herrera,629959,2026-05-05,Microcentro-Este,Telefónica,TANVIMIL ACD,Se presentaron TANVIMIL ACD. El médico mostró interés en TANVIMIL ACD.
2421,Camila Ruiz,612262,2025-01-16,Belgrano-R,Virtual,CIRUELAX MINITABS,Se presentaron CIRUELAX MINITABS. El médico mostró interés en CIRUELAX MINITABS.
2422,Camila Ruiz,612262,2025-02-02,Belgrano-R,Virtual,ALACIR|CIRUELAX MINITABS,Se coordinó charla informativa sobre ALACIR para el equipo médico.
2423,Camila Ruiz,612262,2025-04-08,Belgrano-R,Presencial,ALACIR|CIRUELAX MINITABS,Se discutieron novedades de ALACIR. Médico solicitó muestras.
2424,Camila Ruiz,612262,2025-05-25,Belgrano-R,Presencial,CIRUELAX MINITABS,Se entregó material informativo sobre CIRUELAX MINITABS. Buena recepción.
2425,Camila Ruiz,612262,2025-06-23,Belgrano-R,Presencial,CIRUELAX MINITABS|ALACIR,Se discutieron novedades de CIRUELAX MINITABS. Médico solicitó muestras.
2426,Camila Ruiz,612262,2025-07-03,Belgrano-R,Presencial,ALACIR|CIRUELAX MINITABS,Se discutieron novedades de ALACIR. Médico solicitó muestras.
2427,Camila Ruiz,612262,2025-08-17,Belgrano-R,Presencial,ALACIR,Se revisaron casos clínicos con ALACIR. Médico receptivo.
2428,Camila Ruiz,612262,2025-09-27,Belgrano-R,Virtual,CIRUELAX MINITABS|ALACIR,Se coordinó charla informativa sobre CIRUELAX MINITABS para el equipo médico.
2429,Camila Ruiz,612262,2025-10-11,Belgrano-R,Virtual,CIRUELAX MINITABS,Se entregó material informativo sobre CIRUELAX MINITABS. Buena recepción.
2430,Camila Ruiz,612262,2025-12-25,Belgrano-R,Virtual,ALACIR|CIRUELAX MINITABS,Visita de seguimiento. Se discutió eficacia de ALACIR en pacientes.
2431,Camila Ruiz,612262,2026-01-09,Belgrano-R,Telefónica,CIRUELAX MINITABS|ALACIR,Se presentó nueva evidencia clínica de CIRUELAX MINITABS. Interés alto.
2432,Camila Ruiz,612262,2026-02-19,Belgrano-R,Presencial,CIRUELAX MINITABS|ALACIR,Se revisaron casos clínicos con CIRUELAX MINITABS. Médico receptivo.
2433,Camila Ruiz,612262,2026-03-24,Belgrano-R,Presencial,ALACIR|CIRUELAX MINITABS,Se revisaron casos clínicos con ALACIR. Médico receptivo.
2434,Camila Ruiz,612262,2026-04-05,Belgrano-R,Virtual,CIRUELAX MINITABS,Visita breve. Se dejó material de CIRUELAX MINITABS para revisión.
2435,Camila Ruiz,612262,2026-05-27,Belgrano-R,Presencial,ALACIR,Visita breve. Se dejó material de ALACIR para revisión.
2436,Camila Ruiz,612262,2026-07-19,Belgrano-R,Presencial,CIRUELAX MINITABS,Se discutieron novedades de CIRUELAX MINITABS. Médico solicitó muestras.
2437,Camila Ruiz,612262,2026-08-28,Belgrano-R,Presencial,CIRUELAX MINITABS|ALACIR,Se coordinó charla informativa sobre CIRUELAX MINITABS para el equipo médico.
2438,Camila Ruiz,612262,2026-10-17,Belgrano-R,Presencial,CIRUELAX MINITABS|ALACIR,"Presentación de CIRUELAX MINITABS, ALACIR. Se acordó seguimiento en próxima visita."
2439,Camila Ruiz,612262,2026-11-17,Belgrano-R,Virtual,CIRUELAX MINITABS|ALACIR,"Presentación de CIRUELAX MINITABS, ALACIR. Se acordó seguimiento en próxima visita."
2440,Sebastián Torres,196781,2025-03-03,Palermo-Sur,Telefónica,ALACIR|CIRUELAX MINITABS,El médico consultó sobre posología de ALACIR. Se aclararon dudas.
2441,Sebastián Torres,196781,2025-05-25,Palermo-Sur,Telefónica,CIRUELAX MINITABS|ALACIR,El médico compartió experiencia positiva con CIRUELAX MINITABS.
2442,Sebastián Torres,196781,2025-06-07,Palermo-Sur,Telefónica,CIRUELAX MINITABS|ALACIR,Se coordinó charla informativa sobre CIRUELAX MINITABS para el equipo médico.
2443,Sebastián Torres,196781,2025-09-12,Palermo-Sur,Telefónica,ALACIR,Se revisaron casos clínicos con ALACIR. Médico receptivo.
2444,Sebastián Torres,196781,2025-10-11,Palermo-Sur,Virtual,ALACIR,Se revisaron casos clínicos con ALACIR. Médico receptivo.
2445,Sebastián Torres,196781,2025-12-16,Palermo-Sur,Virtual,ALACIR,Visita breve. Se dejó material de ALACIR para revisión.
2446,Sebastián Torres,196781,2026-02-10,Palermo-Sur,Virtual,CIRUELAX MINITABS|ALACIR,"Visita breve. Se dejó material de CIRUELAX MINITABS, ALACIR para revisión."
2447,Sebastián Torres,196781,2026-03-22,Palermo-Sur,Virtual,ALACIR|CIRUELAX MINITABS,El médico consultó sobre posología de ALACIR. Se aclararon dudas.
2448,Sebastián Torres,196781,2026-10-12,Palermo-Sur,Virtual,ALACIR,El médico compartió experiencia positiva con ALACIR.
2449,Sebastián Torres,196781,2026-11-17,Palermo-Sur,Virtual,CIRUELAX MINITABS|ALACIR,"Reunión productiva. Se abordaron beneficios de CIRUELAX MINITABS, ALACIR."
2450,Camila Ruiz,969634,2025-05-03,Quilmes-Centro,Presencial,TANVIMIL ACD|TRICOFIN,Se coordinó charla informativa sobre TANVIMIL ACD para el equipo médico.
2451,Camila Ruiz,969634,2025-06-17,Quilmes-Centro,Presencial,TRICOFIN,Visita de seguimiento. Se discutió eficacia de TRICOFIN en pacientes.
2452,Camila Ruiz,969634,2025-08-09,Quilmes-Centro,Presencial,TANVIMIL ACD,Se coordinó charla informativa sobre TANVIMIL ACD para el equipo médico.
2453,Camila Ruiz,969634,2025-09-10,Quilmes-Centro,Presencial,TANVIMIL ACD,Se revisaron casos clínicos con TANVIMIL ACD. Médico receptivo.
2454,Camila Ruiz,969634,2025-10-22,Quilmes-Centro,Telefónica,TANVIMIL ACD|TRICOFIN,Se revisaron casos clínicos con TANVIMIL ACD. Médico receptivo.
2455,Camila Ruiz,969634,2025-11-10,Quilmes-Centro,Presencial,TRICOFIN|TANVIMIL ACD,"Se entregó material informativo sobre TRICOFIN, TANVIMIL ACD. Buena recepción."
2456,Camila Ruiz,969634,2025-12-09,Quilmes-Centro,Presencial,TRICOFIN,Se revisaron casos clínicos con TRICOFIN. Médico receptivo.
2457,Camila Ruiz,969634,2026-01-25,Quilmes-Centro,Presencial,TRICOFIN,Se presentó nueva evidencia clínica de TRICOFIN. Interés alto.
2458,Camila Ruiz,969634,2026-02-22,Quilmes-Centro,Virtual,TRICOFIN|TANVIMIL ACD,Se discutieron novedades de TRICOFIN. Médico solicitó muestras.
2459,Camila Ruiz,969634,2026-03-05,Quilmes-Centro,Presencial,TRICOFIN,Reunión productiva. Se abordaron beneficios de TRICOFIN.
2460,Camila Ruiz,969634,2026-04-26,Quilmes-Centro,Virtual,TANVIMIL ACD,Se revisaron casos clínicos con TANVIMIL ACD. Médico receptivo.
2461,Camila Ruiz,969634,2026-05-08,Quilmes-Centro,Virtual,TANVIMIL ACD,Visita de seguimiento. Se discutió eficacia de TANVIMIL ACD en pacientes.
2462,Camila Ruiz,969634,2026-07-06,Quilmes-Centro,Presencial,TRICOFIN|TANVIMIL ACD,"Se entregó material informativo sobre TRICOFIN, TANVIMIL ACD. Buena recepción."
2463,Camila Ruiz,969634,2026-08-04,Quilmes-Centro,Presencial,TANVIMIL ACD,Se entregó material informativo sobre TANVIMIL ACD. Buena recepción.
2464,Camila Ruiz,969634,2026-10-20,Quilmes-Centro,Presencial,TANVIMIL ACD,Se discutieron novedades de TANVIMIL ACD. Médico solicitó muestras.
2465,Camila Ruiz,969634,2026-11-21,Quilmes-Centro,Virtual,TRICOFIN|TANVIMIL ACD,Visita de seguimiento. Se discutió eficacia de TRICOFIN en pacientes.
2466,Ana Martínez,390120,2025-10-12,Palermo-Norte,Presencial,TRICOFIN,Visita breve. Se dejó material de TRICOFIN para revisión.
2467,Ana Martínez,390120,2025-12-22,Palermo-Norte,Telefónica,TRICOFIN,Se discutieron novedades de TRICOFIN. Médico solicitó muestras.
2468,Ana Martínez,390120,2026-04-02,Palermo-Norte,Presencial,TANVIMIL ACD|TRICOFIN,"Visita breve. Se dejó material de TANVIMIL ACD, TRICOFIN para revisión."
2469,Carlos Gómez,103717,2025-01-25,Núñez-Centro,Telefónica,TIOCTAN|TANVIMIL B1 B6 B12,"Visita breve. Se dejó material de TIOCTAN, TANVIMIL B1 B6 B12 para revisión."
2470,Carlos Gómez,103717,2025-04-23,Núñez-Centro,Presencial,TIOCTAN|TANVIMIL B1 B6 B12,El médico consultó sobre posología de TIOCTAN. Se aclararon dudas.
2471,Carlos Gómez,103717,2025-07-19,Núñez-Centro,Virtual,TIOCTAN,Se discutieron novedades de TIOCTAN. Médico solicitó muestras.
2472,Carlos Gómez,103717,2025-08-28,Núñez-Centro,Presencial,TANVIMIL B1 B6 B12,Visita de seguimiento. Se discutió eficacia de TANVIMIL B1 B6 B12 en pacientes.
2473,Carlos Gómez,103717,2025-09-20,Núñez-Centro,Virtual,TIOCTAN,Se coordinó charla informativa sobre TIOCTAN para el equipo médico.
2474,Carlos Gómez,103717,2025-10-05,Núñez-Centro,Presencial,TANVIMIL B1 B6 B12,Se presentaron TANVIMIL B1 B6 B12. El médico mostró interés en TANVIMIL B1 B6 B12.
2475,Carlos Gómez,103717,2025-11-13,Núñez-Centro,Virtual,TIOCTAN|TANVIMIL B1 B6 B12,"Se entregó material informativo sobre TIOCTAN, TANVIMIL B1 B6 B12. Buena recepción."
2476,Carlos Gómez,103717,2026-01-06,Núñez-Centro,Presencial,TANVIMIL B1 B6 B12|TIOCTAN,"Visita breve. Se dejó material de TANVIMIL B1 B6 B12, TIOCTAN para revisión."
2477,Carlos Gómez,103717,2026-02-26,Núñez-Centro,Presencial,TANVIMIL B1 B6 B12,Presentación de TANVIMIL B1 B6 B12. Se acordó seguimiento en próxima visita.
2478,Carlos Gómez,103717,2026-03-20,Núñez-Centro,Telefónica,TIOCTAN,Se discutieron novedades de TIOCTAN. Médico solicitó muestras.
2479,Carlos Gómez,103717,2026-04-12,Núñez-Centro,Telefónica,TIOCTAN|TANVIMIL B1 B6 B12,"Visita breve. Se dejó material de TIOCTAN, TANVIMIL B1 B6 B12 para revisión."
2480,Carlos Gómez,103717,2026-05-09,Núñez-Centro,Presencial,TANVIMIL B1 B6 B12|TIOCTAN,"Se entregó material informativo sobre TANVIMIL B1 B6 B12, TIOCTAN. Buena recepción."
2481,Carlos Gómez,103717,2026-06-23,Núñez-Centro,Presencial,TANVIMIL B1 B6 B12,Se revisaron casos clínicos con TANVIMIL B1 B6 B12. Médico receptivo.
2482,Carlos Gómez,103717,2026-07-19,Núñez-Centro,Presencial,TANVIMIL B1 B6 B12|TIOCTAN,"Se entregó material informativo sobre TANVIMIL B1 B6 B12, TIOCTAN. Buena recepción."
2483,Carlos Gómez,103717,2026-08-25,Núñez-Centro,Presencial,TANVIMIL B1 B6 B12,Se presentó nueva evidencia clínica de TANVIMIL B1 B6 B12. Interés alto.
2484,Carlos Gómez,103717,2026-10-05,Núñez-Centro,Presencial,TIOCTAN|TANVIMIL B1 B6 B12,Se revisaron casos clínicos con TIOCTAN. Médico receptivo.
2485,Carlos Gómez,103717,2026-11-03,Núñez-Centro,Virtual,TIOCTAN|TANVIMIL B1 B6 B12,Se revisaron casos clínicos con TIOCTAN. Médico receptivo.
2486,Camila Ruiz,449759,2025-01-08,Quilmes-Centro,Presencial,TRICOFIN|TANVIMIL ACD,"Presentación de TRICOFIN, TANVIMIL ACD. Se acordó seguimiento en próxima visita."
2487,Camila Ruiz,449759,2025-02-11,Quilmes-Centro,Presencial,TRICOFIN|TANVIMIL ACD,Visita de seguimiento. Se discutió eficacia de TRICOFIN en pacientes.
2488,Camila Ruiz,449759,2025-04-22,Quilmes-Centro,Presencial,TANVIMIL ACD,Se presentaron TANVIMIL ACD. El médico mostró interés en TANVIMIL ACD.
2489,Camila Ruiz,449759,2025-05-01,Quilmes-Centro,Virtual,TRICOFIN|TANVIMIL ACD,Se presentó nueva evidencia clínica de TRICOFIN. Interés alto.
2490,Camila Ruiz,449759,2025-07-17,Quilmes-Centro,Presencial,TRICOFIN,Presentación de TRICOFIN. Se acordó seguimiento en próxima visita.
2491,Camila Ruiz,449759,2025-08-24,Quilmes-Centro,Presencial,TRICOFIN|TANVIMIL ACD,Se revisaron casos clínicos con TRICOFIN. Médico receptivo.
2492,Camila Ruiz,449759,2025-09-21,Quilmes-Centro,Presencial,TANVIMIL ACD|TRICOFIN,Se revisaron casos clínicos con TANVIMIL ACD. Médico receptivo.
2493,Camila Ruiz,449759,2025-10-24,Quilmes-Centro,Presencial,TRICOFIN,Se coordinó charla informativa sobre TRICOFIN para el equipo médico.
2494,Camila Ruiz,449759,2025-12-13,Quilmes-Centro,Presencial,TANVIMIL ACD|TRICOFIN,El médico compartió experiencia positiva con TANVIMIL ACD.
2495,Camila Ruiz,449759,2026-01-16,Quilmes-Centro,Telefónica,TRICOFIN|TANVIMIL ACD,El médico compartió experiencia positiva con TRICOFIN.
2496,Camila Ruiz,449759,2026-05-06,Quilmes-Centro,Virtual,TRICOFIN,El médico compartió experiencia positiva con TRICOFIN.
2497,Camila Ruiz,449759,2026-06-17,Quilmes-Centro,Presencial,TANVIMIL ACD|TRICOFIN,"Presentación de TANVIMIL ACD, TRICOFIN. Se acordó seguimiento en próxima visita."
2498,Camila Ruiz,449759,2026-07-28,Quilmes-Centro,Telefónica,TRICOFIN,Se revisaron casos clínicos con TRICOFIN. Médico receptivo.
2499,Camila Ruiz,449759,2026-08-03,Quilmes-Centro,Virtual,TANVIMIL ACD,Presentación de TANVIMIL ACD. Se acordó seguimiento en próxima visita.
2500,Camila Ruiz,449759,2026-09-15,Quilmes-Centro,Telefónica,TRICOFIN,Se coordinó charla informativa sobre TRICOFIN para el equipo médico.
2501,Camila Ruiz,449759,2026-10-26,Quilmes-Centro,Virtual,TANVIMIL ACD|TRICOFIN,"Presentación de TANVIMIL ACD, TRICOFIN. Se acordó seguimiento en próxima visita."
2502,Camila Ruiz,449759,2026-11-25,Quilmes-Centro,Presencial,TANVIMIL ACD|TRICOFIN,"Se presentaron TANVIMIL ACD, TRICOFIN. El médico mostró interés en TANVIMIL ACD."
2503,Federico Álvarez,908577,2025-01-23,Vicente López-Centro,Virtual,APSICO|ONEFIN,"Reunión productiva. Se abordaron beneficios de APSICO, ONEFIN."
2504,Federico Álvarez,908577,2025-03-10,Vicente López-Centro,Telefónica,APSICO|PAMOXET,"Se entregó material informativo sobre APSICO, PAMOXET. Buena recepción."
2505,Federico Álvarez,908577,2025-07-02,Vicente López-Centro,Virtual,PAMOXET|ONEFIN,El médico compartió experiencia positiva con PAMOXET.
2506,Federico Álvarez,908577,2025-11-23,Vicente López-Centro,Telefónica,APSICO,Visita de seguimiento. Se discutió eficacia de APSICO en pacientes.
2507,Federico Álvarez,908577,2026-07-09,Vicente López-Centro,Telefónica,ONEFIN|APSICO,El médico compartió experiencia positiva con ONEFIN.
2508,Federico Álvarez,908577,2026-10-07,Vicente López-Centro,Virtual,ONEFIN|APSICO,"Visita breve. Se dejó material de ONEFIN, APSICO para revisión."
2509,Federico Álvarez,908577,2026-11-06,Vicente López-Centro,Telefónica,PAMOXET|APSICO,Visita de seguimiento. Se discutió eficacia de PAMOXET en pacientes.
2510,Federico Álvarez,908577,2026-12-13,Vicente López-Centro,Telefónica,PAMOXET|APSICO,"Se presentaron PAMOXET, APSICO. El médico mostró interés en PAMOXET."
2511,Nicolás Díaz,269430,2025-03-07,Caballito-Centro,Virtual,TANVIMIL B1 B6 B12|TIOCTAN,Se coordinó charla informativa sobre TANVIMIL B1 B6 B12 para el equipo médico.
2512,Nicolás Díaz,269430,2025-07-11,Caballito-Centro,Virtual,TIOCTAN|TANVIMIL B1 B6 B12,"Visita breve. Se dejó material de TIOCTAN, TANVIMIL B1 B6 B12 para revisión."
2513,Nicolás Díaz,269430,2025-08-01,Caballito-Centro,Virtual,TIOCTAN,Se entregó material informativo sobre TIOCTAN. Buena recepción.
2514,Nicolás Díaz,269430,2025-09-04,Caballito-Centro,Virtual,TIOCTAN|TANVIMIL B1 B6 B12,"Presentación de TIOCTAN, TANVIMIL B1 B6 B12. Se acordó seguimiento en próxima visita."
2515,Nicolás Díaz,269430,2025-10-24,Caballito-Centro,Virtual,TIOCTAN,El médico compartió experiencia positiva con TIOCTAN.
2516,Nicolás Díaz,269430,2026-04-26,Caballito-Centro,Telefónica,TANVIMIL B1 B6 B12|TIOCTAN,Visita de seguimiento. Se discutió eficacia de TANVIMIL B1 B6 B12 en pacientes.
2517,Nicolás Díaz,269430,2026-05-04,Caballito-Centro,Telefónica,TIOCTAN|TANVIMIL B1 B6 B12,Se discutieron novedades de TIOCTAN. Médico solicitó muestras.
2518,Nicolás Díaz,269430,2026-06-06,Caballito-Centro,Virtual,TANVIMIL B1 B6 B12,Visita de seguimiento. Se discutió eficacia de TANVIMIL B1 B6 B12 en pacientes.
2519,Nicolás Díaz,269430,2026-08-05,Caballito-Centro,Telefónica,TIOCTAN|TANVIMIL B1 B6 B12,"Visita breve. Se dejó material de TIOCTAN, TANVIMIL B1 B6 B12 para revisión."
2520,Nicolás Díaz,269430,2026-09-03,Caballito-Centro,Telefónica,TIOCTAN,Presentación de TIOCTAN. Se acordó seguimiento en próxima visita.
2521,Nicolás Díaz,269430,2026-10-10,Caballito-Centro,Telefónica,TANVIMIL B1 B6 B12|TIOCTAN,"Se entregó material informativo sobre TANVIMIL B1 B6 B12, TIOCTAN. Buena recepción."
