Medico_MN,Nombre,Apellido,Mail,Telefono_Consultorio,Telefono_Celular,Especialidad_Medica,Calle,Altura,Barrio,Zona,Fecha_Ultima_Visita,Fecha_Nacimiento,Hobby_Intereses,Religion,Cadencia,Hospital,Facultad,Anio_Egresado,APM,Latitud,Longitud
770487,Matías,Domínguez,matias.dominguez@hospital.org.ar,011-8007-1158,+54 9 11 2832-2232,Dermatología,Av. La Plata,690,Recoleta,Recoleta-Norte,,1971-03-02,"Música, Lectura, Ciclismo",No especifica,Semestral,Hospital Gutiérrez,Universidad Favaloro – Medicina,2014,Lucía Fernández,-34.583654,-58.392175
216739,Sebastián,Ledesma,sebastian.ledesma@hospital.org.ar,011-3532-4878,+54 9 11 3662-3900,Neurología,Av. Santa Fe,3038,Microcentro,Microcentro-Este,2026-11-07,1956-12-26,Pesca,Judía,Semestral,Hospital de Clínicas,Universidad de Rosario – Medicina,1995,Valentina Pérez,-34.601634,-58.382678
126225,Fernando,Figueroa,fernando.figueroa@yahoo.com.ar,011-6000-4728,+54 9 11 4652-1387,Clínica Médica,Av. Juan B. Justo,5478,San Isidro,San Isidro-Centro,2025-12-04,1976-11-17,"Fotografía, Cine",Católica,Digital,Hospital Italiano,Universidad del Salvador – Medicina,2012,Nicolás Díaz,-34.474214,-58.532306
877572,Pedro,Bustos,pedro.bustos@outlook.com,011-6663-6139,+54 9 11 8149-9379,Neurología,Av. Juan B. Justo,9546,Belgrano,Belgrano-R,,1998-09-26,"Natación, Vela, Lectura",Evangélica,Trimestral,Hospital Posadas,Universidad del Salvador – Medicina,2026,Florencia Sánchez,-34.565099,-58.460556
388389,Hernán,Castro,hernan.castro@hospital.org.ar,011-7691-6344,+54 9 11 7592-5844,Traumatología,Av. Las Heras,6988,Recoleta,Recoleta-Norte,2026-03-19,1987-10-19,"Cocina, Pintura",No especifica,Anual,Hospital Italiano,Hospital Italiano – Instituto Universitario,2020,Daniela Morales,-34.585351,-58.394209
356787,Ignacio,Morales,ignacio.morales@outlook.com,011-8238-8244,+54 9 11 4501-9375,Infectología,Av. Maipú,2880,Devoto,Devoto-Centro,,1958-10-11,Golf,Católica,Trimestral,Hospital Durand,Universidad Favaloro – Medicina,1987,Julieta Romero,-34.597411,-58.516162
334053,Florencia,Peralta,florencia.peralta@medicos.com.ar,011-2193-8461,+54 9 11 7790-4185,Gastroenterología,Av. Acoyte,6647,Almagro,Almagro-Centro,2026-03-17,1992-07-08,Lectura,Otra,Digital,Hospital Alemán,Universidad Maimónides – Medicina,2018,Gonzalo Medina,-34.61156,-58.418439
246316,Miguel,Figueroa,miguel.figueroa@hospital.org.ar,011-9702-6198,+54 9 11 8251-9270,Urología,Av. Del Libertador,9076,Microcentro,Microcentro-Este,2026-05-07,1970-05-25,"Jardinería, Running",Evangélica,Semestral,Sanatorio Finochietto,Universidad Favaloro – Medicina,2009,Agustín Varela,-34.604541,-58.384408
872246,Florencia,Herrera,florencia.herrera@yahoo.com.ar,011-6238-9849,+54 9 11 2320-3267,Psiquiatría,Av. Cabildo,6375,Recoleta,Recoleta-Norte,,1972-07-11,"Ajedrez, Golf",No especifica,Anual,Hospital Alemán,Universidad Favaloro – Medicina,2013,Paula Acosta,-34.585061,-58.390936
207473,Nicolás,Peralta,nicolas.peralta@gmail.com,011-6763-5892,+54 9 11 7389-7865,Neurología,Av. Acoyte,3695,Vicente López,Vicente López-Centro,2026-09-04,1977-11-22,"Vela, Golf, Ajedrez",No especifica,Anual,Sanatorio Güemes,Universidad Austral – Medicina,2026,Valentina Pérez,-34.529271,-58.481144
809570,Leandro,Rodríguez,leandro.rodriguez@gmail.com,011-8022-3223,+54 9 11 8564-3977,Endocrinología,Av. Libertador,6311,Palermo,Palermo-Sur,,1974-05-25,Vela,Católica,Anual,Hospital Británico,Universidad de Córdoba – Medicina,2024,Federico Álvarez,-34.581726,-58.425453
876646,Alejandro,Flores,alejandro.flores@hospital.org.ar,011-2124-1659,+54 9 11 1508-5051,Urología,Av. Del Libertador,433,San Isidro,San Isidro-Centro,2026-02-14,1956-02-19,"Lectura, Fotografía, Yoga",Católica,Anual,Hospital Gutiérrez,Universidad Austral – Medicina,1993,Federico Álvarez,-34.470787,-58.530615
671858,Belén,Rodríguez,belen.rodriguez@yahoo.com.ar,011-7149-7498,+54 9 11 4249-2245,Psiquiatría,Av. Callao,5041,Vicente López,Vicente López-Centro,,1962-01-12,"Natación, Golf, Pintura",Otra,Anual,Hospital Británico,Universidad Maimónides – Medicina,2020,Florencia Sánchez,-34.523497,-58.479996
191161,Pedro,Aguirre,pedro.aguirre@yahoo.com.ar,011-8532-3506,+54 9 11 8135-3885,Traumatología,Av. Gaona,8917,Quilmes,Quilmes-Centro,,1961-05-11,"Ajedrez, Natación",Católica,Mensual,Sanatorio Güemes,Universidad Favaloro – Medicina,2000,Federico Álvarez,-34.725254,-58.254351
719176,Natalia,Morales,natalia.morales@hotmail.com,011-8988-4475,+54 9 11 6813-5232,Gastroenterología,Av. Libertador,9867,Flores,Flores-Norte,2025-09-09,1965-04-03,"Pesca, Vela, Jardinería",Católica,Anual,CEMIC,Universidad Favaloro – Medicina,2004,Rocío Castro,-34.625988,-58.465237
542417,Laura,Suárez,laura.suarez@hotmail.com,011-7625-4986,+54 9 11 6016-7046,Pediatría,Av. La Plata,8798,Devoto,Devoto-Centro,,1977-06-23,Cocina,Evangélica,Semestral,Hospital Argerich,Universidad Favaloro – Medicina,2015,Julieta Romero,-34.600562,-58.509034
133326,Lucía,Giménez,lucia.gimenez@hospital.org.ar,011-4033-4138,+54 9 11 4545-8933,Clínica Médica,Av. Monroe,9759,Quilmes,Quilmes-Centro,2026-03-11,1992-04-10,"Vela, Viajes, Cine",Católica,Semestral,Hospital Ramos Mejía,UBA – Facultad de Medicina,2019,Valentina Pérez,-34.723234,-58.253754
131244,Ana,Domínguez,ana.dominguez@yahoo.com.ar,011-3068-9042,+54 9 11 2680-1200,Gastroenterología,Av. Acoyte,7943,La Plata,La Plata-Centro,2026-03-02,1982-08-04,"Tenis, Viajes, Esquí",No especifica,Anual,Hospital Británico,Universidad de Tucumán – Medicina,2008,Rocío Castro,-34.921595,-57.957156
198246,Paula,Fernández,paula.fernandez@hotmail.com,011-2940-7818,+54 9 11 4697-9561,Neurología,Av. Medrano,7353,Almagro,Almagro-Centro,2026-04-15,1979-10-20,"Running, Fotografía",Judía,Digital,Hospital Pirovano,Universidad Favaloro – Medicina,2004,Ana Martínez,-34.611026,-58.419115
329258,Valentina,Domínguez,valentina.dominguez@gmail.com,011-3564-1043,+54 9 11 7693-8381,Traumatología,Av. Belgrano,634,Devoto,Devoto-Centro,,1969-02-22,"Música, Viajes, Cine",Judía,Semestral,Hospital Posadas,Universidad del Salvador – Medicina,2007,Sebastián Torres,-34.601685,-58.51193
343962,José,Martínez,jose.martinez@hotmail.com,011-6039-5728,+54 9 11 8195-3037,Pediatría,Av. Triunvirato,5082,Villa Urquiza,Villa Urquiza-Centro,2026-04-27,1964-08-15,"Cine, Golf, Running",Judía,Digital,Hospital Posadas,Universidad de La Plata – Medicina,1993,Lucía Fernández,-34.571003,-58.485573
629903,Leandro,Córdoba,leandro.cordoba@gmail.com,011-5415-1659,+54 9 11 3870-8708,Infectología,Av. Hipólito Yrigoyen,4657,Villa Urquiza,Villa Urquiza-Centro,2026-04-20,1967-02-16,Natación,Otra,Anual,Hospital Santojanni,Universidad del Salvador – Medicina,2013,Nicolás Díaz,-34.576185,-58.489147
731262,Natalia,Suárez,natalia.suarez@hospital.org.ar,011-7561-1601,+54 9 11 8451-2442,Pediatría,Av. Libertador,5396,Flores,Flores-Norte,2026-10-06,1998-11-28,"Ciclismo, Pesca, Jardinería",Católica,Anual,Hospital Alemán,Universidad Favaloro – Medicina,2026,Paula Acosta,-34.631841,-58.460275
127824,Camila,Herrera,camila.herrera@medicos.com.ar,011-3146-5719,+54 9 11 8178-8941,Gastroenterología,Av. Santa Fe,4020,Belgrano,Belgrano-R,2026-12-05,1963-07-03,"Yoga, Esquí",Evangélica,Mensual,Hospital de Clínicas,Universidad Austral – Medicina,2001,Gonzalo Medina,-34.559902,-58.457892
688508,Sebastián,Peralta,sebastian.peralta@outlook.com,011-4993-8483,+54 9 11 3369-7284,Psiquiatría,Av. Hipólito Yrigoyen,9920,San Isidro,San Isidro-Centro,,1981-07-11,"Pesca, Viajes, Jardinería",No especifica,Semestral,Hospital Ramos Mejía,Hospital Italiano – Instituto Universitario,2021,Martín Rodríguez,-34.471918,-58.524207
308496,Gustavo,Ortiz,gustavo.ortiz@yahoo.com.ar,011-9903-7180,+54 9 11 8460-6272,Neurología,Av. Triunvirato,4012,San Isidro,San Isidro-Centro,,1996-06-24,Viajes,No especifica,Anual,Hospital Fernández,Universidad de Córdoba – Medicina,2023,Matías Herrera,-34.471282,-58.530664
850800,Belén,Varela,belen.varela@gmail.com,011-8213-2633,+54 9 11 9617-8486,Dermatología,Av. Monroe,2461,Palermo,Palermo-Norte,2025-11-06,1994-08-26,"Vela, Ajedrez, Natación",Otra,Semestral,Hospital Británico,Universidad de La Plata – Medicina,2022,Matías Herrera,-34.5809,-58.423452
781453,Facundo,López,facundo.lopez@medicos.com.ar,011-2121-4846,+54 9 11 5708-4727,Psiquiatría,Av. Scalabrini Ortiz,1712,Belgrano,Belgrano-Centro,2026-10-18,1970-03-23,"Ciclismo, Vela",Otra,Mensual,Hospital Santojanni,UBA – Facultad de Medicina,2013,Lucía Fernández,-34.559396,-58.453961
835392,Sofía,Acosta,sofia.acosta@medicos.com.ar,011-7751-3950,+54 9 11 3785-3868,Nutrición,Av. Gaona,6367,Belgrano,Belgrano-Centro,2026-08-20,1989-04-15,"Yoga, Fotografía",Católica,Semestral,Hospital Argerich,UBA – Facultad de Medicina,2023,Gonzalo Medina,-34.560803,-58.458592
671412,Matías,Ortiz,matias.ortiz@medicos.com.ar,011-5901-7951,+54 9 11 5097-8484,Neurología,Av. Las Heras,6402,La Plata,La Plata-Centro,,1962-06-19,Tenis,No especifica,Semestral,Hospital Garrahan,Hospital Italiano – Instituto Universitario,2004,Martín Rodríguez,-34.917467,-57.957933
539898,Natalia,Suárez,natalia.suarez@hotmail.com,011-6772-4588,+54 9 11 4115-5106,Clínica Médica,Av. Nazca,1691,Recoleta,Recoleta-Norte,,1970-01-19,"Pintura, Fotografía, Cocina",Judía,Trimestral,Hospital Ramos Mejía,Universidad de La Plata – Medicina,2017,Carlos Gómez,-34.582966,-58.391537
331148,Facundo,Silva,facundo.silva@medicos.com.ar,011-9221-5465,+54 9 11 3695-5210,Psiquiatría,Av. Maipú,4935,Devoto,Devoto-Centro,,1969-02-05,"Golf, Cine",No especifica,Anual,Hospital Gutiérrez,Universidad del Salvador – Medicina,2007,Daniela Morales,-34.596534,-58.515613
571029,Lucía,Figueroa,lucia.figueroa@yahoo.com.ar,011-5295-7242,+54 9 11 7086-2775,Endocrinología,Av. Acoyte,510,Vicente López,Vicente López-Centro,,1959-04-21,Tenis,Católica,Anual,Hospital Posadas,Universidad del Salvador – Medicina,1987,Julieta Romero,-34.525805,-58.476568
717889,Paula,Ríos,paula.rios@gmail.com,011-2592-4846,+54 9 11 9807-3222,Pediatría,Av. Medrano,6178,Almagro,Almagro-Centro,2026-04-09,1972-10-24,"Pintura, Cine, Tenis",Evangélica,Trimestral,Hospital de Clínicas,Universidad de Córdoba – Medicina,2019,Paula Acosta,-34.607295,-58.417569
391704,Camila,Cabrera,camila.cabrera@outlook.com,011-4868-6942,+54 9 11 2627-7018,Urología,Av. Corrientes,6623,Núñez,Núñez-Centro,,1993-11-07,Cocina,Católica,Mensual,Hospital Santojanni,Universidad Favaloro – Medicina,2026,Lucía Fernández,-34.547241,-58.451318
948749,Milagros,Ramírez,milagros.ramirez@medicos.com.ar,011-4538-4817,+54 9 11 6383-3417,Dermatología,Av. Libertador,2470,Palermo,Palermo-Norte,2026-05-20,1991-11-28,"Natación, Golf, Fotografía",Evangélica,Trimestral,Hospital Gutiérrez,Universidad Favaloro – Medicina,2015,Martín Rodríguez,-34.575125,-58.424598
106814,Ana,Romero,ana.romero@hospital.org.ar,011-7897-9619,+54 9 11 2862-2041,Pediatría,Av. Medrano,6031,Devoto,Devoto-Centro,,1984-10-02,"Ajedrez, Pintura",Católica,Semestral,Hospital Italiano,UBA – Facultad de Medicina,2024,Gonzalo Medina,-34.598868,-58.517909
895667,Natalia,Cabrera,natalia.cabrera@gmail.com,011-2323-6277,+54 9 11 3430-2076,Nutrición,Av. Libertador,9690,Recoleta,Recoleta-Norte,,1965-05-15,"Vela, Cocina, Pintura",Otra,Digital,Hospital de Clínicas,Universidad del Salvador – Medicina,2021,Paula Acosta,-34.586516,-58.394748
944962,Diego,Molina,diego.molina@yahoo.com.ar,011-8430-7532,+54 9 11 7815-2557,Dermatología,Av. Scalabrini Ortiz,5220,Flores,Flores-Norte,2026-10-06,1955-08-03,"Ciclismo, Viajes, Tenis",No especifica,Mensual,Hospital Posadas,Universidad del Salvador – Medicina,1984,Carlos Gómez,-34.626349,-58.464257
267414,Milagros,Domínguez,milagros.dominguez@yahoo.com.ar,011-3002-7730,+54 9 11 6793-7929,Pediatría,Av. Belgrano,9937,Palermo,Palermo-Sur,2026-12-20,1985-03-22,"Lectura, Cine",No especifica,Trimestral,Hospital Gutiérrez,Universidad Maimónides – Medicina,2024,Ana Martínez,-34.581876,-58.428964
832052,Diego,Aguirre,diego.aguirre@medicos.com.ar,011-1430-5381,+54 9 11 1474-3955,Dermatología,Av. Triunvirato,5162,Quilmes,Quilmes-Centro,2026-12-02,1989-10-22,"Esquí, Cocina, Ajedrez",Otra,Mensual,Hospital Italiano,Universidad del Salvador – Medicina,2019,Diego López,-34.723785,-58.25549
543143,Rocío,Varela,rocio.varela@hotmail.com,011-7062-6105,+54 9 11 6314-2391,Psiquiatría,Av. Córdoba,2679,Palermo,Palermo-Sur,2026-04-12,1981-08-22,Esquí,Católica,Anual,Hospital Posadas,Hospital Italiano – Instituto Universitario,2018,Gonzalo Medina,-34.577456,-58.429502
456778,Alejandro,Aguirre,alejandro.aguirre@gmail.com,011-5640-8972,+54 9 11 9633-6053,Ginecología,Av. Cabildo,6575,Palermo,Palermo-Sur,,1979-04-25,Pesca,Otra,Semestral,Hospital Santojanni,Universidad del Salvador – Medicina,2007,Julieta Romero,-34.575156,-58.429452
391369,Valentina,Romero,valentina.romero@outlook.com,011-9725-4770,+54 9 11 9196-6802,Psiquiatría,Av. Juan B. Justo,793,Belgrano,Belgrano-Centro,,1978-10-14,"Golf, Natación",Judía,Anual,Hospital Ramos Mejía,Universidad del Salvador – Medicina,2020,Paula Acosta,-34.562638,-58.456402
263032,Soledad,Figueroa,soledad.figueroa@hospital.org.ar,011-6928-2443,+54 9 11 8155-2734,Clínica Médica,Av. Scalabrini Ortiz,9748,Vicente López,Vicente López-Centro,2026-05-25,1951-06-08,"Esquí, Cocina, Ciclismo",Evangélica,Trimestral,Sanatorio Otamendi,Universidad del Salvador – Medicina,1996,Carlos Gómez,-34.527996,-58.485214
325772,Sofía,Acosta,sofia.acosta@gmail.com,011-3399-5193,+54 9 11 4232-3842,Urología,Av. Congreso,1334,Recoleta,Recoleta-Norte,2026-12-22,1969-10-25,"Running, Pesca",Otra,Digital,Hospital Santojanni,Universidad Austral – Medicina,2021,Nicolás Díaz,-34.590229,-58.390272
900581,Paula,Herrera,paula.herrera@medicos.com.ar,011-1920-6766,+54 9 11 9312-2215,Clínica Médica,Av. Medrano,7504,La Plata,La Plata-Centro,2026-11-20,1994-11-28,"Vela, Tenis, Jardinería",No especifica,Digital,Hospital Garrahan,Universidad de Córdoba – Medicina,2019,Agustín Varela,-34.925624,-57.955313
452944,Fernando,Morales,fernando.morales@medicos.com.ar,011-8792-9214,+54 9 11 3471-2013,Infectología,Av. Callao,5726,Villa Urquiza,Villa Urquiza-Centro,,1987-01-08,Ciclismo,Evangélica,Anual,Sanatorio Otamendi,Universidad de Tucumán – Medicina,2025,Agustín Varela,-34.568176,-58.494157
207175,Andrés,Gutiérrez,andres.gutierrez@outlook.com,011-6543-1857,+54 9 11 6482-2079,Traumatología,Av. Callao,9241,Flores,Flores-Norte,2026-07-18,1956-10-28,"Yoga, Ajedrez",Judía,Semestral,Fundación Favaloro,Universidad Austral – Medicina,1989,Carlos Gómez,-34.626216,-58.465159
197251,Ignacio,Fernández,ignacio.fernandez@yahoo.com.ar,011-7171-6381,+54 9 11 3093-9624,Clínica Médica,Av. Nazca,7037,Belgrano,Belgrano-Centro,,1987-04-11,Yoga,Católica,Trimestral,Hospital Fernández,Universidad Austral – Medicina,2026,Camila Ruiz,-34.561915,-58.460818
498382,Hernán,Giménez,hernan.gimenez@hospital.org.ar,011-9626-1618,+54 9 11 6517-3147,Nutrición,Av. Córdoba,2758,Almagro,Almagro-Centro,,1988-12-15,"Yoga, Jardinería, Música",No especifica,Anual,Hospital Durand,Universidad de Córdoba – Medicina,2012,Florencia Sánchez,-34.612192,-58.418072
201414,Florencia,Castro,florencia.castro@outlook.com,011-4178-7026,+54 9 11 8218-8564,Dermatología,Av. Congreso,6356,La Plata,La Plata-Centro,2026-12-01,1986-10-05,Esquí,Católica,Mensual,Hospital Gutiérrez,Universidad Maimónides – Medicina,2018,Rocío Castro,-34.920971,-57.954813
476417,Andrés,Fernández,andres.fernandez@hotmail.com,011-5469-8361,+54 9 11 9410-3414,Gastroenterología,Av. Rivadavia,3737,Microcentro,Microcentro-Este,2025-12-16,1972-01-13,"Música, Golf",Evangélica,Semestral,Hospital Garrahan,Universidad del Salvador – Medicina,2012,Camila Ruiz,-34.600833,-58.377154
988662,Pedro,Varela,pedro.varela@hotmail.com,011-3254-1627,+54 9 11 5700-8740,Psiquiatría,Av. Congreso,7785,Recoleta,Recoleta-Norte,2026-10-23,1997-05-07,"Música, Yoga",Católica,Digital,Hospital Posadas,Universidad del Salvador – Medicina,2022,Agustín Varela,-34.587514,-58.397947
460663,Ana,Acosta,ana.acosta@outlook.com,011-8489-2029,+54 9 11 2816-9189,Clínica Médica,Av. Nazca,8543,Palermo,Palermo-Norte,2026-02-13,1971-01-20,"Ciclismo, Running, Golf",Otra,Trimestral,Hospital Rivadavia,Universidad del Salvador – Medicina,2017,Paula Acosta,-34.57925,-58.422815
733052,Gustavo,López,gustavo.lopez@hospital.org.ar,011-7338-7116,+54 9 11 5155-1266,Infectología,Av. Maipú,1206,Núñez,Núñez-Centro,,1992-10-24,"Fotografía, Jardinería",Otra,Trimestral,Hospital Gutiérrez,Universidad Maimónides – Medicina,2021,Lucía Fernández,-34.546552,-58.453671
377370,Valentina,Romero,valentina.romero@gmail.com,011-8498-1605,+54 9 11 5807-4302,Clínica Médica,Av. Maipú,3368,Palermo,Palermo-Sur,2026-10-07,1966-07-27,"Ciclismo, Tenis",Evangélica,Anual,Hospital Alemán,Universidad Favaloro – Medicina,2024,Federico Álvarez,-34.576142,-58.426844
946335,Julieta,Sánchez,julieta.sanchez@yahoo.com.ar,011-8159-7553,+54 9 11 8204-7334,Pediatría,Av. Pueyrredón,8229,Flores,Flores-Norte,2026-11-26,1981-02-24,"Yoga, Natación, Lectura",Católica,Mensual,Hospital Austral,Universidad Austral – Medicina,2018,Paula Acosta,-34.626079,-58.464327
145561,Gabriel,Suárez,gabriel.suarez@yahoo.com.ar,011-8305-7981,+54 9 11 3730-8272,Nutrición,Av. Medrano,793,Núñez,Núñez-Centro,2026-11-04,1971-05-21,"Fotografía, Golf, Viajes",No especifica,Mensual,Hospital Gutiérrez,Universidad Maimónides – Medicina,1998,Matías Herrera,-34.542732,-58.451884
865179,Matías,López,matias.lopez@hotmail.com,011-2101-4866,+54 9 11 7001-6933,Endocrinología,Av. Independencia,630,Almagro,Almagro-Centro,2026-04-18,1975-08-25,"Natación, Cine",Judía,Digital,Sanatorio Otamendi,Universidad de La Plata – Medicina,2001,Diego López,-34.607949,-58.418209
581741,Lucía,Rodríguez,lucia.rodriguez@hospital.org.ar,011-4048-9176,+54 9 11 9482-7340,Nutrición,Av. Libertador,4364,Belgrano,Belgrano-R,2026-12-04,1980-12-16,Jardinería,Católica,Mensual,Hospital Británico,Universidad de Córdoba – Medicina,2010,Diego López,-34.55996,-58.458854
662275,Gabriel,Ortiz,gabriel.ortiz@hospital.org.ar,011-2063-9882,+54 9 11 5757-5914,Psiquiatría,Av. Triunvirato,2952,Caballito,Caballito-Centro,2026-11-17,1986-03-08,"Jardinería, Viajes",No especifica,Mensual,CEMIC,Universidad de Tucumán – Medicina,2025,Florencia Sánchez,-34.615063,-58.441912
230889,Laura,García,laura.garcia@yahoo.com.ar,011-7523-8842,+54 9 11 9612-7730,Infectología,Av. Del Libertador,9519,Microcentro,Microcentro-Este,,1994-08-15,Viajes,Otra,Semestral,CEMIC,Universidad de Tucumán – Medicina,2026,Diego López,-34.608262,-58.376276
496922,Hernán,Martínez,hernan.martinez@gmail.com,011-9488-3507,+54 9 11 5982-3697,Clínica Médica,Av. San Martín,3794,Caballito,Caballito-Centro,,1993-05-07,"Running, Esquí, Fotografía",No especifica,Semestral,Hospital Ramos Mejía,Universidad de Tucumán – Medicina,2025,Diego López,-34.61954,-58.437591
182627,Belén,Torres,belen.torres@hotmail.com,011-6531-1674,+54 9 11 1464-2330,Nutrición,Av. Nazca,9549,Palermo,Palermo-Sur,2026-08-25,1972-10-21,"Música, Ajedrez",Evangélica,Anual,Hospital Ramos Mejía,Hospital Italiano – Instituto Universitario,1996,Daniela Morales,-34.582353,-58.427892
678856,Rocío,García,rocio.garcia@hospital.org.ar,011-1981-3589,+54 9 11 8202-7809,Traumatología,Av. Medrano,3442,Devoto,Devoto-Centro,,1978-12-28,"Lectura, Natación, Música",Otra,Anual,Hospital Gutiérrez,Universidad Maimónides – Medicina,2013,Diego López,-34.600598,-58.517563
407419,Lucía,Herrera,lucia.herrera@outlook.com,011-5061-3308,+54 9 11 2586-1829,Dermatología,Av. Juan B. Justo,6950,La Plata,La Plata-Centro,2026-11-10,1978-10-24,"Pesca, Yoga",Otra,Trimestral,Sanatorio Finochietto,Universidad Maimónides – Medicina,2012,Valentina Pérez,-34.923517,-57.950347
969693,María,Fernández,maria.fernandez@outlook.com,011-9281-8491,+54 9 11 4944-4524,Infectología,Av. Corrientes,928,Núñez,Núñez-Centro,,1955-08-10,"Ciclismo, Ajedrez",Evangélica,Mensual,Hospital Posadas,Universidad Austral – Medicina,2013,Ana Martínez,-34.547186,-58.455025
759176,Carlos,Rojas,carlos.rojas@gmail.com,011-4189-6939,+54 9 11 5728-2204,Nutrición,Av. Boedo,7478,Almagro,Almagro-Centro,2026-05-07,1955-10-04,"Ciclismo, Viajes, Cocina",No especifica,Mensual,Hospital Gutiérrez,Universidad de La Plata – Medicina,1987,Matías Herrera,-34.606356,-58.422203
748564,Hernán,Rojas,hernan.rojas@medicos.com.ar,011-1659-1742,+54 9 11 1637-3245,Pediatría,Av. Maipú,7861,Flores,Flores-Norte,2026-12-05,1990-06-20,"Natación, Esquí, Pesca",No especifica,Trimestral,Hospital Austral,Hospital Italiano – Instituto Universitario,2019,Matías Herrera,-34.627807,-58.466511
479201,Paula,Peralta,paula.peralta@gmail.com,011-7035-6427,+54 9 11 2795-7824,Infectología,Av. Maipú,536,La Plata,La Plata-Centro,2026-10-25,1961-10-08,"Ajedrez, Viajes, Música",Católica,Digital,Hospital Rivadavia,Universidad Maimónides – Medicina,1988,Rocío Castro,-34.920031,-57.956345
705397,Leandro,Sánchez,leandro.sanchez@hotmail.com,011-1310-8225,+54 9 11 6139-7861,Urología,Av. Scalabrini Ortiz,3440,Recoleta,Recoleta-Norte,2026-10-13,1951-12-02,"Pesca, Esquí",Otra,Trimestral,Hospital Pirovano,Universidad Maimónides – Medicina,2020,Agustín Varela,-34.587896,-58.39025
301629,Gabriel,Álvarez,gabriel.alvarez@outlook.com,011-9734-6608,+54 9 11 9950-6804,Pediatría,Av. Gaona,8032,Quilmes,Quilmes-Centro,2026-11-22,1979-04-10,"Vela, Cine",Evangélica,Trimestral,Hospital Santojanni,Universidad de Córdoba – Medicina,2012,Rocío Castro,-34.731077,-58.256535
838797,Lucía,Navarro,lucia.navarro@hospital.org.ar,011-9899-7220,+54 9 11 7464-6654,Endocrinología,Av. Belgrano,789,Recoleta,Recoleta-Norte,2026-07-27,1970-11-09,"Cine, Viajes, Lectura",No especifica,Trimestral,CEMIC,Hospital Italiano – Instituto Universitario,2024,Sebastián Torres,-34.589124,-58.390859
172933,Belén,Acosta,belen.acosta@hotmail.com,011-1831-9700,+54 9 11 4697-4814,Infectología,Av. Callao,6871,Palermo,Palermo-Sur,2026-04-13,1990-01-18,"Natación, Yoga",Católica,Anual,Sanatorio Finochietto,Universidad Favaloro – Medicina,2016,Rocío Castro,-34.581697,-58.425276
148050,Laura,Navarro,laura.navarro@hotmail.com,011-9767-1611,+54 9 11 3868-7846,Urología,Av. Hipólito Yrigoyen,695,Caballito,Caballito-Centro,2026-12-15,1987-12-28,"Lectura, Natación, Yoga",Otra,Mensual,Hospital Ramos Mejía,Universidad de Tucumán – Medicina,2020,Martín Rodríguez,-34.613028,-58.44303
793384,Facundo,Benítez,facundo.benitez@outlook.com,011-3198-9261,+54 9 11 8668-5470,Infectología,Av. Maipú,1945,San Isidro,San Isidro-Centro,2025-09-26,1982-12-06,Ajedrez,Otra,Semestral,Fundación Favaloro,Universidad Favaloro – Medicina,2006,Julieta Romero,-34.473693,-58.525689
338968,Hernán,Morales,hernan.morales@gmail.com,011-7567-2562,+54 9 11 4027-3303,Urología,Av. San Martín,4164,Devoto,Devoto-Centro,,1981-06-10,"Música, Tenis, Lectura",Otra,Digital,Hospital Argerich,Universidad de La Plata – Medicina,2023,Martín Rodríguez,-34.603932,-58.515164
910620,Paula,Díaz,paula.diaz@outlook.com,011-9233-6095,+54 9 11 2923-5833,Dermatología,Av. Gaona,3718,Núñez,Núñez-Centro,,1969-12-20,"Cocina, Música, Running",No especifica,Anual,Sanatorio Finochietto,Universidad Maimónides – Medicina,2016,Daniela Morales,-34.547809,-58.459664
403445,Matías,Benítez,matias.benitez@hospital.org.ar,011-6927-2279,+54 9 11 2838-2011,Pediatría,Av. Independencia,8892,San Isidro,San Isidro-Centro,,1970-02-22,"Tenis, Jardinería",Judía,Digital,Hospital Británico,Universidad Maimónides – Medicina,2007,Rocío Castro,-34.475501,-58.529719
183667,Hernán,Molina,hernan.molina@outlook.com,011-1945-8575,+54 9 11 6049-1356,Gastroenterología,Av. Libertador,149,Almagro,Almagro-Centro,,1971-06-23,Yoga,Otra,Digital,Hospital Británico,Universidad de Córdoba – Medicina,1999,Lucía Fernández,-34.606542,-58.419217
996865,Valentina,Romero,valentina.romero@hospital.org.ar,011-7887-7135,+54 9 11 7266-8348,Pediatría,Av. Juan B. Justo,1414,Almagro,Almagro-Centro,,1990-11-28,"Viajes, Música, Golf",Católica,Mensual,CEMIC,Universidad de Rosario – Medicina,2019,Valentina Pérez,-34.607173,-58.418382
344098,Paula,Figueroa,paula.figueroa@hospital.org.ar,011-9920-7948,+54 9 11 9715-7214,Traumatología,Av. Cabildo,7646,Vicente López,Vicente López-Centro,2025-05-19,1991-01-26,Lectura,No especifica,Anual,Hospital Durand,Universidad Favaloro – Medicina,2025,Martín Rodríguez,-34.528538,-58.483244
205907,Carlos,Cabrera,carlos.cabrera@medicos.com.ar,011-1797-5009,+54 9 11 1724-7590,Gastroenterología,Av. Cabildo,8943,Villa Urquiza,Villa Urquiza-Centro,2026-04-06,1990-09-10,"Natación, Música, Yoga",Judía,Digital,Fundación Favaloro,Universidad de Tucumán – Medicina,2017,Nicolás Díaz,-34.575827,-58.486363
498591,Celeste,Flores,celeste.flores@outlook.com,011-5923-5508,+54 9 11 1998-3869,Infectología,Av. La Plata,8220,Microcentro,Microcentro-Este,,1956-07-26,"Ajedrez, Fotografía",No especifica,Semestral,Hospital Posadas,Universidad Austral – Medicina,2013,Paula Acosta,-34.608531,-58.382556
391476,Gustavo,Acosta,gustavo.acosta@hotmail.com,011-5927-3365,+54 9 11 8586-1944,Clínica Médica,Av. Scalabrini Ortiz,9230,Microcentro,Microcentro-Este,2026-02-08,1985-06-21,"Cocina, Tenis, Cine",Otra,Anual,Hospital Británico,Universidad Maimónides – Medicina,2011,Florencia Sánchez,-34.6037,-58.382116
575435,Ignacio,Bustos,ignacio.bustos@gmail.com,011-2192-4082,+54 9 11 4555-8854,Ginecología,Av. Centenario,5555,San Isidro,San Isidro-Centro,,1986-12-04,"Natación, Yoga, Ajedrez",Otra,Trimestral,Hospital Garrahan,Universidad Favaloro – Medicina,2025,Sebastián Torres,-34.473968,-58.52391
766563,Facundo,Ortiz,facundo.ortiz@yahoo.com.ar,011-5285-6892,+54 9 11 9401-9147,Ginecología,Av. Callao,7792,Villa Urquiza,Villa Urquiza-Centro,2026-04-26,1975-06-14,"Vela, Pintura",Evangélica,Digital,Hospital Fernández,UBA – Facultad de Medicina,2000,Camila Ruiz,-34.570384,-58.491798
974628,Sofía,Ruiz,sofia.ruiz@yahoo.com.ar,011-4768-7223,+54 9 11 5026-9180,Urología,Av. Libertador,8105,Flores,Flores-Norte,2026-11-05,1969-03-24,Vela,Católica,Trimestral,CEMIC,Universidad de Córdoba – Medicina,2015,Diego López,-34.623335,-58.461583
482554,Celeste,López,celeste.lopez@gmail.com,011-1794-1104,+54 9 11 7756-3252,Endocrinología,Av. Rivadavia,2574,Vicente López,Vicente López-Centro,,1995-10-21,"Pintura, Golf, Esquí",No especifica,Anual,Hospital Italiano,Universidad Maimónides – Medicina,2026,Martín Rodríguez,-34.531909,-58.480943
270555,Julieta,Giménez,julieta.gimenez@yahoo.com.ar,011-1280-9228,+54 9 11 8054-3937,Nutrición,Av. Hipólito Yrigoyen,1678,Belgrano,Belgrano-R,2026-07-11,1965-05-27,"Jardinería, Música",Judía,Semestral,Hospital Británico,Universidad de La Plata – Medicina,2011,Matías Herrera,-34.561756,-58.45859
488162,Paula,Fernández,paula.fernandez@hospital.org.ar,011-1519-2531,+54 9 11 7640-7213,Dermatología,Av. La Plata,7898,Almagro,Almagro-Centro,2025-07-21,1993-08-28,Cocina,No especifica,Semestral,Sanatorio Otamendi,UBA – Facultad de Medicina,2023,Ana Martínez,-34.613439,-58.424905
472528,Gustavo,Herrera,gustavo.herrera@gmail.com,011-2218-5593,+54 9 11 9897-1539,Dermatología,Av. Hipólito Yrigoyen,5252,Caballito,Caballito-Centro,,1953-07-03,"Vela, Natación, Ajedrez",Judía,Trimestral,Fundación Favaloro,Universidad de Rosario – Medicina,1996,Camila Ruiz,-34.622843,-58.444928
319684,Laura,Sosa,laura.sosa@hospital.org.ar,011-6666-1879,+54 9 11 2600-8161,Nutrición,Av. Del Libertador,1345,Vicente López,Vicente López-Centro,,1973-06-01,"Vela, Ajedrez",Otra,Semestral,Sanatorio Finochietto,Universidad Favaloro – Medicina,2017,Gonzalo Medina,-34.528594,-58.47831
802729,Valentina,Córdoba,valentina.cordoba@hospital.org.ar,011-7227-2404,+54 9 11 5839-5037,Infectología,Av. Rivadavia,4490,Belgrano,Belgrano-Centro,2025-12-23,1989-12-13,"Jardinería, Ciclismo",Evangélica,Semestral,Hospital Británico,UBA – Facultad de Medicina,2018,Ana Martínez,-34.565458,-58.453883
379946,Pedro,Romero,pedro.romero@gmail.com,011-4070-8061,+54 9 11 8353-9395,Nutrición,Av. Callao,530,Microcentro,Microcentro-Este,2026-12-10,1960-06-28,Vela,Judía,Mensual,Hospital Posadas,Universidad de Rosario – Medicina,2008,Julieta Romero,-34.608104,-58.380458
835911,Leandro,Benítez,leandro.benitez@hotmail.com,011-7237-3777,+54 9 11 3274-5405,Clínica Médica,Av. Libertador,8179,La Plata,La Plata-Centro,2026-10-17,1972-05-16,"Pesca, Cocina, Jardinería",Católica,Mensual,Hospital Argerich,Universidad Favaloro – Medicina,2021,Florencia Sánchez,-34.924541,-57.957328
816751,Miguel,Castro,miguel.castro@gmail.com,011-7483-6443,+54 9 11 7224-6399,Nutrición,Av. San Martín,7155,Villa Urquiza,Villa Urquiza-Centro,2026-03-28,1990-05-11,"Natación, Yoga",Otra,Trimestral,Hospital Santojanni,Universidad Austral – Medicina,2023,Rocío Castro,-34.569845,-58.486405
779514,Leandro,Acosta,leandro.acosta@yahoo.com.ar,011-7161-5592,+54 9 11 7437-6980,Dermatología,Av. Hipólito Yrigoyen,9338,Belgrano,Belgrano-R,,1955-09-01,"Running, Pintura, Pesca",Judía,Anual,Sanatorio Güemes,Hospital Italiano – Instituto Universitario,2025,Sebastián Torres,-34.565002,-58.451027
174870,Paula,Acosta,paula.acosta@yahoo.com.ar,011-3525-7932,+54 9 11 7176-2211,Traumatología,Av. Gaona,7951,Villa Urquiza,Villa Urquiza-Centro,2026-05-14,1972-09-02,Música,Evangélica,Semestral,Hospital Austral,Universidad del Salvador – Medicina,2021,Daniela Morales,-34.572178,-58.489656
738720,Roberto,Ledesma,roberto.ledesma@gmail.com,011-7547-6432,+54 9 11 8052-2735,Pediatría,Av. Callao,4339,Palermo,Palermo-Norte,2026-01-12,1961-12-19,"Esquí, Viajes, Ciclismo",Católica,Anual,Hospital Garrahan,Universidad de Córdoba – Medicina,1999,Florencia Sánchez,-34.58278,-58.422531
765822,Gustavo,Pérez,gustavo.perez@yahoo.com.ar,011-7815-2406,+54 9 11 2901-3321,Urología,Av. Belgrano,5720,Núñez,Núñez-Centro,2026-07-15,1976-08-04,Lectura,Católica,Anual,Hospital Británico,Hospital Italiano – Instituto Universitario,2014,Nicolás Díaz,-34.545447,-58.458931
279451,Romina,Pérez,romina.perez@hospital.org.ar,011-3692-4996,+54 9 11 9454-3858,Neurología,Av. San Martín,9272,Caballito,Caballito-Centro,2025-07-24,1958-03-06,Jardinería,No especifica,Anual,Hospital Italiano,Universidad de Tucumán – Medicina,2022,Matías Herrera,-34.618736,-58.442379
660086,Carolina,Gutiérrez,carolina.gutierrez@gmail.com,011-4519-4371,+54 9 11 5560-2025,Urología,Av. Maipú,8896,Belgrano,Belgrano-R,2026-12-09,1991-05-22,"Ajedrez, Lectura, Ciclismo",Evangélica,Digital,Hospital Austral,Universidad de Rosario – Medicina,2022,Nicolás Díaz,-34.56513,-58.45774
864544,Rocío,Ledesma,rocio.ledesma@hotmail.com,011-5873-2388,+54 9 11 3194-6131,Dermatología,Av. Cabildo,5103,Belgrano,Belgrano-R,2026-12-01,1966-07-14,"Vela, Fotografía",No especifica,Digital,Hospital Posadas,Universidad Austral – Medicina,1998,Matías Herrera,-34.565831,-58.457267
356702,Roberto,Ríos,roberto.rios@yahoo.com.ar,011-3298-4065,+54 9 11 6154-8389,Ginecología,Av. Centenario,5982,Palermo,Palermo-Sur,2026-11-28,1974-09-17,"Jardinería, Pesca, Fotografía",Católica,Anual,Sanatorio Finochietto,Universidad de Rosario – Medicina,2018,Paula Acosta,-34.575482,-58.425154
271339,Leandro,Rodríguez,leandro.rodriguez@hotmail.com,011-5785-1535,+54 9 11 5503-4683,Urología,Av. Pueyrredón,7592,La Plata,La Plata-Centro,,1963-09-04,"Tenis, Jardinería, Cocina",Otra,Mensual,CEMIC,Universidad de La Plata – Medicina,2023,Federico Álvarez,-34.920343,-57.951275
584714,Pedro,Acosta,pedro.acosta@yahoo.com.ar,011-1528-8368,+54 9 11 5305-6711,Traumatología,Av. Medrano,2023,Belgrano,Belgrano-Centro,2025-10-16,1961-12-12,Cocina,Católica,Anual,Hospital Austral,Universidad Austral – Medicina,2024,Valentina Pérez,-34.559244,-58.458631
497887,Leandro,Ortiz,leandro.ortiz@medicos.com.ar,011-5605-9827,+54 9 11 3758-6302,Infectología,Av. Belgrano,9483,La Plata,La Plata-Centro,2026-12-11,1992-03-25,Viajes,Evangélica,Mensual,Hospital Fernández,Universidad Austral – Medicina,2022,Federico Álvarez,-34.923327,-57.95042
383060,Florencia,Rojas,florencia.rojas@outlook.com,011-3329-5402,+54 9 11 7786-7146,Traumatología,Av. Rivadavia,1625,Villa Urquiza,Villa Urquiza-Centro,,1975-08-16,"Ciclismo, Running, Ajedrez",Judía,Digital,Hospital Británico,Universidad de Córdoba – Medicina,2009,Martín Rodríguez,-34.573971,-58.487502
771088,Carolina,Ramírez,carolina.ramirez@outlook.com,011-5399-6289,+54 9 11 5646-6533,Gastroenterología,Av. Independencia,8051,Recoleta,Recoleta-Norte,,1996-02-21,"Jardinería, Golf",Otra,Anual,Hospital de Clínicas,Universidad Austral – Medicina,2026,Martín Rodríguez,-34.584117,-58.389058
821590,Fernando,Romero,fernando.romero@hospital.org.ar,011-5945-3604,+54 9 11 5489-2529,Dermatología,Av. Libertador,1450,Núñez,Núñez-Centro,2026-11-09,1995-07-21,Cocina,Otra,Trimestral,Hospital Británico,Universidad del Salvador – Medicina,2023,Paula Acosta,-34.546282,-58.451962
684004,José,Romero,jose.romero@medicos.com.ar,011-4705-9510,+54 9 11 8291-1152,Neurología,Av. Triunvirato,5729,Palermo,Palermo-Norte,2026-05-04,1954-03-16,Natación,Evangélica,Trimestral,Hospital Británico,Universidad del Salvador – Medicina,1982,Matías Herrera,-34.576829,-58.420118
330283,Paula,Romero,paula.romero@outlook.com,011-3181-3340,+54 9 11 2120-9691,Infectología,Av. Gaona,2788,Palermo,Palermo-Norte,2026-01-03,1951-03-14,Lectura,No especifica,Anual,Hospital Británico,Universidad del Salvador – Medicina,2014,Sebastián Torres,-34.580599,-58.422776
817870,Nicolás,Ortiz,nicolas.ortiz@outlook.com,011-6152-3290,+54 9 11 5059-5537,Clínica Médica,Av. Cabildo,9166,Belgrano,Belgrano-Centro,2026-03-18,1954-01-28,"Cocina, Ajedrez, Yoga",Católica,Semestral,Sanatorio Otamendi,Universidad de Tucumán – Medicina,2020,Sebastián Torres,-34.56099,-58.453788
440035,Florencia,Ríos,florencia.rios@outlook.com,011-2847-4949,+54 9 11 9185-2163,Nutrición,Av. Directorio,5285,Palermo,Palermo-Norte,2026-05-08,1972-06-18,"Running, Golf, Cine",Judía,Trimestral,Hospital Británico,UBA – Facultad de Medicina,2017,Rocío Castro,-34.58368,-58.421392
983794,Carlos,Martínez,carlos.martinez@outlook.com,011-9300-5693,+54 9 11 9209-7806,Nutrición,Av. Triunvirato,6690,Microcentro,Microcentro-Este,2026-12-16,1989-05-03,"Natación, Ajedrez, Running",Evangélica,Mensual,Hospital Pirovano,Universidad Austral – Medicina,2017,Agustín Varela,-34.608176,-58.380634
905635,Carolina,Acosta,carolina.acosta@gmail.com,011-5005-2412,+54 9 11 8118-2900,Traumatología,Av. Gaona,1001,Villa Urquiza,Villa Urquiza-Centro,2026-05-10,1987-02-01,"Esquí, Cine, Fotografía",Evangélica,Mensual,Sanatorio Finochietto,Universidad de La Plata – Medicina,2015,Valentina Pérez,-34.574907,-58.487583
913694,Miguel,Herrera,miguel.herrera@hospital.org.ar,011-2934-1480,+54 9 11 6488-8034,Infectología,Av. Boedo,1146,Quilmes,Quilmes-Centro,2026-11-01,1994-08-15,Ciclismo,Judía,Semestral,Sanatorio Finochietto,Universidad de Tucumán – Medicina,2026,Lucía Fernández,-34.730371,-58.249249
158655,Martín,Pérez,martin.perez@medicos.com.ar,011-2889-4742,+54 9 11 9336-1042,Neurología,Av. Centenario,301,Palermo,Palermo-Sur,2026-11-18,1989-03-28,Pintura,Evangélica,Digital,Hospital Durand,Universidad de La Plata – Medicina,2013,Paula Acosta,-34.582554,-58.425282
340174,Julieta,García,julieta.garcia@medicos.com.ar,011-7108-2956,+54 9 11 9225-1862,Psiquiatría,Av. Cabildo,8550,Caballito,Caballito-Centro,2026-01-02,1969-05-25,Ciclismo,Judía,Semestral,CEMIC,Universidad de Córdoba – Medicina,2012,Carlos Gómez,-34.613186,-58.437459
961722,Andrés,Navarro,andres.navarro@yahoo.com.ar,011-4974-8600,+54 9 11 7033-9083,Gastroenterología,Av. Monroe,9054,San Isidro,San Isidro-Centro,2026-05-09,1972-01-08,"Ajedrez, Yoga, Lectura",Judía,Semestral,Hospital Santojanni,UBA – Facultad de Medicina,2013,Martín Rodríguez,-34.469395,-58.530549
133659,Celeste,Acosta,celeste.acosta@outlook.com,011-9061-1981,+54 9 11 3332-5584,Traumatología,Av. Corrientes,3892,Belgrano,Belgrano-Centro,,1975-08-24,"Ajedrez, Running, Tenis",Otra,Digital,Sanatorio Otamendi,Universidad Austral – Medicina,2001,Ana Martínez,-34.558027,-58.455802
944151,Miguel,Acosta,miguel.acosta@yahoo.com.ar,011-5276-6161,+54 9 11 7438-6345,Dermatología,Av. Medrano,4555,Flores,Flores-Norte,,1961-02-05,"Lectura, Ciclismo",Judía,Trimestral,Sanatorio Güemes,Universidad de La Plata – Medicina,1991,Gonzalo Medina,-34.630664,-58.458564
430776,Matías,Castro,matias.castro@outlook.com,011-5341-2964,+54 9 11 2481-3582,Endocrinología,Av. Del Libertador,9984,La Plata,La Plata-Centro,,1989-02-23,"Yoga, Cine, Fotografía",Católica,Semestral,Sanatorio Otamendi,UBA – Facultad de Medicina,2016,Matías Herrera,-34.925597,-57.950641
520651,Agustina,Cabrera,agustina.cabrera@medicos.com.ar,011-5093-2551,+54 9 11 8570-2669,Ginecología,Av. Callao,295,Recoleta,Recoleta-Norte,2025-10-01,1990-04-27,"Running, Golf",Católica,Semestral,Fundación Favaloro,Universidad de Tucumán – Medicina,2020,Carlos Gómez,-34.591383,-58.39019
380746,Fernando,Cabrera,fernando.cabrera@hotmail.com,011-2506-6432,+54 9 11 3007-1699,Traumatología,Av. Corrientes,2852,Villa Urquiza,Villa Urquiza-Centro,2025-12-07,1973-08-01,Cine,Evangélica,Anual,Hospital Gutiérrez,Universidad Favaloro – Medicina,2009,Valentina Pérez,-34.568759,-58.490668
169403,Matías,Torres,matias.torres@gmail.com,011-5026-5835,+54 9 11 9173-7750,Ginecología,Av. Corrientes,1537,Devoto,Devoto-Centro,,1957-09-08,"Vela, Pesca",Evangélica,Digital,Hospital Garrahan,Universidad de La Plata – Medicina,2021,Martín Rodríguez,-34.601202,-58.517628
321231,Leandro,Sosa,leandro.sosa@yahoo.com.ar,011-7363-5430,+54 9 11 3946-1427,Clínica Médica,Av. Gaona,3688,Flores,Flores-Norte,,1995-08-17,Música,Evangélica,Digital,Hospital Rivadavia,Universidad del Salvador – Medicina,2024,Camila Ruiz,-34.632707,-58.459893
694731,Facundo,Martínez,facundo.martinez@hotmail.com,011-7363-6813,+54 9 11 3846-3885,Nutrición,Av. Independencia,5310,Vicente López,Vicente López-Centro,2026-11-01,1997-12-23,"Vela, Yoga",Judía,Digital,Fundación Favaloro,Universidad Favaloro – Medicina,2023,Diego López,-34.523938,-58.479024
852787,Natalia,López,natalia.lopez@gmail.com,011-1920-4811,+54 9 11 4584-1326,Dermatología,Av. Santa Fe,5535,Devoto,Devoto-Centro,2026-12-17,1977-12-06,"Viajes, Lectura, Ciclismo",Católica,Semestral,Hospital Italiano,Universidad Austral – Medicina,2026,Lucía Fernández,-34.594821,-58.516985
429963,Daniela,Rojas,daniela.rojas@medicos.com.ar,011-2655-6514,+54 9 11 5944-6285,Infectología,Av. Pueyrredón,7257,Recoleta,Recoleta-Norte,2026-11-04,1978-03-23,Ajedrez,Evangélica,Digital,Hospital Durand,Universidad de Tucumán – Medicina,2019,Florencia Sánchez,-34.584082,-58.388393
322955,Andrés,Romero,andres.romero@hotmail.com,011-1029-7415,+54 9 11 1530-3983,Urología,Av. Hipólito Yrigoyen,3719,Flores,Flores-Norte,2026-08-03,1989-06-24,"Running, Natación, Jardinería",Católica,Trimestral,Hospital Santojanni,Universidad Austral – Medicina,2014,Florencia Sánchez,-34.626604,-58.466959
787277,Martín,Ramírez,martin.ramirez@hotmail.com,011-2110-6742,+54 9 11 5205-2770,Dermatología,Av. Corrientes,6423,Palermo,Palermo-Norte,2026-05-07,1972-08-13,"Música, Fotografía, Jardinería",Católica,Digital,Hospital de Clínicas,Universidad de Córdoba – Medicina,2007,Matías Herrera,-34.580618,-58.425803
623481,Carlos,Suárez,carlos.suarez@gmail.com,011-6221-5278,+54 9 11 2715-2215,Psiquiatría,Av. Pueyrredón,6251,Flores,Flores-Norte,2026-12-13,1977-10-20,"Fotografía, Tenis",Católica,Mensual,Hospital Rivadavia,Universidad de Tucumán – Medicina,2016,Paula Acosta,-34.631391,-58.46725
514850,Romina,Ramírez,romina.ramirez@hotmail.com,011-7705-9849,+54 9 11 5346-5612,Urología,Av. Cabildo,1671,La Plata,La Plata-Centro,,1989-01-12,"Cocina, Lectura",Católica,Anual,Hospital Ramos Mejía,Universidad de Tucumán – Medicina,2013,Carlos Gómez,-34.925504,-57.953282
774079,Camila,Díaz,camila.diaz@hospital.org.ar,011-5781-2342,+54 9 11 8758-2892,Clínica Médica,Av. Maipú,6612,La Plata,La Plata-Centro,2026-11-13,1993-11-18,Jardinería,Católica,Trimestral,Hospital Garrahan,Universidad de La Plata – Medicina,2023,Florencia Sánchez,-34.921291,-57.950051
581141,Martín,Cabrera,martin.cabrera@outlook.com,011-5315-4706,+54 9 11 5400-2009,Pediatría,Av. Congreso,1684,Recoleta,Recoleta-Norte,,1972-10-08,"Pesca, Música, Vela",Evangélica,Mensual,Sanatorio Otamendi,Universidad de Rosario – Medicina,2013,Matías Herrera,-34.591143,-58.394562
249811,Laura,Rojas,laura.rojas@hospital.org.ar,011-1568-9226,+54 9 11 9467-3415,Ginecología,Av. Congreso,7457,Belgrano,Belgrano-R,,1986-03-02,"Cine, Natación, Running",Católica,Mensual,Hospital Pirovano,Universidad Austral – Medicina,2023,Paula Acosta,-34.565271,-58.451156
377746,Nicolás,Domínguez,nicolas.dominguez@outlook.com,011-6343-5525,+54 9 11 9514-8506,Neurología,Av. Maipú,9726,Palermo,Palermo-Norte,2026-05-08,1989-03-19,Yoga,No especifica,Digital,Hospital de Clínicas,Universidad de Tucumán – Medicina,2022,Ana Martínez,-34.579774,-58.425804
246413,Alejandro,Molina,alejandro.molina@yahoo.com.ar,011-7275-8955,+54 9 11 8750-1613,Traumatología,Av. Libertador,6702,Caballito,Caballito-Centro,2026-11-12,1973-01-13,"Ciclismo, Golf",Evangélica,Semestral,Hospital Alemán,Universidad de Córdoba – Medicina,2025,Camila Ruiz,-34.621561,-58.440913
358607,Paula,Castro,paula.castro@yahoo.com.ar,011-9054-2609,+54 9 11 4734-3201,Traumatología,Av. Monroe,7359,La Plata,La Plata-Centro,2026-05-05,1972-10-21,"Pesca, Esquí, Ciclismo",Católica,Trimestral,Hospital Pirovano,Universidad de Rosario – Medicina,1998,Gonzalo Medina,-34.91826,-57.955791
881177,Hernán,Díaz,hernan.diaz@gmail.com,011-6097-9303,+54 9 11 7609-3222,Gastroenterología,Av. Pueyrredón,3258,Palermo,Palermo-Norte,2026-02-04,1983-01-15,"Esquí, Ajedrez",Católica,Semestral,Hospital Argerich,Universidad de La Plata – Medicina,2008,Sebastián Torres,-34.576248,-58.427993
688637,María,Acosta,maria.acosta@yahoo.com.ar,011-9008-8308,+54 9 11 3909-8775,Traumatología,Av. Directorio,2779,Núñez,Núñez-Centro,,1993-05-01,Música,Judía,Mensual,Fundación Favaloro,Universidad Favaloro – Medicina,2023,Valentina Pérez,-34.541623,-58.458413
665158,Julieta,Molina,julieta.molina@medicos.com.ar,011-1328-1145,+54 9 11 8767-3167,Clínica Médica,Av. Gaona,238,Caballito,Caballito-Centro,2026-11-03,1953-12-21,"Cocina, Jardinería",Evangélica,Anual,Hospital Gutiérrez,Universidad de Córdoba – Medicina,1994,Matías Herrera,-34.620762,-58.440917
375504,Celeste,Ledesma,celeste.ledesma@outlook.com,011-2676-1120,+54 9 11 9380-7131,Clínica Médica,Av. Belgrano,1871,La Plata,La Plata-Centro,,1958-06-28,"Música, Tenis, Ajedrez",Evangélica,Semestral,Hospital Pirovano,Universidad Austral – Medicina,1999,Julieta Romero,-34.921183,-57.955637
883300,Miguel,Rodríguez,miguel.rodriguez@hospital.org.ar,011-9148-5843,+54 9 11 5250-7857,Ginecología,Av. Juan B. Justo,678,Almagro,Almagro-Centro,2026-03-03,1977-12-23,"Fotografía, Vela",Evangélica,Digital,Hospital Gutiérrez,Universidad Maimónides – Medicina,2008,Rocío Castro,-34.60817,-58.415052
712982,Pedro,Peralta,pedro.peralta@hotmail.com,011-5237-3999,+54 9 11 6499-2463,Endocrinología,Av. Directorio,3759,Vicente López,Vicente López-Centro,2026-09-04,1975-05-19,"Running, Pesca, Cocina",No especifica,Anual,Sanatorio Finochietto,UBA – Facultad de Medicina,2008,Ana Martínez,-34.524558,-58.482929
549245,Lucía,Gutiérrez,lucia.gutierrez@medicos.com.ar,011-5888-7768,+54 9 11 1885-3470,Urología,Av. Las Heras,5714,Recoleta,Recoleta-Norte,,1989-06-28,"Fotografía, Natación, Tenis",Católica,Trimestral,Sanatorio Finochietto,Universidad de La Plata – Medicina,2024,Carlos Gómez,-34.587908,-58.392306
711878,Matías,Herrera,matias.herrera@hotmail.com,011-3762-3595,+54 9 11 9021-2442,Urología,Av. Gaona,7205,Recoleta,Recoleta-Norte,2026-10-14,1974-01-02,"Cocina, Golf, Esquí",Judía,Trimestral,Hospital Italiano,Universidad de La Plata – Medicina,2015,Florencia Sánchez,-34.585665,-58.393966
518801,Diego,Ortiz,diego.ortiz@yahoo.com.ar,011-3112-2682,+54 9 11 7284-9246,Clínica Médica,Av. Pueyrredón,1169,La Plata,La Plata-Centro,,1969-12-17,"Ciclismo, Cocina",Judía,Semestral,Hospital Fernández,Universidad de La Plata – Medicina,2026,Paula Acosta,-34.917762,-57.956018
479580,Agustina,Rodríguez,agustina.rodriguez@hotmail.com,011-4675-3149,+54 9 11 4460-1359,Neurología,Av. Callao,6106,Caballito,Caballito-Centro,2025-12-28,1958-05-25,"Lectura, Golf, Tenis",Católica,Digital,Hospital Austral,UBA – Facultad de Medicina,2016,Lucía Fernández,-34.615889,-58.439079
329974,Sebastián,Cabrera,sebastian.cabrera@outlook.com,011-3024-9966,+54 9 11 5140-8772,Infectología,Av. Las Heras,252,Recoleta,Recoleta-Norte,2026-05-05,1965-05-20,Yoga,Católica,Anual,Sanatorio Otamendi,Universidad de Tucumán – Medicina,1997,Ana Martínez,-34.588989,-58.391383
245051,Pedro,Ríos,pedro.rios@hotmail.com,011-4272-5308,+54 9 11 9571-4304,Urología,Av. Triunvirato,6813,Núñez,Núñez-Centro,2026-09-07,1985-12-16,Pesca,Judía,Trimestral,Hospital Italiano,Universidad del Salvador – Medicina,2019,Martín Rodríguez,-34.547046,-58.460606
634277,Laura,Sosa,laura.sosa@gmail.com,011-2659-5192,+54 9 11 4787-8483,Gastroenterología,Av. Libertador,7706,La Plata,La Plata-Centro,2026-06-06,1980-06-26,Golf,Judía,Semestral,Hospital de Clínicas,Universidad del Salvador – Medicina,2025,Paula Acosta,-34.925499,-57.950868
617488,Roberto,Varela,roberto.varela@yahoo.com.ar,011-8171-5395,+54 9 11 2522-7105,Clínica Médica,Av. Pueyrredón,1965,Flores,Flores-Norte,,1974-12-28,"Tenis, Fotografía, Lectura",Otra,Anual,Hospital de Clínicas,Universidad Austral – Medicina,2013,Valentina Pérez,-34.628992,-58.458377
195325,Belén,Peralta,belen.peralta@medicos.com.ar,011-8178-3969,+54 9 11 7221-6875,Neurología,Av. Centenario,2240,Palermo,Palermo-Norte,,1970-01-03,"Música, Natación, Lectura",Otra,Semestral,Sanatorio Otamendi,Universidad de Tucumán – Medicina,2010,Martín Rodríguez,-34.580169,-58.425119
892495,Florencia,Peralta,florencia.peralta@yahoo.com.ar,011-7305-3435,+54 9 11 1894-1190,Psiquiatría,Av. Boedo,7788,Caballito,Caballito-Centro,,1967-06-08,"Ajedrez, Vela, Música",Católica,Semestral,Sanatorio Otamendi,Universidad Favaloro – Medicina,2012,Lucía Fernández,-34.614481,-58.438306
149405,Rocío,Cabrera,rocio.cabrera@medicos.com.ar,011-8341-2442,+54 9 11 9166-8324,Neurología,Av. Callao,8248,Flores,Flores-Norte,,1972-01-18,"Yoga, Esquí, Cocina",Otra,Mensual,Hospital Austral,Universidad de Tucumán – Medicina,2013,Carlos Gómez,-34.625548,-58.467822
214975,Romina,Silva,romina.silva@gmail.com,011-4652-8445,+54 9 11 6439-8751,Ginecología,Av. Triunvirato,7514,Núñez,Núñez-Centro,2026-12-21,1998-06-12,Fotografía,Otra,Digital,Hospital Gutiérrez,Universidad del Salvador – Medicina,2024,Agustín Varela,-34.54886,-58.453407
260265,Miguel,Molina,miguel.molina@gmail.com,011-5166-4209,+54 9 11 4072-2978,Endocrinología,Av. Las Heras,7588,Almagro,Almagro-Centro,2026-05-18,1992-07-02,"Esquí, Viajes, Pesca",Católica,Digital,Sanatorio Güemes,Universidad de Córdoba – Medicina,2026,Ana Martínez,-34.605754,-58.423094
757924,Celeste,Martínez,celeste.martinez@medicos.com.ar,011-8091-8912,+54 9 11 9328-3903,Nutrición,Av. Monroe,2203,Caballito,Caballito-Centro,2026-09-10,1978-09-13,"Yoga, Jardinería",Judía,Digital,Hospital Argerich,Universidad de Rosario – Medicina,2015,Camila Ruiz,-34.621964,-58.440425
267753,Miguel,Molina,miguel.molina@medicos.com.ar,011-9393-5897,+54 9 11 9975-6143,Endocrinología,Av. Las Heras,3535,San Isidro,San Isidro-Centro,2026-05-01,1955-03-23,"Lectura, Ciclismo, Pesca",No especifica,Trimestral,CEMIC,Universidad de La Plata – Medicina,2020,Agustín Varela,-34.470758,-58.530094
930555,Leandro,Molina,leandro.molina@hospital.org.ar,011-9747-5684,+54 9 11 7920-1209,Ginecología,Av. Santa Fe,6340,Belgrano,Belgrano-R,,1981-03-10,Vela,Católica,Semestral,Hospital Alemán,Hospital Italiano – Instituto Universitario,2026,Diego López,-34.565547,-58.454297
813536,Alejandro,Cabrera,alejandro.cabrera@gmail.com,011-4675-7371,+54 9 11 4892-9370,Infectología,Av. Triunvirato,869,La Plata,La Plata-Centro,2026-12-28,1978-09-02,Ciclismo,No especifica,Semestral,Hospital Austral,Universidad de Córdoba – Medicina,2002,Sebastián Torres,-34.916735,-57.955124
542666,Facundo,Bustos,facundo.bustos@hotmail.com,011-4170-5819,+54 9 11 8353-3906,Gastroenterología,Av. Pueyrredón,2947,Belgrano,Belgrano-Centro,2026-10-28,1971-05-18,Natación,Otra,Trimestral,Fundación Favaloro,Hospital Italiano – Instituto Universitario,2011,Valentina Pérez,-34.559649,-58.459806
725380,Sofía,López,sofia.lopez@hotmail.com,011-6285-1833,+54 9 11 5934-9037,Pediatría,Av. Rivadavia,5307,Núñez,Núñez-Centro,2026-12-22,1994-09-06,"Música, Cocina",Evangélica,Digital,Hospital Garrahan,Universidad del Salvador – Medicina,2024,Daniela Morales,-34.544746,-58.45143
166613,Romina,Silva,romina.silva@yahoo.com.ar,011-4579-9691,+54 9 11 8780-1144,Nutrición,Av. Segurola,5768,Belgrano,Belgrano-R,2026-12-06,1959-04-02,"Vela, Yoga",Católica,Semestral,Hospital de Clínicas,Universidad de Rosario – Medicina,2026,Matías Herrera,-34.562543,-58.451955
503457,Celeste,Silva,celeste.silva@medicos.com.ar,011-9335-8300,+54 9 11 8975-1718,Psiquiatría,Av. Mitre,3254,La Plata,La Plata-Centro,,1988-09-18,Cocina,No especifica,Mensual,Hospital Pirovano,Universidad de Rosario – Medicina,2012,Sebastián Torres,-34.922797,-57.958177
500156,Carolina,García,carolina.garcia@hospital.org.ar,011-3519-1389,+54 9 11 8523-6434,Pediatría,Av. Rivadavia,1300,Palermo,Palermo-Sur,2026-09-04,1994-10-27,"Ajedrez, Pintura, Natación",Católica,Semestral,Hospital Garrahan,Universidad de Córdoba – Medicina,2021,Paula Acosta,-34.584457,-58.422058
724834,Nicolás,Sánchez,nicolas.sanchez@medicos.com.ar,011-1096-2036,+54 9 11 1745-2189,Clínica Médica,Av. Hipólito Yrigoyen,8338,Núñez,Núñez-Centro,2026-09-12,1960-02-10,Vela,Judía,Anual,Hospital Italiano,Universidad de Córdoba – Medicina,2012,Matías Herrera,-34.548939,-58.453131
590785,Miguel,Rojas,miguel.rojas@medicos.com.ar,011-5832-3360,+54 9 11 5883-7113,Nutrición,Av. La Plata,9194,Palermo,Palermo-Norte,2026-04-21,1960-07-18,Pintura,No especifica,Mensual,Hospital Pirovano,Universidad de La Plata – Medicina,2019,Julieta Romero,-34.583586,-58.429582
654816,Sofía,Díaz,sofia.diaz@hotmail.com,011-4617-5140,+54 9 11 4183-2877,Pediatría,Av. Segurola,9394,Caballito,Caballito-Centro,,1969-11-18,Pesca,Evangélica,Semestral,Hospital Argerich,Universidad del Salvador – Medicina,1997,Carlos Gómez,-34.614477,-58.438486
363626,Alejandro,Romero,alejandro.romero@hospital.org.ar,011-4842-2639,+54 9 11 5671-2143,Clínica Médica,Av. San Martín,8060,San Isidro,San Isidro-Centro,,1954-10-05,Golf,Evangélica,Digital,Hospital Santojanni,Universidad de Rosario – Medicina,2014,Florencia Sánchez,-34.472494,-58.526837
680099,Florencia,Flores,florencia.flores@hospital.org.ar,011-8145-5533,+54 9 11 6889-3200,Clínica Médica,Av. Mitre,7963,Flores,Flores-Norte,2026-12-15,1967-09-04,"Cocina, Cine, Running",Católica,Digital,Hospital Argerich,Universidad Austral – Medicina,2002,Carlos Gómez,-34.628372,-58.464413
112038,María,Sosa,maria.sosa@hospital.org.ar,011-1511-7637,+54 9 11 4485-1600,Endocrinología,Av. La Plata,8942,Quilmes,Quilmes-Centro,,1973-04-25,"Running, Ajedrez, Ciclismo",No especifica,Semestral,Sanatorio Güemes,Universidad Maimónides – Medicina,2015,Diego López,-34.728279,-58.251248
813328,Juan,Acosta,juan.acosta@medicos.com.ar,011-3717-9423,+54 9 11 3299-8310,Dermatología,Av. Pueyrredón,9379,Caballito,Caballito-Centro,2026-09-16,1951-12-16,Cine,Evangélica,Mensual,Sanatorio Finochietto,Universidad Favaloro – Medicina,1997,Camila Ruiz,-34.613513,-58.440406
855731,Diego,López,diego.lopez@hospital.org.ar,011-4387-9485,+54 9 11 6918-7358,Infectología,Av. Hipólito Yrigoyen,7548,Devoto,Devoto-Centro,2026-08-08,1978-02-23,"Fotografía, Ajedrez, Esquí",Evangélica,Semestral,Fundación Favaloro,Universidad Maimónides – Medicina,2018,Federico Álvarez,-34.595184,-58.518601
220116,Belén,García,belen.garcia@medicos.com.ar,011-5121-7165,+54 9 11 4651-9460,Nutrición,Av. Directorio,5753,Almagro,Almagro-Centro,2026-05-12,1998-09-05,"Cine, Cocina, Viajes",Judía,Trimestral,Hospital Británico,Universidad Maimónides – Medicina,2025,Camila Ruiz,-34.609131,-58.420179
814825,Roberto,Silva,roberto.silva@medicos.com.ar,011-2938-4773,+54 9 11 7793-6410,Infectología,Av. Acoyte,7944,Belgrano,Belgrano-R,2026-11-27,1972-01-08,Viajes,Católica,Trimestral,Hospital Fernández,Universidad Maimónides – Medicina,1997,Valentina Pérez,-34.56221,-58.455092
663054,Roberto,Medina,roberto.medina@hotmail.com,011-9464-7642,+54 9 11 1305-5644,Urología,Av. Las Heras,7459,Belgrano,Belgrano-Centro,2026-12-20,1988-04-27,"Esquí, Cine, Fotografía",Evangélica,Digital,Fundación Favaloro,Universidad Austral – Medicina,2018,Diego López,-34.560935,-58.456286
887352,Rocío,Bustos,rocio.bustos@medicos.com.ar,011-2127-4765,+54 9 11 7196-7315,Pediatría,Av. Callao,371,Recoleta,Recoleta-Norte,,1955-07-27,"Tenis, Esquí, Lectura",Católica,Digital,Hospital Rivadavia,Universidad de Córdoba – Medicina,1988,Ana Martínez,-34.589977,-58.389404
379786,Gustavo,Romero,gustavo.romero@medicos.com.ar,011-9835-1019,+54 9 11 8069-9553,Urología,Av. Directorio,811,Microcentro,Microcentro-Este,,1974-06-19,"Pesca, Música",Católica,Digital,Hospital Posadas,Universidad Austral – Medicina,2023,Ana Martínez,-34.602024,-58.38171
905934,Andrés,Bustos,andres.bustos@medicos.com.ar,011-7695-5223,+54 9 11 4096-1089,Infectología,Av. Independencia,8661,Palermo,Palermo-Norte,2026-04-09,1985-12-26,"Cine, Vela",No especifica,Anual,Hospital de Clínicas,Universidad Austral – Medicina,2019,Florencia Sánchez,-34.583822,-58.429928
772097,Carolina,Navarro,carolina.navarro@yahoo.com.ar,011-5514-7511,+54 9 11 4337-7770,Clínica Médica,Av. Pueyrredón,6165,Devoto,Devoto-Centro,2026-09-18,1962-06-25,"Fotografía, Lectura, Cocina",No especifica,Trimestral,Hospital Durand,Universidad de Córdoba – Medicina,2011,Ana Martínez,-34.598409,-58.514162
456699,Agustina,Varela,agustina.varela@medicos.com.ar,011-1852-3633,+54 9 11 7375-1086,Psiquiatría,Av. Del Libertador,2481,Belgrano,Belgrano-Centro,,1994-05-08,"Esquí, Yoga, Tenis",Judía,Mensual,Hospital Garrahan,Universidad de Rosario – Medicina,2023,Lucía Fernández,-34.562283,-58.454998
216970,Natalia,Cabrera,natalia.cabrera2@gmail.com,011-4304-9489,+54 9 11 5685-4190,Nutrición,Av. Maipú,9922,Palermo,Palermo-Sur,2026-12-23,1988-11-02,"Ajedrez, Ciclismo",Otra,Trimestral,Hospital Rivadavia,Universidad del Salvador – Medicina,2017,Martín Rodríguez,-34.579895,-58.423016
407757,Agustina,Córdoba,agustina.cordoba@hotmail.com,011-9482-1251,+54 9 11 2124-2477,Clínica Médica,Av. Monroe,9260,La Plata,La Plata-Centro,,1984-10-07,"Esquí, Lectura",No especifica,Anual,Hospital Argerich,Universidad Austral – Medicina,2022,Martín Rodríguez,-34.91685,-57.955519
555884,José,Sosa,jose.sosa@yahoo.com.ar,011-6570-2917,+54 9 11 9409-5222,Ginecología,Av. Triunvirato,7354,Quilmes,Quilmes-Centro,2026-11-14,1977-08-22,"Running, Ajedrez",Judía,Digital,Sanatorio Finochietto,Universidad del Salvador – Medicina,2015,Martín Rodríguez,-34.723339,-58.253368
265840,Diego,Morales,diego.morales@outlook.com,011-6785-9462,+54 9 11 9776-1159,Endocrinología,Av. Cabildo,4806,Quilmes,Quilmes-Centro,2025-12-05,1994-09-06,"Fotografía, Cocina",Otra,Semestral,Hospital Pirovano,Universidad de Tucumán – Medicina,2025,Florencia Sánchez,-34.73207,-58.252263
575763,Fernando,Acosta,fernando.acosta@hospital.org.ar,011-4965-5348,+54 9 11 4387-4755,Psiquiatría,Av. Del Libertador,4191,San Isidro,San Isidro-Centro,,1991-02-22,"Ciclismo, Natación",Otra,Anual,CEMIC,UBA – Facultad de Medicina,2025,Martín Rodríguez,-34.468637,-58.52944
103402,Leandro,Herrera,leandro.herrera@outlook.com,011-3996-9374,+54 9 11 5591-7518,Neurología,Av. Congreso,9548,Vicente López,Vicente López-Centro,2026-06-07,1968-09-02,Esquí,Otra,Semestral,Hospital Rivadavia,Universidad de Córdoba – Medicina,2024,Matías Herrera,-34.530718,-58.480743
857168,Gabriel,González,gabriel.gonzalez@gmail.com,011-4452-7216,+54 9 11 2650-6331,Clínica Médica,Av. Gaona,4354,Núñez,Núñez-Centro,,1968-10-11,"Ciclismo, Vela",Otra,Trimestral,Hospital Posadas,Universidad Favaloro – Medicina,2015,Rocío Castro,-34.548128,-58.458372
854639,Julieta,Cabrera,julieta.cabrera@hotmail.com,011-3148-4744,+54 9 11 2636-5422,Traumatología,Av. La Plata,7181,Vicente López,Vicente López-Centro,2026-10-25,1989-08-26,"Esquí, Natación, Pesca",Evangélica,Trimestral,Sanatorio Finochietto,Universidad Austral – Medicina,2013,Paula Acosta,-34.523437,-58.484039
376183,Martín,Domínguez,martin.dominguez@medicos.com.ar,011-1781-7527,+54 9 11 2621-3676,Urología,Av. Las Heras,4266,Palermo,Palermo-Sur,,1951-06-09,"Golf, Pintura",Católica,Semestral,CEMIC,Hospital Italiano – Instituto Universitario,1998,Daniela Morales,-34.580235,-58.423701
624902,Alejandro,Bustos,alejandro.bustos@hotmail.com,011-9821-3859,+54 9 11 5663-6818,Psiquiatría,Av. Segurola,8463,Flores,Flores-Norte,2026-11-03,1974-10-10,"Ajedrez, Running, Esquí",Judía,Trimestral,Hospital Santojanni,Universidad de Rosario – Medicina,2012,Valentina Pérez,-34.628125,-58.460635
898975,Romina,Flores,romina.flores@yahoo.com.ar,011-6191-5773,+54 9 11 5382-7479,Traumatología,Av. Mitre,7389,Quilmes,Quilmes-Centro,2026-04-12,1961-09-15,"Música, Cine, Running",Judía,Trimestral,Hospital Italiano,Universidad Austral – Medicina,2011,Valentina Pérez,-34.72519,-58.249612
287330,Roberto,Rojas,roberto.rojas@gmail.com,011-2565-2045,+54 9 11 8752-9985,Psiquiatría,Av. Santa Fe,6604,Palermo,Palermo-Sur,2025-11-15,1982-10-05,"Yoga, Jardinería, Viajes",Judía,Anual,Hospital Durand,Universidad Favaloro – Medicina,2008,Julieta Romero,-34.57976,-58.42004
632342,Celeste,Díaz,celeste.diaz@gmail.com,011-1575-6846,+54 9 11 6328-8801,Dermatología,Av. Centenario,8956,Villa Urquiza,Villa Urquiza-Centro,2026-05-04,1954-09-06,"Vela, Yoga, Ciclismo",Otra,Digital,Fundación Favaloro,Universidad de Rosario – Medicina,2015,Gonzalo Medina,-34.568651,-58.489515
211579,Facundo,Flores,facundo.flores@gmail.com,011-8239-6044,+54 9 11 6992-7753,Dermatología,Av. Córdoba,5073,Quilmes,Quilmes-Centro,2026-12-10,1976-05-16,Pintura,Evangélica,Mensual,Sanatorio Finochietto,Hospital Italiano – Instituto Universitario,2017,Rocío Castro,-34.732894,-58.253767
755674,Ignacio,Flores,ignacio.flores@gmail.com,011-9981-7121,+54 9 11 4089-7745,Neurología,Av. Juan B. Justo,4194,Microcentro,Microcentro-Este,,1974-04-09,"Cine, Yoga, Vela",Otra,Anual,Sanatorio Otamendi,Universidad de Tucumán – Medicina,2000,Camila Ruiz,-34.607367,-58.378629
412942,Fernando,García,fernando.garcia@hotmail.com,011-3238-5744,+54 9 11 2808-8460,Gastroenterología,Av. Libertador,8160,Villa Urquiza,Villa Urquiza-Centro,2025-11-15,1964-01-06,"Golf, Música, Running",Judía,Semestral,Hospital Fernández,Universidad de Córdoba – Medicina,1994,Federico Álvarez,-34.576122,-58.494806
982554,Juan,Ríos,juan.rios@hotmail.com,011-6601-7885,+54 9 11 6104-9165,Dermatología,Av. Medrano,619,Núñez,Núñez-Centro,2026-11-17,1995-05-25,Cine,Otra,Mensual,Sanatorio Finochietto,Universidad Austral – Medicina,2025,Daniela Morales,-34.546698,-58.452565
769987,Juan,Sánchez,juan.sanchez@hospital.org.ar,011-5078-7304,+54 9 11 8257-5049,Infectología,Av. Las Heras,7650,Palermo,Palermo-Sur,2026-08-25,1985-08-13,"Lectura, Cine, Pesca",Evangélica,Semestral,Hospital Alemán,Universidad Maimónides – Medicina,2018,Valentina Pérez,-34.577647,-58.42906
632323,Fernando,Silva,fernando.silva@gmail.com,011-4568-2850,+54 9 11 4866-8113,Neurología,Av. Santa Fe,2842,Flores,Flores-Norte,2026-06-22,1983-01-02,Fotografía,Otra,Anual,Hospital Gutiérrez,Universidad del Salvador – Medicina,2025,Diego López,-34.625056,-58.462153
738551,Laura,Ledesma,laura.ledesma@yahoo.com.ar,011-1983-1979,+54 9 11 6824-3521,Infectología,Av. Córdoba,8092,Belgrano,Belgrano-R,2026-11-01,1976-08-24,"Tenis, Pesca",Otra,Mensual,Hospital Gutiérrez,Universidad Austral – Medicina,2006,Matías Herrera,-34.564673,-58.451183
308573,Milagros,Suárez,milagros.suarez@medicos.com.ar,011-9029-4109,+54 9 11 4057-9906,Pediatría,Av. San Martín,7774,Núñez,Núñez-Centro,2026-10-26,1988-02-17,"Jardinería, Golf",No especifica,Anual,Hospital Argerich,Universidad Maimónides – Medicina,2014,Julieta Romero,-34.547247,-58.452687
260263,Nicolás,Álvarez,nicolas.alvarez@gmail.com,011-6965-4912,+54 9 11 6254-2037,Dermatología,Av. Las Heras,8686,Almagro,Almagro-Centro,2026-03-09,1959-05-11,"Running, Tenis, Viajes",Judía,Semestral,Hospital de Clínicas,Universidad Maimónides – Medicina,2009,Ana Martínez,-34.607168,-58.417343
492077,Carlos,Ruiz,carlos.ruiz@gmail.com,011-8952-4139,+54 9 11 2617-1521,Clínica Médica,Av. Segurola,8126,Almagro,Almagro-Centro,,1995-06-08,"Tenis, Ciclismo",No especifica,Mensual,Sanatorio Finochietto,Universidad del Salvador – Medicina,2020,Sebastián Torres,-34.608742,-58.417987
899550,Sebastián,Silva,sebastian.silva@hospital.org.ar,011-1955-5355,+54 9 11 9667-1666,Pediatría,Av. Del Libertador,5079,Belgrano,Belgrano-Centro,2026-11-13,1992-02-24,"Música, Fotografía, Pintura",Católica,Digital,Hospital Pirovano,Universidad Favaloro – Medicina,2019,Matías Herrera,-34.566221,-58.458841
269396,Leandro,Ortiz,leandro.ortiz@hospital.org.ar,011-8515-7997,+54 9 11 2705-3733,Pediatría,Av. La Plata,6679,Caballito,Caballito-Centro,2026-12-27,1960-08-12,"Pintura, Natación, Música",No especifica,Digital,Hospital Gutiérrez,Universidad de Rosario – Medicina,2004,Nicolás Díaz,-34.617953,-58.440425
665579,Facundo,Ramírez,facundo.ramirez@outlook.com,011-5162-6898,+54 9 11 8412-8331,Pediatría,Av. Santa Fe,667,Almagro,Almagro-Centro,2026-05-13,1990-05-01,"Cine, Esquí, Viajes",Católica,Trimestral,Hospital Santojanni,UBA – Facultad de Medicina,2018,Sebastián Torres,-34.60417,-58.419042
916449,Carlos,Figueroa,carlos.figueroa@yahoo.com.ar,011-3557-3267,+54 9 11 5341-7014,Neurología,Av. Cabildo,4298,Vicente López,Vicente López-Centro,2026-08-25,1962-04-24,"Lectura, Yoga, Tenis",No especifica,Semestral,Hospital Rivadavia,Universidad de Córdoba – Medicina,1990,Rocío Castro,-34.523889,-58.485081
656116,Nicolás,Fernández,nicolas.fernandez@gmail.com,011-6478-6700,+54 9 11 8115-7824,Gastroenterología,Av. Centenario,3814,Belgrano,Belgrano-R,2026-10-25,1958-11-13,"Viajes, Natación, Música",Judía,Semestral,Hospital Alemán,Universidad de La Plata – Medicina,1985,Agustín Varela,-34.559523,-58.452505
100599,Ana,Rojas,ana.rojas@outlook.com,011-9269-2475,+54 9 11 4638-8076,Urología,Av. Maipú,6560,La Plata,La Plata-Centro,2025-01-25,1962-12-02,"Pintura, Viajes, Esquí",Otra,Anual,Hospital Británico,Universidad de Rosario – Medicina,2021,Federico Álvarez,-34.92452,-57.955638
728038,Milagros,Ruiz,milagros.ruiz@outlook.com,011-7476-4212,+54 9 11 9589-5034,Nutrición,Av. Rivadavia,4462,Vicente López,Vicente López-Centro,2026-11-06,1993-02-22,"Ciclismo, Golf",Evangélica,Anual,Hospital Gutiérrez,Universidad Favaloro – Medicina,2023,Florencia Sánchez,-34.524232,-58.482766
439902,Roberto,Ortiz,roberto.ortiz@medicos.com.ar,011-8245-3389,+54 9 11 8216-1735,Psiquiatría,Av. Las Heras,6224,Vicente López,Vicente López-Centro,2026-09-16,1991-12-02,"Lectura, Yoga",Otra,Digital,Hospital Ramos Mejía,UBA – Facultad de Medicina,2018,Diego López,-34.53044,-58.478715
612340,Gustavo,Rodríguez,gustavo.rodriguez@yahoo.com.ar,011-4424-9814,+54 9 11 4471-4339,Traumatología,Av. La Plata,8013,Quilmes,Quilmes-Centro,2026-09-25,1954-11-01,Tenis,Evangélica,Digital,Hospital Alemán,Hospital Italiano – Instituto Universitario,2002,Agustín Varela,-34.72677,-58.249077
120422,Fernando,Ledesma,fernando.ledesma@yahoo.com.ar,011-1869-8617,+54 9 11 1136-2091,Endocrinología,Av. Segurola,4545,Almagro,Almagro-Centro,,1992-01-10,"Lectura, Natación, Pesca",No especifica,Anual,Hospital Garrahan,Universidad Maimónides – Medicina,2026,Camila Ruiz,-34.60737,-58.415871
217301,Facundo,Fernández,facundo.fernandez@hotmail.com,011-4258-9202,+54 9 11 8503-1352,Traumatología,Av. Cabildo,8773,Palermo,Palermo-Sur,2026-11-09,1988-01-12,"Cine, Tenis, Vela",Otra,Semestral,Hospital Ramos Mejía,Universidad Favaloro – Medicina,2022,Florencia Sánchez,-34.581951,-58.425101
480612,María,Domínguez,maria.dominguez@yahoo.com.ar,011-4695-3485,+54 9 11 6599-7436,Infectología,Av. Rivadavia,6362,Recoleta,Recoleta-Norte,,1955-04-14,"Natación, Jardinería, Viajes",Judía,Digital,Hospital Posadas,Hospital Italiano – Instituto Universitario,1994,Diego López,-34.586793,-58.39122
972064,Miguel,Córdoba,miguel.cordoba@medicos.com.ar,011-4314-3262,+54 9 11 6062-9582,Dermatología,Av. Scalabrini Ortiz,2478,Recoleta,Recoleta-Norte,,1978-02-18,"Golf, Natación, Pintura",Otra,Mensual,Hospital Santojanni,Universidad Austral – Medicina,2019,Valentina Pérez,-34.585438,-58.392352
945964,Paula,Cabrera,paula.cabrera@hospital.org.ar,011-5485-3489,+54 9 11 4079-2749,Clínica Médica,Av. Pueyrredón,529,Recoleta,Recoleta-Norte,,1960-10-20,"Running, Pesca",Judía,Digital,Hospital Durand,UBA – Facultad de Medicina,1998,Camila Ruiz,-34.584376,-58.39188
422451,Hernán,Bustos,hernan.bustos@outlook.com,011-7126-4014,+54 9 11 7348-9051,Gastroenterología,Av. Córdoba,2783,Devoto,Devoto-Centro,,1981-07-08,"Pesca, Natación",Otra,Trimestral,Hospital Británico,Universidad Austral – Medicina,2026,Sebastián Torres,-34.602067,-58.518678
351083,Florencia,Aguirre,florencia.aguirre@outlook.com,011-1685-7232,+54 9 11 6126-7457,Gastroenterología,Av. Boedo,1891,Palermo,Palermo-Sur,2026-11-23,1983-09-18,"Tenis, Cocina, Yoga",Otra,Mensual,Hospital Garrahan,Universidad Maimónides – Medicina,2019,Daniela Morales,-34.580484,-58.42173
160738,Agustina,Castro,agustina.castro@yahoo.com.ar,011-8558-3727,+54 9 11 7921-5823,Infectología,Av. Triunvirato,8570,Palermo,Palermo-Sur,2026-12-24,1970-02-24,Ajedrez,Otra,Mensual,Fundación Favaloro,Universidad Maimónides – Medicina,2026,Valentina Pérez,-34.575963,-58.425364
352572,Gabriel,Cabrera,gabriel.cabrera@gmail.com,011-3930-8433,+54 9 11 4308-8449,Dermatología,Av. Libertador,5409,Belgrano,Belgrano-Centro,2026-11-24,1953-12-04,"Ajedrez, Esquí, Fotografía",Otra,Mensual,Hospital Gutiérrez,Universidad del Salvador – Medicina,1982,Gonzalo Medina,-34.560083,-58.451928
694916,Milagros,Gutiérrez,milagros.gutierrez@gmail.com,011-3799-6491,+54 9 11 3459-3656,Urología,Av. Pueyrredón,940,Recoleta,Recoleta-Norte,,1980-11-06,"Golf, Jardinería",Otra,Trimestral,Hospital Italiano,Universidad de Tucumán – Medicina,2007,Sebastián Torres,-34.587804,-58.394905
182582,Natalia,Giménez,natalia.gimenez@gmail.com,011-9084-4897,+54 9 11 4553-8794,Ginecología,Av. Scalabrini Ortiz,7339,Villa Urquiza,Villa Urquiza-Centro,2026-04-26,1963-05-20,Ciclismo,Católica,Trimestral,Hospital Rivadavia,Universidad Austral – Medicina,2022,Lucía Fernández,-34.577206,-58.488999
189814,Sofía,López,sofia.lopez@hospital.org.ar,011-5889-6424,+54 9 11 2436-1803,Infectología,Av. Scalabrini Ortiz,3020,Belgrano,Belgrano-R,,1954-12-20,"Tenis, Running",Evangélica,Digital,Sanatorio Güemes,Universidad de Tucumán – Medicina,2014,Valentina Pérez,-34.565387,-58.458156
867460,Gabriel,Silva,gabriel.silva@outlook.com,011-2108-8001,+54 9 11 2063-5797,Pediatría,Av. Córdoba,2099,Devoto,Devoto-Centro,2026-10-26,1972-09-07,"Esquí, Running, Pesca",No especifica,Trimestral,Hospital de Clínicas,Universidad de Tucumán – Medicina,2018,Lucía Fernández,-34.597054,-58.516256
609597,Andrés,Aguirre,andres.aguirre@medicos.com.ar,011-6185-5254,+54 9 11 9608-6797,Urología,Av. Gaona,9318,Recoleta,Recoleta-Norte,,1967-03-20,Jardinería,Católica,Semestral,Hospital Italiano,Universidad del Salvador – Medicina,2005,Sebastián Torres,-34.587036,-58.390708
955662,Camila,Ledesma,camila.ledesma@outlook.com,011-7783-1745,+54 9 11 6468-6728,Psiquiatría,Av. Santa Fe,3396,San Isidro,San Isidro-Centro,2026-01-18,1979-05-17,"Ajedrez, Golf",Judía,Semestral,Hospital de Clínicas,Universidad de La Plata – Medicina,2020,Martín Rodríguez,-34.4701,-58.530456
172574,Fernando,Varela,fernando.varela@yahoo.com.ar,011-8849-8774,+54 9 11 1582-3224,Endocrinología,Av. Córdoba,7646,Devoto,Devoto-Centro,2026-12-26,1969-07-24,"Vela, Golf, Cocina",No especifica,Digital,Fundación Favaloro,Universidad de La Plata – Medicina,1996,Julieta Romero,-34.595079,-58.51363
897549,Romina,Ortiz,romina.ortiz@gmail.com,011-3446-5595,+54 9 11 1510-6556,Neurología,Av. Nazca,8853,Almagro,Almagro-Centro,,1987-10-04,Pesca,Judía,Semestral,Hospital Argerich,Universidad de Rosario – Medicina,2020,Lucía Fernández,-34.605576,-58.41929
658582,Daniela,Cabrera,daniela.cabrera@yahoo.com.ar,011-4541-9603,+54 9 11 5953-3867,Urología,Av. Directorio,712,Belgrano,Belgrano-R,2026-12-20,1966-01-26,"Esquí, Yoga",Evangélica,Digital,Hospital Pirovano,Universidad de La Plata – Medicina,2020,Diego López,-34.559222,-58.451866
903035,Sofía,Pérez,sofia.perez@medicos.com.ar,011-3174-4361,+54 9 11 1598-8526,Gastroenterología,Av. Triunvirato,8658,Almagro,Almagro-Centro,,1955-10-28,"Yoga, Golf, Vela",Judía,Semestral,Hospital Alemán,Universidad del Salvador – Medicina,1984,Gonzalo Medina,-34.612842,-58.42189
231869,Gabriel,Ruiz,gabriel.ruiz@hotmail.com,011-5695-5532,+54 9 11 9720-6228,Psiquiatría,Av. Segurola,2027,Villa Urquiza,Villa Urquiza-Centro,,1998-10-18,"Natación, Cine, Viajes",Evangélica,Mensual,CEMIC,Universidad de La Plata – Medicina,2026,Sebastián Torres,-34.575273,-58.493425
234628,Leandro,Acosta,leandro.acosta@hotmail.com,011-2167-6101,+54 9 11 6549-9856,Gastroenterología,Av. Corrientes,2231,Villa Urquiza,Villa Urquiza-Centro,2025-06-14,1992-07-02,"Jardinería, Ciclismo, Yoga",Evangélica,Anual,Hospital Rivadavia,Universidad de Tucumán – Medicina,2017,Matías Herrera,-34.57771,-58.485967
791798,Fernando,Giménez,fernando.gimenez@gmail.com,011-8629-3159,+54 9 11 2522-8672,Urología,Av. Medrano,5185,Belgrano,Belgrano-R,2026-11-06,1968-04-08,Natación,Evangélica,Digital,Hospital Gutiérrez,Universidad de Rosario – Medicina,2001,Federico Álvarez,-34.560155,-58.453898
598369,Rocío,Ríos,rocio.rios@gmail.com,011-2070-8787,+54 9 11 2849-6758,Nutrición,Av. Medrano,2898,Devoto,Devoto-Centro,2026-11-02,1990-09-04,"Vela, Jardinería",Otra,Mensual,CEMIC,Universidad del Salvador – Medicina,2020,Nicolás Díaz,-34.601177,-58.515514
676510,Belén,Molina,belen.molina@hotmail.com,011-4992-9977,+54 9 11 3605-8903,Neurología,Av. Rivadavia,5682,Almagro,Almagro-Centro,2025-12-19,1971-10-26,"Pesca, Lectura, Jardinería",Evangélica,Digital,Hospital Rivadavia,Universidad del Salvador – Medicina,2016,Camila Ruiz,-34.611918,-58.418059
273148,Milagros,Pérez,milagros.perez@outlook.com,011-3886-6046,+54 9 11 7648-2140,Urología,Av. Segurola,9871,Belgrano,Belgrano-R,2026-12-21,1957-11-02,Viajes,Otra,Trimestral,Fundación Favaloro,UBA – Facultad de Medicina,1986,Diego López,-34.559287,-58.457211
377932,Facundo,Suárez,facundo.suarez@outlook.com,011-8326-4205,+54 9 11 4369-6187,Traumatología,Av. Independencia,5089,La Plata,La Plata-Centro,2026-08-18,1976-02-19,"Tenis, Ciclismo",No especifica,Digital,Hospital Garrahan,Universidad Austral – Medicina,2000,Agustín Varela,-34.916815,-57.949633
653306,Ana,González,ana.gonzalez@hospital.org.ar,011-6885-2797,+54 9 11 5623-1510,Neurología,Av. Scalabrini Ortiz,9769,Vicente López,Vicente López-Centro,2026-10-08,1973-07-14,Vela,Otra,Trimestral,Sanatorio Finochietto,Universidad Austral – Medicina,2014,Valentina Pérez,-34.528057,-58.482819
736059,Daniela,Molina,daniela.molina@hotmail.com,011-5726-3056,+54 9 11 3200-1190,Infectología,Av. Nazca,357,Belgrano,Belgrano-Centro,2026-06-22,1971-03-03,"Fotografía, Jardinería, Pintura",No especifica,Anual,Hospital Austral,Universidad de Rosario – Medicina,2003,Gonzalo Medina,-34.56556,-58.452151
543692,Matías,Gutiérrez,matias.gutierrez@yahoo.com.ar,011-4698-4044,+54 9 11 7959-1121,Pediatría,Av. Centenario,3978,Devoto,Devoto-Centro,2026-11-13,1962-06-02,"Pesca, Running, Viajes",No especifica,Digital,Hospital Gutiérrez,Universidad del Salvador – Medicina,1988,Rocío Castro,-34.596879,-58.516307
322086,Julieta,Figueroa,julieta.figueroa@medicos.com.ar,011-2281-9574,+54 9 11 2449-5017,Nutrición,Av. Nazca,1379,Devoto,Devoto-Centro,2026-12-14,1979-10-02,"Pesca, Natación, Pintura",Evangélica,Digital,Sanatorio Finochietto,Universidad de Córdoba – Medicina,2013,Martín Rodríguez,-34.597159,-58.513608
665492,Andrés,Suárez,andres.suarez@hotmail.com,011-1578-5981,+54 9 11 5267-2006,Clínica Médica,Av. Independencia,2870,Devoto,Devoto-Centro,,1951-10-01,Cine,Evangélica,Anual,Hospital Fernández,Universidad Maimónides – Medicina,1993,Carlos Gómez,-34.598271,-58.512437
891952,Miguel,Ledesma,miguel.ledesma@yahoo.com.ar,011-5509-5209,+54 9 11 1232-2827,Endocrinología,Av. Hipólito Yrigoyen,9795,Caballito,Caballito-Centro,2025-05-09,1987-05-26,"Running, Viajes",No especifica,Anual,Sanatorio Otamendi,UBA – Facultad de Medicina,2018,Valentina Pérez,-34.61561,-58.440408
865388,Sofía,Ríos,sofia.rios@outlook.com,011-7277-4898,+54 9 11 8211-3740,Psiquiatría,Av. Independencia,5753,San Isidro,San Isidro-Centro,,1995-03-15,Ajedrez,Otra,Anual,Sanatorio Finochietto,Universidad Maimónides – Medicina,2025,Julieta Romero,-34.476457,-58.530356
823378,Gustavo,Medina,gustavo.medina@hotmail.com,011-9690-8122,+54 9 11 1194-5731,Gastroenterología,Av. Juan B. Justo,5272,Villa Urquiza,Villa Urquiza-Centro,2026-04-08,1992-09-21,"Lectura, Cine",No especifica,Anual,Hospital Santojanni,Hospital Italiano – Instituto Universitario,2021,Federico Álvarez,-34.568382,-58.488171
310922,Agustina,Figueroa,agustina.figueroa@hospital.org.ar,011-4961-4193,+54 9 11 9518-6528,Psiquiatría,Av. San Martín,9072,Caballito,Caballito-Centro,2026-12-05,1998-07-04,"Yoga, Cine, Cocina",Católica,Mensual,Hospital Gutiérrez,Universidad Favaloro – Medicina,2026,Gonzalo Medina,-34.622894,-58.446915
847581,María,Ledesma,maria.ledesma@gmail.com,011-1931-4552,+54 9 11 2995-2965,Infectología,Av. Centenario,2228,Belgrano,Belgrano-Centro,2026-12-27,1962-03-04,"Jardinería, Cine, Pintura",Evangélica,Semestral,Sanatorio Güemes,Universidad del Salvador – Medicina,1997,Julieta Romero,-34.56324,-58.453361
426858,Martín,Díaz,martin.diaz@gmail.com,011-5543-2022,+54 9 11 7271-7366,Urología,Av. Corrientes,4330,Flores,Flores-Norte,2026-11-03,1994-08-07,"Pintura, Cocina, Lectura",Otra,Trimestral,Hospital de Clínicas,Universidad Austral – Medicina,2024,Rocío Castro,-34.623444,-58.465353
518373,Martín,Pérez,martin.perez@gmail.com,011-2194-2153,+54 9 11 5105-8305,Gastroenterología,Av. Mitre,8254,Palermo,Palermo-Norte,2026-02-14,1956-07-09,"Pesca, Vela, Pintura",Otra,Semestral,Fundación Favaloro,UBA – Facultad de Medicina,1989,Matías Herrera,-34.583511,-58.423597
804314,José,Giménez,jose.gimenez@hotmail.com,011-1054-7298,+54 9 11 8898-2985,Infectología,Av. San Martín,5061,Núñez,Núñez-Centro,,1993-06-18,Vela,Católica,Mensual,Hospital Ramos Mejía,Universidad Favaloro – Medicina,2022,Gonzalo Medina,-34.545994,-58.454677
781446,Nicolás,Ruiz,nicolas.ruiz@yahoo.com.ar,011-7391-2749,+54 9 11 6886-8970,Ginecología,Av. Mitre,7275,Belgrano,Belgrano-Centro,2025-03-10,1997-12-19,"Yoga, Pesca, Jardinería",Católica,Anual,Hospital Británico,Universidad Maimónides – Medicina,2022,Matías Herrera,-34.559647,-58.459601
491559,Carlos,Varela,carlos.varela@gmail.com,011-6533-1701,+54 9 11 7643-2936,Pediatría,Av. Maipú,8670,San Isidro,San Isidro-Centro,2026-04-03,1989-12-19,"Golf, Pesca, Tenis",Judía,Mensual,Hospital Fernández,Universidad de Córdoba – Medicina,2016,Lucía Fernández,-34.472416,-58.526219
559381,Miguel,González,miguel.gonzalez@hotmail.com,011-1818-6035,+54 9 11 2594-8474,Psiquiatría,Av. Del Libertador,9783,Caballito,Caballito-Centro,2026-11-26,1967-10-26,"Ajedrez, Natación, Lectura",No especifica,Mensual,Hospital Posadas,Universidad de La Plata – Medicina,2005,Sebastián Torres,-34.62236,-58.438825
642717,Facundo,Romero,facundo.romero@yahoo.com.ar,011-4493-1746,+54 9 11 3841-6496,Traumatología,Av. Callao,4587,Belgrano,Belgrano-Centro,,1975-09-06,"Ajedrez, Fotografía, Golf",Otra,Trimestral,Hospital Fernández,Universidad del Salvador – Medicina,2013,Lucía Fernández,-34.565588,-58.456848
573417,Laura,González,laura.gonzalez@gmail.com,011-3939-2460,+54 9 11 5648-7819,Pediatría,Av. Triunvirato,2179,Devoto,Devoto-Centro,,1970-07-08,"Pesca, Running, Yoga",Evangélica,Digital,Hospital Austral,Universidad Austral – Medicina,2005,Lucía Fernández,-34.601938,-58.512602
226882,Sebastián,González,sebastian.gonzalez@medicos.com.ar,011-4860-4144,+54 9 11 2925-9686,Pediatría,Av. Gaona,6029,Belgrano,Belgrano-R,,1984-08-25,Pesca,Otra,Semestral,Hospital Pirovano,Universidad del Salvador – Medicina,2014,Lucía Fernández,-34.558373,-58.451132
359947,Valentina,Díaz,valentina.diaz@hospital.org.ar,011-1706-1885,+54 9 11 6966-5670,Urología,Av. Scalabrini Ortiz,4218,San Isidro,San Isidro-Centro,2026-03-20,1996-02-24,"Esquí, Lectura",Católica,Digital,Hospital Rivadavia,UBA – Facultad de Medicina,2020,Valentina Pérez,-34.473657,-58.524948
335612,Florencia,Cabrera,florencia.cabrera@medicos.com.ar,011-6340-7865,+54 9 11 4256-6336,Traumatología,Av. Congreso,1904,Vicente López,Vicente López-Centro,,1972-04-13,"Tenis, Pintura",Judía,Trimestral,Sanatorio Finochietto,Universidad de Tucumán – Medicina,2024,Carlos Gómez,-34.528739,-58.485019
167136,Camila,Ledesma,camila.ledesma2@outlook.com,011-3917-7346,+54 9 11 7119-3234,Ginecología,Av. Monroe,3281,Villa Urquiza,Villa Urquiza-Centro,,1977-03-02,Jardinería,Otra,Digital,Hospital Argerich,Universidad Austral – Medicina,2023,Lucía Fernández,-34.57168,-58.485244
454508,Sebastián,Díaz,sebastian.diaz@yahoo.com.ar,011-4602-5835,+54 9 11 3568-3784,Ginecología,Av. Rivadavia,6845,Vicente López,Vicente López-Centro,2026-11-06,1961-08-27,Natación,Otra,Semestral,Hospital Posadas,Universidad Favaloro – Medicina,2014,Martín Rodríguez,-34.52343,-58.481108
122056,Belén,Flores,belen.flores@medicos.com.ar,011-3440-1083,+54 9 11 7844-1724,Urología,Av. Acoyte,8361,Palermo,Palermo-Sur,,1954-02-15,"Pintura, Cocina, Viajes",Evangélica,Trimestral,CEMIC,UBA – Facultad de Medicina,2009,Carlos Gómez,-34.584664,-58.424689
716886,Andrés,Acosta,andres.acosta@hospital.org.ar,011-2486-1260,+54 9 11 8860-5994,Gastroenterología,Av. Triunvirato,7624,Caballito,Caballito-Centro,,1969-08-25,"Golf, Running, Ajedrez",Evangélica,Anual,Hospital Gutiérrez,Universidad de Córdoba – Medicina,2001,Valentina Pérez,-34.614421,-58.439527
680828,Celeste,López,celeste.lopez@yahoo.com.ar,011-7977-5420,+54 9 11 9887-4393,Infectología,Av. Gaona,5600,Belgrano,Belgrano-Centro,2026-09-25,1975-01-04,"Ciclismo, Fotografía",No especifica,Semestral,Hospital Austral,UBA – Facultad de Medicina,2011,Gonzalo Medina,-34.559642,-58.460452
341292,José,Domínguez,jose.dominguez@hospital.org.ar,011-4354-3267,+54 9 11 6487-4909,Traumatología,Av. Nazca,7939,Belgrano,Belgrano-R,2026-06-05,1985-12-25,"Pintura, Cine, Tenis",Católica,Semestral,Hospital Argerich,Universidad Maimónides – Medicina,2016,Florencia Sánchez,-34.559626,-58.453477
717024,Daniela,Ortiz,daniela.ortiz@outlook.com,011-8966-9215,+54 9 11 9629-3010,Clínica Médica,Av. Triunvirato,8814,Devoto,Devoto-Centro,2026-09-11,1970-10-12,"Fotografía, Yoga",Católica,Trimestral,Hospital Británico,Universidad del Salvador – Medicina,1998,Gonzalo Medina,-34.597217,-58.513671
330914,Pedro,Díaz,pedro.diaz@yahoo.com.ar,011-2835-3424,+54 9 11 9131-3465,Pediatría,Av. Boedo,471,San Isidro,San Isidro-Centro,,1990-08-12,Golf,Judía,Anual,Hospital Ramos Mejía,Universidad Favaloro – Medicina,2020,Martín Rodríguez,-34.474068,-58.523304
107540,Celeste,Varela,celeste.varela@outlook.com,011-6616-6346,+54 9 11 8965-9686,Clínica Médica,Av. Medrano,5082,Villa Urquiza,Villa Urquiza-Centro,,1988-05-08,"Yoga, Jardinería",Judía,Semestral,Hospital Alemán,Universidad Austral – Medicina,2019,Julieta Romero,-34.572327,-58.486017
174441,Soledad,Díaz,soledad.diaz@hospital.org.ar,011-9770-5673,+54 9 11 3986-3873,Nutrición,Av. Pueyrredón,3997,Recoleta,Recoleta-Norte,2026-12-08,1990-08-09,"Natación, Ciclismo, Viajes",Evangélica,Trimestral,CEMIC,UBA – Facultad de Medicina,2019,Sebastián Torres,-34.590831,-58.388062
842225,Matías,Giménez,matias.gimenez@hotmail.com,011-9743-5940,+54 9 11 2990-1408,Endocrinología,Av. Hipólito Yrigoyen,8282,Almagro,Almagro-Centro,2026-05-08,1989-01-24,"Viajes, Jardinería",Evangélica,Digital,Hospital Ramos Mejía,Universidad de Córdoba – Medicina,2021,Nicolás Díaz,-34.606315,-58.415522
761759,Lucía,Peralta,lucia.peralta@gmail.com,011-3284-2914,+54 9 11 6047-1406,Gastroenterología,Av. Gaona,3710,Almagro,Almagro-Centro,,1960-11-07,Running,No especifica,Digital,Hospital Argerich,Universidad Favaloro – Medicina,2021,Camila Ruiz,-34.60954,-58.424075
161733,Matías,Fernández,matias.fernandez@medicos.com.ar,011-7462-4185,+54 9 11 9035-6206,Neurología,Av. Hipólito Yrigoyen,6015,Palermo,Palermo-Sur,2025-01-15,1975-07-12,"Vela, Running",Judía,Semestral,Hospital Gutiérrez,Hospital Italiano – Instituto Universitario,1999,Florencia Sánchez,-34.581024,-58.42284
340062,Matías,Molina,matias.molina@outlook.com,011-5728-3683,+54 9 11 7944-7786,Clínica Médica,Av. Del Libertador,9720,Recoleta,Recoleta-Norte,2026-11-14,1968-09-11,"Cine, Pintura",Judía,Digital,Hospital Británico,UBA – Facultad de Medicina,1996,Matías Herrera,-34.586021,-58.396564
170674,Milagros,Figueroa,milagros.figueroa@hospital.org.ar,011-3243-4264,+54 9 11 4047-7254,Nutrición,Av. La Plata,8137,La Plata,La Plata-Centro,2025-03-07,1979-08-18,Cine,Evangélica,Anual,Hospital Italiano,UBA – Facultad de Medicina,2026,Camila Ruiz,-34.925578,-57.950738
132938,Gustavo,Sánchez,gustavo.sanchez@hospital.org.ar,011-5713-7834,+54 9 11 3938-9059,Psiquiatría,Av. Santa Fe,2055,Vicente López,Vicente López-Centro,,1960-12-12,"Lectura, Ciclismo, Golf",Evangélica,Anual,Hospital Argerich,Universidad de Córdoba – Medicina,2021,Paula Acosta,-34.524353,-58.481069
446479,Roberto,Córdoba,roberto.cordoba@gmail.com,011-3394-6237,+54 9 11 8553-3219,Endocrinología,Av. Pueyrredón,966,Núñez,Núñez-Centro,,1995-05-10,"Fotografía, Natación, Esquí",Evangélica,Digital,Hospital Rivadavia,Universidad del Salvador – Medicina,2020,Sebastián Torres,-34.547273,-58.456805
174299,Julieta,Silva,julieta.silva@gmail.com,011-9755-6761,+54 9 11 3354-1211,Endocrinología,Av. Boedo,4710,Recoleta,Recoleta-Norte,2026-09-24,1988-02-07,"Esquí, Lectura, Pintura",Otra,Digital,Hospital Pirovano,Universidad Maimónides – Medicina,2014,Camila Ruiz,-34.58827,-58.393151
639131,José,Sánchez,jose.sanchez@hotmail.com,011-1284-8856,+54 9 11 6705-6104,Endocrinología,Av. Córdoba,7340,Núñez,Núñez-Centro,2026-12-09,1987-12-10,"Música, Yoga, Viajes",Judía,Mensual,Hospital Fernández,Universidad Austral – Medicina,2011,Camila Ruiz,-34.541103,-58.455024
349565,Miguel,Fernández,miguel.fernandez@outlook.com,011-2830-2273,+54 9 11 1308-8934,Pediatría,Av. Corrientes,3317,Microcentro,Microcentro-Este,2025-12-21,1961-01-16,"Golf, Lectura, Esquí",No especifica,Semestral,Hospital Británico,Hospital Italiano – Instituto Universitario,1992,Lucía Fernández,-34.607922,-58.378069
392004,Camila,Córdoba,camila.cordoba@hotmail.com,011-4027-6759,+54 9 11 1479-2487,Dermatología,Av. Centenario,4644,Recoleta,Recoleta-Norte,2026-05-28,1966-12-20,Esquí,Judía,Digital,Hospital de Clínicas,Universidad de Tucumán – Medicina,2005,Carlos Gómez,-34.582512,-58.394522
801474,Fernando,Suárez,fernando.suarez@hotmail.com,011-9800-1070,+54 9 11 2616-4506,Psiquiatría,Av. Directorio,9756,Devoto,Devoto-Centro,2026-08-26,1987-06-13,Natación,Católica,Trimestral,Hospital Durand,Universidad de Rosario – Medicina,2024,Agustín Varela,-34.602149,-58.512265
608993,Rocío,Sánchez,rocio.sanchez@medicos.com.ar,011-3226-9123,+54 9 11 6918-5723,Urología,Av. Rivadavia,5475,Palermo,Palermo-Sur,2026-12-17,1960-12-10,"Cocina, Running",Otra,Trimestral,Hospital Posadas,Hospital Italiano – Instituto Universitario,2012,Daniela Morales,-34.580063,-58.426152
324643,Daniela,Álvarez,daniela.alvarez@gmail.com,011-9055-2723,+54 9 11 7494-8177,Psiquiatría,Av. Callao,2448,Belgrano,Belgrano-Centro,2026-12-08,1951-03-03,"Lectura, Música",Otra,Trimestral,Hospital Pirovano,Universidad de Tucumán – Medicina,1998,Nicolás Díaz,-34.563052,-58.45405
665427,Natalia,Herrera,natalia.herrera@hospital.org.ar,011-5472-7557,+54 9 11 6834-8795,Psiquiatría,Av. Acoyte,8479,Almagro,Almagro-Centro,,1991-05-16,"Tenis, Running, Pesca",Católica,Trimestral,Hospital Italiano,Universidad del Salvador – Medicina,2022,Diego López,-34.611211,-58.41732
238739,Valentina,Gutiérrez,valentina.gutierrez@medicos.com.ar,011-6356-3502,+54 9 11 5960-2578,Ginecología,Av. Segurola,8618,Belgrano,Belgrano-Centro,2026-09-27,1980-11-16,"Vela, Golf, Tenis",Otra,Digital,CEMIC,Universidad de La Plata – Medicina,2019,Federico Álvarez,-34.559324,-58.453073
858490,Lucía,Gutiérrez,lucia.gutierrez@outlook.com,011-6153-7165,+54 9 11 8250-8531,Clínica Médica,Av. Corrientes,2997,Palermo,Palermo-Sur,,1953-03-16,Pesca,No especifica,Trimestral,Hospital Garrahan,Universidad de Córdoba – Medicina,2004,Julieta Romero,-34.579433,-58.421396
698782,Facundo,Navarro,facundo.navarro@outlook.com,011-8797-3560,+54 9 11 9301-1913,Infectología,Av. Libertador,8205,Almagro,Almagro-Centro,,1976-05-11,"Golf, Natación",Otra,Mensual,Hospital Fernández,Universidad de La Plata – Medicina,2001,Lucía Fernández,-34.60809,-58.421222
704201,Pedro,Aguirre,pedro.aguirre2@yahoo.com.ar,011-6855-7749,+54 9 11 6755-1924,Traumatología,Av. Cabildo,3944,Vicente López,Vicente López-Centro,,1994-05-04,Jardinería,Otra,Trimestral,CEMIC,Universidad de La Plata – Medicina,2023,Martín Rodríguez,-34.525519,-58.480075
595631,Leandro,Sosa,leandro.sosa@outlook.com,011-5368-1334,+54 9 11 8695-1364,Urología,Av. Juan B. Justo,9444,Flores,Flores-Norte,2026-09-24,1992-12-22,Yoga,Evangélica,Semestral,Sanatorio Otamendi,Universidad de La Plata – Medicina,2019,Rocío Castro,-34.629097,-58.462275
354801,Carolina,Ruiz,carolina.ruiz@outlook.com,011-2234-9779,+54 9 11 4507-5708,Ginecología,Av. Corrientes,4971,Quilmes,Quilmes-Centro,2026-12-10,1959-12-03,"Esquí, Pesca, Pintura",Judía,Mensual,Hospital Argerich,Universidad del Salvador – Medicina,2020,Nicolás Díaz,-34.723038,-58.25498
922733,Alejandro,García,alejandro.garcia@hospital.org.ar,011-5945-9268,+54 9 11 5913-8092,Urología,Av. Las Heras,6888,Flores,Flores-Norte,2026-06-17,1956-09-06,Jardinería,Evangélica,Digital,Fundación Favaloro,Universidad de Córdoba – Medicina,1981,Valentina Pérez,-34.628977,-58.46175
595948,Facundo,Ledesma,facundo.ledesma@outlook.com,011-1981-9556,+54 9 11 4287-6968,Clínica Médica,Av. Córdoba,4038,Villa Urquiza,Villa Urquiza-Centro,,1971-07-11,"Fotografía, Cine, Música",Otra,Trimestral,Hospital Argerich,Hospital Italiano – Instituto Universitario,1999,Paula Acosta,-34.576495,-58.488147
946721,Florencia,Sánchez,florencia.sanchez@hotmail.com,011-4144-1453,+54 9 11 5023-6087,Gastroenterología,Av. Acoyte,9272,Villa Urquiza,Villa Urquiza-Centro,2026-04-04,1986-03-09,Tenis,Otra,Mensual,Hospital Argerich,Universidad Maimónides – Medicina,2014,Federico Álvarez,-34.568087,-58.49078
526833,María,Martínez,maria.martinez@gmail.com,011-6143-5882,+54 9 11 2041-7668,Dermatología,Av. Segurola,1579,Núñez,Núñez-Centro,2026-11-24,1983-02-19,"Pesca, Running",Judía,Mensual,Fundación Favaloro,Universidad Maimónides – Medicina,2023,Agustín Varela,-34.546031,-58.452602
299659,Ignacio,Sánchez,ignacio.sanchez@yahoo.com.ar,011-6395-7388,+54 9 11 4865-7928,Urología,Av. Córdoba,1850,San Isidro,San Isidro-Centro,2026-04-16,1972-05-28,"Lectura, Natación, Pintura",Otra,Mensual,CEMIC,Universidad de La Plata – Medicina,2014,Rocío Castro,-34.475248,-58.523301
198907,Florencia,Herrera,florencia.herrera@hotmail.com,011-6947-8786,+54 9 11 7025-6049,Gastroenterología,Av. Nazca,670,Palermo,Palermo-Norte,2026-05-07,1954-11-08,"Lectura, Música, Jardinería",Otra,Digital,Hospital Ramos Mejía,Universidad de La Plata – Medicina,1994,Matías Herrera,-34.576585,-58.423378
201639,Juan,Rojas,juan.rojas@yahoo.com.ar,011-5929-2478,+54 9 11 4857-5872,Infectología,Av. Centenario,2725,San Isidro,San Isidro-Centro,2026-05-02,1972-01-09,"Pintura, Lectura",Judía,Mensual,Sanatorio Finochietto,Universidad de Rosario – Medicina,2023,Rocío Castro,-34.467841,-58.526686
790993,Martín,Sosa,martin.sosa@gmail.com,011-6764-7895,+54 9 11 9973-6353,Dermatología,Av. Triunvirato,548,Villa Urquiza,Villa Urquiza-Centro,,1958-08-26,"Yoga, Natación, Running",Católica,Trimestral,Hospital Garrahan,Universidad Favaloro – Medicina,2023,Martín Rodríguez,-34.57038,-58.488586
551989,Roberto,Acosta,roberto.acosta@medicos.com.ar,011-3131-7722,+54 9 11 6233-8397,Endocrinología,Av. Centenario,2287,Devoto,Devoto-Centro,2026-10-21,1980-04-03,"Música, Golf, Esquí",No especifica,Semestral,Hospital Garrahan,Universidad de Rosario – Medicina,2017,Valentina Pérez,-34.601393,-58.512125
471507,Soledad,Flores,soledad.flores@gmail.com,011-8576-4248,+54 9 11 5289-3764,Endocrinología,Av. Juan B. Justo,7127,Palermo,Palermo-Sur,,1988-10-04,Música,Judía,Digital,Sanatorio Güemes,Universidad de Córdoba – Medicina,2012,Paula Acosta,-34.578996,-58.428507
544154,Fernando,Herrera,fernando.herrera@yahoo.com.ar,011-9096-7259,+54 9 11 3133-8066,Infectología,Av. Gaona,3631,San Isidro,San Isidro-Centro,,1986-07-06,Jardinería,Judía,Trimestral,Hospital Ramos Mejía,Hospital Italiano – Instituto Universitario,2023,Martín Rodríguez,-34.467048,-58.53017
531071,Daniela,Córdoba,daniela.cordoba@hospital.org.ar,011-8506-2404,+54 9 11 1169-8682,Ginecología,Av. Centenario,5396,Recoleta,Recoleta-Norte,2026-12-26,1953-07-23,"Tenis, Vela, Natación",Judía,Digital,Hospital Británico,Universidad del Salvador – Medicina,2004,Federico Álvarez,-34.582256,-58.394024
589710,Gustavo,Ortiz,gustavo.ortiz@medicos.com.ar,011-1745-1087,+54 9 11 5155-9266,Pediatría,Av. Belgrano,6566,Almagro,Almagro-Centro,2026-05-12,1996-10-06,"Viajes, Running",Evangélica,Trimestral,Sanatorio Finochietto,Universidad de La Plata – Medicina,2022,Agustín Varela,-34.607287,-58.423678
864491,Celeste,Aguirre,celeste.aguirre@hotmail.com,011-5266-2914,+54 9 11 6132-1723,Clínica Médica,Av. Acoyte,4703,Recoleta,Recoleta-Norte,2026-06-21,1982-10-27,"Pesca, Viajes",No especifica,Digital,Hospital Posadas,Universidad Austral – Medicina,2014,Nicolás Díaz,-34.584522,-58.388738
156802,Matías,Martínez,matias.martinez@hotmail.com,011-3435-1894,+54 9 11 4766-4000,Psiquiatría,Av. Acoyte,4363,Palermo,Palermo-Sur,2026-05-14,1967-01-15,Viajes,Católica,Digital,Sanatorio Güemes,Universidad de Córdoba – Medicina,2013,Rocío Castro,-34.583364,-58.425329
806073,Alejandro,Fernández,alejandro.fernandez@hotmail.com,011-5654-3959,+54 9 11 3757-9335,Gastroenterología,Av. Independencia,9695,Quilmes,Quilmes-Centro,2026-12-23,1965-10-06,"Golf, Yoga",Católica,Mensual,Sanatorio Finochietto,Universidad del Salvador – Medicina,2015,Camila Ruiz,-34.730876,-58.24902
785197,Agustina,Silva,agustina.silva@medicos.com.ar,011-2737-6300,+54 9 11 3519-1473,Nutrición,Av. Medrano,7961,Belgrano,Belgrano-Centro,,1956-01-11,Cocina,Católica,Digital,Hospital Santojanni,Universidad de Tucumán – Medicina,1982,Gonzalo Medina,-34.562459,-58.451448
777568,Andrés,Morales,andres.morales@gmail.com,011-2158-9964,+54 9 11 7248-2516,Neurología,Av. Libertador,3016,Almagro,Almagro-Centro,2025-11-02,1993-01-28,"Viajes, Lectura, Yoga",Otra,Trimestral,Hospital Garrahan,Hospital Italiano – Instituto Universitario,2020,Matías Herrera,-34.611599,-58.417291
203198,Carolina,Castro,carolina.castro@hospital.org.ar,011-3151-6882,+54 9 11 2574-7020,Nutrición,Av. Acoyte,7398,San Isidro,San Isidro-Centro,2025-05-25,1960-07-03,Tenis,No especifica,Semestral,Hospital Posadas,Universidad de Rosario – Medicina,2011,Valentina Pérez,-34.468146,-58.528236
163556,Romina,Figueroa,romina.figueroa@hospital.org.ar,011-4673-3540,+54 9 11 9115-9638,Urología,Av. Belgrano,7771,Belgrano,Belgrano-Centro,,1979-03-05,"Tenis, Running",Católica,Semestral,Sanatorio Otamendi,Universidad de Rosario – Medicina,2024,Camila Ruiz,-34.562626,-58.451928
522179,Hernán,Pérez,hernan.perez@medicos.com.ar,011-7961-7766,+54 9 11 2548-8612,Gastroenterología,Av. Directorio,4275,Quilmes,Quilmes-Centro,2026-12-15,1991-12-22,Pintura,Evangélica,Trimestral,Hospital Garrahan,UBA – Facultad de Medicina,2022,Valentina Pérez,-34.727144,-58.251314
863587,Gabriel,Córdoba,gabriel.cordoba@hospital.org.ar,011-8454-8371,+54 9 11 5342-6592,Clínica Médica,Av. Las Heras,3132,Caballito,Caballito-Centro,2026-12-05,1955-02-14,Fotografía,Otra,Mensual,Hospital Garrahan,Universidad del Salvador – Medicina,2013,Martín Rodríguez,-34.622218,-58.437178
455784,Rocío,Rojas,rocio.rojas@hospital.org.ar,011-8974-5961,+54 9 11 6910-7471,Gastroenterología,Av. Rivadavia,2149,La Plata,La Plata-Centro,2026-11-28,1954-04-28,"Vela, Cocina",Católica,Trimestral,Hospital Fernández,Universidad Favaloro – Medicina,1979,Rocío Castro,-34.924649,-57.957092
939482,Paula,Figueroa,paula.figueroa@hotmail.com,011-8765-7912,+54 9 11 1357-2908,Urología,Av. Mitre,2597,Caballito,Caballito-Centro,2026-10-17,1968-01-28,"Ajedrez, Tenis, Natación",Católica,Digital,Hospital Pirovano,Hospital Italiano – Instituto Universitario,2020,Camila Ruiz,-34.615612,-58.442547
214576,Pedro,Aguirre,pedro.aguirre@outlook.com,011-9121-5764,+54 9 11 1606-8987,Infectología,Av. Acoyte,8510,Almagro,Almagro-Centro,2026-05-20,1967-04-23,"Vela, Running",Evangélica,Digital,Hospital Posadas,Universidad de Tucumán – Medicina,1994,Martín Rodríguez,-34.60809,-58.418885
360735,Sebastián,Peralta,sebastian.peralta@gmail.com,011-9106-6681,+54 9 11 8345-8147,Urología,Av. Pueyrredón,4818,Palermo,Palermo-Norte,,1984-09-08,"Ajedrez, Pintura, Ciclismo",Otra,Semestral,Hospital Fernández,Hospital Italiano – Instituto Universitario,2026,Gonzalo Medina,-34.577738,-58.425308
300896,Roberto,Ledesma,roberto.ledesma@hotmail.com,011-5627-2412,+54 9 11 8911-3115,Neurología,Av. Las Heras,2661,Caballito,Caballito-Centro,,1967-05-08,"Ciclismo, Fotografía",Judía,Digital,Hospital Italiano,Universidad de La Plata – Medicina,2004,Lucía Fernández,-34.616943,-58.445991
299448,Hernán,López,hernan.lopez@gmail.com,011-6533-8055,+54 9 11 2867-4714,Endocrinología,Av. La Plata,3771,Belgrano,Belgrano-R,2026-11-24,1996-09-09,"Lectura, Vela",No especifica,Digital,Hospital Alemán,Universidad de Córdoba – Medicina,2021,Ana Martínez,-34.562136,-58.451063
662336,Soledad,Pérez,soledad.perez@medicos.com.ar,011-1687-9311,+54 9 11 2727-3736,Clínica Médica,Av. Centenario,3465,Belgrano,Belgrano-R,2025-08-02,1953-08-25,"Viajes, Lectura",Judía,Anual,Hospital Fernández,Universidad de La Plata – Medicina,2009,Ana Martínez,-34.55789,-58.45943
570405,Matías,Molina,matias.molina@gmail.com,011-5019-8760,+54 9 11 6592-5698,Endocrinología,Av. Rivadavia,4458,Caballito,Caballito-Centro,2026-12-25,1958-11-08,"Pintura, Vela",Otra,Digital,Hospital Durand,Universidad Austral – Medicina,1991,Paula Acosta,-34.619276,-58.439452
246991,Celeste,Silva,celeste.silva@gmail.com,011-8251-3385,+54 9 11 1162-9476,Dermatología,Av. Rivadavia,5642,Belgrano,Belgrano-Centro,,1971-01-13,"Ajedrez, Yoga",Evangélica,Trimestral,Sanatorio Otamendi,Hospital Italiano – Instituto Universitario,1997,Lucía Fernández,-34.563852,-58.451181
542374,Alejandro,González,alejandro.gonzalez@yahoo.com.ar,011-9647-3406,+54 9 11 7618-8310,Urología,Av. Mitre,9019,San Isidro,San Isidro-Centro,,1954-06-26,Vela,Evangélica,Anual,Hospital Ramos Mejía,Universidad del Salvador – Medicina,2019,Sebastián Torres,-34.470756,-58.526818
292401,Nicolás,Romero,nicolas.romero@medicos.com.ar,011-9860-5651,+54 9 11 4501-2520,Gastroenterología,Av. Boedo,5682,La Plata,La Plata-Centro,2026-11-25,1964-10-09,"Tenis, Ciclismo, Cine",No especifica,Semestral,Sanatorio Otamendi,Universidad del Salvador – Medicina,2003,Paula Acosta,-34.91843,-57.9574
392075,Alejandro,Sánchez,alejandro.sanchez@gmail.com,011-3043-8352,+54 9 11 5881-1085,Nutrición,Av. San Martín,3968,Villa Urquiza,Villa Urquiza-Centro,,1953-11-22,"Viajes, Ajedrez",No especifica,Digital,Hospital Gutiérrez,Hospital Italiano – Instituto Universitario,2011,Camila Ruiz,-34.569946,-58.48511
585100,Florencia,Pérez,florencia.perez@yahoo.com.ar,011-9461-4154,+54 9 11 6919-8443,Gastroenterología,Av. Córdoba,7074,Belgrano,Belgrano-R,,1971-03-16,"Vela, Esquí",Otra,Anual,Hospital Gutiérrez,Universidad Maimónides – Medicina,2008,Carlos Gómez,-34.558716,-58.460181
361941,Martín,Córdoba,martin.cordoba@outlook.com,011-7937-8210,+54 9 11 9020-7830,Dermatología,Av. Córdoba,8386,Caballito,Caballito-Centro,2026-11-11,1953-09-28,Fotografía,No especifica,Mensual,Sanatorio Güemes,Universidad de Córdoba – Medicina,2010,Sebastián Torres,-34.621729,-58.439888
179046,Daniela,Sánchez,daniela.sanchez@medicos.com.ar,011-7694-2807,+54 9 11 2980-7055,Endocrinología,Av. Corrientes,8665,La Plata,La Plata-Centro,,1979-05-16,Yoga,Evangélica,Trimestral,Fundación Favaloro,Universidad de Rosario – Medicina,2003,Diego López,-34.924467,-57.955285
564656,Camila,Álvarez,camila.alvarez@hospital.org.ar,011-9008-1034,+54 9 11 3004-9970,Nutrición,Av. Rivadavia,832,Núñez,Núñez-Centro,,1970-06-26,"Jardinería, Vela, Esquí",Judía,Anual,Hospital Fernández,Universidad Maimónides – Medicina,2018,Diego López,-34.545824,-58.455269
947272,Gabriel,Fernández,gabriel.fernandez@medicos.com.ar,011-7711-7344,+54 9 11 4814-7478,Traumatología,Av. La Plata,850,Flores,Flores-Norte,,1981-11-03,"Vela, Running, Cocina",No especifica,Mensual,CEMIC,Universidad del Salvador – Medicina,2010,Julieta Romero,-34.623419,-58.4591
997546,Facundo,Navarro,facundo.navarro@gmail.com,011-9548-4103,+54 9 11 8796-9235,Ginecología,Av. Callao,8813,Palermo,Palermo-Norte,2025-03-03,1983-12-27,"Ajedrez, Tenis",Otra,Anual,CEMIC,Universidad de Tucumán – Medicina,2025,Carlos Gómez,-34.583203,-58.42981
677057,María,Varela,maria.varela@outlook.com,011-3957-7798,+54 9 11 1394-9649,Pediatría,Av. Juan B. Justo,4313,Flores,Flores-Norte,,1988-05-05,"Fotografía, Tenis",No especifica,Semestral,Hospital Fernández,Hospital Italiano – Instituto Universitario,2014,Carlos Gómez,-34.63209,-58.458202
202664,Gabriel,Álvarez,gabriel.alvarez@gmail.com,011-1958-5882,+54 9 11 7388-2617,Psiquiatría,Av. Córdoba,6863,Flores,Flores-Norte,2026-03-19,1995-04-08,Cine,Católica,Anual,Sanatorio Otamendi,Universidad de Rosario – Medicina,2022,Agustín Varela,-34.62407,-58.465421
153045,Gabriel,Figueroa,gabriel.figueroa@medicos.com.ar,011-7669-2072,+54 9 11 8932-1473,Pediatría,Av. Nazca,3929,Microcentro,Microcentro-Este,,1961-11-04,"Jardinería, Running",No especifica,Digital,Hospital Ramos Mejía,Universidad de Tucumán – Medicina,2000,Diego López,-34.599863,-58.385814
783823,Camila,Torres,camila.torres@yahoo.com.ar,011-9854-3755,+54 9 11 5016-9806,Urología,Av. Hipólito Yrigoyen,9195,Microcentro,Microcentro-Este,,1959-05-21,"Cine, Ajedrez, Ciclismo",Judía,Mensual,Sanatorio Finochietto,Hospital Italiano – Instituto Universitario,1993,Lucía Fernández,-34.604483,-58.38599
666847,Belén,Sosa,belen.sosa@yahoo.com.ar,011-1745-3644,+54 9 11 9750-2145,Traumatología,Av. Rivadavia,6576,La Plata,La Plata-Centro,2026-11-07,1963-05-14,"Cine, Jardinería, Vela",Judía,Digital,Hospital Santojanni,Universidad de La Plata – Medicina,2000,Agustín Varela,-34.919016,-57.950695
976638,Gabriel,Varela,gabriel.varela@hotmail.com,011-8533-6381,+54 9 11 1260-3190,Dermatología,Av. Gaona,7907,Palermo,Palermo-Norte,2025-12-23,1972-09-23,"Running, Golf, Jardinería",Católica,Anual,CEMIC,Universidad del Salvador – Medicina,2018,Matías Herrera,-34.584957,-58.429904
115474,Alejandro,Gutiérrez,alejandro.gutierrez@medicos.com.ar,011-6864-7336,+54 9 11 3903-1138,Ginecología,Av. Medrano,6169,Belgrano,Belgrano-R,2026-03-11,1951-01-25,"Yoga, Música, Esquí",Otra,Semestral,Hospital Británico,Universidad de Tucumán – Medicina,1992,Sebastián Torres,-34.557638,-58.456554
197793,Daniela,López,daniela.lopez@yahoo.com.ar,011-9074-4425,+54 9 11 1116-4212,Pediatría,Av. Callao,4644,Almagro,Almagro-Centro,2026-05-10,1986-11-24,"Música, Esquí",Evangélica,Mensual,Hospital Británico,Universidad Austral – Medicina,2015,Diego López,-34.608309,-58.42006
890170,Fernando,Rodríguez,fernando.rodriguez@hospital.org.ar,011-9731-5143,+54 9 11 8437-1032,Neurología,Av. Nazca,949,Microcentro,Microcentro-Este,,1981-02-22,Música,Católica,Anual,Hospital Gutiérrez,Universidad Maimónides – Medicina,2021,Rocío Castro,-34.600461,-58.38277
989921,Julieta,Molina,julieta.molina2@medicos.com.ar,011-8354-6181,+54 9 11 1084-7420,Traumatología,Av. San Martín,1440,San Isidro,San Isidro-Centro,2026-05-07,1984-12-14,"Running, Lectura",Católica,Trimestral,Hospital Rivadavia,Universidad de La Plata – Medicina,2010,Sebastián Torres,-34.468199,-58.524923
347861,Gustavo,Aguirre,gustavo.aguirre@gmail.com,011-6477-5102,+54 9 11 5049-2766,Pediatría,Av. Cabildo,5683,Devoto,Devoto-Centro,,1983-02-25,"Lectura, Running, Tenis",Católica,Digital,Hospital de Clínicas,Universidad de Córdoba – Medicina,2026,Gonzalo Medina,-34.595675,-58.510784
274389,Nicolás,Morales,nicolas.morales@hospital.org.ar,011-2065-3089,+54 9 11 2015-8240,Pediatría,Av. Belgrano,7175,Palermo,Palermo-Sur,2025-07-13,1995-05-28,Golf,Otra,Anual,Hospital Austral,Universidad de Rosario – Medicina,2025,Ana Martínez,-34.584342,-58.423224
526156,Nicolás,Figueroa,nicolas.figueroa@outlook.com,011-2659-6564,+54 9 11 1425-8439,Traumatología,Av. Independencia,3253,Flores,Flores-Norte,2026-11-14,1994-10-26,"Pintura, Pesca",No especifica,Digital,Sanatorio Otamendi,Hospital Italiano – Instituto Universitario,2021,Diego López,-34.63192,-58.467877
609231,Matías,Álvarez,matias.alvarez@hotmail.com,011-3255-1722,+54 9 11 1991-3091,Endocrinología,Av. Independencia,7240,La Plata,La Plata-Centro,2026-12-13,1979-10-18,"Yoga, Ciclismo",Católica,Trimestral,Hospital Ramos Mejía,Universidad de Tucumán – Medicina,2007,Rocío Castro,-34.920869,-57.952483
604740,Celeste,Córdoba,celeste.cordoba@hospital.org.ar,011-3369-1939,+54 9 11 4889-9308,Ginecología,Av. Scalabrini Ortiz,5733,Palermo,Palermo-Sur,2026-02-12,1994-06-07,"Yoga, Pintura",Evangélica,Anual,Fundación Favaloro,Universidad de Tucumán – Medicina,2025,Nicolás Díaz,-34.583046,-58.427996
324130,Roberto,Pérez,roberto.perez@outlook.com,011-1691-9125,+54 9 11 4594-1060,Urología,Av. Triunvirato,3872,Vicente López,Vicente López-Centro,2025-09-24,1951-06-26,Ciclismo,Católica,Anual,Hospital Garrahan,Universidad Austral – Medicina,2022,Sebastián Torres,-34.527335,-58.483869
520521,José,Ortiz,jose.ortiz@gmail.com,011-2887-3333,+54 9 11 5760-8215,Gastroenterología,Av. Nazca,9695,San Isidro,San Isidro-Centro,,1986-04-10,"Música, Fotografía, Cocina",Católica,Trimestral,Hospital Rivadavia,Universidad de La Plata – Medicina,2015,Federico Álvarez,-34.467873,-58.529401
161483,Valentina,Medina,valentina.medina@gmail.com,011-1343-3248,+54 9 11 7208-2818,Endocrinología,Av. Hipólito Yrigoyen,3544,Flores,Flores-Norte,2026-12-07,1956-03-17,Cocina,Judía,Anual,Hospital de Clínicas,Universidad Austral – Medicina,2019,Carlos Gómez,-34.629949,-58.465599
272634,Facundo,Gutiérrez,facundo.gutierrez@hospital.org.ar,011-7131-6209,+54 9 11 8037-5006,Dermatología,Av. Congreso,9722,Palermo,Palermo-Sur,2026-06-08,1978-04-02,"Cocina, Running",Otra,Semestral,Sanatorio Otamendi,Universidad de Tucumán – Medicina,2022,Diego López,-34.583109,-58.424645
497382,Soledad,García,soledad.garcia@hotmail.com,011-9333-7358,+54 9 11 9342-7131,Pediatría,Av. Boedo,7706,Devoto,Devoto-Centro,2025-12-11,1954-08-23,"Tenis, Cocina, Música",Judía,Anual,Fundación Favaloro,Universidad de Rosario – Medicina,2009,Federico Álvarez,-34.60221,-58.511875
102260,Matías,Acosta,matias.acosta@outlook.com,011-4581-6013,+54 9 11 7963-7178,Psiquiatría,Av. Hipólito Yrigoyen,6229,Caballito,Caballito-Centro,2026-04-05,1980-08-17,"Natación, Pintura, Jardinería",Otra,Trimestral,Sanatorio Güemes,Universidad Maimónides – Medicina,2015,Lucía Fernández,-34.620455,-58.446152
509386,Carolina,Molina,carolina.molina@yahoo.com.ar,011-9151-6194,+54 9 11 5473-7264,Endocrinología,Av. Pueyrredón,7336,Palermo,Palermo-Norte,2026-01-21,1993-05-27,Lectura,Católica,Digital,Hospital Británico,Hospital Italiano – Instituto Universitario,2025,Daniela Morales,-34.582662,-58.423546
378085,José,Silva,jose.silva@gmail.com,011-9946-4281,+54 9 11 6468-4221,Clínica Médica,Av. Libertador,5059,Flores,Flores-Norte,2026-11-16,1986-12-20,"Ciclismo, Ajedrez",Otra,Digital,Hospital Italiano,Hospital Italiano – Instituto Universitario,2014,Federico Álvarez,-34.625548,-58.460315
922157,Belén,González,belen.gonzalez@outlook.com,011-9399-3445,+54 9 11 7512-4728,Pediatría,Av. Monroe,3538,Vicente López,Vicente López-Centro,,1969-12-27,"Pintura, Cocina",Otra,Semestral,Hospital Santojanni,Universidad Favaloro – Medicina,2022,Carlos Gómez,-34.527256,-58.480842
923267,Matías,Domínguez,matias.dominguez@gmail.com,011-7139-3276,+54 9 11 3102-6006,Infectología,Av. Acoyte,5910,Palermo,Palermo-Norte,,1973-12-18,Viajes,Evangélica,Semestral,Fundación Favaloro,UBA – Facultad de Medicina,2006,Martín Rodríguez,-34.581602,-58.425809
577110,Leandro,Bustos,leandro.bustos@medicos.com.ar,011-7404-7247,+54 9 11 4345-7400,Nutrición,Av. La Plata,6431,Belgrano,Belgrano-Centro,2026-06-13,1970-11-10,Pesca,Católica,Trimestral,CEMIC,Universidad Austral – Medicina,1999,Ana Martínez,-34.565117,-58.459914
399105,Valentina,Ruiz,valentina.ruiz@gmail.com,011-7322-5650,+54 9 11 4373-4818,Pediatría,Av. Segurola,8691,La Plata,La Plata-Centro,2026-08-07,1998-03-11,"Pintura, Pesca, Running",Otra,Anual,Hospital de Clínicas,Universidad Austral – Medicina,2025,Valentina Pérez,-34.9253,-57.958425
543555,Camila,Romero,camila.romero@hotmail.com,011-6075-8081,+54 9 11 8778-3601,Clínica Médica,Av. Independencia,3425,La Plata,La Plata-Centro,2026-11-09,1986-01-05,"Natación, Pesca, Jardinería",Otra,Mensual,Hospital Austral,Universidad Favaloro – Medicina,2024,Matías Herrera,-34.920975,-57.952152
830429,Leandro,López,leandro.lopez@hospital.org.ar,011-2492-5717,+54 9 11 8476-6681,Nutrición,Av. Juan B. Justo,2969,La Plata,La Plata-Centro,2026-12-15,1952-07-15,Fotografía,Evangélica,Trimestral,Hospital Garrahan,UBA – Facultad de Medicina,2000,Ana Martínez,-34.921849,-57.957204
865990,Facundo,Suárez,facundo.suarez@hospital.org.ar,011-2093-4559,+54 9 11 9085-7738,Endocrinología,Av. Directorio,1353,Belgrano,Belgrano-R,2026-08-14,1972-08-06,Running,Otra,Trimestral,Hospital Alemán,Universidad de Córdoba – Medicina,2004,Agustín Varela,-34.559446,-58.455956
921414,Nicolás,Varela,nicolas.varela@hospital.org.ar,011-7542-4185,+54 9 11 7499-1618,Infectología,Av. Libertador,1978,Palermo,Palermo-Norte,2026-05-11,1951-08-16,"Jardinería, Viajes, Pesca",Evangélica,Mensual,CEMIC,Universidad Favaloro – Medicina,2004,Carlos Gómez,-34.577909,-58.428635
682765,Roberto,Díaz,roberto.diaz@gmail.com,011-2646-3903,+54 9 11 5819-3034,Clínica Médica,Av. Pueyrredón,1371,Almagro,Almagro-Centro,2026-04-07,1989-08-12,"Tenis, Esquí",Católica,Trimestral,CEMIC,Universidad Favaloro – Medicina,2015,Lucía Fernández,-34.607286,-58.424888
794022,Nicolás,Castro,nicolas.castro@outlook.com,011-1858-1076,+54 9 11 1797-7183,Psiquiatría,Av. Hipólito Yrigoyen,4191,San Isidro,San Isidro-Centro,2025-12-09,1997-07-01,Fotografía,Judía,Semestral,Hospital Británico,Universidad Favaloro – Medicina,2021,Sebastián Torres,-34.473254,-58.530615
853305,Carlos,Molina,carlos.molina@medicos.com.ar,011-2764-6359,+54 9 11 6286-4105,Ginecología,Av. Hipólito Yrigoyen,8975,San Isidro,San Isidro-Centro,2026-04-09,1985-02-12,Ajedrez,Judía,Trimestral,Hospital Garrahan,Universidad de La Plata – Medicina,2019,Martín Rodríguez,-34.473049,-58.528721
610311,Rocío,Flores,rocio.flores@gmail.com,011-5562-7045,+54 9 11 1719-2103,Psiquiatría,Av. Scalabrini Ortiz,5040,San Isidro,San Isidro-Centro,,1953-09-26,"Ajedrez, Viajes",Evangélica,Trimestral,Hospital de Clínicas,Universidad de Tucumán – Medicina,2013,Federico Álvarez,-34.469325,-58.528004
262316,Valentina,Morales,valentina.morales@hospital.org.ar,011-8899-2106,+54 9 11 6490-1289,Nutrición,Av. Juan B. Justo,8472,Villa Urquiza,Villa Urquiza-Centro,,1953-01-08,"Pintura, Música, Running",Católica,Digital,Hospital Ramos Mejía,Universidad Favaloro – Medicina,1978,Ana Martínez,-34.571594,-58.492676
299122,Miguel,Silva,miguel.silva@outlook.com,011-5859-4309,+54 9 11 3484-7156,Urología,Av. Nazca,721,San Isidro,San Isidro-Centro,2026-05-19,1951-06-05,"Yoga, Golf, Música",Evangélica,Semestral,Sanatorio Otamendi,Universidad de Rosario – Medicina,1992,Lucía Fernández,-34.474619,-58.525747
411120,Romina,Acosta,romina.acosta@hotmail.com,011-9836-1885,+54 9 11 5068-4644,Psiquiatría,Av. Boedo,5369,Almagro,Almagro-Centro,,1967-02-07,Vela,Judía,Trimestral,Hospital Fernández,Universidad del Salvador – Medicina,1994,Sebastián Torres,-34.612165,-58.418702
328275,Florencia,Sosa,florencia.sosa@gmail.com,011-7983-8652,+54 9 11 6103-3689,Clínica Médica,Av. Cabildo,7047,San Isidro,San Isidro-Centro,2025-12-11,1962-08-21,"Ajedrez, Fotografía",Otra,Semestral,Hospital Británico,Universidad de La Plata – Medicina,1998,Rocío Castro,-34.475236,-58.53051
161324,Matías,Aguirre,matias.aguirre@medicos.com.ar,011-8101-3553,+54 9 11 8897-1324,Nutrición,Av. Scalabrini Ortiz,1463,Almagro,Almagro-Centro,2025-11-19,1964-03-18,"Yoga, Ajedrez",No especifica,Semestral,Sanatorio Güemes,Hospital Italiano – Instituto Universitario,1999,Matías Herrera,-34.606411,-58.415785
707314,Ignacio,Peralta,ignacio.peralta@gmail.com,011-6459-3238,+54 9 11 8688-4206,Traumatología,Av. Hipólito Yrigoyen,3206,Recoleta,Recoleta-Norte,2026-11-15,1952-06-16,"Yoga, Running",Otra,Anual,Hospital Gutiérrez,Universidad de Rosario – Medicina,2001,Matías Herrera,-34.591958,-58.389383
871476,Carlos,Sánchez,carlos.sanchez@outlook.com,011-3660-4182,+54 9 11 8148-5182,Gastroenterología,Av. Boedo,8105,Núñez,Núñez-Centro,2026-11-24,1957-07-14,"Golf, Viajes, Cine",No especifica,Trimestral,Hospital Alemán,Universidad de La Plata – Medicina,1996,Rocío Castro,-34.54365,-58.457318
668532,Rocío,Torres,rocio.torres@yahoo.com.ar,011-5053-3644,+54 9 11 1202-2912,Psiquiatría,Av. Nazca,6397,Belgrano,Belgrano-Centro,2026-10-04,1965-04-14,"Ajedrez, Yoga, Pintura",Católica,Anual,Hospital Ramos Mejía,Universidad Maimónides – Medicina,1999,Federico Álvarez,-34.563023,-58.455138
163918,Pedro,Navarro,pedro.navarro@yahoo.com.ar,011-3338-5407,+54 9 11 4432-7520,Psiquiatría,Av. Santa Fe,2859,La Plata,La Plata-Centro,,1954-07-17,"Fotografía, Viajes",Judía,Semestral,Hospital Rivadavia,Universidad Austral – Medicina,2004,Paula Acosta,-34.917836,-57.958984
884309,Natalia,Álvarez,natalia.alvarez@medicos.com.ar,011-2806-8383,+54 9 11 4482-4041,Neurología,Av. Corrientes,3093,San Isidro,San Isidro-Centro,,1970-11-20,"Lectura, Cine",Católica,Trimestral,Hospital Ramos Mejía,Universidad del Salvador – Medicina,2000,Carlos Gómez,-34.468908,-58.531081
428838,Romina,Rodríguez,romina.rodriguez@medicos.com.ar,011-4846-8829,+54 9 11 8949-2651,Nutrición,Av. Corrientes,4459,Palermo,Palermo-Norte,2026-05-06,1996-02-07,"Pesca, Vela",Evangélica,Mensual,Hospital Austral,Universidad Maimónides – Medicina,2024,Matías Herrera,-34.577482,-58.429928
159942,Ignacio,Aguirre,ignacio.aguirre@yahoo.com.ar,011-7074-6620,+54 9 11 6164-4925,Endocrinología,Av. Segurola,6628,Núñez,Núñez-Centro,2026-10-17,1977-02-01,Esquí,Evangélica,Anual,Hospital Italiano,Universidad de Tucumán – Medicina,2015,Diego López,-34.546216,-58.460428
152578,Florencia,Silva,florencia.silva@outlook.com,011-8785-9436,+54 9 11 7768-4079,Gastroenterología,Av. Nazca,5378,Palermo,Palermo-Norte,,1951-06-22,Ciclismo,Otra,Trimestral,Hospital Garrahan,Universidad de Tucumán – Medicina,2003,Rocío Castro,-34.584834,-58.426398
712554,Gustavo,Pérez,gustavo.perez@hospital.org.ar,011-7305-5814,+54 9 11 4196-3345,Infectología,Av. Córdoba,8258,Palermo,Palermo-Sur,2026-12-18,1963-08-06,Cocina,Judía,Mensual,CEMIC,Universidad Favaloro – Medicina,2015,Rocío Castro,-34.577032,-58.426987
599948,Laura,Pérez,laura.perez@outlook.com,011-1478-3625,+54 9 11 6349-7283,Infectología,Av. Cabildo,4320,Quilmes,Quilmes-Centro,2026-01-10,1991-11-05,"Running, Natación, Ajedrez",Otra,Anual,Hospital Santojanni,Universidad Favaloro – Medicina,2023,Carlos Gómez,-34.726341,-58.249485
627276,Milagros,Aguirre,milagros.aguirre@hotmail.com,011-4662-5244,+54 9 11 2895-5767,Ginecología,Av. Callao,1560,Belgrano,Belgrano-Centro,2026-12-16,1951-02-19,"Golf, Yoga, Tenis",No especifica,Trimestral,Hospital Garrahan,Universidad de Tucumán – Medicina,1998,Nicolás Díaz,-34.563598,-58.455078
994141,Facundo,Ruiz,facundo.ruiz@outlook.com,011-7941-6237,+54 9 11 6980-3069,Endocrinología,Av. Callao,6576,Vicente López,Vicente López-Centro,,1989-05-27,"Viajes, Tenis",No especifica,Anual,Hospital Fernández,Universidad de Tucumán – Medicina,2016,Gonzalo Medina,-34.531908,-58.477476
656926,Gabriel,Castro,gabriel.castro@medicos.com.ar,011-3022-5480,+54 9 11 8836-4534,Dermatología,Av. Belgrano,6271,Devoto,Devoto-Centro,2026-10-19,1953-04-28,"Ajedrez, Yoga, Fotografía",Católica,Trimestral,Hospital Rivadavia,Universidad de Córdoba – Medicina,2023,Lucía Fernández,-34.603412,-58.510898
265080,Milagros,Rojas,milagros.rojas@yahoo.com.ar,011-7921-8756,+54 9 11 6706-7412,Ginecología,Av. Rivadavia,8748,Almagro,Almagro-Centro,2026-04-03,1954-09-13,"Yoga, Jardinería, Fotografía",No especifica,Trimestral,Fundación Favaloro,UBA – Facultad de Medicina,1984,Nicolás Díaz,-34.606732,-58.422176
159642,Miguel,Cabrera,miguel.cabrera@hospital.org.ar,011-8904-5769,+54 9 11 3372-4436,Traumatología,Av. Maipú,3305,San Isidro,San Isidro-Centro,,1962-02-22,Ciclismo,Otra,Anual,Hospital Rivadavia,UBA – Facultad de Medicina,1995,Paula Acosta,-34.469647,-58.532909
632496,Valentina,Martínez,valentina.martinez@gmail.com,011-9444-6545,+54 9 11 8107-3434,Clínica Médica,Av. Cabildo,656,Almagro,Almagro-Centro,2025-11-19,1954-10-06,"Jardinería, Ciclismo",Católica,Anual,Sanatorio Güemes,Universidad de Rosario – Medicina,2019,Carlos Gómez,-34.612812,-58.421034
184002,Lucía,Sánchez,lucia.sanchez@gmail.com,011-2999-9015,+54 9 11 9351-4685,Traumatología,Av. Independencia,9487,Palermo,Palermo-Norte,2026-02-25,1951-02-26,"Viajes, Lectura",Evangélica,Trimestral,Sanatorio Finochietto,Universidad de Rosario – Medicina,2012,Matías Herrera,-34.575127,-58.425205
992697,José,Giménez,jose.gimenez2@hotmail.com,011-7640-1323,+54 9 11 7451-9788,Infectología,Av. Rivadavia,8601,Devoto,Devoto-Centro,2026-09-18,1991-04-22,"Natación, Lectura",Católica,Trimestral,Hospital Italiano,Universidad Maimónides – Medicina,2016,Valentina Pérez,-34.595629,-58.51361
294851,Miguel,Navarro,miguel.navarro@hotmail.com,011-3641-2438,+54 9 11 5206-1573,Dermatología,Av. Callao,8392,Belgrano,Belgrano-Centro,,1971-11-01,"Vela, Jardinería, Viajes",No especifica,Semestral,Sanatorio Otamendi,Hospital Italiano – Instituto Universitario,2010,Lucía Fernández,-34.564014,-58.451337
171849,Natalia,Morales,natalia.morales@medicos.com.ar,011-6769-9818,+54 9 11 9365-4438,Clínica Médica,Av. Segurola,832,Belgrano,Belgrano-R,2026-12-15,1985-03-20,"Pintura, Running, Cine",Evangélica,Trimestral,Hospital Argerich,Universidad Austral – Medicina,2026,Florencia Sánchez,-34.564629,-58.459119
723939,Nicolás,Díaz,nicolas.diaz@outlook.com,011-8472-2364,+54 9 11 5164-7968,Infectología,Av. La Plata,3438,Recoleta,Recoleta-Norte,2026-12-14,1954-11-07,"Viajes, Natación",Otra,Semestral,Hospital Austral,Universidad Austral – Medicina,2023,Agustín Varela,-34.591294,-58.390673
171262,Nicolás,Rodríguez,nicolas.rodriguez@medicos.com.ar,011-5055-2270,+54 9 11 5425-3041,Psiquiatría,Av. Segurola,9084,Belgrano,Belgrano-R,2026-10-06,1975-06-25,Ajedrez,Judía,Trimestral,Hospital Argerich,UBA – Facultad de Medicina,2007,Camila Ruiz,-34.562932,-58.457706
808011,Nicolás,Pérez,nicolas.perez@gmail.com,011-3879-9625,+54 9 11 6022-9021,Pediatría,Av. Boedo,5816,Belgrano,Belgrano-R,,1981-10-04,"Vela, Ajedrez",Otra,Trimestral,Hospital Garrahan,Universidad Austral – Medicina,2006,Nicolás Díaz,-34.559995,-58.452346
346629,Belén,Romero,belen.romero@yahoo.com.ar,011-1155-9414,+54 9 11 3547-3070,Traumatología,Av. Juan B. Justo,9398,Recoleta,Recoleta-Norte,,1958-06-23,"Ciclismo, Jardinería",No especifica,Digital,Sanatorio Güemes,Universidad Austral – Medicina,1997,Paula Acosta,-34.584646,-58.397471
523389,Andrés,Herrera,andres.herrera@outlook.com,011-9529-4748,+54 9 11 6000-2424,Psiquiatría,Av. Scalabrini Ortiz,5223,La Plata,La Plata-Centro,2026-12-26,1952-04-03,"Pesca, Golf, Pintura",No especifica,Digital,Hospital Británico,Hospital Italiano – Instituto Universitario,1986,Lucía Fernández,-34.917548,-57.952653
225710,Miguel,Peralta,miguel.peralta@outlook.com,011-9437-9722,+54 9 11 3042-7643,Traumatología,Av. Gaona,3215,Palermo,Palermo-Norte,2026-05-28,1971-12-18,"Jardinería, Fotografía, Música",Judía,Trimestral,Hospital Austral,UBA – Facultad de Medicina,2017,Agustín Varela,-34.575891,-58.422541
697347,José,Silva,jose.silva@hotmail.com,011-9416-6788,+54 9 11 1834-7925,Infectología,Av. Juan B. Justo,2893,Devoto,Devoto-Centro,2026-06-21,1983-09-28,"Cocina, Golf",No especifica,Semestral,Sanatorio Finochietto,Hospital Italiano – Instituto Universitario,2010,Julieta Romero,-34.600267,-58.517868
358175,Agustina,Ramírez,agustina.ramirez@yahoo.com.ar,011-9446-1580,+54 9 11 8586-8999,Endocrinología,Av. Directorio,196,Palermo,Palermo-Sur,2026-08-09,1992-01-12,"Pesca, Cocina",Católica,Anual,Hospital Italiano,Universidad del Salvador – Medicina,2018,Florencia Sánchez,-34.578845,-58.426714
707040,Celeste,Sosa,celeste.sosa@hotmail.com,011-7729-3029,+54 9 11 8985-1113,Clínica Médica,Av. Congreso,4198,Recoleta,Recoleta-Norte,2026-10-15,1975-07-06,Viajes,Evangélica,Semestral,Sanatorio Güemes,Universidad de Córdoba – Medicina,2016,Ana Martínez,-34.589739,-58.394046
723398,Carolina,González,carolina.gonzalez@yahoo.com.ar,011-4251-2813,+54 9 11 4105-5667,Gastroenterología,Av. Córdoba,6564,Palermo,Palermo-Sur,2026-12-02,1988-11-07,"Pesca, Viajes, Natación",Otra,Semestral,Hospital Posadas,Universidad de Córdoba – Medicina,2019,Ana Martínez,-34.580789,-58.426688
141672,Hernán,Gutiérrez,hernan.gutierrez@hotmail.com,011-2797-2767,+54 9 11 1346-3066,Gastroenterología,Av. Directorio,8292,Recoleta,Recoleta-Norte,2026-12-11,1955-06-14,"Pesca, Running",Otra,Mensual,Sanatorio Finochietto,Hospital Italiano – Instituto Universitario,2017,Paula Acosta,-34.591864,-58.391156
749468,Florencia,Ledesma,florencia.ledesma@hotmail.com,011-9376-4061,+54 9 11 5087-5606,Neurología,Av. Centenario,4417,Belgrano,Belgrano-R,2026-12-23,1986-08-23,"Viajes, Música, Lectura",Judía,Digital,Hospital Pirovano,Universidad de Tucumán – Medicina,2013,Valentina Pérez,-34.557057,-58.458526
185965,Agustina,López,agustina.lopez@yahoo.com.ar,011-4148-3395,+54 9 11 7984-1289,Traumatología,Av. Rivadavia,934,San Isidro,San Isidro-Centro,2025-04-01,1958-04-08,"Tenis, Yoga",Católica,Anual,Hospital Alemán,Universidad Maimónides – Medicina,2003,Rocío Castro,-34.473196,-58.52775
539589,Julieta,Silva,julieta.silva@yahoo.com.ar,011-6751-7849,+54 9 11 5046-6240,Endocrinología,Av. Pueyrredón,769,Palermo,Palermo-Sur,2026-09-08,1985-05-16,"Pesca, Ciclismo",Evangélica,Digital,Hospital Posadas,Universidad Austral – Medicina,2017,Ana Martínez,-34.584995,-58.423396
789305,Paula,Sánchez,paula.sanchez@gmail.com,011-1223-3134,+54 9 11 6426-6907,Infectología,Av. Monroe,9748,Núñez,Núñez-Centro,,1981-04-19,Tenis,No especifica,Mensual,Hospital Fernández,Universidad de Tucumán – Medicina,2017,Ana Martínez,-34.544711,-58.457284
712024,Fernando,Ruiz,fernando.ruiz@hospital.org.ar,011-8303-2616,+54 9 11 2226-9955,Traumatología,Av. Belgrano,7869,Flores,Flores-Norte,2026-11-15,1989-01-05,"Ciclismo, Jardinería",Católica,Anual,Hospital Argerich,Universidad Maimónides – Medicina,2016,Daniela Morales,-34.623104,-58.46598
692683,Carolina,García,carolina.garcia@outlook.com,011-7864-9581,+54 9 11 9255-1358,Gastroenterología,Av. Gaona,4591,Caballito,Caballito-Centro,,1962-01-26,Fotografía,Otra,Anual,CEMIC,Universidad Maimónides – Medicina,1998,Rocío Castro,-34.616033,-58.445711
648177,Hernán,Gutiérrez,hernan.gutierrez@medicos.com.ar,011-7393-7567,+54 9 11 5448-4390,Gastroenterología,Av. Santa Fe,2721,Caballito,Caballito-Centro,2026-10-26,1966-08-17,"Cine, Lectura, Fotografía",Judía,Semestral,Hospital Durand,Hospital Italiano – Instituto Universitario,2023,Julieta Romero,-34.617281,-58.441079
431737,Carlos,Giménez,carlos.gimenez@hotmail.com,011-5781-1640,+54 9 11 3427-5550,Ginecología,Av. Libertador,944,Recoleta,Recoleta-Norte,2026-12-20,1964-02-01,"Vela, Cine, Viajes",Otra,Digital,Hospital Santojanni,Universidad del Salvador – Medicina,2010,Florencia Sánchez,-34.585576,-58.39551
373432,Soledad,Suárez,soledad.suarez@yahoo.com.ar,011-1938-1170,+54 9 11 6824-4592,Nutrición,Av. Pueyrredón,4294,Quilmes,Quilmes-Centro,2026-09-03,1992-12-24,Natación,Evangélica,Semestral,Hospital Pirovano,Universidad de Córdoba – Medicina,2022,Daniela Morales,-34.723284,-58.253626
314181,Camila,Córdoba,camila.cordoba@hospital.org.ar,011-7479-3550,+54 9 11 8308-4796,Dermatología,Av. Directorio,2530,Microcentro,Microcentro-Este,,1969-03-27,Yoga,Judía,Trimestral,Hospital Rivadavia,Hospital Italiano – Instituto Universitario,2004,Rocío Castro,-34.599978,-58.385063
802258,Valentina,Rojas,valentina.rojas@hospital.org.ar,011-4077-2137,+54 9 11 3351-2180,Psiquiatría,Av. Cabildo,7555,Microcentro,Microcentro-Este,,1952-09-05,Lectura,Católica,Mensual,Hospital Garrahan,Universidad de Rosario – Medicina,2022,Ana Martínez,-34.599909,-58.376296
850981,Carlos,Romero,carlos.romero@hotmail.com,011-2369-5385,+54 9 11 3336-1221,Traumatología,Av. Maipú,1842,Palermo,Palermo-Norte,,1993-04-05,"Pesca, Viajes",Judía,Digital,Hospital Rivadavia,Hospital Italiano – Instituto Universitario,2024,Gonzalo Medina,-34.579576,-58.421817
429445,Ana,Giménez,ana.gimenez@hospital.org.ar,011-5382-9906,+54 9 11 3016-1347,Neurología,Av. Callao,9023,Palermo,Palermo-Sur,2026-12-14,1989-01-08,"Yoga, Música",Otra,Trimestral,Hospital Garrahan,Universidad Austral – Medicina,2013,Paula Acosta,-34.582033,-58.424885
350280,Lucía,Ríos,lucia.rios@hotmail.com,011-2804-4678,+54 9 11 2666-5617,Psiquiatría,Av. Rivadavia,5567,Núñez,Núñez-Centro,2026-03-05,1996-10-05,Pintura,Judía,Anual,Hospital Santojanni,Universidad de Tucumán – Medicina,2021,Agustín Varela,-34.548816,-58.451767
378517,Paula,Ledesma,paula.ledesma@yahoo.com.ar,011-6707-2702,+54 9 11 5441-9179,Psiquiatría,Av. Hipólito Yrigoyen,4448,Núñez,Núñez-Centro,2026-08-07,1998-03-25,"Pesca, Running, Lectura",No especifica,Semestral,Hospital Garrahan,Universidad de Córdoba – Medicina,2023,Diego López,-34.541893,-58.453887
515011,Carolina,Herrera,carolina.herrera@hotmail.com,011-2481-6292,+54 9 11 3089-3979,Neurología,Av. Directorio,5331,Almagro,Almagro-Centro,2026-05-01,1960-11-11,"Vela, Pesca",No especifica,Trimestral,Hospital Posadas,Universidad Maimónides – Medicina,1992,Matías Herrera,-34.609058,-58.420187
237235,Facundo,Flores,facundo.flores@outlook.com,011-2369-7911,+54 9 11 9633-4593,Gastroenterología,Av. Cabildo,6026,Belgrano,Belgrano-Centro,2026-12-13,1975-09-16,Yoga,Otra,Mensual,Hospital Gutiérrez,Universidad de La Plata – Medicina,2003,Lucía Fernández,-34.566971,-58.451061
804318,Sofía,Domínguez,sofia.dominguez@outlook.com,011-4973-4452,+54 9 11 4679-1915,Neurología,Av. Callao,2444,Recoleta,Recoleta-Norte,2026-04-17,1975-01-23,Golf,Judía,Digital,Sanatorio Finochietto,Universidad de Tucumán – Medicina,2002,Carlos Gómez,-34.588225,-58.397737
776856,Daniela,Torres,daniela.torres@gmail.com,011-5014-2262,+54 9 11 1204-7823,Pediatría,Av. Congreso,3088,Recoleta,Recoleta-Norte,2026-03-20,1954-05-16,Viajes,Católica,Semestral,Hospital Italiano,Hospital Italiano – Instituto Universitario,2004,Gonzalo Medina,-34.587302,-58.396599
414569,Carlos,Bustos,carlos.bustos@hotmail.com,011-9245-3627,+54 9 11 1178-7494,Nutrición,Av. Segurola,7543,Microcentro,Microcentro-Este,2026-04-06,1966-05-23,"Ajedrez, Viajes, Cocina",Otra,Anual,Hospital Argerich,Universidad del Salvador – Medicina,2004,Valentina Pérez,-34.603458,-58.377705
579434,Soledad,Martínez,soledad.martinez@hotmail.com,011-7427-4009,+54 9 11 2264-8674,Endocrinología,Av. San Martín,6737,Devoto,Devoto-Centro,,1957-07-07,"Natación, Golf, Música",Evangélica,Mensual,Hospital Británico,Universidad de La Plata – Medicina,1998,Ana Martínez,-34.595727,-58.517352
431535,Roberto,Giménez,roberto.gimenez@gmail.com,011-2070-4471,+54 9 11 1179-6064,Clínica Médica,Av. La Plata,3405,San Isidro,San Isidro-Centro,2026-05-27,1993-10-19,"Running, Yoga",Católica,Digital,Hospital Alemán,UBA – Facultad de Medicina,2017,Rocío Castro,-34.470616,-58.532676
888387,Alejandro,Suárez,alejandro.suarez@outlook.com,011-9195-4192,+54 9 11 6152-7400,Pediatría,Av. Córdoba,1695,Núñez,Núñez-Centro,2026-11-27,1992-09-26,Yoga,Judía,Mensual,Sanatorio Finochietto,Universidad de Tucumán – Medicina,2018,Matías Herrera,-34.546687,-58.452035
176066,Sofía,Figueroa,sofia.figueroa@gmail.com,011-2528-4794,+54 9 11 4533-3307,Pediatría,Av. Boedo,8559,Caballito,Caballito-Centro,2026-05-22,1977-08-26,"Tenis, Ajedrez",Judía,Semestral,Hospital Gutiérrez,Universidad de Tucumán – Medicina,2005,Julieta Romero,-34.613077,-58.440913
109767,Camila,Ledesma,camila.ledesma@medicos.com.ar,011-2228-3496,+54 9 11 9151-2595,Psiquiatría,Av. Córdoba,5171,Palermo,Palermo-Norte,,1967-02-15,"Ciclismo, Vela",Católica,Trimestral,Hospital Rivadavia,Universidad del Salvador – Medicina,2011,Julieta Romero,-34.579529,-58.420311
580547,José,Álvarez,jose.alvarez@hospital.org.ar,011-8548-5226,+54 9 11 8753-5194,Urología,Av. Nazca,2401,Villa Urquiza,Villa Urquiza-Centro,2026-02-11,1996-06-28,"Ciclismo, Esquí",No especifica,Anual,Hospital Austral,Universidad Austral – Medicina,2022,Paula Acosta,-34.568602,-58.485283
751332,Gabriel,Silva,gabriel.silva@gmail.com,011-7769-9289,+54 9 11 8374-5306,Pediatría,Av. Gaona,1034,Palermo,Palermo-Sur,2026-11-19,1998-03-28,"Running, Música",Otra,Semestral,Hospital Rivadavia,Universidad de Tucumán – Medicina,2022,Matías Herrera,-34.57759,-58.427552
690341,Rocío,Fernández,rocio.fernandez@yahoo.com.ar,011-8632-8675,+54 9 11 9767-8616,Neurología,Av. Rivadavia,3053,Belgrano,Belgrano-R,2026-12-04,1971-04-13,"Cocina, Pesca",Católica,Mensual,Hospital Santojanni,Universidad de Tucumán – Medicina,2016,Nicolás Díaz,-34.559682,-58.451825
204837,Julieta,Figueroa,julieta.figueroa@gmail.com,011-9930-3551,+54 9 11 8699-3384,Neurología,Av. San Martín,9409,San Isidro,San Isidro-Centro,,1995-06-26,Pintura,Evangélica,Anual,Hospital Alemán,Universidad Favaloro – Medicina,2025,Sebastián Torres,-34.476687,-58.526989
176819,Martín,Álvarez,martin.alvarez@gmail.com,011-3322-2134,+54 9 11 5487-7636,Infectología,Av. Belgrano,7496,Belgrano,Belgrano-Centro,2026-03-19,1982-03-27,Cocina,Evangélica,Mensual,Hospital Santojanni,Hospital Italiano – Instituto Universitario,2007,Paula Acosta,-34.558287,-58.455752
663750,Sebastián,Peralta,sebastian.peralta2@outlook.com,011-9773-3632,+54 9 11 8156-6811,Ginecología,Av. Del Libertador,262,Almagro,Almagro-Centro,2026-01-17,1994-12-22,"Viajes, Pesca",Evangélica,Semestral,Hospital Italiano,Universidad Austral – Medicina,2020,Nicolás Díaz,-34.608391,-58.416062
323508,Lucía,Molina,lucia.molina@yahoo.com.ar,011-9531-1060,+54 9 11 8381-3059,Ginecología,Av. Nazca,9576,Villa Urquiza,Villa Urquiza-Centro,2026-05-28,1972-12-18,Cocina,No especifica,Trimestral,Hospital Pirovano,Universidad de La Plata – Medicina,2020,Matías Herrera,-34.577026,-58.492814
630458,Juan,Silva,juan.silva@yahoo.com.ar,011-1265-5947,+54 9 11 6029-9226,Neurología,Av. Triunvirato,8277,Belgrano,Belgrano-R,2026-07-27,1976-06-27,Jardinería,Otra,Anual,Hospital Santojanni,Universidad del Salvador – Medicina,2017,Agustín Varela,-34.560511,-58.45644
378082,Daniela,Álvarez,daniela.alvarez@medicos.com.ar,011-3664-9892,+54 9 11 8141-7251,Psiquiatría,Av. Centenario,7267,La Plata,La Plata-Centro,2026-12-23,1993-02-03,"Vela, Lectura, Jardinería",No especifica,Digital,Hospital de Clínicas,Universidad de Córdoba – Medicina,2017,Paula Acosta,-34.919659,-57.951979
238890,Belén,López,belen.lopez@hospital.org.ar,011-5749-7891,+54 9 11 4471-4651,Psiquiatría,Av. La Plata,6343,Villa Urquiza,Villa Urquiza-Centro,,1976-08-14,"Yoga, Cine, Esquí",Evangélica,Anual,Hospital Gutiérrez,Universidad Favaloro – Medicina,2026,Martín Rodríguez,-34.576855,-58.486437
465962,Sebastián,Acosta,sebastian.acosta@gmail.com,011-7792-1535,+54 9 11 1254-1430,Traumatología,Av. Maipú,6234,Recoleta,Recoleta-Norte,,1960-06-11,"Cocina, Ajedrez",Católica,Digital,Hospital Durand,Universidad Maimónides – Medicina,1994,Paula Acosta,-34.583592,-58.39281
172132,Leandro,Aguirre,leandro.aguirre@hotmail.com,011-7396-3846,+54 9 11 7604-6212,Pediatría,Av. Scalabrini Ortiz,3884,Caballito,Caballito-Centro,2026-10-04,1991-11-19,Running,Católica,Semestral,Hospital Rivadavia,Universidad de La Plata – Medicina,2021,Daniela Morales,-34.622004,-58.438988
356150,María,Aguirre,maria.aguirre@gmail.com,011-3507-1455,+54 9 11 9907-2290,Endocrinología,Av. Santa Fe,2238,Almagro,Almagro-Centro,2025-12-22,1987-04-21,"Ajedrez, Cine, Tenis",Evangélica,Semestral,CEMIC,Universidad Favaloro – Medicina,2018,Sebastián Torres,-34.604166,-58.418655
487477,Laura,Torres,laura.torres@hospital.org.ar,011-1379-2694,+54 9 11 2817-8522,Psiquiatría,Av. Callao,2423,Belgrano,Belgrano-R,2026-12-13,1994-08-28,Pintura,Católica,Trimestral,Hospital de Clínicas,Universidad de Córdoba – Medicina,2023,Matías Herrera,-34.564175,-58.452054
398830,Natalia,García,natalia.garcia@hotmail.com,011-7879-7148,+54 9 11 6137-8387,Nutrición,Av. Pueyrredón,4994,Caballito,Caballito-Centro,2026-10-26,1958-10-28,"Vela, Golf, Fotografía",No especifica,Mensual,Hospital Gutiérrez,Universidad de Córdoba – Medicina,1984,Nicolás Díaz,-34.622899,-58.445213
265409,Martín,Sánchez,martin.sanchez@hotmail.com,011-1484-9781,+54 9 11 1377-9486,Endocrinología,Av. Las Heras,6078,Recoleta,Recoleta-Norte,,1990-04-03,Running,Evangélica,Trimestral,Hospital Argerich,Universidad de Córdoba – Medicina,2025,Federico Álvarez,-34.590852,-58.39583
559469,Milagros,Suárez,milagros.suarez@outlook.com,011-9123-8144,+54 9 11 9399-7552,Traumatología,Av. Libertador,2933,San Isidro,San Isidro-Centro,2026-04-19,1981-07-04,"Pesca, Pintura, Jardinería",Otra,Digital,Hospital Rivadavia,Universidad Favaloro – Medicina,2023,Julieta Romero,-34.475021,-58.52454
974244,Ignacio,Herrera,ignacio.herrera@yahoo.com.ar,011-2762-7275,+54 9 11 8033-4272,Pediatría,Av. Directorio,1152,Núñez,Núñez-Centro,2026-11-19,1982-10-14,Lectura,Judía,Digital,Hospital Gutiérrez,Universidad de Rosario – Medicina,2015,Agustín Varela,-34.545506,-58.452106
669605,Gabriel,Aguirre,gabriel.aguirre@hotmail.com,011-6861-5019,+54 9 11 2190-4525,Endocrinología,Av. Directorio,2476,Núñez,Núñez-Centro,,1954-01-23,Vela,Católica,Trimestral,Fundación Favaloro,Universidad de La Plata – Medicina,1999,Gonzalo Medina,-34.542205,-58.459777
837715,Nicolás,Suárez,nicolas.suarez@medicos.com.ar,011-4476-9638,+54 9 11 4562-2686,Infectología,Av. Triunvirato,1325,Quilmes,Quilmes-Centro,,1971-06-27,"Tenis, Cine",Otra,Trimestral,Hospital Alemán,Universidad de Córdoba – Medicina,2015,Sebastián Torres,-34.727261,-58.252537
417212,Lucía,Sánchez,lucia.sanchez@outlook.com,011-3803-6355,+54 9 11 7272-4873,Gastroenterología,Av. Belgrano,392,Palermo,Palermo-Norte,2026-05-13,1969-05-05,"Golf, Running",Otra,Mensual,Sanatorio Otamendi,UBA – Facultad de Medicina,2018,Daniela Morales,-34.578563,-58.421439
741390,Pedro,Molina,pedro.molina@hospital.org.ar,011-5931-5500,+54 9 11 6196-6665,Gastroenterología,Av. Rivadavia,9216,Almagro,Almagro-Centro,,1973-05-23,Golf,Judía,Anual,Hospital Gutiérrez,Universidad de Tucumán – Medicina,2011,Ana Martínez,-34.606254,-58.420062
946305,Ana,González,ana.gonzalez@hotmail.com,011-2722-6289,+54 9 11 8138-4708,Pediatría,Av. Rivadavia,3231,Caballito,Caballito-Centro,2026-05-18,1998-12-28,"Running, Cine",Evangélica,Semestral,Hospital de Clínicas,UBA – Facultad de Medicina,2022,Lucía Fernández,-34.615759,-58.438877
785743,Soledad,Gutiérrez,soledad.gutierrez@yahoo.com.ar,011-3790-3257,+54 9 11 8548-2964,Neurología,Av. San Martín,2524,Recoleta,Recoleta-Norte,2026-12-07,1958-08-22,"Pesca, Cine",Evangélica,Digital,Hospital Durand,Universidad de Tucumán – Medicina,1989,Agustín Varela,-34.58447,-58.389122
654634,Gustavo,Flores,gustavo.flores@gmail.com,011-5322-5853,+54 9 11 2356-6783,Urología,Av. Segurola,3473,Vicente López,Vicente López-Centro,,1995-04-01,Natación,Judía,Anual,Hospital Pirovano,Universidad de Córdoba – Medicina,2022,Matías Herrera,-34.52505,-58.485249
108203,Belén,Benítez,belen.benitez@medicos.com.ar,011-6134-6108,+54 9 11 8438-3523,Urología,Av. Hipólito Yrigoyen,2230,Belgrano,Belgrano-R,,1959-09-07,Yoga,No especifica,Trimestral,Hospital Argerich,Universidad de Rosario – Medicina,2008,Carlos Gómez,-34.564812,-58.457364
800305,Pedro,Torres,pedro.torres@outlook.com,011-2755-2805,+54 9 11 4941-1271,Urología,Av. Pueyrredón,4470,Villa Urquiza,Villa Urquiza-Centro,,1976-05-04,Ajedrez,No especifica,Mensual,Hospital Posadas,Universidad Favaloro – Medicina,2017,Florencia Sánchez,-34.577714,-58.488381
956795,Carolina,Sosa,carolina.sosa@yahoo.com.ar,011-1870-8230,+54 9 11 5466-7058,Clínica Médica,Av. Corrientes,6367,Belgrano,Belgrano-R,2026-11-22,1986-07-06,Tenis,Judía,Digital,Sanatorio Otamendi,Universidad de Rosario – Medicina,2018,Rocío Castro,-34.55968,-58.456774
681542,Lucía,Flores,lucia.flores@gmail.com,011-1870-1584,+54 9 11 5361-4911,Traumatología,Av. La Plata,1755,Belgrano,Belgrano-Centro,2026-04-28,1953-07-13,Fotografía,Judía,Mensual,Hospital Argerich,Universidad de Córdoba – Medicina,2002,Camila Ruiz,-34.564245,-58.452174
413921,Alejandro,Suárez,alejandro.suarez@hospital.org.ar,011-5718-1050,+54 9 11 2544-4032,Dermatología,Av. Monroe,5102,Devoto,Devoto-Centro,2026-11-17,1978-11-03,Pesca,Otra,Trimestral,Sanatorio Güemes,Universidad Austral – Medicina,2007,Nicolás Díaz,-34.595474,-58.512121
795613,Romina,Rodríguez,romina.rodriguez@hotmail.com,011-5322-2261,+54 9 11 3797-1159,Urología,Av. Acoyte,9654,Núñez,Núñez-Centro,,1991-01-27,"Fotografía, Viajes, Lectura",Católica,Digital,Hospital Durand,Universidad Maimónides – Medicina,2015,Julieta Romero,-34.54999,-58.452268
208618,Paula,Varela,paula.varela@outlook.com,011-9039-6747,+54 9 11 9940-5216,Clínica Médica,Av. Libertador,6068,Devoto,Devoto-Centro,,1953-06-17,"Esquí, Golf, Viajes",Otra,Digital,Hospital de Clínicas,Hospital Italiano – Instituto Universitario,2026,Rocío Castro,-34.599412,-58.510723
240814,Diego,Torres,diego.torres@yahoo.com.ar,011-9156-1506,+54 9 11 5003-8056,Infectología,Av. Las Heras,1562,Núñez,Núñez-Centro,2026-12-09,1992-05-21,"Ciclismo, Natación",Otra,Digital,Sanatorio Otamendi,Universidad Austral – Medicina,2026,Gonzalo Medina,-34.548062,-58.451452
377312,Belén,Molina,belen.molina@yahoo.com.ar,011-6067-4122,+54 9 11 1673-9520,Endocrinología,Av. Del Libertador,2114,Flores,Flores-Norte,2026-08-20,1980-02-01,"Vela, Fotografía",Evangélica,Trimestral,Hospital Fernández,Universidad Maimónides – Medicina,2019,Gonzalo Medina,-34.628665,-58.46345
221035,Natalia,Suárez,natalia.suarez@gmail.com,011-5828-1255,+54 9 11 8436-1670,Gastroenterología,Av. Belgrano,9816,San Isidro,San Isidro-Centro,2026-04-15,1971-06-22,"Esquí, Viajes",Católica,Mensual,Hospital Fernández,Universidad de La Plata – Medicina,1995,Federico Álvarez,-34.475766,-58.528116
212235,Julieta,Torres,julieta.torres@hospital.org.ar,011-4223-8078,+54 9 11 2322-5764,Infectología,Av. Corrientes,7852,Vicente López,Vicente López-Centro,2026-12-26,1958-07-14,"Fotografía, Pintura",Evangélica,Mensual,Hospital Ramos Mejía,Universidad de Tucumán – Medicina,2007,Federico Álvarez,-34.522671,-58.483513
878480,Belén,Romero,belen.romero@hospital.org.ar,011-4268-5096,+54 9 11 3223-7820,Infectología,Av. Belgrano,5097,San Isidro,San Isidro-Centro,,1969-09-06,"Natación, Esquí",Evangélica,Anual,Hospital Fernández,Universidad Maimónides – Medicina,2017,Ana Martínez,-34.476144,-58.527333
680097,Rocío,Ortiz,rocio.ortiz@outlook.com,011-8643-7889,+54 9 11 7721-8557,Psiquiatría,Av. Hipólito Yrigoyen,9257,Palermo,Palermo-Norte,2026-05-07,1990-10-10,"Vela, Yoga, Tenis",Otra,Trimestral,Hospital Gutiérrez,Universidad Austral – Medicina,2026,Agustín Varela,-34.584736,-58.422332
262998,Miguel,Rojas,miguel.rojas@hospital.org.ar,011-1097-8582,+54 9 11 9487-8540,Psiquiatría,Av. Rivadavia,996,Palermo,Palermo-Sur,2026-09-25,1977-10-04,Esquí,Católica,Digital,Hospital Santojanni,UBA – Facultad de Medicina,2010,Rocío Castro,-34.582298,-58.420138
385577,Camila,Benítez,camila.benitez@hotmail.com,011-9115-3234,+54 9 11 4662-3535,Urología,Av. Nazca,5193,La Plata,La Plata-Centro,2026-12-27,1959-12-07,Esquí,Católica,Mensual,Hospital Fernández,Universidad de Tucumán – Medicina,1990,Martín Rodríguez,-34.918809,-57.949635
395442,Florencia,Ramírez,florencia.ramirez@gmail.com,011-8761-1403,+54 9 11 9287-8271,Dermatología,Av. Corrientes,2095,Almagro,Almagro-Centro,,1983-09-09,"Golf, Fotografía, Viajes",Judía,Anual,Hospital Posadas,Universidad Austral – Medicina,2026,Ana Martínez,-34.611001,-58.420163
734210,Roberto,Sosa,roberto.sosa@hospital.org.ar,011-9956-4282,+54 9 11 8801-8871,Infectología,Av. Belgrano,1738,La Plata,La Plata-Centro,,1981-07-13,Yoga,Otra,Anual,Hospital Posadas,Universidad Austral – Medicina,2008,Paula Acosta,-34.916409,-57.95407
320861,Lucía,Navarro,lucia.navarro@outlook.com,011-1180-5960,+54 9 11 1558-8282,Traumatología,Av. Hipólito Yrigoyen,5911,Palermo,Palermo-Sur,2026-10-28,1969-05-01,"Esquí, Ajedrez",No especifica,Semestral,Sanatorio Otamendi,Universidad Favaloro – Medicina,2003,Agustín Varela,-34.575372,-58.425321
852470,José,Álvarez,jose.alvarez2@hospital.org.ar,011-3480-6764,+54 9 11 6558-8528,Infectología,Av. Libertador,5063,Recoleta,Recoleta-Norte,2026-12-22,1968-07-16,Natación,No especifica,Digital,Sanatorio Otamendi,Hospital Italiano – Instituto Universitario,2003,Agustín Varela,-34.582765,-58.397318
459536,Belén,Ortiz,belen.ortiz@medicos.com.ar,011-7615-2107,+54 9 11 1736-1483,Infectología,Av. Cabildo,1681,Caballito,Caballito-Centro,,1968-06-25,"Running, Tenis",No especifica,Trimestral,Hospital Rivadavia,Universidad de Rosario – Medicina,2006,Ana Martínez,-34.616347,-58.442006
313487,Martín,Sánchez,martin.sanchez@gmail.com,011-2194-8234,+54 9 11 7132-1482,Infectología,Av. San Martín,1863,Caballito,Caballito-Centro,2026-06-23,1962-09-07,Cocina,Judía,Semestral,Sanatorio Güemes,Hospital Italiano – Instituto Universitario,1998,Rocío Castro,-34.616013,-58.443224
820892,Carolina,Benítez,carolina.benitez@hotmail.com,011-2409-1397,+54 9 11 2576-4334,Neurología,Av. Maipú,2402,Palermo,Palermo-Sur,2026-12-15,1962-09-28,Cocina,No especifica,Semestral,Sanatorio Otamendi,Universidad de Córdoba – Medicina,1990,Valentina Pérez,-34.576067,-58.426404
765046,Gustavo,Sosa,gustavo.sosa@yahoo.com.ar,011-6840-3258,+54 9 11 2100-8190,Dermatología,Av. Nazca,6262,Microcentro,Microcentro-Este,,1965-05-04,"Natación, Golf, Música",Evangélica,Anual,Hospital Alemán,Universidad de Tucumán – Medicina,1996,Camila Ruiz,-34.60026,-58.380308
994343,Martín,Gutiérrez,martin.gutierrez@hospital.org.ar,011-6863-2113,+54 9 11 3586-5719,Nutrición,Av. La Plata,9526,Belgrano,Belgrano-Centro,,1966-05-13,"Golf, Tenis",Evangélica,Digital,Fundación Favaloro,Universidad de Córdoba – Medicina,1993,Ana Martínez,-34.564586,-58.455822
376807,Sebastián,Medina,sebastian.medina@hotmail.com,011-6481-1973,+54 9 11 3282-4346,Nutrición,Av. Hipólito Yrigoyen,1121,Flores,Flores-Norte,,1959-12-27,"Running, Pesca, Viajes",Evangélica,Semestral,Hospital Posadas,Universidad de Tucumán – Medicina,1985,Carlos Gómez,-34.630644,-58.467271
629959,Carlos,Pérez,carlos.perez@gmail.com,011-9136-9316,+54 9 11 4690-6738,Ginecología,Av. Acoyte,5071,Microcentro,Microcentro-Este,2026-05-05,1997-01-01,"Tenis, Ajedrez",Otra,Digital,Hospital Italiano,Universidad Maimónides – Medicina,2022,Matías Herrera,-34.601185,-58.377236
612262,Miguel,Aguirre,miguel.aguirre@hospital.org.ar,011-7993-3257,+54 9 11 2893-8175,Gastroenterología,Av. Mitre,6124,Belgrano,Belgrano-R,2026-11-17,1983-04-03,"Tenis, Golf, Música",Católica,Mensual,Hospital Posadas,Universidad Maimónides – Medicina,2025,Camila Ruiz,-34.563482,-58.457569
363319,José,Martínez,jose.martinez2@hotmail.com,011-8185-3958,+54 9 11 5630-1716,Clínica Médica,Av. Directorio,9969,Flores,Flores-Norte,,1990-10-13,"Cocina, Pesca, Ciclismo",Judía,Mensual,Hospital Británico,Hospital Italiano – Instituto Universitario,2021,Carlos Gómez,-34.626448,-58.465558
987204,Matías,Castro,matias.castro@yahoo.com.ar,011-5795-5001,+54 9 11 9631-5383,Neurología,Av. Triunvirato,8970,Flores,Flores-Norte,,1953-10-16,Yoga,No especifica,Mensual,Hospital Fernández,Universidad Maimónides – Medicina,1994,Sebastián Torres,-34.627966,-58.46746
153266,Camila,Sánchez,camila.sanchez@yahoo.com.ar,011-3325-1587,+54 9 11 4851-8213,Clínica Médica,Av. Callao,448,Villa Urquiza,Villa Urquiza-Centro,,1961-07-10,"Golf, Ajedrez",Otra,Mensual,Hospital Austral,Universidad de Rosario – Medicina,1990,Federico Álvarez,-34.573011,-58.494662
196781,Matías,López,matias.lopez2@hotmail.com,011-4370-7214,+54 9 11 4021-8062,Gastroenterología,Av. Segurola,5099,Palermo,Palermo-Sur,2026-11-17,1960-06-27,"Pintura, Vela, Tenis",Católica,Digital,Hospital Italiano,Universidad de La Plata – Medicina,2000,Sebastián Torres,-34.584687,-58.42237
765095,Milagros,Gutiérrez,milagros.gutierrez@hospital.org.ar,011-5709-9761,+54 9 11 8594-7944,Ginecología,Av. Pueyrredón,6347,Quilmes,Quilmes-Centro,,1990-01-09,"Natación, Ajedrez",Católica,Semestral,Hospital Durand,Universidad Maimónides – Medicina,2026,Carlos Gómez,-34.728327,-58.249074
544151,Soledad,Herrera,soledad.herrera@yahoo.com.ar,011-5403-5104,+54 9 11 1202-3036,Urología,Av. Independencia,5359,La Plata,La Plata-Centro,,1969-01-15,"Vela, Cocina, Pintura",Católica,Anual,Hospital Gutiérrez,Universidad de Córdoba – Medicina,1993,Lucía Fernández,-34.91764,-57.950524
969634,Belén,Fernández,belen.fernandez@yahoo.com.ar,011-6145-2049,+54 9 11 8216-3945,Ginecología,Av. Congreso,4624,Quilmes,Quilmes-Centro,2026-11-21,1958-03-05,Esquí,Otra,Mensual,Hospital de Clínicas,UBA – Facultad de Medicina,2021,Camila Ruiz,-34.730405,-58.254051
390120,Belén,Morales,belen.morales@gmail.com,011-4734-1996,+54 9 11 5244-5217,Ginecología,Av. Segurola,5889,Palermo,Palermo-Norte,2026-04-02,1976-02-03,Cocina,Evangélica,Anual,Sanatorio Otamendi,Universidad del Salvador – Medicina,2016,Ana Martínez,-34.579596,-58.429553
146228,Leandro,Silva,leandro.silva@hospital.org.ar,011-7815-2169,+54 9 11 7987-5638,Neurología,Av. Santa Fe,5450,Recoleta,Recoleta-Norte,,1957-06-16,Yoga,Judía,Digital,Hospital Rivadavia,Universidad de La Plata – Medicina,1999,Martín Rodríguez,-34.58593,-58.394397
103717,Belén,Rodríguez,belen.rodriguez@gmail.com,011-4464-6129,+54 9 11 9368-9326,Traumatología,Av. Las Heras,6306,Núñez,Núñez-Centro,2026-11-03,1989-07-25,"Vela, Pintura, Lectura",No especifica,Mensual,Hospital Durand,Universidad de Tucumán – Medicina,2023,Carlos Gómez,-34.541693,-58.460674
449759,Ana,Bustos,ana.bustos@outlook.com,011-9592-9525,+54 9 11 8225-6192,Ginecología,Av. Las Heras,9524,Quilmes,Quilmes-Centro,2026-11-25,1975-04-15,"Running, Ciclismo",No especifica,Mensual,Sanatorio Güemes,Universidad de Rosario – Medicina,2009,Camila Ruiz,-34.730069,-58.25656
908577,Hernán,García,hernan.garcia@yahoo.com.ar,011-8932-4774,+54 9 11 8355-7862,Neurología,Av. Independencia,2152,Vicente López,Vicente López-Centro,2026-12-13,1955-10-22,"Lectura, Running",Otra,Digital,Hospital Ramos Mejía,Universidad de La Plata – Medicina,1987,Federico Álvarez,-34.522743,-58.483551
237174,Sebastián,Sosa,sebastian.sosa@hotmail.com,011-9096-4245,+54 9 11 3947-8439,Traumatología,Av. Pueyrredón,2079,Palermo,Palermo-Norte,,1968-12-04,Viajes,No especifica,Mensual,Hospital Italiano,Universidad Austral – Medicina,2000,Paula Acosta,-34.580814,-58.422345
768061,Celeste,Gutiérrez,celeste.gutierrez@outlook.com,011-6805-3088,+54 9 11 7591-4955,Nutrición,Av. Callao,5618,La Plata,La Plata-Centro,,1960-10-04,"Jardinería, Pintura, Yoga",Otra,Mensual,Sanatorio Güemes,Universidad de Rosario – Medicina,1986,Florencia Sánchez,-34.917026,-57.950016
374680,Miguel,Álvarez,miguel.alvarez@hospital.org.ar,011-9345-2372,+54 9 11 3494-1127,Pediatría,Av. Segurola,7530,Núñez,Núñez-Centro,,1952-10-09,"Tenis, Esquí",No especifica,Mensual,Hospital Ramos Mejía,Universidad de Córdoba – Medicina,2025,Camila Ruiz,-34.546206,-58.456614
269430,Belén,Sosa,belen.sosa@outlook.com,011-5673-6288,+54 9 11 7292-6219,Traumatología,Av. Córdoba,787,Caballito,Caballito-Centro,2026-10-10,1985-07-17,"Fotografía, Lectura",Evangélica,Digital,Hospital de Clínicas,Universidad de La Plata – Medicina,2017,Nicolás Díaz,-34.61486,-58.439654

550101,Martín,Kreutzer,martin.kreutzer@hospital.org.ar,011-4501-2200,+54 9 11 5501-1001,Gastroenterología,Av. Cabildo,2100,Belgrano,Belgrano-Centro,,1978-02-14,"Vela, Fotografía",Católica,Mensual,Hospital Alemán,UBA – Facultad de Medicina,2005,Peccy,-34.560200,-58.454100
550102,Carolina,Vidal,carolina.vidal@medicos.com.ar,011-4502-3300,+54 9 11 5502-2002,Dermatología,Av. Del Libertador,5800,Belgrano,Belgrano-Centro,,1985-05-22,"Yoga, Pintura",No especifica,Trimestral,Hospital Británico,Universidad Austral – Medicina,2012,Peccy,-34.558900,-58.452300
550103,Rodrigo,Estévez,rodrigo.estevez@outlook.com,011-4503-4400,+54 9 11 5503-3003,Neurología,Av. Monroe,3200,Núñez,Núñez-Centro,,1970-08-30,"Ajedrez, Lectura",Judía,Mensual,Hospital de Clínicas,Universidad de Rosario – Medicina,1998,Peccy,-34.545500,-58.455200
550104,Luciana,Paz,luciana.paz@gmail.com,011-4504-5500,+54 9 11 5504-4004,Psiquiatría,Av. Cabildo,4500,Núñez,Núñez-Centro,,1982-11-03,"Running, Cine",Católica,Trimestral,Hospital Pirovano,Universidad Favaloro – Medicina,2010,Peccy,-34.547800,-58.458900
550105,Federico,Mansilla,federico.mansilla@hospital.org.ar,011-4505-6600,+54 9 11 5505-5005,Clínica Médica,Av. Del Libertador,7200,Núñez,Núñez-Centro,,1975-04-17,"Golf, Viajes",Evangélica,Semestral,Sanatorio Güemes,Universidad del Salvador – Medicina,2003,Peccy,-34.543200,-58.452700
550106,Valentina,Quiroga,valentina.quiroga@yahoo.com.ar,011-4506-7700,+54 9 11 5506-6006,Pediatría,Av. Congreso,2800,Belgrano,Belgrano-Centro,,1990-07-09,"Natación, Cocina",Otra,Mensual,Hospital Garrahan,UBA – Facultad de Medicina,2017,Peccy,-34.562100,-58.456800
550107,Gonzalo,Rivas,gonzalo.rivas@medicos.com.ar,011-4507-8800,+54 9 11 5507-7007,Endocrinología,Av. Cabildo,3600,Palermo,Palermo-Norte,,1968-12-25,"Tenis, Música",No especifica,Trimestral,Hospital Italiano,Hospital Italiano – Instituto Universitario,1996,Peccy,-34.575600,-58.423100
550108,Agustina,Lozano,agustina.lozano@hotmail.com,011-4508-9900,+54 9 11 5508-8008,Ginecología,Av. Santa Fe,4900,Palermo,Palermo-Norte,,1987-01-28,"Esquí, Jardinería",Católica,Semestral,Hospital Fernández,Universidad de Córdoba – Medicina,2014,Peccy,-34.578200,-58.421500
550109,Tomás,Ibáñez,tomas.ibanez@hospital.org.ar,011-4509-1100,+54 9 11 5509-9009,Urología,Av. Libertador,6100,Belgrano,Belgrano-Centro,,1973-10-11,"Pesca, Ciclismo",Judía,Mensual,CEMIC,Universidad de La Plata – Medicina,2001,Peccy,-34.557400,-58.450600
550110,Camila,Duarte,camila.duarte@outlook.com,011-4510-2200,+54 9 11 5510-0010,Nutrición,Av. Triunvirato,4100,Palermo,Palermo-Norte,,1992-06-15,"Yoga, Viajes, Lectura",No especifica,Trimestral,Sanatorio Otamendi,Universidad Maimónides – Medicina,2019,Peccy,-34.576900,-58.424800
550111,Sebastián,Montes,sebastian.montes@gmail.com,011-4511-3300,+54 9 11 5511-1011,Traumatología,Av. Monroe,5500,Núñez,Núñez-Centro,,1980-03-06,"Natación, Ajedrez",Católica,Semestral,Hospital Austral,Universidad Austral – Medicina,2008,Peccy,-34.544100,-58.453400
550112,María José,Ferreyra,mjose.ferreyra@medicos.com.ar,011-4512-4400,+54 9 11 5512-2012,Infectología,Av. Del Libertador,4200,Palermo,Palermo-Norte,,1984-09-19,"Ciclismo, Fotografía",Evangélica,Anual,Hospital Posadas,Universidad de Tucumán – Medicina,2011,Peccy,-34.574300,-58.422000