Anio,Mes,Zona,Producto,Presentacion,Tipo_OTC_RX,Unidades_Vendidas,Valor_Venta_ARS,Crecimiento_YoY_Pct,Farmacia
2025,1,Recoleta-Norte,TRICOPLUS,2 g/100 ml – loción capilar,RX,391,9012874.53,,Farmacia Güemes
2025,1,Recoleta-Norte,CO‑TIOCTAN,115 mg/50 mg – comprimido recubierto,OTC,118,365345.7,,Farmacia La Estrella
2025,1,Recoleta-Norte,TRICOFIN,500 mg – óvulo vaginal,RX,54,299538.0,,Farmacia Güemes
2025,1,Recoleta-Norte,TRICOPLUS,5 g/100 ml – loción capilar,RX,125,3024641.25,,Farmacia La Estrella
2025,1,Recoleta-Norte,PAMOXET,40 mg – comprimido recubierto,RX,234,4288908.78,,Farmacia Güemes
2025,1,Recoleta-Norte,APSICO,"2,5 mg – comprimido recubierto",RX,197,4473275.06,,Farmacia La Estrella
2025,1,Recoleta-Norte,APSICO,10 mg – comprimido recubierto,RX,232,5418095.52,,Farmacia La Estrella
2025,1,Recoleta-Norte,TANVIMIL PLUS,cápsula,OTC,112,807401.28,,Farmacia La Estrella
2025,1,Recoleta-Norte,TANVIMIL ACD,gotas orales en solución,OTC,58,233821.78,,Farmacia La Estrella
2025,1,Recoleta-Norte,APSICO,5 mg – comprimido recubierto,RX,225,2423155.5,,Farmacia Güemes
2025,1,Recoleta-Norte,TIOCTAN,600 mg – comprimido recubierto,RX,145,3157491.0,,Farmacia La Estrella
2025,1,Recoleta-Norte,TANVIMIL B1 B6 B12,comprimido recubierto,OTC,203,1892140.67,,Farmacia La Estrella
2025,1,Recoleta-Norte,PAMOXET,20 mg – comprimido recubierto,RX,205,4815515.6,,Farmacia La Estrella
2025,1,Recoleta-Norte,CIRUELAX MINITABS,75 mg – comprimido recubierto,OTC,250,516662.5,,Farmacia Güemes
2025,1,Recoleta-Norte,TACNA,250 mg – comprimido,RX,78,712675.08,,Farmacia La Estrella
2025,1,Recoleta-Norte,PANCUTAN NF,"0,2 g/600.000 UI/600.000 UI/100 g – gel tópico",RX,68,1074168.12,,Farmacia La Estrella
2025,1,Recoleta-Norte,TANVIMIL ACD FLUOR,solución oral,OTC,158,1804053.48,,Farmacia La Estrella
2025,1,Recoleta-Norte,ONEFIN,5 mg – comprimido,RX,183,4534028.13,,Farmacia Güemes
2025,1,Recoleta-Norte,TANVIMIL AMINOÁCIDOS,comprimido recubierto,OTC,18,138809.7,,Farmacia Güemes
2025,1,Microcentro-Este,TANVIMIL AMINOÁCIDOS,comprimido recubierto,OTC,134,1033361.1,,Farmacia Pueyrredón
2025,1,Microcentro-Este,PANCUTAN NF,"0,2 g/600.000 UI/600.000 UI/100 g – gel tópico",RX,200,3159318.0,,Farmacia Pueyrredón
2025,1,Microcentro-Este,TANVIMIL ACD,gotas orales en solución,OTC,323,1302145.43,,Farmacia Del Parque
2025,1,Microcentro-Este,TANVIMIL B1 B6 B12,comprimido recubierto,OTC,215,2003991.35,,Farmacia Pueyrredón
2025,1,Microcentro-Este,APSICO,"2,5 mg – comprimido recubierto",RX,218,4950121.64,,Farmacia Del Parque
2025,1,Microcentro-Este,TANVIMIL ACD FLUOR,solución oral,OTC,233,2660407.98,,Farmacia Pueyrredón
2025,1,Microcentro-Este,MENCOGRIN AP,champú,OTC,244,2515732.72,,Farmacia Pueyrredón
2025,1,Microcentro-Este,TACNA,250 mg – comprimido,RX,151,1379665.86,,Farmacia Pueyrredón
2025,1,Microcentro-Este,ALACIR,60 mg – comprimido recubierto gastrorresistente,RX,300,4133499.0,,Farmacia Pueyrredón
2025,1,Microcentro-Este,TRICOFIN,500 mg – óvulo vaginal,RX,221,1225887.0,,Farmacia Pueyrredón
2025,1,Microcentro-Este,APSICO,5 mg – comprimido recubierto,RX,203,2186224.74,,Farmacia Del Parque
2025,1,Microcentro-Este,CO‑TIOCTAN,115 mg/50 mg – comprimido recubierto,OTC,61,188865.15,,Farmacia Del Parque
2025,1,Microcentro-Este,TRIMACREM PLUS,"0,01 g/4 g/0,05 g/100 g – crema tópica",OTC,126,1141965.72,,Farmacia Pueyrredón
2025,1,Microcentro-Este,ONEFIN,10 mg – comprimido,RX,218,4375124.84,,Farmacia Pueyrredón
2025,1,Microcentro-Este,SUTRICO TAR,9 ml/100 ml – champú,OTC,125,618677.5,,Farmacia Pueyrredón
2025,1,Microcentro-Este,AEROGAL,64 g/170 g – polvo efervescente en frasco,OTC,148,1478508.16,,Farmacia Del Parque
2025,1,San Isidro-Centro,PAMOXET,20 mg – comprimido recubierto,RX,67,1573851.44,,Farmacia Del Oeste
2025,1,San Isidro-Centro,APSICO,10 mg – comprimido recubierto,RX,23,537138.78,,Farmacia Del Norte
2025,1,San Isidro-Centro,CIRUELAX MINITABS,75 mg – comprimido recubierto,OTC,120,247998.0,,Farmacia Del Norte
2025,1,San Isidro-Centro,TRICOFIN,500 mg – comprimido,RX,280,5627241.2,,Farmacia Del Norte
2025,1,San Isidro-Centro,TRIMACREM PLUS,"0,01 g/4 g/0,05 g/100 g – crema tópica",OTC,166,1504494.52,,Farmacia Del Oeste
2025,1,San Isidro-Centro,TANVIMIL ACD,gotas orales en solución,OTC,110,443455.1,,Farmacia Del Oeste
2025,1,San Isidro-Centro,ONEFIN,10 mg – comprimido,RX,137,2749505.06,,Farmacia Del Oeste
2025,1,San Isidro-Centro,PAMOXET,40 mg – comprimido recubierto,RX,292,5351971.64,,Farmacia Del Oeste
2025,1,San Isidro-Centro,TRICOPLUS,5 g/100 ml – loción capilar,RX,161,3895737.93,,Farmacia Del Oeste
2025,1,San Isidro-Centro,CO‑TIOCTAN,115 mg/50 mg – comprimido recubierto,OTC,43,133134.45,,Farmacia Del Oeste
2025,1,San Isidro-Centro,TANVIMIL B1 B6 B12,comprimido recubierto,OTC,171,1593872.19,,Farmacia Del Norte
2025,1,San Isidro-Centro,ONEFIN,5 mg – comprimido,RX,316,7829250.76,,Farmacia Del Norte
2025,1,San Isidro-Centro,TANVIMIL A,50.000 UI – cápsulas,OTC,101,1042829.04,,Farmacia Del Oeste
2025,1,San Isidro-Centro,TANDIUR,50 mg – comprimido,RX,366,2862141.96,,Farmacia Del Oeste
2025,1,San Isidro-Centro,TANVIMIL A,100.000 UI – cápsulas,OTC,284,641206.68,,Farmacia Del Norte
2025,1,San Isidro-Centro,APSICO,5 mg – comprimido recubierto,RX,91,980031.78,,Farmacia Del Oeste
2025,1,San Isidro-Centro,TACNA,250 mg – comprimido,RX,369,3371501.34,,Farmacia Del Norte
2025,1,Belgrano-R,PANCUTAN NF,"0,2 g/600.000 UI/600.000 UI/100 g – gel tópico",RX,542,8561751.78,,Farmacia Del Sol
2025,1,Belgrano-R,SUTRICO TAR,9 ml/100 ml – champú,OTC,301,1489775.42,,Farmacia Del Sol
2025,1,Belgrano-R,TANVIMIL AMINOÁCIDOS,comprimido recubierto,OTC,30,231349.5,,Farmacia Lavalle
2025,1,Belgrano-R,CO‑TIOCTAN,115 mg/50 mg – comprimido recubierto,OTC,201,622326.15,,Farmacia Del Sol
2025,1,Belgrano-R,ONEFIN,10 mg – comprimido,RX,94,1886521.72,,Farmacia Lavalle
2025,1,Belgrano-R,ALACIR,30 mg – comprimido recubierto gastrorresistente,RX,337,3530738.89,,Farmacia Del Sol
2025,1,Belgrano-R,TRICOFIN,500 mg – óvulo vaginal,RX,139,771033.0,,Farmacia Del Sol
2025,1,Belgrano-R,APSICO,"2,5 mg – comprimido recubierto",RX,139,3156270.22,,Farmacia Del Sol
2025,1,Belgrano-R,TRICOPLUS,5 g/100 ml – loción capilar,RX,450,10888708.5,,Farmacia Lavalle
2025,1,Belgrano-R,AEROGAL,64 g/170 g – polvo efervescente en frasco,OTC,76,759233.92,,Farmacia Lavalle
2025,1,Belgrano-R,TANVIMIL A,50.000 UI – cápsulas,OTC,147,1517780.88,,Farmacia Del Sol
2025,1,Belgrano-R,TANVIMIL PLUS,cápsula,OTC,94,677640.36,,Farmacia Lavalle
2025,1,Belgrano-R,ONEFIN,5 mg – comprimido,RX,94,2328954.34,,Farmacia Lavalle
2025,1,Belgrano-R,ALACIR,60 mg – comprimido recubierto gastrorresistente,RX,297,4092164.01,,Farmacia Lavalle
2025,1,Belgrano-R,MENCOGRIN AP,champú,OTC,647,6670815.86,,Farmacia Del Sol
2025,1,Belgrano-R,TIOCTAN,600 mg – comprimido recubierto,RX,115,2504217.0,,Farmacia Lavalle
2025,1,Belgrano-R,APSICO,10 mg – comprimido recubierto,RX,243,5674987.98,,Farmacia Del Sol
2025,1,Belgrano-R,TANDIUR,50 mg – comprimido,RX,267,2087956.02,,Farmacia Lavalle
2025,1,Belgrano-R,CIRUELAX MINITABS,75 mg – comprimido recubierto,OTC,286,591061.9,,Farmacia Lavalle
2025,1,Devoto-Centro,PAMOXET,20 mg – comprimido recubierto,RX,276,6483328.32,,Farmacia La Botica
2025,1,Devoto-Centro,TANVIMIL A,100.000 UI – cápsulas,OTC,232,523802.64,,Farmacia La Botica
2025,1,Devoto-Centro,TIOCTAN,600 mg – comprimido recubierto,RX,105,2286459.0,,Farmacia La Botica
2025,1,Devoto-Centro,TRICOPLUS,5 g/100 ml – loción capilar,RX,382,9243303.66,,Farmacia España
2025,1,Devoto-Centro,PANCUTAN NF,"0,2 g/600.000 UI/600.000 UI/100 g – gel tópico",RX,142,2243115.78,,Farmacia España
2025,1,Devoto-Centro,TANVIMIL ACD,gotas orales en solución,OTC,129,520051.89,,Farmacia La Botica
2025,1,Devoto-Centro,ONEFIN,5 mg – comprimido,RX,225,5574624.75,,Farmacia La Botica
2025,1,Devoto-Centro,TANDIUR,50 mg – comprimido,RX,190,1485811.4,,Farmacia España
2025,1,Devoto-Centro,TRIMACREM PLUS,"0,01 g/4 g/0,05 g/100 g – crema tópica",OTC,41,371592.02,,Farmacia La Botica
2025,1,Devoto-Centro,TANVIMIL ACD FLUOR,solución oral,OTC,173,1975324.38,,Farmacia España
2025,1,Devoto-Centro,MENCOGRIN AP,champú,OTC,385,3969496.3,,Farmacia España
2025,1,Devoto-Centro,TANVIMIL A,50.000 UI – cápsulas,OTC,80,826003.2,,Farmacia España
2025,1,Devoto-Centro,TRICOFIN,500 mg – comprimido,RX,77,1547491.33,,Farmacia España
2025,1,Devoto-Centro,SUTRICO TAR,9 ml/100 ml – champú,OTC,556,2751877.52,,Farmacia España
2025,1,Devoto-Centro,CIRUELAX MINITABS,75 mg – comprimido recubierto,OTC,92,190131.8,,Farmacia La Botica
2025,1,Devoto-Centro,APSICO,10 mg – comprimido recubierto,RX,24,560492.64,,Farmacia España
2025,1,Devoto-Centro,ALACIR,60 mg – comprimido recubierto gastrorresistente,RX,295,4064607.35,,Farmacia España
2025,1,Almagro-Centro,CO‑TIOCTAN,115 mg/50 mg – comprimido recubierto,OTC,90,278653.5,,Farmacia Brown
2025,1,Almagro-Centro,TRIMACREM PLUS,"0,01 g/4 g/0,05 g/100 g – crema tópica",OTC,216,1957655.52,,Farmacia Brown
2025,1,Almagro-Centro,TANVIMIL B1 B6 B12,comprimido recubierto,OTC,64,596536.96,,Farmacia Avenida
2025,1,Almagro-Centro,SUTRICO TAR,9 ml/100 ml – champú,OTC,442,2187643.64,,Farmacia Avenida
2025,1,Almagro-Centro,TANDIUR,50 mg – comprimido,RX,269,2103596.14,,Farmacia Brown
2025,1,Almagro-Centro,TRICOFIN,500 mg – óvulo vaginal,RX,189,1048383.0,,Farmacia Brown
2025,1,Almagro-Centro,TRICOPLUS,2 g/100 ml – loción capilar,RX,147,3388472.01,,Farmacia Brown
2025,1,Almagro-Centro,TACNA,250 mg – comprimido,RX,39,356337.54,,Farmacia Avenida
2025,1,Almagro-Centro,PAMOXET,20 mg – comprimido recubierto,RX,333,7822276.56,,Farmacia Brown
2025,1,Almagro-Centro,MENCOGRIN AP,champú,OTC,199,2051765.62,,Farmacia Avenida
2025,1,Almagro-Centro,APSICO,5 mg – comprimido recubierto,RX,48,516939.84,,Farmacia Brown
2025,1,Almagro-Centro,ONEFIN,5 mg – comprimido,RX,162,4013729.82,,Farmacia Brown
2025,1,Almagro-Centro,TANVIMIL AMINOÁCIDOS,comprimido recubierto,OTC,129,994802.85,,Farmacia Brown
2025,1,Vicente López-Centro,TANVIMIL ACD,gotas orales en solución,OTC,170,685339.7,,Farmacia Rivadavia
2025,1,Vicente López-Centro,APSICO,5 mg – comprimido recubierto,RX,32,344626.56,,Farmacia Urquiza
2025,1,Vicente López-Centro,TIOCTAN,600 mg – comprimido recubierto,RX,108,2351786.4,,Farmacia Urquiza
2025,1,Vicente López-Centro,TANVIMIL ACD FLUOR,solución oral,OTC,136,1552856.16,,Farmacia Urquiza
2025,1,Vicente López-Centro,TRICOFIN,500 mg – comprimido,RX,182,3657706.78,,Farmacia Rivadavia
2025,1,Vicente López-Centro,MENCOGRIN AP,champú,OTC,407,4196324.66,,Farmacia Urquiza
2025,1,Vicente López-Centro,APSICO,10 mg – comprimido recubierto,RX,167,3900094.62,,Farmacia Urquiza
2025,1,Vicente López-Centro,TRICOPLUS,5 g/100 ml – loción capilar,RX,344,8323812.72,,Farmacia Rivadavia
2025,1,Vicente López-Centro,TANVIMIL B1 B6 B12,comprimido recubierto,OTC,206,1920103.34,,Farmacia Rivadavia
2025,1,Vicente López-Centro,TANVIMIL A,50.000 UI – cápsulas,OTC,152,1569406.08,,Farmacia Urquiza
2025,1,Vicente López-Centro,TRICOFIN,500 mg – óvulo vaginal,RX,252,1397844.0,,Farmacia Rivadavia
2025,1,Vicente López-Centro,PAMOXET,20 mg – comprimido recubierto,RX,125,2936290.0,,Farmacia Rivadavia
2025,1,Vicente López-Centro,ALACIR,30 mg – comprimido recubierto gastrorresistente,RX,102,1068650.94,,Farmacia Urquiza
2025,1,Vicente López-Centro,TANDIUR,50 mg – comprimido,RX,121,946227.26,,Farmacia Urquiza
2025,1,Vicente López-Centro,PAMOXET,40 mg – comprimido recubierto,RX,92,1686237.64,,Farmacia Rivadavia
2025,1,Vicente López-Centro,TRIMACREM PLUS,"0,01 g/4 g/0,05 g/100 g – crema tópica",OTC,317,2873040.74,,Farmacia Urquiza
2025,1,Vicente López-Centro,CO‑TIOCTAN,115 mg/50 mg – comprimido recubierto,OTC,118,365345.7,,Farmacia Urquiza
2025,1,Vicente López-Centro,TANVIMIL PLUS,cápsula,OTC,102,735311.88,,Farmacia Rivadavia
2025,1,Vicente López-Centro,ONEFIN,10 mg – comprimido,RX,164,3291378.32,,Farmacia Rivadavia
2025,1,Vicente López-Centro,AEROGAL,64 g/170 g – polvo efervescente en frasco,OTC,45,449546.4,,Farmacia Rivadavia
2025,1,Palermo-Sur,TACNA,250 mg – comprimido,RX,75,685264.5,,Farmacia Moreno
2025,1,Palermo-Sur,PAMOXET,40 mg – comprimido recubierto,RX,273,5003726.91,,Farmacia Central
2025,1,Palermo-Sur,TANVIMIL ACD,gotas orales en solución,OTC,175,705496.75,,Farmacia Moreno
2025,1,Palermo-Sur,TRIMACREM PLUS,"0,01 g/4 g/0,05 g/100 g – crema tópica",OTC,405,3670604.1,,Farmacia Central
2025,1,Palermo-Sur,TRICOFIN,500 mg – óvulo vaginal,RX,193,1070571.0,,Farmacia Moreno
2025,1,Palermo-Sur,TRICOFIN,500 mg – comprimido,RX,335,6732592.15,,Farmacia Central
2025,1,Palermo-Sur,TRICOPLUS,2 g/100 ml – loción capilar,RX,263,6062368.29,,Farmacia Central
2025,1,Palermo-Sur,TANVIMIL PLUS,cápsula,OTC,118,850654.92,,Farmacia Central
2025,1,Palermo-Sur,TANVIMIL B1 B6 B12,comprimido recubierto,OTC,19,177096.91,,Farmacia Moreno
2025,1,Palermo-Sur,CO‑TIOCTAN,115 mg/50 mg – comprimido recubierto,OTC,114,352961.1,,Farmacia Moreno
2025,1,Palermo-Sur,ALACIR,60 mg – comprimido recubierto gastrorresistente,RX,172,2369872.76,,Farmacia Central
2025,1,Palermo-Sur,TANVIMIL A,100.000 UI – cápsulas,OTC,57,128692.89,,Farmacia Central
2025,1,Palermo-Sur,TRICOPLUS,5 g/100 ml – loción capilar,RX,196,4742637.48,,Farmacia Moreno
2025,1,Palermo-Sur,PAMOXET,20 mg – comprimido recubierto,RX,80,1879225.6,,Farmacia Moreno
2025,1,Palermo-Sur,MENCOGRIN AP,champú,OTC,162,1670281.56,,Farmacia Central
2025,1,Palermo-Sur,AEROGAL,64 g/170 g – polvo efervescente en frasco,OTC,134,1338649.28,,Farmacia Moreno
2025,1,Palermo-Sur,TANVIMIL ACD FLUOR,solución oral,OTC,15,171270.9,,Farmacia Central
2025,1,Quilmes-Centro,TRICOPLUS,2 g/100 ml – loción capilar,RX,226,5209487.58,,Farmacia Pasteur
2025,1,Quilmes-Centro,TRICOFIN,500 mg – óvulo vaginal,RX,62,343914.0,,Farmacia Alsina
2025,1,Quilmes-Centro,PAMOXET,20 mg – comprimido recubierto,RX,48,1127535.36,,Farmacia Alsina
2025,1,Quilmes-Centro,CIRUELAX MINITABS,75 mg – comprimido recubierto,OTC,137,283131.05,,Farmacia Pasteur
2025,1,Quilmes-Centro,ONEFIN,5 mg – comprimido,RX,254,6293131.94,,Farmacia Alsina
2025,1,Quilmes-Centro,AEROGAL,64 g/170 g – polvo efervescente en frasco,OTC,130,1298689.6,,Farmacia Alsina
2025,1,Quilmes-Centro,ONEFIN,10 mg – comprimido,RX,287,5759912.06,,Farmacia Alsina
2025,1,Quilmes-Centro,TANVIMIL A,100.000 UI – cápsulas,OTC,215,485420.55,,Farmacia Pasteur
2025,1,Quilmes-Centro,APSICO,5 mg – comprimido recubierto,RX,206,2218533.48,,Farmacia Alsina
2025,1,Quilmes-Centro,TANVIMIL A,50.000 UI – cápsulas,OTC,163,1682981.52,,Farmacia Pasteur
2025,1,Quilmes-Centro,TANVIMIL ACD FLUOR,solución oral,OTC,297,3391163.82,,Farmacia Alsina
2025,1,Quilmes-Centro,TACNA,250 mg – comprimido,RX,59,539074.74,,Farmacia Alsina
2025,1,Flores-Norte,AEROGAL,64 g/170 g – polvo efervescente en frasco,OTC,81,809183.52,,Farmacia Castelli
2025,1,Flores-Norte,ALACIR,30 mg – comprimido recubierto gastrorresistente,RX,343,3593600.71,,Farmacia Mitre
2025,1,Flores-Norte,TANVIMIL AMINOÁCIDOS,comprimido recubierto,OTC,228,1758256.2,,Farmacia Castelli
2025,1,Flores-Norte,CO‑TIOCTAN,115 mg/50 mg – comprimido recubierto,OTC,205,634710.75,,Farmacia Mitre
2025,1,Flores-Norte,TANVIMIL PLUS,cápsula,OTC,301,2169890.94,,Farmacia Castelli
2025,1,Flores-Norte,TRICOFIN,500 mg – comprimido,RX,207,4160139.03,,Farmacia Castelli
2025,1,Flores-Norte,APSICO,"2,5 mg – comprimido recubierto",RX,231,5245312.38,,Farmacia Castelli
2025,1,Flores-Norte,TANVIMIL ACD FLUOR,solución oral,OTC,359,4099083.54,,Farmacia Mitre
2025,1,Flores-Norte,TACNA,250 mg – comprimido,RX,168,1534992.48,,Farmacia Mitre
2025,1,Flores-Norte,TIOCTAN,600 mg – comprimido recubierto,RX,220,4790676.0,,Farmacia Mitre
2025,1,Flores-Norte,TRIMACREM PLUS,"0,01 g/4 g/0,05 g/100 g – crema tópica",OTC,80,725057.6,,Farmacia Castelli
2025,1,Flores-Norte,SUTRICO TAR,9 ml/100 ml – champú,OTC,173,856249.66,,Farmacia Castelli
2025,1,Flores-Norte,ALACIR,60 mg – comprimido recubierto gastrorresistente,RX,158,2176976.14,,Farmacia Mitre
2025,1,La Plata-Centro,TIOCTAN,600 mg – comprimido recubierto,RX,154,3353473.2,,Farmacia Roca
2025,1,La Plata-Centro,AEROGAL,64 g/170 g – polvo efervescente en frasco,OTC,46,459536.32,,Farmacia Del Sur
2025,1,La Plata-Centro,ONEFIN,10 mg – comprimido,RX,266,5338455.08,,Farmacia Roca
2025,1,La Plata-Centro,ONEFIN,5 mg – comprimido,RX,246,6094923.06,,Farmacia Roca
2025,1,La Plata-Centro,CO‑TIOCTAN,115 mg/50 mg – comprimido recubierto,OTC,225,696633.75,,Farmacia Roca
2025,1,La Plata-Centro,TRICOFIN,500 mg – comprimido,RX,147,2954301.63,,Farmacia Roca
2025,1,La Plata-Centro,TANVIMIL ACD FLUOR,solución oral,OTC,70,799264.2,,Farmacia Roca
2025,1,La Plata-Centro,PAMOXET,20 mg – comprimido recubierto,RX,192,4510141.44,,Farmacia Del Sur
2025,1,La Plata-Centro,TANDIUR,50 mg – comprimido,RX,186,1454531.16,,Farmacia Del Sur
2025,1,La Plata-Centro,MENCOGRIN AP,champú,OTC,195,2010524.1,,Farmacia Roca
2025,1,La Plata-Centro,TRIMACREM PLUS,"0,01 g/4 g/0,05 g/100 g – crema tópica",OTC,63,570982.86,,Farmacia Del Sur
2025,1,La Plata-Centro,TACNA,250 mg – comprimido,RX,192,1754277.12,,Farmacia Roca
2025,1,La Plata-Centro,TRICOFIN,500 mg – óvulo vaginal,RX,331,1836057.0,,Farmacia Roca
2025,1,La Plata-Centro,SUTRICO TAR,9 ml/100 ml – champú,OTC,257,1272000.94,,Farmacia Del Sur
2025,1,La Plata-Centro,TANVIMIL AMINOÁCIDOS,comprimido recubierto,OTC,185,1426655.25,,Farmacia Del Sur
2025,1,La Plata-Centro,ALACIR,30 mg – comprimido recubierto gastrorresistente,RX,210,2200163.7,,Farmacia Del Sur
2025,1,Villa Urquiza-Centro,ALACIR,30 mg – comprimido recubierto gastrorresistente,RX,150,1571545.5,,Farmacia Italia
2025,1,Villa Urquiza-Centro,TANVIMIL B1 B6 B12,comprimido recubierto,OTC,238,2218371.82,,Farmacia Italia
2025,1,Villa Urquiza-Centro,PANCUTAN NF,"0,2 g/600.000 UI/600.000 UI/100 g – gel tópico",RX,276,4359858.84,,Farmacia Italia
2025,1,Villa Urquiza-Centro,APSICO,5 mg – comprimido recubierto,RX,114,1227732.12,,Farmacia San José
2025,1,Villa Urquiza-Centro,SUTRICO TAR,9 ml/100 ml – champú,OTC,49,242521.58,,Farmacia Italia
2025,1,Villa Urquiza-Centro,TRICOFIN,500 mg – comprimido,RX,136,2733231.44,,Farmacia San José
2025,1,Villa Urquiza-Centro,TRICOPLUS,5 g/100 ml – loción capilar,RX,391,9461077.83,,Farmacia San José
2025,1,Villa Urquiza-Centro,ALACIR,60 mg – comprimido recubierto gastrorresistente,RX,265,3651257.45,,Farmacia San José
2025,1,Villa Urquiza-Centro,ONEFIN,5 mg – comprimido,RX,238,5896714.18,,Farmacia Italia
2025,1,Villa Urquiza-Centro,TANDIUR,50 mg – comprimido,RX,116,907126.96,,Farmacia Italia
2025,1,Villa Urquiza-Centro,TANVIMIL A,100.000 UI – cápsulas,OTC,28,63217.56,,Farmacia San José
2025,1,Villa Urquiza-Centro,TRIMACREM PLUS,"0,01 g/4 g/0,05 g/100 g – crema tópica",OTC,410,3715920.2,,Farmacia San José
2025,1,Palermo-Norte,TANVIMIL B1 B6 B12,comprimido recubierto,OTC,222,2069237.58,,Farmacia Del Ángel
2025,1,Palermo-Norte,TANVIMIL ACD FLUOR,solución oral,OTC,83,947698.98,,Farmacia Del Pueblo
2025,1,Palermo-Norte,PAMOXET,20 mg – comprimido recubierto,RX,176,4134296.32,,Farmacia Del Pueblo
2025,1,Palermo-Norte,ALACIR,60 mg – comprimido recubierto gastrorresistente,RX,146,2011636.18,,Farmacia Del Ángel
2025,1,Palermo-Norte,PAMOXET,40 mg – comprimido recubierto,RX,338,6195090.46,,Farmacia Del Ángel
2025,1,Palermo-Norte,TANVIMIL AMINOÁCIDOS,comprimido recubierto,OTC,31,239061.15,,Farmacia Del Pueblo
2025,1,Palermo-Norte,APSICO,5 mg – comprimido recubierto,RX,186,2003141.88,,Farmacia Del Ángel
2025,1,Palermo-Norte,TRICOFIN,500 mg – comprimido,RX,45,904378.05,,Farmacia Del Pueblo
2025,1,Palermo-Norte,TANVIMIL A,100.000 UI – cápsulas,OTC,180,406398.6,,Farmacia Del Pueblo
2025,1,Palermo-Norte,CO‑TIOCTAN,115 mg/50 mg – comprimido recubierto,OTC,255,789518.25,,Farmacia Del Pueblo
2025,1,Palermo-Norte,APSICO,10 mg – comprimido recubierto,RX,195,4554002.7,,Farmacia Del Ángel
2025,1,Palermo-Norte,TANVIMIL PLUS,cápsula,OTC,50,360447.0,,Farmacia Del Pueblo
2025,1,Palermo-Norte,APSICO,"2,5 mg – comprimido recubierto",RX,136,3088149.28,,Farmacia Del Ángel
2025,1,Palermo-Norte,AEROGAL,64 g/170 g – polvo efervescente en frasco,OTC,80,799193.6,,Farmacia Del Pueblo
2025,1,Belgrano-Centro,TANVIMIL AMINOÁCIDOS,comprimido recubierto,OTC,59,454987.35,,Farmacia San Martín
2025,1,Belgrano-Centro,TANVIMIL ACD FLUOR,solución oral,OTC,39,445304.34,,Farmacia Del Centro
2025,1,Belgrano-Centro,TANVIMIL B1 B6 B12,comprimido recubierto,OTC,247,2302259.83,,Farmacia Del Centro
2025,1,Belgrano-Centro,TRIMACREM PLUS,"0,01 g/4 g/0,05 g/100 g – crema tópica",OTC,334,3027115.48,,Farmacia Del Centro
2025,1,Belgrano-Centro,TRICOFIN,500 mg – óvulo vaginal,RX,223,1236981.0,,Farmacia San Martín
2025,1,Belgrano-Centro,ALACIR,30 mg – comprimido recubierto gastrorresistente,RX,147,1540114.59,,Farmacia Del Centro
2025,1,Belgrano-Centro,SUTRICO TAR,9 ml/100 ml – champú,OTC,582,2880562.44,,Farmacia San Martín
2025,1,Belgrano-Centro,AEROGAL,64 g/170 g – polvo efervescente en frasco,OTC,196,1958024.32,,Farmacia Del Centro
2025,1,Belgrano-Centro,TANVIMIL A,50.000 UI – cápsulas,OTC,65,671127.6,,Farmacia Del Centro
2025,1,Belgrano-Centro,APSICO,10 mg – comprimido recubierto,RX,43,1004215.98,,Farmacia Del Centro
2025,1,Belgrano-Centro,APSICO,5 mg – comprimido recubierto,RX,220,2369307.6,,Farmacia San Martín
2025,1,Belgrano-Centro,CIRUELAX MINITABS,75 mg – comprimido recubierto,OTC,37,76466.05,,Farmacia San Martín
2025,1,Núñez-Centro,ONEFIN,10 mg – comprimido,RX,120,2408325.6,,Farmacia Del Lago
2025,1,Núñez-Centro,MENCOGRIN AP,champú,OTC,213,2196110.94,,Farmacia Sarmiento
2025,1,Núñez-Centro,TANVIMIL A,50.000 UI – cápsulas,OTC,90,929253.6,,Farmacia Del Lago
2025,1,Núñez-Centro,TANDIUR,50 mg – comprimido,RX,61,477023.66,,Farmacia Del Lago
2025,1,Núñez-Centro,TANVIMIL PLUS,cápsula,OTC,258,1859906.52,,Farmacia Sarmiento
2025,1,Núñez-Centro,TACNA,250 mg – comprimido,RX,92,840591.12,,Farmacia Sarmiento
2025,1,Núñez-Centro,TRICOFIN,500 mg – óvulo vaginal,RX,37,205239.0,,Farmacia Del Lago
2025,1,Núñez-Centro,PANCUTAN NF,"0,2 g/600.000 UI/600.000 UI/100 g – gel tópico",RX,510,8056260.9,,Farmacia Sarmiento
2025,1,Núñez-Centro,ALACIR,30 mg – comprimido recubierto gastrorresistente,RX,51,534325.47,,Farmacia Del Lago
2025,1,Núñez-Centro,CO‑TIOCTAN,115 mg/50 mg – comprimido recubierto,OTC,142,439653.3,,Farmacia Sarmiento
2025,1,Núñez-Centro,PAMOXET,40 mg – comprimido recubierto,RX,59,1081391.53,,Farmacia Del Lago
2025,1,Núñez-Centro,TRICOPLUS,2 g/100 ml – loción capilar,RX,574,13231176.42,,Farmacia Del Lago
2025,1,Núñez-Centro,TRIMACREM PLUS,"0,01 g/4 g/0,05 g/100 g – crema tópica",OTC,321,2909293.62,,Farmacia Del Lago
2025,1,Núñez-Centro,APSICO,5 mg – comprimido recubierto,RX,120,1292349.6,,Farmacia Del Lago
2025,1,Núñez-Centro,SUTRICO TAR,9 ml/100 ml – champú,OTC,60,296965.2,,Farmacia Sarmiento
2025,1,Núñez-Centro,TANVIMIL B1 B6 B12,comprimido recubierto,OTC,232,2162446.48,,Farmacia Del Lago
2025,1,Núñez-Centro,TANVIMIL A,100.000 UI – cápsulas,OTC,146,329634.42,,Farmacia Del Lago
2025,1,Núñez-Centro,PAMOXET,20 mg – comprimido recubierto,RX,75,1761774.0,,Farmacia Sarmiento
2025,1,Núñez-Centro,AEROGAL,64 g/170 g – polvo efervescente en frasco,OTC,105,1048941.6,,Farmacia Sarmiento
2025,1,Caballito-Centro,APSICO,"2,5 mg – comprimido recubierto",RX,224,5086363.52,,Farmacia Belgrano
2025,1,Caballito-Centro,PAMOXET,20 mg – comprimido recubierto,RX,29,681219.28,,Farmacia Pellegrini
2025,1,Caballito-Centro,TRICOFIN,500 mg – óvulo vaginal,RX,225,1248075.0,,Farmacia Belgrano
2025,1,Caballito-Centro,AEROGAL,64 g/170 g – polvo efervescente en frasco,OTC,187,1868115.04,,Farmacia Belgrano
2025,1,Caballito-Centro,PAMOXET,40 mg – comprimido recubierto,RX,58,1063062.86,,Farmacia Pellegrini
2025,1,Caballito-Centro,TRICOPLUS,5 g/100 ml – loción capilar,RX,102,2468107.26,,Farmacia Belgrano
2025,1,Caballito-Centro,TANDIUR,50 mg – comprimido,RX,150,1173009.0,,Farmacia Belgrano
2025,1,Caballito-Centro,TANVIMIL ACD FLUOR,solución oral,OTC,238,2717498.28,,Farmacia Belgrano
2025,1,Caballito-Centro,MENCOGRIN AP,champú,OTC,196,2020834.48,,Farmacia Belgrano
2025,1,Caballito-Centro,PANCUTAN NF,"0,2 g/600.000 UI/600.000 UI/100 g – gel tópico",RX,253,3996537.27,,Farmacia Belgrano
2025,1,Caballito-Centro,CO‑TIOCTAN,115 mg/50 mg – comprimido recubierto,OTC,69,213634.35,,Farmacia Belgrano
2025,1,Caballito-Centro,TRICOFIN,500 mg – comprimido,RX,90,1808756.1,,Farmacia Pellegrini
2025,1,Caballito-Centro,ALACIR,30 mg – comprimido recubierto gastrorresistente,RX,317,3321199.49,,Farmacia Pellegrini
2025,1,Caballito-Centro,TANVIMIL B1 B6 B12,comprimido recubierto,OTC,43,400798.27,,Farmacia Belgrano
2025,2,Recoleta-Norte,TRICOPLUS,2 g/100 ml – loción capilar,RX,585,13484735.55,,Farmacia La Estrella
2025,2,Recoleta-Norte,CO‑TIOCTAN,115 mg/50 mg – comprimido recubierto,OTC,182,563499.3,,Farmacia La Estrella
2025,2,Recoleta-Norte,TRICOFIN,500 mg – óvulo vaginal,RX,62,343914.0,,Farmacia La Estrella
2025,2,Recoleta-Norte,TRICOPLUS,5 g/100 ml – loción capilar,RX,127,3073035.51,,Farmacia Güemes
2025,2,Recoleta-Norte,PAMOXET,40 mg – comprimido recubierto,RX,221,4050636.07,,Farmacia La Estrella
2025,2,Recoleta-Norte,APSICO,"2,5 mg – comprimido recubierto",RX,233,5290726.34,,Farmacia La Estrella
2025,2,Recoleta-Norte,APSICO,10 mg – comprimido recubierto,RX,234,5464803.24,,Farmacia La Estrella
2025,2,Recoleta-Norte,TANVIMIL PLUS,cápsula,OTC,134,965997.96,,Farmacia Güemes
2025,2,Recoleta-Norte,TANVIMIL ACD,gotas orales en solución,OTC,40,161256.4,,Farmacia La Estrella
2025,2,Recoleta-Norte,APSICO,5 mg – comprimido recubierto,RX,288,3101639.04,,Farmacia Güemes
2025,2,Recoleta-Norte,TIOCTAN,600 mg – comprimido recubierto,RX,155,3375249.0,,Farmacia Güemes
2025,2,Recoleta-Norte,TANVIMIL B1 B6 B12,comprimido recubierto,OTC,279,2600528.31,,Farmacia La Estrella
2025,2,Recoleta-Norte,PAMOXET,20 mg – comprimido recubierto,RX,202,4745044.64,,Farmacia Güemes
2025,2,Recoleta-Norte,CIRUELAX MINITABS,75 mg – comprimido recubierto,OTC,320,661328.0,,Farmacia Güemes
2025,2,Recoleta-Norte,TACNA,250 mg – comprimido,RX,125,1142107.5,,Farmacia Güemes
2025,2,Recoleta-Norte,PANCUTAN NF,"0,2 g/600.000 UI/600.000 UI/100 g – gel tópico",RX,79,1247930.61,,Farmacia Güemes
2025,2,Recoleta-Norte,TANVIMIL ACD FLUOR,solución oral,OTC,198,2260775.88,,Farmacia Güemes
2025,2,Recoleta-Norte,ONEFIN,5 mg – comprimido,RX,228,5648953.08,,Farmacia Güemes
2025,2,Recoleta-Norte,TANVIMIL AMINOÁCIDOS,comprimido recubierto,OTC,27,208214.55,,Farmacia Güemes
2025,2,Microcentro-Este,TANVIMIL AMINOÁCIDOS,comprimido recubierto,OTC,134,1033361.1,,Farmacia Del Parque
2025,2,Microcentro-Este,PANCUTAN NF,"0,2 g/600.000 UI/600.000 UI/100 g – gel tópico",RX,213,3364673.67,,Farmacia Pueyrredón
2025,2,Microcentro-Este,TANVIMIL ACD,gotas orales en solución,OTC,290,1169108.9,,Farmacia Del Parque
2025,2,Microcentro-Este,TANVIMIL B1 B6 B12,comprimido recubierto,OTC,384,3579221.76,,Farmacia Del Parque
2025,2,Microcentro-Este,APSICO,"2,5 mg – comprimido recubierto",RX,272,6176298.56,,Farmacia Pueyrredón
2025,2,Microcentro-Este,TANVIMIL ACD FLUOR,solución oral,OTC,222,2534809.32,,Farmacia Pueyrredón
2025,2,Microcentro-Este,MENCOGRIN AP,champú,OTC,232,2392008.16,,Farmacia Pueyrredón
2025,2,Microcentro-Este,TACNA,250 mg – comprimido,RX,203,1854782.58,,Farmacia Del Parque
2025,2,Microcentro-Este,ALACIR,60 mg – comprimido recubierto gastrorresistente,RX,477,6572263.41,,Farmacia Del Parque
2025,2,Microcentro-Este,TRICOFIN,500 mg – óvulo vaginal,RX,217,1203699.0,,Farmacia Del Parque
2025,2,Microcentro-Este,APSICO,5 mg – comprimido recubierto,RX,327,3521652.66,,Farmacia Del Parque
2025,2,Microcentro-Este,CO‑TIOCTAN,115 mg/50 mg – comprimido recubierto,OTC,53,164095.95,,Farmacia Pueyrredón
2025,2,Microcentro-Este,TRIMACREM PLUS,"0,01 g/4 g/0,05 g/100 g – crema tópica",OTC,117,1060396.74,,Farmacia Del Parque
2025,2,Microcentro-Este,ONEFIN,10 mg – comprimido,RX,263,5278246.94,,Farmacia Del Parque
2025,2,Microcentro-Este,SUTRICO TAR,9 ml/100 ml – champú,OTC,101,499891.42,,Farmacia Del Parque
2025,2,Microcentro-Este,AEROGAL,64 g/170 g – polvo efervescente en frasco,OTC,99,989002.08,,Farmacia Del Parque
2025,2,San Isidro-Centro,PAMOXET,20 mg – comprimido recubierto,RX,102,2396012.64,,Farmacia Del Norte
2025,2,San Isidro-Centro,APSICO,10 mg – comprimido recubierto,RX,23,537138.78,,Farmacia Del Oeste
2025,2,San Isidro-Centro,CIRUELAX MINITABS,75 mg – comprimido recubierto,OTC,172,355463.8,,Farmacia Del Oeste
2025,2,San Isidro-Centro,TRICOFIN,500 mg – comprimido,RX,239,4803252.31,,Farmacia Del Oeste
2025,2,San Isidro-Centro,TRIMACREM PLUS,"0,01 g/4 g/0,05 g/100 g – crema tópica",OTC,155,1404799.1,,Farmacia Del Oeste
2025,2,San Isidro-Centro,TANVIMIL ACD,gotas orales en solución,OTC,96,387015.36,,Farmacia Del Oeste
2025,2,San Isidro-Centro,ONEFIN,10 mg – comprimido,RX,108,2167493.04,,Farmacia Del Oeste
2025,2,San Isidro-Centro,PAMOXET,40 mg – comprimido recubierto,RX,292,5351971.64,,Farmacia Del Oeste
2025,2,San Isidro-Centro,TRICOPLUS,5 g/100 ml – loción capilar,RX,132,3194021.16,,Farmacia Del Oeste
2025,2,San Isidro-Centro,CO‑TIOCTAN,115 mg/50 mg – comprimido recubierto,OTC,45,139326.75,,Farmacia Del Norte
2025,2,San Isidro-Centro,TANVIMIL B1 B6 B12,comprimido recubierto,OTC,274,2553923.86,,Farmacia Del Oeste
2025,2,San Isidro-Centro,ONEFIN,5 mg – comprimido,RX,200,4955222.0,,Farmacia Del Oeste
2025,2,San Isidro-Centro,TANVIMIL A,50.000 UI – cápsulas,OTC,97,1001528.88,,Farmacia Del Norte
2025,2,San Isidro-Centro,TANDIUR,50 mg – comprimido,RX,370,2893422.2,,Farmacia Del Oeste
2025,2,San Isidro-Centro,TANVIMIL A,100.000 UI – cápsulas,OTC,191,431234.07,,Farmacia Del Norte
2025,2,San Isidro-Centro,APSICO,5 mg – comprimido recubierto,RX,75,807718.5,,Farmacia Del Oeste
2025,2,San Isidro-Centro,TACNA,250 mg – comprimido,RX,263,2402994.18,,Farmacia Del Oeste
2025,2,Belgrano-R,PANCUTAN NF,"0,2 g/600.000 UI/600.000 UI/100 g – gel tópico",RX,295,4659994.05,,Farmacia Lavalle
2025,2,Belgrano-R,SUTRICO TAR,9 ml/100 ml – champú,OTC,364,1801588.88,,Farmacia Del Sol
2025,2,Belgrano-R,TANVIMIL AMINOÁCIDOS,comprimido recubierto,OTC,28,215926.2,,Farmacia Lavalle
2025,2,Belgrano-R,CO‑TIOCTAN,115 mg/50 mg – comprimido recubierto,OTC,207,640903.05,,Farmacia Del Sol
2025,2,Belgrano-R,ONEFIN,10 mg – comprimido,RX,59,1184093.42,,Farmacia Del Sol
2025,2,Belgrano-R,ALACIR,30 mg – comprimido recubierto gastrorresistente,RX,323,3384061.31,,Farmacia Lavalle
2025,2,Belgrano-R,TRICOFIN,500 mg – óvulo vaginal,RX,216,1198152.0,,Farmacia Del Sol
2025,2,Belgrano-R,APSICO,"2,5 mg – comprimido recubierto",RX,184,4178084.32,,Farmacia Lavalle
2025,2,Belgrano-R,TRICOPLUS,5 g/100 ml – loción capilar,RX,626,15147403.38,,Farmacia Lavalle
2025,2,Belgrano-R,AEROGAL,64 g/170 g – polvo efervescente en frasco,OTC,109,1088901.28,,Farmacia Lavalle
2025,2,Belgrano-R,TANVIMIL A,50.000 UI – cápsulas,OTC,154,1590056.16,,Farmacia Del Sol
2025,2,Belgrano-R,TANVIMIL PLUS,cápsula,OTC,112,807401.28,,Farmacia Lavalle
2025,2,Belgrano-R,ONEFIN,5 mg – comprimido,RX,94,2328954.34,,Farmacia Lavalle
2025,2,Belgrano-R,ALACIR,60 mg – comprimido recubierto gastrorresistente,RX,298,4105942.34,,Farmacia Del Sol
2025,2,Belgrano-R,MENCOGRIN AP,champú,OTC,573,5907847.74,,Farmacia Lavalle
2025,2,Belgrano-R,TIOCTAN,600 mg – comprimido recubierto,RX,148,3222818.4,,Farmacia Del Sol
2025,2,Belgrano-R,APSICO,10 mg – comprimido recubierto,RX,221,5161203.06,,Farmacia Del Sol
2025,2,Belgrano-R,TANDIUR,50 mg – comprimido,RX,295,2306917.7,,Farmacia Lavalle
2025,2,Belgrano-R,CIRUELAX MINITABS,75 mg – comprimido recubierto,OTC,189,390596.85,,Farmacia Lavalle
2025,2,Devoto-Centro,PAMOXET,20 mg – comprimido recubierto,RX,269,6318896.08,,Farmacia España
2025,2,Devoto-Centro,TANVIMIL A,100.000 UI – cápsulas,OTC,285,643464.45,,Farmacia La Botica
2025,2,Devoto-Centro,TIOCTAN,600 mg – comprimido recubierto,RX,147,3201042.6,,Farmacia La Botica
2025,2,Devoto-Centro,TRICOPLUS,5 g/100 ml – loción capilar,RX,434,10501554.42,,Farmacia España
2025,2,Devoto-Centro,PANCUTAN NF,"0,2 g/600.000 UI/600.000 UI/100 g – gel tópico",RX,197,3111928.23,,Farmacia España
2025,2,Devoto-Centro,TANVIMIL ACD,gotas orales en solución,OTC,119,479737.79,,Farmacia La Botica
2025,2,Devoto-Centro,ONEFIN,5 mg – comprimido,RX,233,5772833.63,,Farmacia España
2025,2,Devoto-Centro,TANDIUR,50 mg – comprimido,RX,219,1712593.14,,Farmacia España
2025,2,Devoto-Centro,TRIMACREM PLUS,"0,01 g/4 g/0,05 g/100 g – crema tópica",OTC,41,371592.02,,Farmacia España
2025,2,Devoto-Centro,TANVIMIL ACD FLUOR,solución oral,OTC,155,1769799.3,,Farmacia La Botica
2025,2,Devoto-Centro,MENCOGRIN AP,champú,OTC,337,3474598.06,,Farmacia España
2025,2,Devoto-Centro,TANVIMIL A,50.000 UI – cápsulas,OTC,104,1073804.16,,Farmacia España
2025,2,Devoto-Centro,TRICOFIN,500 mg – comprimido,RX,113,2270993.77,,Farmacia La Botica
2025,2,Devoto-Centro,SUTRICO TAR,9 ml/100 ml – champú,OTC,584,2890461.28,,Farmacia La Botica
2025,2,Devoto-Centro,CIRUELAX MINITABS,75 mg – comprimido recubierto,OTC,89,183931.85,,Farmacia España
2025,2,Devoto-Centro,APSICO,10 mg – comprimido recubierto,RX,25,583846.5,,Farmacia España
2025,2,Devoto-Centro,ALACIR,60 mg – comprimido recubierto gastrorresistente,RX,227,3127680.91,,Farmacia La Botica
2025,2,Almagro-Centro,CO‑TIOCTAN,115 mg/50 mg – comprimido recubierto,OTC,132,408691.8,,Farmacia Avenida
2025,2,Almagro-Centro,TRIMACREM PLUS,"0,01 g/4 g/0,05 g/100 g – crema tópica",OTC,298,2700839.56,,Farmacia Avenida
2025,2,Almagro-Centro,TANVIMIL B1 B6 B12,comprimido recubierto,OTC,80,745671.2,,Farmacia Avenida
2025,2,Almagro-Centro,SUTRICO TAR,9 ml/100 ml – champú,OTC,550,2722181.0,,Farmacia Avenida
2025,2,Almagro-Centro,TANDIUR,50 mg – comprimido,RX,292,2283457.52,,Farmacia Brown
2025,2,Almagro-Centro,TRICOFIN,500 mg – óvulo vaginal,RX,225,1248075.0,,Farmacia Brown
2025,2,Almagro-Centro,TRICOPLUS,2 g/100 ml – loción capilar,RX,128,2950506.24,,Farmacia Avenida
2025,2,Almagro-Centro,TACNA,250 mg – comprimido,RX,55,502527.3,,Farmacia Avenida
2025,2,Almagro-Centro,PAMOXET,20 mg – comprimido recubierto,RX,209,4909476.88,,Farmacia Brown
2025,2,Almagro-Centro,MENCOGRIN AP,champú,OTC,185,1907420.3,,Farmacia Brown
2025,2,Almagro-Centro,APSICO,5 mg – comprimido recubierto,RX,66,710792.28,,Farmacia Brown
2025,2,Almagro-Centro,ONEFIN,5 mg – comprimido,RX,207,5128654.77,,Farmacia Avenida
2025,2,Almagro-Centro,TANVIMIL AMINOÁCIDOS,comprimido recubierto,OTC,145,1118189.25,,Farmacia Brown
2025,2,Vicente López-Centro,TANVIMIL ACD,gotas orales en solución,OTC,139,560365.99,,Farmacia Rivadavia
2025,2,Vicente López-Centro,APSICO,5 mg – comprimido recubierto,RX,24,258469.92,,Farmacia Rivadavia
2025,2,Vicente López-Centro,TIOCTAN,600 mg – comprimido recubierto,RX,100,2177580.0,,Farmacia Rivadavia
2025,2,Vicente López-Centro,TANVIMIL ACD FLUOR,solución oral,OTC,168,1918234.08,,Farmacia Urquiza
2025,2,Vicente López-Centro,TRICOFIN,500 mg – comprimido,RX,168,3376344.72,,Farmacia Rivadavia
2025,2,Vicente López-Centro,MENCOGRIN AP,champú,OTC,505,5206741.9,,Farmacia Urquiza
2025,2,Vicente López-Centro,APSICO,10 mg – comprimido recubierto,RX,217,5067787.62,,Farmacia Rivadavia
2025,2,Vicente López-Centro,TRICOPLUS,5 g/100 ml – loción capilar,RX,280,6775196.4,,Farmacia Urquiza
2025,2,Vicente López-Centro,TANVIMIL B1 B6 B12,comprimido recubierto,OTC,182,1696401.98,,Farmacia Rivadavia
2025,2,Vicente López-Centro,TANVIMIL A,50.000 UI – cápsulas,OTC,153,1579731.12,,Farmacia Rivadavia
2025,2,Vicente López-Centro,TRICOFIN,500 mg – óvulo vaginal,RX,346,1919262.0,,Farmacia Urquiza
2025,2,Vicente López-Centro,PAMOXET,20 mg – comprimido recubierto,RX,156,3664489.92,,Farmacia Urquiza
2025,2,Vicente López-Centro,ALACIR,30 mg – comprimido recubierto gastrorresistente,RX,114,1194374.58,,Farmacia Rivadavia
2025,2,Vicente López-Centro,TANDIUR,50 mg – comprimido,RX,80,625604.8,,Farmacia Rivadavia
2025,2,Vicente López-Centro,PAMOXET,40 mg – comprimido recubierto,RX,68,1246349.56,,Farmacia Urquiza
2025,2,Vicente López-Centro,TRIMACREM PLUS,"0,01 g/4 g/0,05 g/100 g – crema tópica",OTC,214,1939529.08,,Farmacia Urquiza
2025,2,Vicente López-Centro,CO‑TIOCTAN,115 mg/50 mg – comprimido recubierto,OTC,116,359153.4,,Farmacia Urquiza
2025,2,Vicente López-Centro,TANVIMIL PLUS,cápsula,OTC,85,612759.9,,Farmacia Urquiza
2025,2,Vicente López-Centro,ONEFIN,10 mg – comprimido,RX,110,2207631.8,,Farmacia Rivadavia
2025,2,Vicente López-Centro,AEROGAL,64 g/170 g – polvo efervescente en frasco,OTC,38,379616.96,,Farmacia Urquiza
2025,2,Palermo-Sur,TACNA,250 mg – comprimido,RX,68,621306.48,,Farmacia Moreno
2025,2,Palermo-Sur,PAMOXET,40 mg – comprimido recubierto,RX,302,5535258.34,,Farmacia Central
2025,2,Palermo-Sur,TANVIMIL ACD,gotas orales en solución,OTC,163,657119.83,,Farmacia Central
2025,2,Palermo-Sur,TRIMACREM PLUS,"0,01 g/4 g/0,05 g/100 g – crema tópica",OTC,346,3135874.12,,Farmacia Central
2025,2,Palermo-Sur,TRICOFIN,500 mg – óvulo vaginal,RX,128,710016.0,,Farmacia Central
2025,2,Palermo-Sur,TRICOFIN,500 mg – comprimido,RX,202,4059652.58,,Farmacia Moreno
2025,2,Palermo-Sur,TRICOPLUS,2 g/100 ml – loción capilar,RX,252,5808809.16,,Farmacia Moreno
2025,2,Palermo-Sur,TANVIMIL PLUS,cápsula,OTC,100,720894.0,,Farmacia Central
2025,2,Palermo-Sur,TANVIMIL B1 B6 B12,comprimido recubierto,OTC,27,251664.03,,Farmacia Moreno
2025,2,Palermo-Sur,CO‑TIOCTAN,115 mg/50 mg – comprimido recubierto,OTC,136,421076.4,,Farmacia Central
2025,2,Palermo-Sur,ALACIR,60 mg – comprimido recubierto gastrorresistente,RX,230,3169015.9,,Farmacia Moreno
2025,2,Palermo-Sur,TANVIMIL A,100.000 UI – cápsulas,OTC,78,176106.06,,Farmacia Moreno
2025,2,Palermo-Sur,TRICOPLUS,5 g/100 ml – loción capilar,RX,198,4791031.74,,Farmacia Moreno
2025,2,Palermo-Sur,PAMOXET,20 mg – comprimido recubierto,RX,117,2748367.44,,Farmacia Central
2025,2,Palermo-Sur,MENCOGRIN AP,champú,OTC,191,1969282.58,,Farmacia Moreno
2025,2,Palermo-Sur,AEROGAL,64 g/170 g – polvo efervescente en frasco,OTC,140,1398588.8,,Farmacia Moreno
2025,2,Palermo-Sur,TANVIMIL ACD FLUOR,solución oral,OTC,24,274033.44,,Farmacia Central
2025,2,Quilmes-Centro,TRICOPLUS,2 g/100 ml – loción capilar,RX,401,9243382.83,,Farmacia Alsina
2025,2,Quilmes-Centro,TRICOFIN,500 mg – óvulo vaginal,RX,42,232974.0,,Farmacia Pasteur
2025,2,Quilmes-Centro,PAMOXET,20 mg – comprimido recubierto,RX,37,869141.84,,Farmacia Pasteur
2025,2,Quilmes-Centro,CIRUELAX MINITABS,75 mg – comprimido recubierto,OTC,98,202531.7,,Farmacia Alsina
2025,2,Quilmes-Centro,ONEFIN,5 mg – comprimido,RX,325,8052235.75,,Farmacia Pasteur
2025,2,Quilmes-Centro,AEROGAL,64 g/170 g – polvo efervescente en frasco,OTC,140,1398588.8,,Farmacia Alsina
2025,2,Quilmes-Centro,ONEFIN,10 mg – comprimido,RX,218,4375124.84,,Farmacia Alsina
2025,2,Quilmes-Centro,TANVIMIL A,100.000 UI – cápsulas,OTC,311,702166.47,,Farmacia Alsina
2025,2,Quilmes-Centro,APSICO,5 mg – comprimido recubierto,RX,150,1615437.0,,Farmacia Pasteur
2025,2,Quilmes-Centro,TANVIMIL A,50.000 UI – cápsulas,OTC,199,2054682.96,,Farmacia Pasteur
2025,2,Quilmes-Centro,TANVIMIL ACD FLUOR,solución oral,OTC,253,2888769.18,,Farmacia Pasteur
2025,2,Quilmes-Centro,TACNA,250 mg – comprimido,RX,93,849727.98,,Farmacia Pasteur
2025,2,Flores-Norte,AEROGAL,64 g/170 g – polvo efervescente en frasco,OTC,79,789203.68,,Farmacia Castelli
2025,2,Flores-Norte,ALACIR,30 mg – comprimido recubierto gastrorresistente,RX,399,4180311.03,,Farmacia Castelli
2025,2,Flores-Norte,TANVIMIL AMINOÁCIDOS,comprimido recubierto,OTC,152,1172170.8,,Farmacia Mitre
2025,2,Flores-Norte,CO‑TIOCTAN,115 mg/50 mg – comprimido recubierto,OTC,195,603749.25,,Farmacia Castelli
2025,2,Flores-Norte,TANVIMIL PLUS,cápsula,OTC,188,1355280.72,,Farmacia Mitre
2025,2,Flores-Norte,TRICOFIN,500 mg – comprimido,RX,250,5024322.5,,Farmacia Mitre
2025,2,Flores-Norte,APSICO,"2,5 mg – comprimido recubierto",RX,183,4155377.34,,Farmacia Mitre
2025,2,Flores-Norte,TANVIMIL ACD FLUOR,solución oral,OTC,228,2603317.68,,Farmacia Mitre
2025,2,Flores-Norte,TACNA,250 mg – comprimido,RX,165,1507581.9,,Farmacia Mitre
2025,2,Flores-Norte,TIOCTAN,600 mg – comprimido recubierto,RX,219,4768900.2,,Farmacia Mitre
2025,2,Flores-Norte,TRIMACREM PLUS,"0,01 g/4 g/0,05 g/100 g – crema tópica",OTC,82,743184.04,,Farmacia Castelli
2025,2,Flores-Norte,SUTRICO TAR,9 ml/100 ml – champú,OTC,283,1400685.86,,Farmacia Mitre
2025,2,Flores-Norte,ALACIR,60 mg – comprimido recubierto gastrorresistente,RX,198,2728109.34,,Farmacia Mitre
2025,2,La Plata-Centro,TIOCTAN,600 mg – comprimido recubierto,RX,143,3113939.4,,Farmacia Roca
2025,2,La Plata-Centro,AEROGAL,64 g/170 g – polvo efervescente en frasco,OTC,63,629364.96,,Farmacia Roca
2025,2,La Plata-Centro,ONEFIN,10 mg – comprimido,RX,265,5318385.7,,Farmacia Roca
2025,2,La Plata-Centro,ONEFIN,5 mg – comprimido,RX,313,7754922.43,,Farmacia Del Sur
2025,2,La Plata-Centro,CO‑TIOCTAN,115 mg/50 mg – comprimido recubierto,OTC,266,823575.9,,Farmacia Del Sur
2025,2,La Plata-Centro,TRICOFIN,500 mg – comprimido,RX,114,2291091.06,,Farmacia Del Sur
2025,2,La Plata-Centro,TANVIMIL ACD FLUOR,solución oral,OTC,95,1084715.7,,Farmacia Del Sur
2025,2,La Plata-Centro,PAMOXET,20 mg – comprimido recubierto,RX,202,4745044.64,,Farmacia Del Sur
2025,2,La Plata-Centro,TANDIUR,50 mg – comprimido,RX,226,1767333.56,,Farmacia Roca
2025,2,La Plata-Centro,MENCOGRIN AP,champú,OTC,177,1824937.26,,Farmacia Del Sur
2025,2,La Plata-Centro,TRIMACREM PLUS,"0,01 g/4 g/0,05 g/100 g – crema tópica",OTC,43,389718.46,,Farmacia Roca
2025,2,La Plata-Centro,TACNA,250 mg – comprimido,RX,185,1690319.1,,Farmacia Roca
2025,2,La Plata-Centro,TRICOFIN,500 mg – óvulo vaginal,RX,284,1575348.0,,Farmacia Roca
2025,2,La Plata-Centro,SUTRICO TAR,9 ml/100 ml – champú,OTC,375,1856032.5,,Farmacia Roca
2025,2,La Plata-Centro,TANVIMIL AMINOÁCIDOS,comprimido recubierto,OTC,219,1688851.35,,Farmacia Del Sur
2025,2,La Plata-Centro,ALACIR,30 mg – comprimido recubierto gastrorresistente,RX,214,2242071.58,,Farmacia Del Sur
2025,2,Villa Urquiza-Centro,ALACIR,30 mg – comprimido recubierto gastrorresistente,RX,209,2189686.73,,Farmacia San José
2025,2,Villa Urquiza-Centro,TANVIMIL B1 B6 B12,comprimido recubierto,OTC,252,2348864.28,,Farmacia San José
2025,2,Villa Urquiza-Centro,PANCUTAN NF,"0,2 g/600.000 UI/600.000 UI/100 g – gel tópico",RX,276,4359858.84,,Farmacia San José
2025,2,Villa Urquiza-Centro,APSICO,5 mg – comprimido recubierto,RX,88,947723.04,,Farmacia Italia
2025,2,Villa Urquiza-Centro,SUTRICO TAR,9 ml/100 ml – champú,OTC,30,148482.6,,Farmacia Italia
2025,2,Villa Urquiza-Centro,TRICOFIN,500 mg – comprimido,RX,97,1949437.13,,Farmacia Italia
2025,2,Villa Urquiza-Centro,TRICOPLUS,5 g/100 ml – loción capilar,RX,401,9703049.13,,Farmacia Italia
2025,2,Villa Urquiza-Centro,ALACIR,60 mg – comprimido recubierto gastrorresistente,RX,297,4092164.01,,Farmacia Italia
2025,2,Villa Urquiza-Centro,ONEFIN,5 mg – comprimido,RX,315,7804474.65,,Farmacia Italia
2025,2,Villa Urquiza-Centro,TANDIUR,50 mg – comprimido,RX,107,836746.42,,Farmacia San José
2025,2,Villa Urquiza-Centro,TANVIMIL A,100.000 UI – cápsulas,OTC,18,40639.86,,Farmacia Italia
2025,2,Villa Urquiza-Centro,TRIMACREM PLUS,"0,01 g/4 g/0,05 g/100 g – crema tópica",OTC,368,3335264.96,,Farmacia San José
2025,2,Palermo-Norte,TANVIMIL B1 B6 B12,comprimido recubierto,OTC,206,1920103.34,,Farmacia Del Ángel
2025,2,Palermo-Norte,TANVIMIL ACD FLUOR,solución oral,OTC,78,890608.68,,Farmacia Del Ángel
2025,2,Palermo-Norte,PAMOXET,20 mg – comprimido recubierto,RX,153,3594018.96,,Farmacia Del Ángel
2025,2,Palermo-Norte,ALACIR,60 mg – comprimido recubierto gastrorresistente,RX,199,2741887.67,,Farmacia Del Pueblo
2025,2,Palermo-Norte,PAMOXET,40 mg – comprimido recubierto,RX,209,3830692.03,,Farmacia Del Ángel
2025,2,Palermo-Norte,TANVIMIL AMINOÁCIDOS,comprimido recubierto,OTC,31,239061.15,,Farmacia Del Pueblo
2025,2,Palermo-Norte,APSICO,5 mg – comprimido recubierto,RX,163,1755441.54,,Farmacia Del Ángel
2025,2,Palermo-Norte,TRICOFIN,500 mg – comprimido,RX,28,562724.12,,Farmacia Del Ángel
2025,2,Palermo-Norte,TANVIMIL A,100.000 UI – cápsulas,OTC,141,318345.57,,Farmacia Del Ángel
2025,2,Palermo-Norte,CO‑TIOCTAN,115 mg/50 mg – comprimido recubierto,OTC,273,845248.95,,Farmacia Del Pueblo
2025,2,Palermo-Norte,APSICO,10 mg – comprimido recubierto,RX,285,6655850.1,,Farmacia Del Pueblo
2025,2,Palermo-Norte,TANVIMIL PLUS,cápsula,OTC,39,281148.66,,Farmacia Del Pueblo
2025,2,Palermo-Norte,APSICO,"2,5 mg – comprimido recubierto",RX,116,2634009.68,,Farmacia Del Pueblo
2025,2,Palermo-Norte,AEROGAL,64 g/170 g – polvo efervescente en frasco,OTC,100,998992.0,,Farmacia Del Ángel
2025,2,Belgrano-Centro,TANVIMIL AMINOÁCIDOS,comprimido recubierto,OTC,49,377870.85,,Farmacia San Martín
2025,2,Belgrano-Centro,TANVIMIL ACD FLUOR,solución oral,OTC,36,411050.16,,Farmacia San Martín
2025,2,Belgrano-Centro,TANVIMIL B1 B6 B12,comprimido recubierto,OTC,308,2870834.12,,Farmacia Del Centro
2025,2,Belgrano-Centro,TRIMACREM PLUS,"0,01 g/4 g/0,05 g/100 g – crema tópica",OTC,482,4368472.04,,Farmacia San Martín
2025,2,Belgrano-Centro,TRICOFIN,500 mg – óvulo vaginal,RX,250,1386750.0,,Farmacia San Martín
2025,2,Belgrano-Centro,ALACIR,30 mg – comprimido recubierto gastrorresistente,RX,181,1896331.57,,Farmacia San Martín
2025,2,Belgrano-Centro,SUTRICO TAR,9 ml/100 ml – champú,OTC,598,2959753.16,,Farmacia San Martín
2025,2,Belgrano-Centro,AEROGAL,64 g/170 g – polvo efervescente en frasco,OTC,211,2107873.12,,Farmacia Del Centro
2025,2,Belgrano-Centro,TANVIMIL A,50.000 UI – cápsulas,OTC,88,908603.52,,Farmacia Del Centro
2025,2,Belgrano-Centro,APSICO,10 mg – comprimido recubierto,RX,28,653908.08,,Farmacia Del Centro
2025,2,Belgrano-Centro,APSICO,5 mg – comprimido recubierto,RX,183,1970833.14,,Farmacia Del Centro
2025,2,Belgrano-Centro,CIRUELAX MINITABS,75 mg – comprimido recubierto,OTC,62,128132.3,,Farmacia San Martín
2025,2,Núñez-Centro,ONEFIN,10 mg – comprimido,RX,111,2227701.18,,Farmacia Del Lago
2025,2,Núñez-Centro,MENCOGRIN AP,champú,OTC,130,1340349.4,,Farmacia Del Lago
2025,2,Núñez-Centro,TANVIMIL A,50.000 UI – cápsulas,OTC,71,733077.84,,Farmacia Sarmiento
2025,2,Núñez-Centro,TANDIUR,50 mg – comprimido,RX,45,351902.7,,Farmacia Del Lago
2025,2,Núñez-Centro,TANVIMIL PLUS,cápsula,OTC,183,1319236.02,,Farmacia Del Lago
2025,2,Núñez-Centro,TACNA,250 mg – comprimido,RX,96,877138.56,,Farmacia Sarmiento
2025,2,Núñez-Centro,TRICOFIN,500 mg – óvulo vaginal,RX,44,244068.0,,Farmacia Sarmiento
2025,2,Núñez-Centro,PANCUTAN NF,"0,2 g/600.000 UI/600.000 UI/100 g – gel tópico",RX,470,7424397.3,,Farmacia Sarmiento
2025,2,Núñez-Centro,ALACIR,30 mg – comprimido recubierto gastrorresistente,RX,63,660049.11,,Farmacia Sarmiento
2025,2,Núñez-Centro,CO‑TIOCTAN,115 mg/50 mg – comprimido recubierto,OTC,230,712114.5,,Farmacia Del Lago
2025,2,Núñez-Centro,PAMOXET,40 mg – comprimido recubierto,RX,54,989748.18,,Farmacia Del Lago
2025,2,Núñez-Centro,TRICOPLUS,2 g/100 ml – loción capilar,RX,436,10050161.88,,Farmacia Sarmiento
2025,2,Núñez-Centro,TRIMACREM PLUS,"0,01 g/4 g/0,05 g/100 g – crema tópica",OTC,220,1993908.4,,Farmacia Del Lago
2025,2,Núñez-Centro,APSICO,5 mg – comprimido recubierto,RX,137,1475432.46,,Farmacia Sarmiento
2025,2,Núñez-Centro,SUTRICO TAR,9 ml/100 ml – champú,OTC,54,267268.68,,Farmacia Sarmiento
2025,2,Núñez-Centro,TANVIMIL B1 B6 B12,comprimido recubierto,OTC,220,2050595.8,,Farmacia Del Lago
2025,2,Núñez-Centro,TANVIMIL A,100.000 UI – cápsulas,OTC,152,343181.04,,Farmacia Del Lago
2025,2,Núñez-Centro,PAMOXET,20 mg – comprimido recubierto,RX,93,2184599.76,,Farmacia Sarmiento
2025,2,Núñez-Centro,AEROGAL,64 g/170 g – polvo efervescente en frasco,OTC,131,1308679.52,,Farmacia Sarmiento
2025,2,Caballito-Centro,APSICO,"2,5 mg – comprimido recubierto",RX,210,4768465.8,,Farmacia Pellegrini
2025,2,Caballito-Centro,PAMOXET,20 mg – comprimido recubierto,RX,33,775180.56,,Farmacia Belgrano
2025,2,Caballito-Centro,TRICOFIN,500 mg – óvulo vaginal,RX,209,1159323.0,,Farmacia Pellegrini
2025,2,Caballito-Centro,AEROGAL,64 g/170 g – polvo efervescente en frasco,OTC,105,1048941.6,,Farmacia Belgrano
2025,2,Caballito-Centro,PAMOXET,40 mg – comprimido recubierto,RX,62,1136377.54,,Farmacia Pellegrini
2025,2,Caballito-Centro,TRICOPLUS,5 g/100 ml – loción capilar,RX,103,2492304.39,,Farmacia Belgrano
2025,2,Caballito-Centro,TANDIUR,50 mg – comprimido,RX,88,688165.28,,Farmacia Pellegrini
2025,2,Caballito-Centro,TANVIMIL ACD FLUOR,solución oral,OTC,233,2660407.98,,Farmacia Pellegrini
2025,2,Caballito-Centro,MENCOGRIN AP,champú,OTC,226,2330145.88,,Farmacia Pellegrini
2025,2,Caballito-Centro,PANCUTAN NF,"0,2 g/600.000 UI/600.000 UI/100 g – gel tópico",RX,187,2953962.33,,Farmacia Pellegrini
2025,2,Caballito-Centro,CO‑TIOCTAN,115 mg/50 mg – comprimido recubierto,OTC,74,229115.1,,Farmacia Pellegrini
2025,2,Caballito-Centro,TRICOFIN,500 mg – comprimido,RX,134,2693036.86,,Farmacia Pellegrini
2025,2,Caballito-Centro,ALACIR,30 mg – comprimido recubierto gastrorresistente,RX,368,3855524.96,,Farmacia Pellegrini
2025,2,Caballito-Centro,TANVIMIL B1 B6 B12,comprimido recubierto,OTC,31,288947.59,,Farmacia Belgrano
2025,3,Recoleta-Norte,TRICOPLUS,2 g/100 ml – loción capilar,RX,304,7007452.32,,Farmacia Güemes
2025,3,Recoleta-Norte,CO‑TIOCTAN,115 mg/50 mg – comprimido recubierto,OTC,124,383922.6,,Farmacia Güemes
2025,3,Recoleta-Norte,TRICOFIN,500 mg – óvulo vaginal,RX,51,282897.0,,Farmacia Güemes
2025,3,Recoleta-Norte,TRICOPLUS,5 g/100 ml – loción capilar,RX,101,2443910.13,,Farmacia La Estrella
2025,3,Recoleta-Norte,PAMOXET,40 mg – comprimido recubierto,RX,293,5370300.31,,Farmacia Güemes
2025,3,Recoleta-Norte,APSICO,"2,5 mg – comprimido recubierto",RX,271,6153591.58,,Farmacia Güemes
2025,3,Recoleta-Norte,APSICO,10 mg – comprimido recubierto,RX,305,7122927.3,,Farmacia Güemes
2025,3,Recoleta-Norte,TANVIMIL PLUS,cápsula,OTC,132,951580.08,,Farmacia La Estrella
2025,3,Recoleta-Norte,TANVIMIL ACD,gotas orales en solución,OTC,68,274135.88,,Farmacia La Estrella
2025,3,Recoleta-Norte,APSICO,5 mg – comprimido recubierto,RX,249,2681625.42,,Farmacia Güemes
2025,3,Recoleta-Norte,TIOCTAN,600 mg – comprimido recubierto,RX,177,3854316.6,,Farmacia La Estrella
2025,3,Recoleta-Norte,TANVIMIL B1 B6 B12,comprimido recubierto,OTC,303,2824229.67,,Farmacia Güemes
2025,3,Recoleta-Norte,PAMOXET,20 mg – comprimido recubierto,RX,186,4369199.52,,Farmacia La Estrella
2025,3,Recoleta-Norte,CIRUELAX MINITABS,75 mg – comprimido recubierto,OTC,242,500129.3,,Farmacia Güemes
2025,3,Recoleta-Norte,TACNA,250 mg – comprimido,RX,106,968507.16,,Farmacia La Estrella
2025,3,Recoleta-Norte,PANCUTAN NF,"0,2 g/600.000 UI/600.000 UI/100 g – gel tópico",RX,31,489694.29,,Farmacia La Estrella
2025,3,Recoleta-Norte,TANVIMIL ACD FLUOR,solución oral,OTC,195,2226521.7,,Farmacia La Estrella
2025,3,Recoleta-Norte,ONEFIN,5 mg – comprimido,RX,199,4930445.89,,Farmacia Güemes
2025,3,Recoleta-Norte,TANVIMIL AMINOÁCIDOS,comprimido recubierto,OTC,36,277619.4,,Farmacia Güemes
2025,3,Microcentro-Este,TANVIMIL AMINOÁCIDOS,comprimido recubierto,OTC,205,1580888.25,,Farmacia Pueyrredón
2025,3,Microcentro-Este,PANCUTAN NF,"0,2 g/600.000 UI/600.000 UI/100 g – gel tópico",RX,163,2574844.17,,Farmacia Del Parque
2025,3,Microcentro-Este,TANVIMIL ACD,gotas orales en solución,OTC,339,1366647.99,,Farmacia Pueyrredón
2025,3,Microcentro-Este,TANVIMIL B1 B6 B12,comprimido recubierto,OTC,435,4054587.15,,Farmacia Pueyrredón
2025,3,Microcentro-Este,APSICO,"2,5 mg – comprimido recubierto",RX,319,7243526.62,,Farmacia Del Parque
2025,3,Microcentro-Este,TANVIMIL ACD FLUOR,solución oral,OTC,215,2454882.9,,Farmacia Pueyrredón
2025,3,Microcentro-Este,MENCOGRIN AP,champú,OTC,160,1649660.8,,Farmacia Pueyrredón
2025,3,Microcentro-Este,TACNA,250 mg – comprimido,RX,215,1964424.9,,Farmacia Del Parque
2025,3,Microcentro-Este,ALACIR,60 mg – comprimido recubierto gastrorresistente,RX,308,4243725.64,,Farmacia Del Parque
2025,3,Microcentro-Este,TRICOFIN,500 mg – óvulo vaginal,RX,240,1331280.0,,Farmacia Del Parque
2025,3,Microcentro-Este,APSICO,5 mg – comprimido recubierto,RX,251,2703164.58,,Farmacia Pueyrredón
2025,3,Microcentro-Este,CO‑TIOCTAN,115 mg/50 mg – comprimido recubierto,OTC,46,142422.9,,Farmacia Del Parque
2025,3,Microcentro-Este,TRIMACREM PLUS,"0,01 g/4 g/0,05 g/100 g – crema tópica",OTC,79,715994.38,,Farmacia Pueyrredón
2025,3,Microcentro-Este,ONEFIN,10 mg – comprimido,RX,254,5097622.52,,Farmacia Del Parque
2025,3,Microcentro-Este,SUTRICO TAR,9 ml/100 ml – champú,OTC,68,336560.56,,Farmacia Del Parque
2025,3,Microcentro-Este,AEROGAL,64 g/170 g – polvo efervescente en frasco,OTC,182,1818165.44,,Farmacia Pueyrredón
2025,3,San Isidro-Centro,PAMOXET,20 mg – comprimido recubierto,RX,77,1808754.64,,Farmacia Del Oeste
2025,3,San Isidro-Centro,APSICO,10 mg – comprimido recubierto,RX,32,747323.52,,Farmacia Del Norte
2025,3,San Isidro-Centro,CIRUELAX MINITABS,75 mg – comprimido recubierto,OTC,130,268664.5,,Farmacia Del Oeste
2025,3,San Isidro-Centro,TRICOFIN,500 mg – comprimido,RX,202,4059652.58,,Farmacia Del Norte
2025,3,San Isidro-Centro,TRIMACREM PLUS,"0,01 g/4 g/0,05 g/100 g – crema tópica",OTC,86,779436.92,,Farmacia Del Oeste
2025,3,San Isidro-Centro,TANVIMIL ACD,gotas orales en solución,OTC,170,685339.7,,Farmacia Del Oeste
2025,3,San Isidro-Centro,ONEFIN,10 mg – comprimido,RX,129,2588950.02,,Farmacia Del Norte
2025,3,San Isidro-Centro,PAMOXET,40 mg – comprimido recubierto,RX,199,3647405.33,,Farmacia Del Norte
2025,3,San Isidro-Centro,TRICOPLUS,5 g/100 ml – loción capilar,RX,87,2105150.31,,Farmacia Del Oeste
2025,3,San Isidro-Centro,CO‑TIOCTAN,115 mg/50 mg – comprimido recubierto,OTC,47,145519.05,,Farmacia Del Norte
2025,3,San Isidro-Centro,TANVIMIL B1 B6 B12,comprimido recubierto,OTC,375,3495333.75,,Farmacia Del Oeste
2025,3,San Isidro-Centro,ONEFIN,5 mg – comprimido,RX,212,5252535.32,,Farmacia Del Oeste
2025,3,San Isidro-Centro,TANVIMIL A,50.000 UI – cápsulas,OTC,120,1239004.8,,Farmacia Del Oeste
2025,3,San Isidro-Centro,TANDIUR,50 mg – comprimido,RX,307,2400758.42,,Farmacia Del Norte
2025,3,San Isidro-Centro,TANVIMIL A,100.000 UI – cápsulas,OTC,322,727001.94,,Farmacia Del Norte
2025,3,San Isidro-Centro,APSICO,5 mg – comprimido recubierto,RX,77,829257.66,,Farmacia Del Norte
2025,3,San Isidro-Centro,TACNA,250 mg – comprimido,RX,330,3015163.8,,Farmacia Del Oeste
2025,3,Belgrano-R,PANCUTAN NF,"0,2 g/600.000 UI/600.000 UI/100 g – gel tópico",RX,167,2638030.53,,Farmacia Del Sol
2025,3,Belgrano-R,SUTRICO TAR,9 ml/100 ml – champú,OTC,268,1326444.56,,Farmacia Del Sol
2025,3,Belgrano-R,TANVIMIL AMINOÁCIDOS,comprimido recubierto,OTC,26,200502.9,,Farmacia Del Sol
2025,3,Belgrano-R,CO‑TIOCTAN,115 mg/50 mg – comprimido recubierto,OTC,134,414884.1,,Farmacia Lavalle
2025,3,Belgrano-R,ONEFIN,10 mg – comprimido,RX,67,1344648.46,,Farmacia Del Sol
2025,3,Belgrano-R,ALACIR,30 mg – comprimido recubierto gastrorresistente,RX,293,3069752.21,,Farmacia Lavalle
2025,3,Belgrano-R,TRICOFIN,500 mg – óvulo vaginal,RX,204,1131588.0,,Farmacia Lavalle
2025,3,Belgrano-R,APSICO,"2,5 mg – comprimido recubierto",RX,163,3701237.74,,Farmacia Del Sol
2025,3,Belgrano-R,TRICOPLUS,5 g/100 ml – loción capilar,RX,271,6557422.23,,Farmacia Lavalle
2025,3,Belgrano-R,AEROGAL,64 g/170 g – polvo efervescente en frasco,OTC,199,1987994.08,,Farmacia Lavalle
2025,3,Belgrano-R,TANVIMIL A,50.000 UI – cápsulas,OTC,347,3582788.88,,Farmacia Lavalle
2025,3,Belgrano-R,TANVIMIL PLUS,cápsula,OTC,165,1189475.1,,Farmacia Lavalle
2025,3,Belgrano-R,ONEFIN,5 mg – comprimido,RX,84,2081193.24,,Farmacia Del Sol
2025,3,Belgrano-R,ALACIR,60 mg – comprimido recubierto gastrorresistente,RX,149,2052971.17,,Farmacia Lavalle
2025,3,Belgrano-R,MENCOGRIN AP,champú,OTC,214,2206421.32,,Farmacia Del Sol
2025,3,Belgrano-R,TIOCTAN,600 mg – comprimido recubierto,RX,110,2395338.0,,Farmacia Del Sol
2025,3,Belgrano-R,APSICO,10 mg – comprimido recubierto,RX,247,5768403.42,,Farmacia Del Sol
2025,3,Belgrano-R,TANDIUR,50 mg – comprimido,RX,216,1689132.96,,Farmacia Lavalle
2025,3,Belgrano-R,CIRUELAX MINITABS,75 mg – comprimido recubierto,OTC,151,312064.15,,Farmacia Del Sol
2025,3,Devoto-Centro,PAMOXET,20 mg – comprimido recubierto,RX,309,7258508.88,,Farmacia La Botica
2025,3,Devoto-Centro,TANVIMIL A,100.000 UI – cápsulas,OTC,417,941490.09,,Farmacia La Botica
2025,3,Devoto-Centro,TIOCTAN,600 mg – comprimido recubierto,RX,124,2700199.2,,Farmacia La Botica
2025,3,Devoto-Centro,TRICOPLUS,5 g/100 ml – loción capilar,RX,184,4452271.92,,Farmacia España
2025,3,Devoto-Centro,PANCUTAN NF,"0,2 g/600.000 UI/600.000 UI/100 g – gel tópico",RX,88,1390099.92,,Farmacia España
2025,3,Devoto-Centro,TANVIMIL ACD,gotas orales en solución,OTC,113,455549.33,,Farmacia La Botica
2025,3,Devoto-Centro,ONEFIN,5 mg – comprimido,RX,298,7383280.78,,Farmacia La Botica
2025,3,Devoto-Centro,TANDIUR,50 mg – comprimido,RX,324,2533699.44,,Farmacia España
2025,3,Devoto-Centro,TRIMACREM PLUS,"0,01 g/4 g/0,05 g/100 g – crema tópica",OTC,30,271896.6,,Farmacia La Botica
2025,3,Devoto-Centro,TANVIMIL ACD FLUOR,solución oral,OTC,183,2089504.98,,Farmacia España
2025,3,Devoto-Centro,MENCOGRIN AP,champú,OTC,242,2495111.96,,Farmacia La Botica
2025,3,Devoto-Centro,TANVIMIL A,50.000 UI – cápsulas,OTC,174,1796556.96,,Farmacia La Botica
2025,3,Devoto-Centro,TRICOFIN,500 mg – comprimido,RX,124,2492063.96,,Farmacia La Botica
2025,3,Devoto-Centro,SUTRICO TAR,9 ml/100 ml – champú,OTC,285,1410584.7,,Farmacia España
2025,3,Devoto-Centro,CIRUELAX MINITABS,75 mg – comprimido recubierto,OTC,55,113665.75,,Farmacia España
2025,3,Devoto-Centro,APSICO,10 mg – comprimido recubierto,RX,19,443723.34,,Farmacia España
2025,3,Devoto-Centro,ALACIR,60 mg – comprimido recubierto gastrorresistente,RX,140,1928966.2,,Farmacia España
2025,3,Almagro-Centro,CO‑TIOCTAN,115 mg/50 mg – comprimido recubierto,OTC,141,436557.15,,Farmacia Avenida
2025,3,Almagro-Centro,TRIMACREM PLUS,"0,01 g/4 g/0,05 g/100 g – crema tópica",OTC,137,1241661.14,,Farmacia Brown
2025,3,Almagro-Centro,TANVIMIL B1 B6 B12,comprimido recubierto,OTC,103,960051.67,,Farmacia Avenida
2025,3,Almagro-Centro,SUTRICO TAR,9 ml/100 ml – champú,OTC,315,1559067.3,,Farmacia Brown
2025,3,Almagro-Centro,TANDIUR,50 mg – comprimido,RX,289,2259997.34,,Farmacia Avenida
2025,3,Almagro-Centro,TRICOFIN,500 mg – óvulo vaginal,RX,160,887520.0,,Farmacia Avenida
2025,3,Almagro-Centro,TRICOPLUS,2 g/100 ml – loción capilar,RX,81,1867117.23,,Farmacia Avenida
2025,3,Almagro-Centro,TACNA,250 mg – comprimido,RX,55,502527.3,,Farmacia Brown
2025,3,Almagro-Centro,PAMOXET,20 mg – comprimido recubierto,RX,294,6906154.08,,Farmacia Brown
2025,3,Almagro-Centro,MENCOGRIN AP,champú,OTC,75,773278.5,,Farmacia Brown
2025,3,Almagro-Centro,APSICO,5 mg – comprimido recubierto,RX,56,603096.48,,Farmacia Brown
2025,3,Almagro-Centro,ONEFIN,5 mg – comprimido,RX,235,5822385.85,,Farmacia Brown
2025,3,Almagro-Centro,TANVIMIL AMINOÁCIDOS,comprimido recubierto,OTC,199,1534618.35,,Farmacia Brown
2025,3,Vicente López-Centro,TANVIMIL ACD,gotas orales en solución,OTC,215,866753.15,,Farmacia Rivadavia
2025,3,Vicente López-Centro,APSICO,5 mg – comprimido recubierto,RX,30,323087.4,,Farmacia Urquiza
2025,3,Vicente López-Centro,TIOCTAN,600 mg – comprimido recubierto,RX,117,2547768.6,,Farmacia Rivadavia
2025,3,Vicente López-Centro,TANVIMIL ACD FLUOR,solución oral,OTC,183,2089504.98,,Farmacia Urquiza
2025,3,Vicente López-Centro,TRICOFIN,500 mg – comprimido,RX,213,4280722.77,,Farmacia Rivadavia
2025,3,Vicente López-Centro,MENCOGRIN AP,champú,OTC,215,2216731.7,,Farmacia Rivadavia
2025,3,Vicente López-Centro,APSICO,10 mg – comprimido recubierto,RX,178,4156987.08,,Farmacia Rivadavia
2025,3,Vicente López-Centro,TRICOPLUS,5 g/100 ml – loción capilar,RX,255,6170268.15,,Farmacia Rivadavia
2025,3,Vicente López-Centro,TANVIMIL B1 B6 B12,comprimido recubierto,OTC,381,3551259.09,,Farmacia Urquiza
2025,3,Vicente López-Centro,TANVIMIL A,50.000 UI – cápsulas,OTC,146,1507455.84,,Farmacia Rivadavia
2025,3,Vicente López-Centro,TRICOFIN,500 mg – óvulo vaginal,RX,208,1153776.0,,Farmacia Urquiza
2025,3,Vicente López-Centro,PAMOXET,20 mg – comprimido recubierto,RX,108,2536954.56,,Farmacia Urquiza
2025,3,Vicente López-Centro,ALACIR,30 mg – comprimido recubierto gastrorresistente,RX,71,743864.87,,Farmacia Rivadavia
2025,3,Vicente López-Centro,TANDIUR,50 mg – comprimido,RX,79,617784.74,,Farmacia Urquiza
2025,3,Vicente López-Centro,PAMOXET,40 mg – comprimido recubierto,RX,58,1063062.86,,Farmacia Rivadavia
2025,3,Vicente López-Centro,TRIMACREM PLUS,"0,01 g/4 g/0,05 g/100 g – crema tópica",OTC,167,1513557.74,,Farmacia Rivadavia
2025,3,Vicente López-Centro,CO‑TIOCTAN,115 mg/50 mg – comprimido recubierto,OTC,199,616133.85,,Farmacia Rivadavia
2025,3,Vicente López-Centro,TANVIMIL PLUS,cápsula,OTC,165,1189475.1,,Farmacia Urquiza
2025,3,Vicente López-Centro,ONEFIN,10 mg – comprimido,RX,173,3472002.74,,Farmacia Rivadavia
2025,3,Vicente López-Centro,AEROGAL,64 g/170 g – polvo efervescente en frasco,OTC,72,719274.24,,Farmacia Urquiza
2025,3,Palermo-Sur,TACNA,250 mg – comprimido,RX,60,548211.6,,Farmacia Central
2025,3,Palermo-Sur,PAMOXET,40 mg – comprimido recubierto,RX,361,6616649.87,,Farmacia Central
2025,3,Palermo-Sur,TANVIMIL ACD,gotas orales en solución,OTC,347,1398899.27,,Farmacia Moreno
2025,3,Palermo-Sur,TRIMACREM PLUS,"0,01 g/4 g/0,05 g/100 g – crema tópica",OTC,144,1305103.68,,Farmacia Central
2025,3,Palermo-Sur,TRICOFIN,500 mg – óvulo vaginal,RX,169,937443.0,,Farmacia Central
2025,3,Palermo-Sur,TRICOFIN,500 mg – comprimido,RX,324,6511521.96,,Farmacia Moreno
2025,3,Palermo-Sur,TRICOPLUS,2 g/100 ml – loción capilar,RX,103,2374235.49,,Farmacia Central
2025,3,Palermo-Sur,TANVIMIL PLUS,cápsula,OTC,203,1463414.82,,Farmacia Moreno
2025,3,Palermo-Sur,TANVIMIL B1 B6 B12,comprimido recubierto,OTC,36,335552.04,,Farmacia Moreno
2025,3,Palermo-Sur,CO‑TIOCTAN,115 mg/50 mg – comprimido recubierto,OTC,161,498480.15,,Farmacia Central
2025,3,Palermo-Sur,ALACIR,60 mg – comprimido recubierto gastrorresistente,RX,143,1970301.19,,Farmacia Central
2025,3,Palermo-Sur,TANVIMIL A,100.000 UI – cápsulas,OTC,81,182879.37,,Farmacia Central
2025,3,Palermo-Sur,TRICOPLUS,5 g/100 ml – loción capilar,RX,121,2927852.73,,Farmacia Moreno
2025,3,Palermo-Sur,PAMOXET,20 mg – comprimido recubierto,RX,75,1761774.0,,Farmacia Moreno
2025,3,Palermo-Sur,MENCOGRIN AP,champú,OTC,75,773278.5,,Farmacia Central
2025,3,Palermo-Sur,AEROGAL,64 g/170 g – polvo efervescente en frasco,OTC,328,3276693.76,,Farmacia Moreno
2025,3,Palermo-Sur,TANVIMIL ACD FLUOR,solución oral,OTC,34,388214.04,,Farmacia Central
2025,3,Quilmes-Centro,TRICOPLUS,2 g/100 ml – loción capilar,RX,223,5140335.09,,Farmacia Pasteur
2025,3,Quilmes-Centro,TRICOFIN,500 mg – óvulo vaginal,RX,64,355008.0,,Farmacia Alsina
2025,3,Quilmes-Centro,PAMOXET,20 mg – comprimido recubierto,RX,57,1338948.24,,Farmacia Alsina
2025,3,Quilmes-Centro,CIRUELAX MINITABS,75 mg – comprimido recubierto,OTC,103,212864.95,,Farmacia Pasteur
2025,3,Quilmes-Centro,ONEFIN,5 mg – comprimido,RX,244,6045370.84,,Farmacia Pasteur
2025,3,Quilmes-Centro,AEROGAL,64 g/170 g – polvo efervescente en frasco,OTC,237,2367611.04,,Farmacia Pasteur
2025,3,Quilmes-Centro,ONEFIN,10 mg – comprimido,RX,207,4154361.66,,Farmacia Alsina
2025,3,Quilmes-Centro,TANVIMIL A,100.000 UI – cápsulas,OTC,338,763126.26,,Farmacia Alsina
2025,3,Quilmes-Centro,APSICO,5 mg – comprimido recubierto,RX,133,1432354.14,,Farmacia Pasteur
2025,3,Quilmes-Centro,TANVIMIL A,50.000 UI – cápsulas,OTC,216,2230208.64,,Farmacia Alsina
2025,3,Quilmes-Centro,TANVIMIL ACD FLUOR,solución oral,OTC,364,4156173.84,,Farmacia Alsina
2025,3,Quilmes-Centro,TACNA,250 mg – comprimido,RX,93,849727.98,,Farmacia Pasteur
2025,3,Flores-Norte,AEROGAL,64 g/170 g – polvo efervescente en frasco,OTC,145,1448538.4,,Farmacia Mitre
2025,3,Flores-Norte,ALACIR,30 mg – comprimido recubierto gastrorresistente,RX,179,1875377.63,,Farmacia Mitre
2025,3,Flores-Norte,TANVIMIL AMINOÁCIDOS,comprimido recubierto,OTC,266,2051298.9,,Farmacia Mitre
2025,3,Flores-Norte,CO‑TIOCTAN,115 mg/50 mg – comprimido recubierto,OTC,235,727595.25,,Farmacia Mitre
2025,3,Flores-Norte,TANVIMIL PLUS,cápsula,OTC,349,2515920.06,,Farmacia Castelli
2025,3,Flores-Norte,TRICOFIN,500 mg – comprimido,RX,187,3758193.23,,Farmacia Castelli
2025,3,Flores-Norte,APSICO,"2,5 mg – comprimido recubierto",RX,228,5177191.44,,Farmacia Mitre
2025,3,Flores-Norte,TANVIMIL ACD FLUOR,solución oral,OTC,491,5606267.46,,Farmacia Castelli
2025,3,Flores-Norte,TACNA,250 mg – comprimido,RX,208,1900466.88,,Farmacia Mitre
2025,3,Flores-Norte,TIOCTAN,600 mg – comprimido recubierto,RX,292,6358533.6,,Farmacia Mitre
2025,3,Flores-Norte,TRIMACREM PLUS,"0,01 g/4 g/0,05 g/100 g – crema tópica",OTC,74,670678.28,,Farmacia Mitre
2025,3,Flores-Norte,SUTRICO TAR,9 ml/100 ml – champú,OTC,125,618677.5,,Farmacia Mitre
2025,3,Flores-Norte,ALACIR,60 mg – comprimido recubierto gastrorresistente,RX,129,1777404.57,,Farmacia Castelli
2025,3,La Plata-Centro,TIOCTAN,600 mg – comprimido recubierto,RX,120,2613096.0,,Farmacia Del Sur
2025,3,La Plata-Centro,AEROGAL,64 g/170 g – polvo efervescente en frasco,OTC,92,919072.64,,Farmacia Del Sur
2025,3,La Plata-Centro,ONEFIN,10 mg – comprimido,RX,176,3532210.88,,Farmacia Roca
2025,3,La Plata-Centro,ONEFIN,5 mg – comprimido,RX,202,5004774.22,,Farmacia Del Sur
2025,3,La Plata-Centro,CO‑TIOCTAN,115 mg/50 mg – comprimido recubierto,OTC,338,1046498.7,,Farmacia Del Sur
2025,3,La Plata-Centro,TRICOFIN,500 mg – comprimido,RX,183,3677804.07,,Farmacia Roca
2025,3,La Plata-Centro,TANVIMIL ACD FLUOR,solución oral,OTC,155,1769799.3,,Farmacia Del Sur
2025,3,La Plata-Centro,PAMOXET,20 mg – comprimido recubierto,RX,223,5238341.36,,Farmacia Roca
2025,3,La Plata-Centro,TANDIUR,50 mg – comprimido,RX,143,1118268.58,,Farmacia Del Sur
2025,3,La Plata-Centro,MENCOGRIN AP,champú,OTC,117,1206314.46,,Farmacia Roca
2025,3,La Plata-Centro,TRIMACREM PLUS,"0,01 g/4 g/0,05 g/100 g – crema tópica",OTC,39,353465.58,,Farmacia Roca
2025,3,La Plata-Centro,TACNA,250 mg – comprimido,RX,229,2092340.94,,Farmacia Roca
2025,3,La Plata-Centro,TRICOFIN,500 mg – óvulo vaginal,RX,212,1175964.0,,Farmacia Roca
2025,3,La Plata-Centro,SUTRICO TAR,9 ml/100 ml – champú,OTC,186,920592.12,,Farmacia Del Sur
2025,3,La Plata-Centro,TANVIMIL AMINOÁCIDOS,comprimido recubierto,OTC,311,2398323.15,,Farmacia Roca
2025,3,La Plata-Centro,ALACIR,30 mg – comprimido recubierto gastrorresistente,RX,155,1623930.35,,Farmacia Del Sur
2025,3,Villa Urquiza-Centro,ALACIR,30 mg – comprimido recubierto gastrorresistente,RX,139,1456298.83,,Farmacia Italia
2025,3,Villa Urquiza-Centro,TANVIMIL B1 B6 B12,comprimido recubierto,OTC,238,2218371.82,,Farmacia Italia
2025,3,Villa Urquiza-Centro,PANCUTAN NF,"0,2 g/600.000 UI/600.000 UI/100 g – gel tópico",RX,152,2401081.68,,Farmacia Italia
2025,3,Villa Urquiza-Centro,APSICO,5 mg – comprimido recubierto,RX,86,926183.88,,Farmacia San José
2025,3,Villa Urquiza-Centro,SUTRICO TAR,9 ml/100 ml – champú,OTC,18,89089.56,,Farmacia San José
2025,3,Villa Urquiza-Centro,TRICOFIN,500 mg – comprimido,RX,92,1848950.68,,Farmacia Italia
2025,3,Villa Urquiza-Centro,TRICOPLUS,5 g/100 ml – loción capilar,RX,182,4403877.66,,Farmacia Italia
2025,3,Villa Urquiza-Centro,ALACIR,60 mg – comprimido recubierto gastrorresistente,RX,163,2245867.79,,Farmacia Italia
2025,3,Villa Urquiza-Centro,ONEFIN,5 mg – comprimido,RX,367,9092832.37,,Farmacia Italia
2025,3,Villa Urquiza-Centro,TANDIUR,50 mg – comprimido,RX,103,805466.18,,Farmacia Italia
2025,3,Villa Urquiza-Centro,TANVIMIL A,100.000 UI – cápsulas,OTC,26,58702.02,,Farmacia San José
2025,3,Villa Urquiza-Centro,TRIMACREM PLUS,"0,01 g/4 g/0,05 g/100 g – crema tópica",OTC,205,1857960.1,,Farmacia Italia
2025,3,Palermo-Norte,TANVIMIL B1 B6 B12,comprimido recubierto,OTC,330,3075893.7,,Farmacia Del Pueblo
2025,3,Palermo-Norte,TANVIMIL ACD FLUOR,solución oral,OTC,97,1107551.82,,Farmacia Del Pueblo
2025,3,Palermo-Norte,PAMOXET,20 mg – comprimido recubierto,RX,210,4932967.2,,Farmacia Del Pueblo
2025,3,Palermo-Norte,ALACIR,60 mg – comprimido recubierto gastrorresistente,RX,146,2011636.18,,Farmacia Del Pueblo
2025,3,Palermo-Norte,PAMOXET,40 mg – comprimido recubierto,RX,212,3885678.04,,Farmacia Del Pueblo
2025,3,Palermo-Norte,TANVIMIL AMINOÁCIDOS,comprimido recubierto,OTC,41,316177.65,,Farmacia Del Pueblo
2025,3,Palermo-Norte,APSICO,5 mg – comprimido recubierto,RX,134,1443123.72,,Farmacia Del Ángel
2025,3,Palermo-Norte,TRICOFIN,500 mg – comprimido,RX,35,703405.15,,Farmacia Del Pueblo
2025,3,Palermo-Norte,TANVIMIL A,100.000 UI – cápsulas,OTC,223,503482.71,,Farmacia Del Pueblo
2025,3,Palermo-Norte,CO‑TIOCTAN,115 mg/50 mg – comprimido recubierto,OTC,307,950518.05,,Farmacia Del Ángel
2025,3,Palermo-Norte,APSICO,10 mg – comprimido recubierto,RX,161,3759971.46,,Farmacia Del Pueblo
2025,3,Palermo-Norte,TANVIMIL PLUS,cápsula,OTC,72,519043.68,,Farmacia Del Ángel
2025,3,Palermo-Norte,APSICO,"2,5 mg – comprimido recubierto",RX,186,4223498.28,,Farmacia Del Ángel
2025,3,Palermo-Norte,AEROGAL,64 g/170 g – polvo efervescente en frasco,OTC,156,1558427.52,,Farmacia Del Pueblo
2025,3,Belgrano-Centro,TANVIMIL AMINOÁCIDOS,comprimido recubierto,OTC,59,454987.35,,Farmacia Del Centro
2025,3,Belgrano-Centro,TANVIMIL ACD FLUOR,solución oral,OTC,47,536648.82,,Farmacia San Martín
2025,3,Belgrano-Centro,TANVIMIL B1 B6 B12,comprimido recubierto,OTC,339,3159781.71,,Farmacia San Martín
2025,3,Belgrano-Centro,TRIMACREM PLUS,"0,01 g/4 g/0,05 g/100 g – crema tópica",OTC,308,2791471.76,,Farmacia San Martín
2025,3,Belgrano-Centro,TRICOFIN,500 mg – óvulo vaginal,RX,326,1808322.0,,Farmacia Del Centro
2025,3,Belgrano-Centro,ALACIR,30 mg – comprimido recubierto gastrorresistente,RX,111,1162943.67,,Farmacia San Martín
2025,3,Belgrano-Centro,SUTRICO TAR,9 ml/100 ml – champú,OTC,269,1331393.98,,Farmacia Del Centro
2025,3,Belgrano-Centro,AEROGAL,64 g/170 g – polvo efervescente en frasco,OTC,219,2187792.48,,Farmacia San Martín
2025,3,Belgrano-Centro,TANVIMIL A,50.000 UI – cápsulas,OTC,97,1001528.88,,Farmacia San Martín
2025,3,Belgrano-Centro,APSICO,10 mg – comprimido recubierto,RX,44,1027569.84,,Farmacia Del Centro
2025,3,Belgrano-Centro,APSICO,5 mg – comprimido recubierto,RX,192,2067759.36,,Farmacia San Martín
2025,3,Belgrano-Centro,CIRUELAX MINITABS,75 mg – comprimido recubierto,OTC,42,86799.3,,Farmacia San Martín
2025,3,Núñez-Centro,ONEFIN,10 mg – comprimido,RX,68,1364717.84,,Farmacia Sarmiento
2025,3,Núñez-Centro,MENCOGRIN AP,champú,OTC,114,1175383.32,,Farmacia Del Lago
2025,3,Núñez-Centro,TANVIMIL A,50.000 UI – cápsulas,OTC,133,1373230.32,,Farmacia Sarmiento
2025,3,Núñez-Centro,TANDIUR,50 mg – comprimido,RX,71,555224.26,,Farmacia Sarmiento
2025,3,Núñez-Centro,TANVIMIL PLUS,cápsula,OTC,318,2292442.92,,Farmacia Del Lago
2025,3,Núñez-Centro,TACNA,250 mg – comprimido,RX,102,931959.72,,Farmacia Del Lago
2025,3,Núñez-Centro,TRICOFIN,500 mg – óvulo vaginal,RX,41,227427.0,,Farmacia Del Lago
2025,3,Núñez-Centro,PANCUTAN NF,"0,2 g/600.000 UI/600.000 UI/100 g – gel tópico",RX,239,3775385.01,,Farmacia Sarmiento
2025,3,Núñez-Centro,ALACIR,30 mg – comprimido recubierto gastrorresistente,RX,56,586710.32,,Farmacia Del Lago
2025,3,Núñez-Centro,CO‑TIOCTAN,115 mg/50 mg – comprimido recubierto,OTC,163,504672.45,,Farmacia Del Lago
2025,3,Núñez-Centro,PAMOXET,40 mg – comprimido recubierto,RX,68,1246349.56,,Farmacia Sarmiento
2025,3,Núñez-Centro,TRICOPLUS,2 g/100 ml – loción capilar,RX,289,6661689.87,,Farmacia Del Lago
2025,3,Núñez-Centro,TRIMACREM PLUS,"0,01 g/4 g/0,05 g/100 g – crema tópica",OTC,135,1223534.7,,Farmacia Del Lago
2025,3,Núñez-Centro,APSICO,5 mg – comprimido recubierto,RX,128,1378506.24,,Farmacia Sarmiento
2025,3,Núñez-Centro,SUTRICO TAR,9 ml/100 ml – champú,OTC,35,173229.7,,Farmacia Del Lago
2025,3,Núñez-Centro,TANVIMIL B1 B6 B12,comprimido recubierto,OTC,363,3383483.07,,Farmacia Del Lago
2025,3,Núñez-Centro,TANVIMIL A,100.000 UI – cápsulas,OTC,288,650237.76,,Farmacia Del Lago
2025,3,Núñez-Centro,PAMOXET,20 mg – comprimido recubierto,RX,83,1949696.56,,Farmacia Del Lago
2025,3,Núñez-Centro,AEROGAL,64 g/170 g – polvo efervescente en frasco,OTC,195,1948034.4,,Farmacia Sarmiento
2025,3,Caballito-Centro,APSICO,"2,5 mg – comprimido recubierto",RX,367,8333461.66,,Farmacia Belgrano
2025,3,Caballito-Centro,PAMOXET,20 mg – comprimido recubierto,RX,32,751690.24,,Farmacia Pellegrini
2025,3,Caballito-Centro,TRICOFIN,500 mg – óvulo vaginal,RX,186,1031742.0,,Farmacia Pellegrini
2025,3,Caballito-Centro,AEROGAL,64 g/170 g – polvo efervescente en frasco,OTC,221,2207772.32,,Farmacia Pellegrini
2025,3,Caballito-Centro,PAMOXET,40 mg – comprimido recubierto,RX,49,898104.83,,Farmacia Pellegrini
2025,3,Caballito-Centro,TRICOPLUS,5 g/100 ml – loción capilar,RX,51,1234053.63,,Farmacia Pellegrini
2025,3,Caballito-Centro,TANDIUR,50 mg – comprimido,RX,115,899306.9,,Farmacia Pellegrini
2025,3,Caballito-Centro,TANVIMIL ACD FLUOR,solución oral,OTC,340,3882140.4,,Farmacia Belgrano
2025,3,Caballito-Centro,MENCOGRIN AP,champú,OTC,80,824830.4,,Farmacia Belgrano
2025,3,Caballito-Centro,PANCUTAN NF,"0,2 g/600.000 UI/600.000 UI/100 g – gel tópico",RX,162,2559047.58,,Farmacia Pellegrini
2025,3,Caballito-Centro,CO‑TIOCTAN,115 mg/50 mg – comprimido recubierto,OTC,76,235307.4,,Farmacia Pellegrini
2025,3,Caballito-Centro,TRICOFIN,500 mg – comprimido,RX,99,1989631.71,,Farmacia Pellegrini
2025,3,Caballito-Centro,ALACIR,30 mg – comprimido recubierto gastrorresistente,RX,204,2137301.88,,Farmacia Belgrano
2025,3,Caballito-Centro,TANVIMIL B1 B6 B12,comprimido recubierto,OTC,57,531290.73,,Farmacia Pellegrini
2025,4,Recoleta-Norte,TRICOPLUS,2 g/100 ml – loción capilar,RX,237,5463046.71,,Farmacia Güemes
2025,4,Recoleta-Norte,CO‑TIOCTAN,115 mg/50 mg – comprimido recubierto,OTC,107,331288.05,,Farmacia La Estrella
2025,4,Recoleta-Norte,TRICOFIN,500 mg – óvulo vaginal,RX,55,305085.0,,Farmacia La Estrella
2025,4,Recoleta-Norte,TRICOPLUS,5 g/100 ml – loción capilar,RX,100,2419713.0,,Farmacia Güemes
2025,4,Recoleta-Norte,PAMOXET,40 mg – comprimido recubierto,RX,182,3335817.94,,Farmacia Güemes
2025,4,Recoleta-Norte,APSICO,"2,5 mg – comprimido recubierto",RX,187,4246205.26,,Farmacia La Estrella
2025,4,Recoleta-Norte,APSICO,10 mg – comprimido recubierto,RX,267,6235480.62,,Farmacia La Estrella
2025,4,Recoleta-Norte,TANVIMIL PLUS,cápsula,OTC,173,1247146.62,,Farmacia La Estrella
2025,4,Recoleta-Norte,TANVIMIL ACD,gotas orales en solución,OTC,76,306387.16,,Farmacia La Estrella
2025,4,Recoleta-Norte,APSICO,5 mg – comprimido recubierto,RX,214,2304690.12,,Farmacia Güemes
2025,4,Recoleta-Norte,TIOCTAN,600 mg – comprimido recubierto,RX,146,3179266.8,,Farmacia La Estrella
2025,4,Recoleta-Norte,TANVIMIL B1 B6 B12,comprimido recubierto,OTC,371,3458050.19,,Farmacia La Estrella
2025,4,Recoleta-Norte,PAMOXET,20 mg – comprimido recubierto,RX,197,4627593.04,,Farmacia La Estrella
2025,4,Recoleta-Norte,CIRUELAX MINITABS,75 mg – comprimido recubierto,OTC,144,297597.6,,Farmacia La Estrella
2025,4,Recoleta-Norte,TACNA,250 mg – comprimido,RX,121,1105560.06,,Farmacia La Estrella
2025,4,Recoleta-Norte,PANCUTAN NF,"0,2 g/600.000 UI/600.000 UI/100 g – gel tópico",RX,34,537084.06,,Farmacia La Estrella
2025,4,Recoleta-Norte,TANVIMIL ACD FLUOR,solución oral,OTC,241,2751752.46,,Farmacia La Estrella
2025,4,Recoleta-Norte,ONEFIN,5 mg – comprimido,RX,261,6466564.71,,Farmacia La Estrella
2025,4,Recoleta-Norte,TANVIMIL AMINOÁCIDOS,comprimido recubierto,OTC,24,185079.6,,Farmacia Güemes
2025,4,Microcentro-Este,TANVIMIL AMINOÁCIDOS,comprimido recubierto,OTC,240,1850796.0,,Farmacia Pueyrredón
2025,4,Microcentro-Este,PANCUTAN NF,"0,2 g/600.000 UI/600.000 UI/100 g – gel tópico",RX,114,1800811.26,,Farmacia Del Parque
2025,4,Microcentro-Este,TANVIMIL ACD,gotas orales en solución,OTC,310,1249737.1,,Farmacia Del Parque
2025,4,Microcentro-Este,TANVIMIL B1 B6 B12,comprimido recubierto,OTC,492,4585877.88,,Farmacia Pueyrredón
2025,4,Microcentro-Este,APSICO,"2,5 mg – comprimido recubierto",RX,212,4813879.76,,Farmacia Pueyrredón
2025,4,Microcentro-Este,TANVIMIL ACD FLUOR,solución oral,OTC,201,2295030.06,,Farmacia Pueyrredón
2025,4,Microcentro-Este,MENCOGRIN AP,champú,OTC,156,1608419.28,,Farmacia Pueyrredón
2025,4,Microcentro-Este,TACNA,250 mg – comprimido,RX,204,1863919.44,,Farmacia Del Parque
2025,4,Microcentro-Este,ALACIR,60 mg – comprimido recubierto gastrorresistente,RX,329,4533070.57,,Farmacia Del Parque
2025,4,Microcentro-Este,TRICOFIN,500 mg – óvulo vaginal,RX,332,1841604.0,,Farmacia Del Parque
2025,4,Microcentro-Este,APSICO,5 mg – comprimido recubierto,RX,326,3510883.08,,Farmacia Del Parque
2025,4,Microcentro-Este,CO‑TIOCTAN,115 mg/50 mg – comprimido recubierto,OTC,74,229115.1,,Farmacia Pueyrredón
2025,4,Microcentro-Este,TRIMACREM PLUS,"0,01 g/4 g/0,05 g/100 g – crema tópica",OTC,67,607235.74,,Farmacia Del Parque
2025,4,Microcentro-Este,ONEFIN,10 mg – comprimido,RX,274,5499010.12,,Farmacia Pueyrredón
2025,4,Microcentro-Este,SUTRICO TAR,9 ml/100 ml – champú,OTC,74,366257.08,,Farmacia Del Parque
2025,4,Microcentro-Este,AEROGAL,64 g/170 g – polvo efervescente en frasco,OTC,205,2047933.6,,Farmacia Del Parque
2025,4,San Isidro-Centro,PAMOXET,20 mg – comprimido recubierto,RX,108,2536954.56,,Farmacia Del Oeste
2025,4,San Isidro-Centro,APSICO,10 mg – comprimido recubierto,RX,32,747323.52,,Farmacia Del Norte
2025,4,San Isidro-Centro,CIRUELAX MINITABS,75 mg – comprimido recubierto,OTC,125,258331.25,,Farmacia Del Norte
2025,4,San Isidro-Centro,TRICOFIN,500 mg – comprimido,RX,230,4622376.7,,Farmacia Del Oeste
2025,4,San Isidro-Centro,TRIMACREM PLUS,"0,01 g/4 g/0,05 g/100 g – crema tópica",OTC,90,815689.8,,Farmacia Del Norte
2025,4,San Isidro-Centro,TANVIMIL ACD,gotas orales en solución,OTC,118,475706.38,,Farmacia Del Norte
2025,4,San Isidro-Centro,ONEFIN,10 mg – comprimido,RX,154,3090684.52,,Farmacia Del Oeste
2025,4,San Isidro-Centro,PAMOXET,40 mg – comprimido recubierto,RX,213,3904006.71,,Farmacia Del Norte
2025,4,San Isidro-Centro,TRICOPLUS,5 g/100 ml – loción capilar,RX,71,1717996.23,,Farmacia Del Oeste
2025,4,San Isidro-Centro,CO‑TIOCTAN,115 mg/50 mg – comprimido recubierto,OTC,27,83596.05,,Farmacia Del Oeste
2025,4,San Isidro-Centro,TANVIMIL B1 B6 B12,comprimido recubierto,OTC,420,3914773.8,,Farmacia Del Oeste
2025,4,San Isidro-Centro,ONEFIN,5 mg – comprimido,RX,222,5500296.42,,Farmacia Del Oeste
2025,4,San Isidro-Centro,TANVIMIL A,50.000 UI – cápsulas,OTC,202,2085658.08,,Farmacia Del Norte
2025,4,San Isidro-Centro,TANDIUR,50 mg – comprimido,RX,286,2236537.16,,Farmacia Del Norte
2025,4,San Isidro-Centro,TANVIMIL A,100.000 UI – cápsulas,OTC,264,596051.28,,Farmacia Del Oeste
2025,4,San Isidro-Centro,APSICO,5 mg – comprimido recubierto,RX,78,840027.24,,Farmacia Del Oeste
2025,4,San Isidro-Centro,TACNA,250 mg – comprimido,RX,270,2466952.2,,Farmacia Del Oeste
2025,4,Belgrano-R,PANCUTAN NF,"0,2 g/600.000 UI/600.000 UI/100 g – gel tópico",RX,269,4249282.71,,Farmacia Lavalle
2025,4,Belgrano-R,SUTRICO TAR,9 ml/100 ml – champú,OTC,245,1212607.9,,Farmacia Lavalle
2025,4,Belgrano-R,TANVIMIL AMINOÁCIDOS,comprimido recubierto,OTC,31,239061.15,,Farmacia Del Sol
2025,4,Belgrano-R,CO‑TIOCTAN,115 mg/50 mg – comprimido recubierto,OTC,195,603749.25,,Farmacia Del Sol
2025,4,Belgrano-R,ONEFIN,10 mg – comprimido,RX,70,1404856.6,,Farmacia Del Sol
2025,4,Belgrano-R,ALACIR,30 mg – comprimido recubierto gastrorresistente,RX,300,3143091.0,,Farmacia Lavalle
2025,4,Belgrano-R,TRICOFIN,500 mg – óvulo vaginal,RX,158,876426.0,,Farmacia Lavalle
2025,4,Belgrano-R,APSICO,"2,5 mg – comprimido recubierto",RX,176,3996428.48,,Farmacia Lavalle
2025,4,Belgrano-R,TRICOPLUS,5 g/100 ml – loción capilar,RX,264,6388042.32,,Farmacia Lavalle
2025,4,Belgrano-R,AEROGAL,64 g/170 g – polvo efervescente en frasco,OTC,174,1738246.08,,Farmacia Lavalle
2025,4,Belgrano-R,TANVIMIL A,50.000 UI – cápsulas,OTC,223,2302483.92,,Farmacia Lavalle
2025,4,Belgrano-R,TANVIMIL PLUS,cápsula,OTC,149,1074132.06,,Farmacia Lavalle
2025,4,Belgrano-R,ONEFIN,5 mg – comprimido,RX,68,1684775.48,,Farmacia Lavalle
2025,4,Belgrano-R,ALACIR,60 mg – comprimido recubierto gastrorresistente,RX,210,2893449.3,,Farmacia Del Sol
2025,4,Belgrano-R,MENCOGRIN AP,champú,OTC,339,3495218.82,,Farmacia Lavalle
2025,4,Belgrano-R,TIOCTAN,600 mg – comprimido recubierto,RX,150,3266370.0,,Farmacia Del Sol
2025,4,Belgrano-R,APSICO,10 mg – comprimido recubierto,RX,149,3479725.14,,Farmacia Del Sol
2025,4,Belgrano-R,TANDIUR,50 mg – comprimido,RX,337,2635360.22,,Farmacia Del Sol
2025,4,Belgrano-R,CIRUELAX MINITABS,75 mg – comprimido recubierto,OTC,125,258331.25,,Farmacia Del Sol
2025,4,Devoto-Centro,PAMOXET,20 mg – comprimido recubierto,RX,241,5661167.12,,Farmacia La Botica
2025,4,Devoto-Centro,TANVIMIL A,100.000 UI – cápsulas,OTC,359,810539.43,,Farmacia La Botica
2025,4,Devoto-Centro,TIOCTAN,600 mg – comprimido recubierto,RX,154,3353473.2,,Farmacia La Botica
2025,4,Devoto-Centro,TRICOPLUS,5 g/100 ml – loción capilar,RX,214,5178185.82,,Farmacia España
2025,4,Devoto-Centro,PANCUTAN NF,"0,2 g/600.000 UI/600.000 UI/100 g – gel tópico",RX,108,1706031.72,,Farmacia La Botica
2025,4,Devoto-Centro,TANVIMIL ACD,gotas orales en solución,OTC,116,467643.56,,Farmacia España
2025,4,Devoto-Centro,ONEFIN,5 mg – comprimido,RX,310,7680594.1,,Farmacia España
2025,4,Devoto-Centro,TANDIUR,50 mg – comprimido,RX,306,2392938.36,,Farmacia La Botica
2025,4,Devoto-Centro,TRIMACREM PLUS,"0,01 g/4 g/0,05 g/100 g – crema tópica",OTC,26,235643.72,,Farmacia La Botica
2025,4,Devoto-Centro,TANVIMIL ACD FLUOR,solución oral,OTC,273,3117130.38,,Farmacia La Botica
2025,4,Devoto-Centro,MENCOGRIN AP,champú,OTC,189,1948661.82,,Farmacia La Botica
2025,4,Devoto-Centro,TANVIMIL A,50.000 UI – cápsulas,OTC,112,1156404.48,,Farmacia La Botica
2025,4,Devoto-Centro,TRICOFIN,500 mg – comprimido,RX,79,1587685.91,,Farmacia La Botica
2025,4,Devoto-Centro,SUTRICO TAR,9 ml/100 ml – champú,OTC,242,1197759.64,,Farmacia La Botica
2025,4,Devoto-Centro,CIRUELAX MINITABS,75 mg – comprimido recubierto,OTC,53,109532.45,,Farmacia La Botica
2025,4,Devoto-Centro,APSICO,10 mg – comprimido recubierto,RX,24,560492.64,,Farmacia España
2025,4,Devoto-Centro,ALACIR,60 mg – comprimido recubierto gastrorresistente,RX,190,2617882.7,,Farmacia La Botica
2025,4,Almagro-Centro,CO‑TIOCTAN,115 mg/50 mg – comprimido recubierto,OTC,113,349864.95,,Farmacia Avenida
2025,4,Almagro-Centro,TRIMACREM PLUS,"0,01 g/4 g/0,05 g/100 g – crema tópica",OTC,117,1060396.74,,Farmacia Avenida
2025,4,Almagro-Centro,TANVIMIL B1 B6 B12,comprimido recubierto,OTC,74,689745.86,,Farmacia Brown
2025,4,Almagro-Centro,SUTRICO TAR,9 ml/100 ml – champú,OTC,231,1143316.02,,Farmacia Avenida
2025,4,Almagro-Centro,TANDIUR,50 mg – comprimido,RX,284,2220897.04,,Farmacia Avenida
2025,4,Almagro-Centro,TRICOFIN,500 mg – óvulo vaginal,RX,153,848691.0,,Farmacia Brown
2025,4,Almagro-Centro,TRICOPLUS,2 g/100 ml – loción capilar,RX,78,1797964.74,,Farmacia Avenida
2025,4,Almagro-Centro,TACNA,250 mg – comprimido,RX,40,365474.4,,Farmacia Brown
2025,4,Almagro-Centro,PAMOXET,20 mg – comprimido recubierto,RX,274,6436347.68,,Farmacia Brown
2025,4,Almagro-Centro,MENCOGRIN AP,champú,OTC,83,855761.54,,Farmacia Brown
2025,4,Almagro-Centro,APSICO,5 mg – comprimido recubierto,RX,64,689253.12,,Farmacia Avenida
2025,4,Almagro-Centro,ONEFIN,5 mg – comprimido,RX,202,5004774.22,,Farmacia Brown
2025,4,Almagro-Centro,TANVIMIL AMINOÁCIDOS,comprimido recubierto,OTC,155,1195305.75,,Farmacia Avenida
2025,4,Vicente López-Centro,TANVIMIL ACD,gotas orales en solución,OTC,197,794187.77,,Farmacia Rivadavia
2025,4,Vicente López-Centro,APSICO,5 mg – comprimido recubierto,RX,28,301548.24,,Farmacia Urquiza
2025,4,Vicente López-Centro,TIOCTAN,600 mg – comprimido recubierto,RX,88,1916270.4,,Farmacia Urquiza
2025,4,Vicente López-Centro,TANVIMIL ACD FLUOR,solución oral,OTC,163,1861143.78,,Farmacia Rivadavia
2025,4,Vicente López-Centro,TRICOFIN,500 mg – comprimido,RX,147,2954301.63,,Farmacia Urquiza
2025,4,Vicente López-Centro,MENCOGRIN AP,champú,OTC,266,2742561.08,,Farmacia Rivadavia
2025,4,Vicente López-Centro,APSICO,10 mg – comprimido recubierto,RX,183,4273756.38,,Farmacia Urquiza
2025,4,Vicente López-Centro,TRICOPLUS,5 g/100 ml – loción capilar,RX,201,4863623.13,,Farmacia Urquiza
2025,4,Vicente López-Centro,TANVIMIL B1 B6 B12,comprimido recubierto,OTC,282,2628490.98,,Farmacia Urquiza
2025,4,Vicente López-Centro,TANVIMIL A,50.000 UI – cápsulas,OTC,199,2054682.96,,Farmacia Rivadavia
2025,4,Vicente López-Centro,TRICOFIN,500 mg – óvulo vaginal,RX,248,1375656.0,,Farmacia Rivadavia
2025,4,Vicente López-Centro,PAMOXET,20 mg – comprimido recubierto,RX,89,2090638.48,,Farmacia Urquiza
2025,4,Vicente López-Centro,ALACIR,30 mg – comprimido recubierto gastrorresistente,RX,55,576233.35,,Farmacia Urquiza
2025,4,Vicente López-Centro,TANDIUR,50 mg – comprimido,RX,87,680345.22,,Farmacia Urquiza
2025,4,Vicente López-Centro,PAMOXET,40 mg – comprimido recubierto,RX,70,1283006.9,,Farmacia Urquiza
2025,4,Vicente López-Centro,TRIMACREM PLUS,"0,01 g/4 g/0,05 g/100 g – crema tópica",OTC,126,1141965.72,,Farmacia Rivadavia
2025,4,Vicente López-Centro,CO‑TIOCTAN,115 mg/50 mg – comprimido recubierto,OTC,186,575883.9,,Farmacia Urquiza
2025,4,Vicente López-Centro,TANVIMIL PLUS,cápsula,OTC,137,987624.78,,Farmacia Rivadavia
2025,4,Vicente López-Centro,ONEFIN,10 mg – comprimido,RX,180,3612488.4,,Farmacia Urquiza
2025,4,Vicente López-Centro,AEROGAL,64 g/170 g – polvo efervescente en frasco,OTC,93,929062.56,,Farmacia Rivadavia
2025,4,Palermo-Sur,TACNA,250 mg – comprimido,RX,78,712675.08,,Farmacia Central
2025,4,Palermo-Sur,PAMOXET,40 mg – comprimido recubierto,RX,275,5040384.25,,Farmacia Central
2025,4,Palermo-Sur,TANVIMIL ACD,gotas orales en solución,OTC,253,1019946.73,,Farmacia Central
2025,4,Palermo-Sur,TRIMACREM PLUS,"0,01 g/4 g/0,05 g/100 g – crema tópica",OTC,143,1296040.46,,Farmacia Moreno
2025,4,Palermo-Sur,TRICOFIN,500 mg – óvulo vaginal,RX,158,876426.0,,Farmacia Moreno
2025,4,Palermo-Sur,TRICOFIN,500 mg – comprimido,RX,236,4742960.44,,Farmacia Central
2025,4,Palermo-Sur,TRICOPLUS,2 g/100 ml – loción capilar,RX,126,2904404.58,,Farmacia Central
2025,4,Palermo-Sur,TANVIMIL PLUS,cápsula,OTC,138,994833.72,,Farmacia Moreno
2025,4,Palermo-Sur,TANVIMIL B1 B6 B12,comprimido recubierto,OTC,23,214380.47,,Farmacia Moreno
2025,4,Palermo-Sur,CO‑TIOCTAN,115 mg/50 mg – comprimido recubierto,OTC,132,408691.8,,Farmacia Central
2025,4,Palermo-Sur,ALACIR,60 mg – comprimido recubierto gastrorresistente,RX,129,1777404.57,,Farmacia Central
2025,4,Palermo-Sur,TANVIMIL A,100.000 UI – cápsulas,OTC,79,178363.83,,Farmacia Moreno
2025,4,Palermo-Sur,TRICOPLUS,5 g/100 ml – loción capilar,RX,106,2564895.78,,Farmacia Moreno
2025,4,Palermo-Sur,PAMOXET,20 mg – comprimido recubierto,RX,72,1691303.04,,Farmacia Moreno
2025,4,Palermo-Sur,MENCOGRIN AP,champú,OTC,122,1257866.36,,Farmacia Moreno
2025,4,Palermo-Sur,AEROGAL,64 g/170 g – polvo efervescente en frasco,OTC,261,2607369.12,,Farmacia Moreno
2025,4,Palermo-Sur,TANVIMIL ACD FLUOR,solución oral,OTC,28,319705.68,,Farmacia Moreno
2025,4,Quilmes-Centro,TRICOPLUS,2 g/100 ml – loción capilar,RX,205,4725420.15,,Farmacia Alsina
2025,4,Quilmes-Centro,TRICOFIN,500 mg – óvulo vaginal,RX,62,343914.0,,Farmacia Pasteur
2025,4,Quilmes-Centro,PAMOXET,20 mg – comprimido recubierto,RX,46,1080554.72,,Farmacia Alsina
2025,4,Quilmes-Centro,CIRUELAX MINITABS,75 mg – comprimido recubierto,OTC,102,210798.3,,Farmacia Pasteur
2025,4,Quilmes-Centro,ONEFIN,5 mg – comprimido,RX,259,6417012.49,,Farmacia Alsina
2025,4,Quilmes-Centro,AEROGAL,64 g/170 g – polvo efervescente en frasco,OTC,180,1798185.6,,Farmacia Alsina
2025,4,Quilmes-Centro,ONEFIN,10 mg – comprimido,RX,218,4375124.84,,Farmacia Pasteur
2025,4,Quilmes-Centro,TANVIMIL A,100.000 UI – cápsulas,OTC,293,661526.61,,Farmacia Pasteur
2025,4,Quilmes-Centro,APSICO,5 mg – comprimido recubierto,RX,233,2509312.14,,Farmacia Alsina
2025,4,Quilmes-Centro,TANVIMIL A,50.000 UI – cápsulas,OTC,276,2849711.04,,Farmacia Alsina
2025,4,Quilmes-Centro,TANVIMIL ACD FLUOR,solución oral,OTC,455,5195217.3,,Farmacia Alsina
2025,4,Quilmes-Centro,TACNA,250 mg – comprimido,RX,89,813180.54,,Farmacia Pasteur
2025,4,Flores-Norte,AEROGAL,64 g/170 g – polvo efervescente en frasco,OTC,182,1818165.44,,Farmacia Mitre
2025,4,Flores-Norte,ALACIR,30 mg – comprimido recubierto gastrorresistente,RX,248,2598288.56,,Farmacia Mitre
2025,4,Flores-Norte,TANVIMIL AMINOÁCIDOS,comprimido recubierto,OTC,341,2629672.65,,Farmacia Castelli
2025,4,Flores-Norte,CO‑TIOCTAN,115 mg/50 mg – comprimido recubierto,OTC,267,826672.05,,Farmacia Castelli
2025,4,Flores-Norte,TANVIMIL PLUS,cápsula,OTC,346,2494293.24,,Farmacia Mitre
2025,4,Flores-Norte,TRICOFIN,500 mg – comprimido,RX,215,4320917.35,,Farmacia Mitre
2025,4,Flores-Norte,APSICO,"2,5 mg – comprimido recubierto",RX,182,4132670.36,,Farmacia Castelli
2025,4,Flores-Norte,TANVIMIL ACD FLUOR,solución oral,OTC,449,5126708.94,,Farmacia Castelli
2025,4,Flores-Norte,TACNA,250 mg – comprimido,RX,134,1224339.24,,Farmacia Castelli
2025,4,Flores-Norte,TIOCTAN,600 mg – comprimido recubierto,RX,339,7381996.2,,Farmacia Castelli
2025,4,Flores-Norte,TRIMACREM PLUS,"0,01 g/4 g/0,05 g/100 g – crema tópica",OTC,67,607235.74,,Farmacia Castelli
2025,4,Flores-Norte,SUTRICO TAR,9 ml/100 ml – champú,OTC,155,767160.1,,Farmacia Mitre
2025,4,Flores-Norte,ALACIR,60 mg – comprimido recubierto gastrorresistente,RX,103,1419167.99,,Farmacia Mitre
2025,4,La Plata-Centro,TIOCTAN,600 mg – comprimido recubierto,RX,174,3788989.2,,Farmacia Roca
2025,4,La Plata-Centro,AEROGAL,64 g/170 g – polvo efervescente en frasco,OTC,84,839153.28,,Farmacia Roca
2025,4,La Plata-Centro,ONEFIN,10 mg – comprimido,RX,252,5057483.76,,Farmacia Roca
2025,4,La Plata-Centro,ONEFIN,5 mg – comprimido,RX,313,7754922.43,,Farmacia Roca
2025,4,La Plata-Centro,CO‑TIOCTAN,115 mg/50 mg – comprimido recubierto,OTC,348,1077460.2,,Farmacia Del Sur
2025,4,La Plata-Centro,TRICOFIN,500 mg – comprimido,RX,176,3537123.04,,Farmacia Del Sur
2025,4,La Plata-Centro,TANVIMIL ACD FLUOR,solución oral,OTC,146,1667036.76,,Farmacia Del Sur
2025,4,La Plata-Centro,PAMOXET,20 mg – comprimido recubierto,RX,212,4979947.84,,Farmacia Del Sur
2025,4,La Plata-Centro,TANDIUR,50 mg – comprimido,RX,225,1759513.5,,Farmacia Del Sur
2025,4,La Plata-Centro,MENCOGRIN AP,champú,OTC,112,1154762.56,,Farmacia Roca
2025,4,La Plata-Centro,TRIMACREM PLUS,"0,01 g/4 g/0,05 g/100 g – crema tópica",OTC,27,244706.94,,Farmacia Roca
2025,4,La Plata-Centro,TACNA,250 mg – comprimido,RX,197,1799961.42,,Farmacia Del Sur
2025,4,La Plata-Centro,TRICOFIN,500 mg – óvulo vaginal,RX,226,1253622.0,,Farmacia Del Sur
2025,4,La Plata-Centro,SUTRICO TAR,9 ml/100 ml – champú,OTC,154,762210.68,,Farmacia Del Sur
2025,4,La Plata-Centro,TANVIMIL AMINOÁCIDOS,comprimido recubierto,OTC,241,1858507.65,,Farmacia Roca
2025,4,La Plata-Centro,ALACIR,30 mg – comprimido recubierto gastrorresistente,RX,96,1005789.12,,Farmacia Roca
2025,4,Villa Urquiza-Centro,ALACIR,30 mg – comprimido recubierto gastrorresistente,RX,136,1424867.92,,Farmacia San José
2025,4,Villa Urquiza-Centro,TANVIMIL B1 B6 B12,comprimido recubierto,OTC,286,2665774.54,,Farmacia San José
2025,4,Villa Urquiza-Centro,PANCUTAN NF,"0,2 g/600.000 UI/600.000 UI/100 g – gel tópico",RX,222,3506842.98,,Farmacia Italia
2025,4,Villa Urquiza-Centro,APSICO,5 mg – comprimido recubierto,RX,84,904644.72,,Farmacia Italia
2025,4,Villa Urquiza-Centro,SUTRICO TAR,9 ml/100 ml – champú,OTC,24,118786.08,,Farmacia San José
2025,4,Villa Urquiza-Centro,TRICOFIN,500 mg – comprimido,RX,134,2693036.86,,Farmacia Italia
2025,4,Villa Urquiza-Centro,TRICOPLUS,5 g/100 ml – loción capilar,RX,214,5178185.82,,Farmacia San José
2025,4,Villa Urquiza-Centro,ALACIR,60 mg – comprimido recubierto gastrorresistente,RX,182,2507656.06,,Farmacia San José
2025,4,Villa Urquiza-Centro,ONEFIN,5 mg – comprimido,RX,223,5525072.53,,Farmacia Italia
2025,4,Villa Urquiza-Centro,TANDIUR,50 mg – comprimido,RX,122,954047.32,,Farmacia Italia
2025,4,Villa Urquiza-Centro,TANVIMIL A,100.000 UI – cápsulas,OTC,24,54186.48,,Farmacia Italia
2025,4,Villa Urquiza-Centro,TRIMACREM PLUS,"0,01 g/4 g/0,05 g/100 g – crema tópica",OTC,183,1658569.26,,Farmacia Italia
2025,4,Palermo-Norte,TANVIMIL B1 B6 B12,comprimido recubierto,OTC,281,2619170.09,,Farmacia Del Ángel
2025,4,Palermo-Norte,TANVIMIL ACD FLUOR,solución oral,OTC,104,1187478.24,,Farmacia Del Ángel
2025,4,Palermo-Norte,PAMOXET,20 mg – comprimido recubierto,RX,186,4369199.52,,Farmacia Del Pueblo
2025,4,Palermo-Norte,ALACIR,60 mg – comprimido recubierto gastrorresistente,RX,183,2521434.39,,Farmacia Del Pueblo
2025,4,Palermo-Norte,PAMOXET,40 mg – comprimido recubierto,RX,314,5755202.38,,Farmacia Del Pueblo
2025,4,Palermo-Norte,TANVIMIL AMINOÁCIDOS,comprimido recubierto,OTC,37,285331.05,,Farmacia Del Pueblo
2025,4,Palermo-Norte,APSICO,5 mg – comprimido recubierto,RX,125,1346197.5,,Farmacia Del Pueblo
2025,4,Palermo-Norte,TRICOFIN,500 mg – comprimido,RX,46,924475.34,,Farmacia Del Pueblo
2025,4,Palermo-Norte,TANVIMIL A,100.000 UI – cápsulas,OTC,164,370274.28,,Farmacia Del Ángel
2025,4,Palermo-Norte,CO‑TIOCTAN,115 mg/50 mg – comprimido recubierto,OTC,239,739979.85,,Farmacia Del Ángel
2025,4,Palermo-Norte,APSICO,10 mg – comprimido recubierto,RX,202,4717479.72,,Farmacia Del Pueblo
2025,4,Palermo-Norte,TANVIMIL PLUS,cápsula,OTC,57,410909.58,,Farmacia Del Ángel
2025,4,Palermo-Norte,APSICO,"2,5 mg – comprimido recubierto",RX,161,3655823.78,,Farmacia Del Ángel
2025,4,Palermo-Norte,AEROGAL,64 g/170 g – polvo efervescente en frasco,OTC,178,1778205.76,,Farmacia Del Pueblo
2025,4,Belgrano-Centro,TANVIMIL AMINOÁCIDOS,comprimido recubierto,OTC,80,616932.0,,Farmacia San Martín
2025,4,Belgrano-Centro,TANVIMIL ACD FLUOR,solución oral,OTC,58,662247.48,,Farmacia San Martín
2025,4,Belgrano-Centro,TANVIMIL B1 B6 B12,comprimido recubierto,OTC,314,2926759.46,,Farmacia San Martín
2025,4,Belgrano-Centro,TRIMACREM PLUS,"0,01 g/4 g/0,05 g/100 g – crema tópica",OTC,184,1667632.48,,Farmacia San Martín
2025,4,Belgrano-Centro,TRICOFIN,500 mg – óvulo vaginal,RX,267,1481049.0,,Farmacia San Martín
2025,4,Belgrano-Centro,ALACIR,30 mg – comprimido recubierto gastrorresistente,RX,89,932450.33,,Farmacia San Martín
2025,4,Belgrano-Centro,SUTRICO TAR,9 ml/100 ml – champú,OTC,332,1643207.44,,Farmacia San Martín
2025,4,Belgrano-Centro,AEROGAL,64 g/170 g – polvo efervescente en frasco,OTC,299,2986986.08,,Farmacia Del Centro
2025,4,Belgrano-Centro,TANVIMIL A,50.000 UI – cápsulas,OTC,97,1001528.88,,Farmacia Del Centro
2025,4,Belgrano-Centro,APSICO,10 mg – comprimido recubierto,RX,27,630554.22,,Farmacia Del Centro
2025,4,Belgrano-Centro,APSICO,5 mg – comprimido recubierto,RX,208,2240072.64,,Farmacia Del Centro
2025,4,Belgrano-Centro,CIRUELAX MINITABS,75 mg – comprimido recubierto,OTC,35,72332.75,,Farmacia San Martín
2025,4,Núñez-Centro,ONEFIN,10 mg – comprimido,RX,80,1605550.4,,Farmacia Sarmiento
2025,4,Núñez-Centro,MENCOGRIN AP,champú,OTC,90,927934.2,,Farmacia Del Lago
2025,4,Núñez-Centro,TANVIMIL A,50.000 UI – cápsulas,OTC,87,898278.48,,Farmacia Del Lago
2025,4,Núñez-Centro,TANDIUR,50 mg – comprimido,RX,62,484843.72,,Farmacia Sarmiento
2025,4,Núñez-Centro,TANVIMIL PLUS,cápsula,OTC,291,2097801.54,,Farmacia Sarmiento
2025,4,Núñez-Centro,TACNA,250 mg – comprimido,RX,101,922822.86,,Farmacia Del Lago
2025,4,Núñez-Centro,TRICOFIN,500 mg – óvulo vaginal,RX,41,227427.0,,Farmacia Del Lago
2025,4,Núñez-Centro,PANCUTAN NF,"0,2 g/600.000 UI/600.000 UI/100 g – gel tópico",RX,248,3917554.32,,Farmacia Sarmiento
2025,4,Núñez-Centro,ALACIR,30 mg – comprimido recubierto gastrorresistente,RX,61,639095.17,,Farmacia Del Lago
2025,4,Núñez-Centro,CO‑TIOCTAN,115 mg/50 mg – comprimido recubierto,OTC,162,501576.3,,Farmacia Del Lago
2025,4,Núñez-Centro,PAMOXET,40 mg – comprimido recubierto,RX,85,1557936.95,,Farmacia Del Lago
2025,4,Núñez-Centro,TRICOPLUS,2 g/100 ml – loción capilar,RX,229,5278640.07,,Farmacia Del Lago
2025,4,Núñez-Centro,TRIMACREM PLUS,"0,01 g/4 g/0,05 g/100 g – crema tópica",OTC,157,1422925.54,,Farmacia Del Lago
2025,4,Núñez-Centro,APSICO,5 mg – comprimido recubierto,RX,126,1356967.08,,Farmacia Del Lago
2025,4,Núñez-Centro,SUTRICO TAR,9 ml/100 ml – champú,OTC,23,113836.66,,Farmacia Sarmiento
2025,4,Núñez-Centro,TANVIMIL B1 B6 B12,comprimido recubierto,OTC,200,1864178.0,,Farmacia Sarmiento
2025,4,Núñez-Centro,TANVIMIL A,100.000 UI – cápsulas,OTC,210,474131.7,,Farmacia Del Lago
2025,4,Núñez-Centro,PAMOXET,20 mg – comprimido recubierto,RX,127,2983270.64,,Farmacia Sarmiento
2025,4,Núñez-Centro,AEROGAL,64 g/170 g – polvo efervescente en frasco,OTC,255,2547429.6,,Farmacia Del Lago
2025,4,Caballito-Centro,APSICO,"2,5 mg – comprimido recubierto",RX,260,5903814.8,,Farmacia Belgrano
2025,4,Caballito-Centro,PAMOXET,20 mg – comprimido recubierto,RX,29,681219.28,,Farmacia Belgrano
2025,4,Caballito-Centro,TRICOFIN,500 mg – óvulo vaginal,RX,235,1303545.0,,Farmacia Pellegrini
2025,4,Caballito-Centro,AEROGAL,64 g/170 g – polvo efervescente en frasco,OTC,193,1928054.56,,Farmacia Belgrano
2025,4,Caballito-Centro,PAMOXET,40 mg – comprimido recubierto,RX,45,824790.15,,Farmacia Belgrano
2025,4,Caballito-Centro,TRICOPLUS,5 g/100 ml – loción capilar,RX,63,1524419.19,,Farmacia Pellegrini
2025,4,Caballito-Centro,TANDIUR,50 mg – comprimido,RX,97,758545.82,,Farmacia Pellegrini
2025,4,Caballito-Centro,TANVIMIL ACD FLUOR,solución oral,OTC,434,4955438.04,,Farmacia Pellegrini
2025,4,Caballito-Centro,MENCOGRIN AP,champú,OTC,100,1031038.0,,Farmacia Belgrano
2025,4,Caballito-Centro,PANCUTAN NF,"0,2 g/600.000 UI/600.000 UI/100 g – gel tópico",RX,195,3080335.05,,Farmacia Pellegrini
2025,4,Caballito-Centro,CO‑TIOCTAN,115 mg/50 mg – comprimido recubierto,OTC,64,198153.6,,Farmacia Pellegrini
2025,4,Caballito-Centro,TRICOFIN,500 mg – comprimido,RX,127,2552355.83,,Farmacia Belgrano
2025,4,Caballito-Centro,ALACIR,30 mg – comprimido recubierto gastrorresistente,RX,184,1927762.48,,Farmacia Belgrano
2025,4,Caballito-Centro,TANVIMIL B1 B6 B12,comprimido recubierto,OTC,74,689745.86,,Farmacia Belgrano
2025,5,Recoleta-Norte,TRICOPLUS,2 g/100 ml – loción capilar,RX,327,7537621.41,,Farmacia Güemes
2025,5,Recoleta-Norte,CO‑TIOCTAN,115 mg/50 mg – comprimido recubierto,OTC,184,569691.6,,Farmacia Güemes
2025,5,Recoleta-Norte,TRICOFIN,500 mg – óvulo vaginal,RX,59,327273.0,,Farmacia La Estrella
2025,5,Recoleta-Norte,TRICOPLUS,5 g/100 ml – loción capilar,RX,69,1669601.97,,Farmacia Güemes
2025,5,Recoleta-Norte,PAMOXET,40 mg – comprimido recubierto,RX,187,3427461.29,,Farmacia La Estrella
2025,5,Recoleta-Norte,APSICO,"2,5 mg – comprimido recubierto",RX,336,7629545.28,,Farmacia Güemes
2025,5,Recoleta-Norte,APSICO,10 mg – comprimido recubierto,RX,214,4997726.04,,Farmacia Güemes
2025,5,Recoleta-Norte,TANVIMIL PLUS,cápsula,OTC,205,1477832.7,,Farmacia La Estrella
2025,5,Recoleta-Norte,TANVIMIL ACD,gotas orales en solución,OTC,82,330575.62,,Farmacia Güemes
2025,5,Recoleta-Norte,APSICO,5 mg – comprimido recubierto,RX,264,2843169.12,,Farmacia La Estrella
2025,5,Recoleta-Norte,TIOCTAN,600 mg – comprimido recubierto,RX,115,2504217.0,,Farmacia La Estrella
2025,5,Recoleta-Norte,TANVIMIL B1 B6 B12,comprimido recubierto,OTC,419,3905452.91,,Farmacia La Estrella
2025,5,Recoleta-Norte,PAMOXET,20 mg – comprimido recubierto,RX,126,2959780.32,,Farmacia La Estrella
2025,5,Recoleta-Norte,CIRUELAX MINITABS,75 mg – comprimido recubierto,OTC,217,448463.05,,Farmacia Güemes
2025,5,Recoleta-Norte,TACNA,250 mg – comprimido,RX,118,1078149.48,,Farmacia Güemes
2025,5,Recoleta-Norte,PANCUTAN NF,"0,2 g/600.000 UI/600.000 UI/100 g – gel tópico",RX,32,505490.88,,Farmacia Güemes
2025,5,Recoleta-Norte,TANVIMIL ACD FLUOR,solución oral,OTC,194,2215103.64,,Farmacia La Estrella
2025,5,Recoleta-Norte,ONEFIN,5 mg – comprimido,RX,168,4162386.48,,Farmacia Güemes
2025,5,Recoleta-Norte,TANVIMIL AMINOÁCIDOS,comprimido recubierto,OTC,20,154233.0,,Farmacia Güemes
2025,5,Microcentro-Este,TANVIMIL AMINOÁCIDOS,comprimido recubierto,OTC,221,1704274.65,,Farmacia Del Parque
2025,5,Microcentro-Este,PANCUTAN NF,"0,2 g/600.000 UI/600.000 UI/100 g – gel tópico",RX,138,2179929.42,,Farmacia Pueyrredón
2025,5,Microcentro-Este,TANVIMIL ACD,gotas orales en solución,OTC,438,1765757.58,,Farmacia Del Parque
2025,5,Microcentro-Este,TANVIMIL B1 B6 B12,comprimido recubierto,OTC,460,4287609.4,,Farmacia Pueyrredón
2025,5,Microcentro-Este,APSICO,"2,5 mg – comprimido recubierto",RX,351,7970149.98,,Farmacia Del Parque
2025,5,Microcentro-Este,TANVIMIL ACD FLUOR,solución oral,OTC,209,2386374.54,,Farmacia Del Parque
2025,5,Microcentro-Este,MENCOGRIN AP,champú,OTC,181,1866178.78,,Farmacia Del Parque
2025,5,Microcentro-Este,TACNA,250 mg – comprimido,RX,225,2055793.5,,Farmacia Pueyrredón
2025,5,Microcentro-Este,ALACIR,60 mg – comprimido recubierto gastrorresistente,RX,265,3651257.45,,Farmacia Pueyrredón
2025,5,Microcentro-Este,TRICOFIN,500 mg – óvulo vaginal,RX,313,1736211.0,,Farmacia Del Parque
2025,5,Microcentro-Este,APSICO,5 mg – comprimido recubierto,RX,246,2649316.68,,Farmacia Del Parque
2025,5,Microcentro-Este,CO‑TIOCTAN,115 mg/50 mg – comprimido recubierto,OTC,64,198153.6,,Farmacia Pueyrredón
2025,5,Microcentro-Este,TRIMACREM PLUS,"0,01 g/4 g/0,05 g/100 g – crema tópica",OTC,87,788500.14,,Farmacia Del Parque
2025,5,Microcentro-Este,ONEFIN,10 mg – comprimido,RX,218,4375124.84,,Farmacia Pueyrredón
2025,5,Microcentro-Este,SUTRICO TAR,9 ml/100 ml – champú,OTC,67,331611.14,,Farmacia Del Parque
2025,5,Microcentro-Este,AEROGAL,64 g/170 g – polvo efervescente en frasco,OTC,189,1888094.88,,Farmacia Pueyrredón
2025,5,San Isidro-Centro,PAMOXET,20 mg – comprimido recubierto,RX,80,1879225.6,,Farmacia Del Oeste
2025,5,San Isidro-Centro,APSICO,10 mg – comprimido recubierto,RX,24,560492.64,,Farmacia Del Oeste
2025,5,San Isidro-Centro,CIRUELAX MINITABS,75 mg – comprimido recubierto,OTC,118,243864.7,,Farmacia Del Norte
2025,5,San Isidro-Centro,TRICOFIN,500 mg – comprimido,RX,339,6812981.31,,Farmacia Del Oeste
2025,5,San Isidro-Centro,TRIMACREM PLUS,"0,01 g/4 g/0,05 g/100 g – crema tópica",OTC,90,815689.8,,Farmacia Del Oeste
2025,5,San Isidro-Centro,TANVIMIL ACD,gotas orales en solución,OTC,133,536177.53,,Farmacia Del Oeste
2025,5,San Isidro-Centro,ONEFIN,10 mg – comprimido,RX,148,2970268.24,,Farmacia Del Oeste
2025,5,San Isidro-Centro,PAMOXET,40 mg – comprimido recubierto,RX,306,5608573.02,,Farmacia Del Oeste
2025,5,San Isidro-Centro,TRICOPLUS,5 g/100 ml – loción capilar,RX,75,1814784.75,,Farmacia Del Norte
2025,5,San Isidro-Centro,CO‑TIOCTAN,115 mg/50 mg – comprimido recubierto,OTC,48,148615.2,,Farmacia Del Oeste
2025,5,San Isidro-Centro,TANVIMIL B1 B6 B12,comprimido recubierto,OTC,348,3243669.72,,Farmacia Del Norte
2025,5,San Isidro-Centro,ONEFIN,5 mg – comprimido,RX,289,7160295.79,,Farmacia Del Norte
2025,5,San Isidro-Centro,TANVIMIL A,50.000 UI – cápsulas,OTC,182,1879157.28,,Farmacia Del Norte
2025,5,San Isidro-Centro,TANDIUR,50 mg – comprimido,RX,344,2690100.64,,Farmacia Del Oeste
2025,5,San Isidro-Centro,TANVIMIL A,100.000 UI – cápsulas,OTC,278,627660.06,,Farmacia Del Norte
2025,5,San Isidro-Centro,APSICO,5 mg – comprimido recubierto,RX,117,1260040.86,,Farmacia Del Norte
2025,5,San Isidro-Centro,TACNA,250 mg – comprimido,RX,303,2768468.58,,Farmacia Del Norte
2025,5,Belgrano-R,PANCUTAN NF,"0,2 g/600.000 UI/600.000 UI/100 g – gel tópico",RX,199,3143521.41,,Farmacia Del Sol
2025,5,Belgrano-R,SUTRICO TAR,9 ml/100 ml – champú,OTC,256,1267051.52,,Farmacia Lavalle
2025,5,Belgrano-R,TANVIMIL AMINOÁCIDOS,comprimido recubierto,OTC,31,239061.15,,Farmacia Lavalle
2025,5,Belgrano-R,CO‑TIOCTAN,115 mg/50 mg – comprimido recubierto,OTC,175,541826.25,,Farmacia Lavalle
2025,5,Belgrano-R,ONEFIN,10 mg – comprimido,RX,81,1625619.78,,Farmacia Lavalle
2025,5,Belgrano-R,ALACIR,30 mg – comprimido recubierto gastrorresistente,RX,201,2105870.97,,Farmacia Lavalle
2025,5,Belgrano-R,TRICOFIN,500 mg – óvulo vaginal,RX,195,1081665.0,,Farmacia Del Sol
2025,5,Belgrano-R,APSICO,"2,5 mg – comprimido recubierto",RX,132,2997321.36,,Farmacia Lavalle
2025,5,Belgrano-R,TRICOPLUS,5 g/100 ml – loción capilar,RX,227,5492748.51,,Farmacia Del Sol
2025,5,Belgrano-R,AEROGAL,64 g/170 g – polvo efervescente en frasco,OTC,208,2077903.36,,Farmacia Del Sol
2025,5,Belgrano-R,TANVIMIL A,50.000 UI – cápsulas,OTC,309,3190437.36,,Farmacia Lavalle
2025,5,Belgrano-R,TANVIMIL PLUS,cápsula,OTC,120,865072.8,,Farmacia Del Sol
2025,5,Belgrano-R,ONEFIN,5 mg – comprimido,RX,94,2328954.34,,Farmacia Del Sol
2025,5,Belgrano-R,ALACIR,60 mg – comprimido recubierto gastrorresistente,RX,213,2934784.29,,Farmacia Del Sol
2025,5,Belgrano-R,MENCOGRIN AP,champú,OTC,204,2103317.52,,Farmacia Del Sol
2025,5,Belgrano-R,TIOCTAN,600 mg – comprimido recubierto,RX,108,2351786.4,,Farmacia Del Sol
2025,5,Belgrano-R,APSICO,10 mg – comprimido recubierto,RX,170,3970156.2,,Farmacia Del Sol
2025,5,Belgrano-R,TANDIUR,50 mg – comprimido,RX,210,1642212.6,,Farmacia Lavalle
2025,5,Belgrano-R,CIRUELAX MINITABS,75 mg – comprimido recubierto,OTC,188,388530.2,,Farmacia Lavalle
2025,5,Devoto-Centro,PAMOXET,20 mg – comprimido recubierto,RX,330,7751805.6,,Farmacia España
2025,5,Devoto-Centro,TANVIMIL A,100.000 UI – cápsulas,OTC,255,575731.35,,Farmacia España
2025,5,Devoto-Centro,TIOCTAN,600 mg – comprimido recubierto,RX,118,2569544.4,,Farmacia La Botica
2025,5,Devoto-Centro,TRICOPLUS,5 g/100 ml – loción capilar,RX,166,4016723.58,,Farmacia España
2025,5,Devoto-Centro,PANCUTAN NF,"0,2 g/600.000 UI/600.000 UI/100 g – gel tópico",RX,96,1516472.64,,Farmacia La Botica
2025,5,Devoto-Centro,TANVIMIL ACD,gotas orales en solución,OTC,171,689371.11,,Farmacia España
2025,5,Devoto-Centro,ONEFIN,5 mg – comprimido,RX,256,6342684.16,,Farmacia La Botica
2025,5,Devoto-Centro,TANDIUR,50 mg – comprimido,RX,223,1743873.38,,Farmacia España
2025,5,Devoto-Centro,TRIMACREM PLUS,"0,01 g/4 g/0,05 g/100 g – crema tópica",OTC,30,271896.6,,Farmacia España
2025,5,Devoto-Centro,TANVIMIL ACD FLUOR,solución oral,OTC,303,3459672.18,,Farmacia España
2025,5,Devoto-Centro,MENCOGRIN AP,champú,OTC,259,2670388.42,,Farmacia España
2025,5,Devoto-Centro,TANVIMIL A,50.000 UI – cápsulas,OTC,201,2075333.04,,Farmacia La Botica
2025,5,Devoto-Centro,TRICOFIN,500 mg – comprimido,RX,89,1788658.81,,Farmacia España
2025,5,Devoto-Centro,SUTRICO TAR,9 ml/100 ml – champú,OTC,300,1484826.0,,Farmacia La Botica
2025,5,Devoto-Centro,CIRUELAX MINITABS,75 mg – comprimido recubierto,OTC,53,109532.45,,Farmacia La Botica
2025,5,Devoto-Centro,APSICO,10 mg – comprimido recubierto,RX,16,373661.76,,Farmacia La Botica
2025,5,Devoto-Centro,ALACIR,60 mg – comprimido recubierto gastrorresistente,RX,174,2397429.42,,Farmacia España
2025,5,Almagro-Centro,CO‑TIOCTAN,115 mg/50 mg – comprimido recubierto,OTC,97,300326.55,,Farmacia Brown
2025,5,Almagro-Centro,TRIMACREM PLUS,"0,01 g/4 g/0,05 g/100 g – crema tópica",OTC,87,788500.14,,Farmacia Brown
2025,5,Almagro-Centro,TANVIMIL B1 B6 B12,comprimido recubierto,OTC,100,932089.0,,Farmacia Brown
2025,5,Almagro-Centro,SUTRICO TAR,9 ml/100 ml – champú,OTC,244,1207658.48,,Farmacia Brown
2025,5,Almagro-Centro,TANDIUR,50 mg – comprimido,RX,192,1501451.52,,Farmacia Avenida
2025,5,Almagro-Centro,TRICOFIN,500 mg – óvulo vaginal,RX,199,1103853.0,,Farmacia Avenida
2025,5,Almagro-Centro,TRICOPLUS,2 g/100 ml – loción capilar,RX,85,1959320.55,,Farmacia Brown
2025,5,Almagro-Centro,TACNA,250 mg – comprimido,RX,37,338063.82,,Farmacia Avenida
2025,5,Almagro-Centro,PAMOXET,20 mg – comprimido recubierto,RX,253,5943050.96,,Farmacia Brown
2025,5,Almagro-Centro,MENCOGRIN AP,champú,OTC,118,1216624.84,,Farmacia Avenida
2025,5,Almagro-Centro,APSICO,5 mg – comprimido recubierto,RX,46,495400.68,,Farmacia Avenida
2025,5,Almagro-Centro,ONEFIN,5 mg – comprimido,RX,222,5500296.42,,Farmacia Brown
2025,5,Almagro-Centro,TANVIMIL AMINOÁCIDOS,comprimido recubierto,OTC,150,1156747.5,,Farmacia Avenida
2025,5,Vicente López-Centro,TANVIMIL ACD,gotas orales en solución,OTC,200,806282.0,,Farmacia Urquiza
2025,5,Vicente López-Centro,APSICO,5 mg – comprimido recubierto,RX,20,215391.6,,Farmacia Rivadavia
2025,5,Vicente López-Centro,TIOCTAN,600 mg – comprimido recubierto,RX,151,3288145.8,,Farmacia Rivadavia
2025,5,Vicente López-Centro,TANVIMIL ACD FLUOR,solución oral,OTC,183,2089504.98,,Farmacia Rivadavia
2025,5,Vicente López-Centro,TRICOFIN,500 mg – comprimido,RX,153,3074885.37,,Farmacia Rivadavia
2025,5,Vicente López-Centro,MENCOGRIN AP,champú,OTC,276,2845664.88,,Farmacia Rivadavia
2025,5,Vicente López-Centro,APSICO,10 mg – comprimido recubierto,RX,155,3619848.3,,Farmacia Rivadavia
2025,5,Vicente López-Centro,TRICOPLUS,5 g/100 ml – loción capilar,RX,188,4549060.44,,Farmacia Urquiza
2025,5,Vicente López-Centro,TANVIMIL B1 B6 B12,comprimido recubierto,OTC,262,2442073.18,,Farmacia Rivadavia
2025,5,Vicente López-Centro,TANVIMIL A,50.000 UI – cápsulas,OTC,151,1559081.04,,Farmacia Rivadavia
2025,5,Vicente López-Centro,TRICOFIN,500 mg – óvulo vaginal,RX,285,1580895.0,,Farmacia Urquiza
2025,5,Vicente López-Centro,PAMOXET,20 mg – comprimido recubierto,RX,144,3382606.08,,Farmacia Urquiza
2025,5,Vicente López-Centro,ALACIR,30 mg – comprimido recubierto gastrorresistente,RX,42,440032.74,,Farmacia Urquiza
2025,5,Vicente López-Centro,TANDIUR,50 mg – comprimido,RX,105,821106.3,,Farmacia Rivadavia
2025,5,Vicente López-Centro,PAMOXET,40 mg – comprimido recubierto,RX,68,1246349.56,,Farmacia Rivadavia
2025,5,Vicente López-Centro,TRIMACREM PLUS,"0,01 g/4 g/0,05 g/100 g – crema tópica",OTC,112,1015080.64,,Farmacia Urquiza
2025,5,Vicente López-Centro,CO‑TIOCTAN,115 mg/50 mg – comprimido recubierto,OTC,120,371538.0,,Farmacia Rivadavia
2025,5,Vicente López-Centro,TANVIMIL PLUS,cápsula,OTC,141,1016460.54,,Farmacia Urquiza
2025,5,Vicente López-Centro,ONEFIN,10 mg – comprimido,RX,151,3030476.38,,Farmacia Rivadavia
2025,5,Vicente López-Centro,AEROGAL,64 g/170 g – polvo efervescente en frasco,OTC,89,889102.88,,Farmacia Rivadavia
2025,5,Palermo-Sur,TACNA,250 mg – comprimido,RX,64,584759.04,,Farmacia Central
2025,5,Palermo-Sur,PAMOXET,40 mg – comprimido recubierto,RX,215,3940664.05,,Farmacia Central
2025,5,Palermo-Sur,TANVIMIL ACD,gotas orales en solución,OTC,329,1326333.89,,Farmacia Moreno
2025,5,Palermo-Sur,TRIMACREM PLUS,"0,01 g/4 g/0,05 g/100 g – crema tópica",OTC,195,1767327.9,,Farmacia Moreno
2025,5,Palermo-Sur,TRICOFIN,500 mg – óvulo vaginal,RX,119,660093.0,,Farmacia Central
2025,5,Palermo-Sur,TRICOFIN,500 mg – comprimido,RX,274,5506657.46,,Farmacia Central
2025,5,Palermo-Sur,TRICOPLUS,2 g/100 ml – loción capilar,RX,131,3019658.73,,Farmacia Central
2025,5,Palermo-Sur,TANVIMIL PLUS,cápsula,OTC,118,850654.92,,Farmacia Moreno
2025,5,Palermo-Sur,TANVIMIL B1 B6 B12,comprimido recubierto,OTC,18,167776.02,,Farmacia Central
2025,5,Palermo-Sur,CO‑TIOCTAN,115 mg/50 mg – comprimido recubierto,OTC,105,325095.75,,Farmacia Moreno
2025,5,Palermo-Sur,ALACIR,60 mg – comprimido recubierto gastrorresistente,RX,136,1873852.88,,Farmacia Central
2025,5,Palermo-Sur,TANVIMIL A,100.000 UI – cápsulas,OTC,84,189652.68,,Farmacia Moreno
2025,5,Palermo-Sur,TRICOPLUS,5 g/100 ml – loción capilar,RX,118,2855261.34,,Farmacia Moreno
2025,5,Palermo-Sur,PAMOXET,20 mg – comprimido recubierto,RX,109,2560444.88,,Farmacia Central
2025,5,Palermo-Sur,MENCOGRIN AP,champú,OTC,114,1175383.32,,Farmacia Moreno
2025,5,Palermo-Sur,AEROGAL,64 g/170 g – polvo efervescente en frasco,OTC,259,2587389.28,,Farmacia Central
2025,5,Palermo-Sur,TANVIMIL ACD FLUOR,solución oral,OTC,22,251197.32,,Farmacia Central
2025,5,Quilmes-Centro,TRICOPLUS,2 g/100 ml – loción capilar,RX,145,3342370.35,,Farmacia Pasteur
2025,5,Quilmes-Centro,TRICOFIN,500 mg – óvulo vaginal,RX,71,393837.0,,Farmacia Pasteur
2025,5,Quilmes-Centro,PAMOXET,20 mg – comprimido recubierto,RX,55,1291967.6,,Farmacia Pasteur
2025,5,Quilmes-Centro,CIRUELAX MINITABS,75 mg – comprimido recubierto,OTC,88,181865.2,,Farmacia Pasteur
2025,5,Quilmes-Centro,ONEFIN,5 mg – comprimido,RX,292,7234624.12,,Farmacia Pasteur
2025,5,Quilmes-Centro,AEROGAL,64 g/170 g – polvo efervescente en frasco,OTC,263,2627348.96,,Farmacia Alsina
2025,5,Quilmes-Centro,ONEFIN,10 mg – comprimido,RX,285,5719773.3,,Farmacia Alsina
2025,5,Quilmes-Centro,TANVIMIL A,100.000 UI – cápsulas,OTC,482,1088245.14,,Farmacia Alsina
2025,5,Quilmes-Centro,APSICO,5 mg – comprimido recubierto,RX,137,1475432.46,,Farmacia Alsina
2025,5,Quilmes-Centro,TANVIMIL A,50.000 UI – cápsulas,OTC,171,1765581.84,,Farmacia Alsina
2025,5,Quilmes-Centro,TANVIMIL ACD FLUOR,solución oral,OTC,282,3219892.92,,Farmacia Alsina
2025,5,Quilmes-Centro,TACNA,250 mg – comprimido,RX,74,676127.64,,Farmacia Pasteur
2025,5,Flores-Norte,AEROGAL,64 g/170 g – polvo efervescente en frasco,OTC,164,1638346.88,,Farmacia Mitre
2025,5,Flores-Norte,ALACIR,30 mg – comprimido recubierto gastrorresistente,RX,218,2283979.46,,Farmacia Castelli
2025,5,Flores-Norte,TANVIMIL AMINOÁCIDOS,comprimido recubierto,OTC,335,2583402.75,,Farmacia Mitre
2025,5,Flores-Norte,CO‑TIOCTAN,115 mg/50 mg – comprimido recubierto,OTC,183,566595.45,,Farmacia Castelli
2025,5,Flores-Norte,TANVIMIL PLUS,cápsula,OTC,343,2472666.42,,Farmacia Mitre
2025,5,Flores-Norte,TRICOFIN,500 mg – comprimido,RX,191,3838582.39,,Farmacia Mitre
2025,5,Flores-Norte,APSICO,"2,5 mg – comprimido recubierto",RX,200,4541396.0,,Farmacia Mitre
2025,5,Flores-Norte,TANVIMIL ACD FLUOR,solución oral,OTC,435,4966856.1,,Farmacia Castelli
2025,5,Flores-Norte,TACNA,250 mg – comprimido,RX,170,1553266.2,,Farmacia Castelli
2025,5,Flores-Norte,TIOCTAN,600 mg – comprimido recubierto,RX,317,6902928.6,,Farmacia Castelli
2025,5,Flores-Norte,TRIMACREM PLUS,"0,01 g/4 g/0,05 g/100 g – crema tópica",OTC,52,471287.44,,Farmacia Castelli
2025,5,Flores-Norte,SUTRICO TAR,9 ml/100 ml – champú,OTC,161,796856.62,,Farmacia Castelli
2025,5,Flores-Norte,ALACIR,60 mg – comprimido recubierto gastrorresistente,RX,105,1446724.65,,Farmacia Castelli
2025,5,La Plata-Centro,TIOCTAN,600 mg – comprimido recubierto,RX,187,4072074.6,,Farmacia Del Sur
2025,5,La Plata-Centro,AEROGAL,64 g/170 g – polvo efervescente en frasco,OTC,91,909082.72,,Farmacia Del Sur
2025,5,La Plata-Centro,ONEFIN,10 mg – comprimido,RX,270,5418732.6,,Farmacia Roca
2025,5,La Plata-Centro,ONEFIN,5 mg – comprimido,RX,250,6194027.5,,Farmacia Del Sur
2025,5,La Plata-Centro,CO‑TIOCTAN,115 mg/50 mg – comprimido recubierto,OTC,229,709018.35,,Farmacia Roca
2025,5,La Plata-Centro,TRICOFIN,500 mg – comprimido,RX,186,3738095.94,,Farmacia Roca
2025,5,La Plata-Centro,TANVIMIL ACD FLUOR,solución oral,OTC,114,1301658.84,,Farmacia Roca
2025,5,La Plata-Centro,PAMOXET,20 mg – comprimido recubierto,RX,301,7070586.32,,Farmacia Del Sur
2025,5,La Plata-Centro,TANDIUR,50 mg – comprimido,RX,180,1407610.8,,Farmacia Roca
2025,5,La Plata-Centro,MENCOGRIN AP,champú,OTC,90,927934.2,,Farmacia Roca
2025,5,La Plata-Centro,TRIMACREM PLUS,"0,01 g/4 g/0,05 g/100 g – crema tópica",OTC,32,290023.04,,Farmacia Roca
2025,5,La Plata-Centro,TACNA,250 mg – comprimido,RX,179,1635497.94,,Farmacia Roca
2025,5,La Plata-Centro,TRICOFIN,500 mg – óvulo vaginal,RX,284,1575348.0,,Farmacia Del Sur
2025,5,La Plata-Centro,SUTRICO TAR,9 ml/100 ml – champú,OTC,228,1128467.76,,Farmacia Del Sur
2025,5,La Plata-Centro,TANVIMIL AMINOÁCIDOS,comprimido recubierto,OTC,401,3092371.65,,Farmacia Del Sur
2025,5,La Plata-Centro,ALACIR,30 mg – comprimido recubierto gastrorresistente,RX,143,1498206.71,,Farmacia Roca
2025,5,Villa Urquiza-Centro,ALACIR,30 mg – comprimido recubierto gastrorresistente,RX,131,1372483.07,,Farmacia Italia
2025,5,Villa Urquiza-Centro,TANVIMIL B1 B6 B12,comprimido recubierto,OTC,245,2283618.05,,Farmacia San José
2025,5,Villa Urquiza-Centro,PANCUTAN NF,"0,2 g/600.000 UI/600.000 UI/100 g – gel tópico",RX,162,2559047.58,,Farmacia Italia
2025,5,Villa Urquiza-Centro,APSICO,5 mg – comprimido recubierto,RX,120,1292349.6,,Farmacia San José
2025,5,Villa Urquiza-Centro,SUTRICO TAR,9 ml/100 ml – champú,OTC,26,128684.92,,Farmacia Italia
2025,5,Villa Urquiza-Centro,TRICOFIN,500 mg – comprimido,RX,97,1949437.13,,Farmacia Italia
2025,5,Villa Urquiza-Centro,TRICOPLUS,5 g/100 ml – loción capilar,RX,227,5492748.51,,Farmacia Italia
2025,5,Villa Urquiza-Centro,ALACIR,60 mg – comprimido recubierto gastrorresistente,RX,202,2783222.66,,Farmacia Italia
2025,5,Villa Urquiza-Centro,ONEFIN,5 mg – comprimido,RX,363,8993727.93,,Farmacia Italia
2025,5,Villa Urquiza-Centro,TANDIUR,50 mg – comprimido,RX,121,946227.26,,Farmacia San José
2025,5,Villa Urquiza-Centro,TANVIMIL A,100.000 UI – cápsulas,OTC,23,51928.71,,Farmacia San José
2025,5,Villa Urquiza-Centro,TRIMACREM PLUS,"0,01 g/4 g/0,05 g/100 g – crema tópica",OTC,227,2057350.94,,Farmacia Italia
2025,5,Palermo-Norte,TANVIMIL B1 B6 B12,comprimido recubierto,OTC,175,1631155.75,,Farmacia Del Ángel
2025,5,Palermo-Norte,TANVIMIL ACD FLUOR,solución oral,OTC,118,1347331.08,,Farmacia Del Ángel
2025,5,Palermo-Norte,PAMOXET,20 mg – comprimido recubierto,RX,209,4909476.88,,Farmacia Del Ángel
2025,5,Palermo-Norte,ALACIR,60 mg – comprimido recubierto gastrorresistente,RX,122,1680956.26,,Farmacia Del Pueblo
2025,5,Palermo-Norte,PAMOXET,40 mg – comprimido recubierto,RX,357,6543335.19,,Farmacia Del Ángel
2025,5,Palermo-Norte,TANVIMIL AMINOÁCIDOS,comprimido recubierto,OTC,37,285331.05,,Farmacia Del Ángel
2025,5,Palermo-Norte,APSICO,5 mg – comprimido recubierto,RX,141,1518510.78,,Farmacia Del Pueblo
2025,5,Palermo-Norte,TRICOFIN,500 mg – comprimido,RX,29,582821.41,,Farmacia Del Ángel
2025,5,Palermo-Norte,TANVIMIL A,100.000 UI – cápsulas,OTC,275,620886.75,,Farmacia Del Pueblo
2025,5,Palermo-Norte,CO‑TIOCTAN,115 mg/50 mg – comprimido recubierto,OTC,320,990768.0,,Farmacia Del Ángel
2025,5,Palermo-Norte,APSICO,10 mg – comprimido recubierto,RX,170,3970156.2,,Farmacia Del Ángel
2025,5,Palermo-Norte,TANVIMIL PLUS,cápsula,OTC,42,302775.48,,Farmacia Del Ángel
2025,5,Palermo-Norte,APSICO,"2,5 mg – comprimido recubierto",RX,122,2770251.56,,Farmacia Del Pueblo
2025,5,Palermo-Norte,AEROGAL,64 g/170 g – polvo efervescente en frasco,OTC,112,1118871.04,,Farmacia Del Ángel
2025,5,Belgrano-Centro,TANVIMIL AMINOÁCIDOS,comprimido recubierto,OTC,90,694048.5,,Farmacia Del Centro
2025,5,Belgrano-Centro,TANVIMIL ACD FLUOR,solución oral,OTC,44,502394.64,,Farmacia Del Centro
2025,5,Belgrano-Centro,TANVIMIL B1 B6 B12,comprimido recubierto,OTC,449,4185079.61,,Farmacia San Martín
2025,5,Belgrano-Centro,TRIMACREM PLUS,"0,01 g/4 g/0,05 g/100 g – crema tópica",OTC,199,1803580.78,,Farmacia Del Centro
2025,5,Belgrano-Centro,TRICOFIN,500 mg – óvulo vaginal,RX,313,1736211.0,,Farmacia San Martín
2025,5,Belgrano-Centro,ALACIR,30 mg – comprimido recubierto gastrorresistente,RX,127,1330575.19,,Farmacia Del Centro
2025,5,Belgrano-Centro,SUTRICO TAR,9 ml/100 ml – champú,OTC,215,1064125.3,,Farmacia San Martín
2025,5,Belgrano-Centro,AEROGAL,64 g/170 g – polvo efervescente en frasco,OTC,380,3796169.6,,Farmacia San Martín
2025,5,Belgrano-Centro,TANVIMIL A,50.000 UI – cápsulas,OTC,108,1115104.32,,Farmacia Del Centro
2025,5,Belgrano-Centro,APSICO,10 mg – comprimido recubierto,RX,46,1074277.56,,Farmacia San Martín
2025,5,Belgrano-Centro,APSICO,5 mg – comprimido recubierto,RX,158,1701593.64,,Farmacia Del Centro
2025,5,Belgrano-Centro,CIRUELAX MINITABS,75 mg – comprimido recubierto,OTC,28,57866.2,,Farmacia Del Centro
2025,5,Núñez-Centro,ONEFIN,10 mg – comprimido,RX,104,2087215.52,,Farmacia Sarmiento
2025,5,Núñez-Centro,MENCOGRIN AP,champú,OTC,137,1412522.06,,Farmacia Del Lago
2025,5,Núñez-Centro,TANVIMIL A,50.000 UI – cápsulas,OTC,88,908603.52,,Farmacia Del Lago
2025,5,Núñez-Centro,TANDIUR,50 mg – comprimido,RX,59,461383.54,,Farmacia Del Lago
2025,5,Núñez-Centro,TANVIMIL PLUS,cápsula,OTC,304,2191517.76,,Farmacia Sarmiento
2025,5,Núñez-Centro,TACNA,250 mg – comprimido,RX,76,694401.36,,Farmacia Del Lago
2025,5,Núñez-Centro,TRICOFIN,500 mg – óvulo vaginal,RX,46,255162.0,,Farmacia Del Lago
2025,5,Núñez-Centro,PANCUTAN NF,"0,2 g/600.000 UI/600.000 UI/100 g – gel tópico",RX,298,4707383.82,,Farmacia Del Lago
2025,5,Núñez-Centro,ALACIR,30 mg – comprimido recubierto gastrorresistente,RX,36,377170.92,,Farmacia Del Lago
2025,5,Núñez-Centro,CO‑TIOCTAN,115 mg/50 mg – comprimido recubierto,OTC,148,458230.2,,Farmacia Del Lago
2025,5,Núñez-Centro,PAMOXET,40 mg – comprimido recubierto,RX,66,1209692.22,,Farmacia Del Lago
2025,5,Núñez-Centro,TRICOPLUS,2 g/100 ml – loción capilar,RX,266,6131520.78,,Farmacia Del Lago
2025,5,Núñez-Centro,TRIMACREM PLUS,"0,01 g/4 g/0,05 g/100 g – crema tópica",OTC,162,1468241.64,,Farmacia Del Lago
2025,5,Núñez-Centro,APSICO,5 mg – comprimido recubierto,RX,143,1540049.94,,Farmacia Sarmiento
2025,5,Núñez-Centro,SUTRICO TAR,9 ml/100 ml – champú,OTC,25,123735.5,,Farmacia Sarmiento
2025,5,Núñez-Centro,TANVIMIL B1 B6 B12,comprimido recubierto,OTC,289,2693737.21,,Farmacia Del Lago
2025,5,Núñez-Centro,TANVIMIL A,100.000 UI – cápsulas,OTC,200,451554.0,,Farmacia Sarmiento
2025,5,Núñez-Centro,PAMOXET,20 mg – comprimido recubierto,RX,94,2208090.08,,Farmacia Del Lago
2025,5,Núñez-Centro,AEROGAL,64 g/170 g – polvo efervescente en frasco,OTC,178,1778205.76,,Farmacia Del Lago
2025,5,Caballito-Centro,APSICO,"2,5 mg – comprimido recubierto",RX,351,7970149.98,,Farmacia Pellegrini
2025,5,Caballito-Centro,PAMOXET,20 mg – comprimido recubierto,RX,28,657728.96,,Farmacia Pellegrini
2025,5,Caballito-Centro,TRICOFIN,500 mg – óvulo vaginal,RX,288,1597536.0,,Farmacia Belgrano
2025,5,Caballito-Centro,AEROGAL,64 g/170 g – polvo efervescente en frasco,OTC,253,2527449.76,,Farmacia Belgrano
2025,5,Caballito-Centro,PAMOXET,40 mg – comprimido recubierto,RX,49,898104.83,,Farmacia Belgrano
2025,5,Caballito-Centro,TRICOPLUS,5 g/100 ml – loción capilar,RX,49,1185659.37,,Farmacia Pellegrini
2025,5,Caballito-Centro,TANDIUR,50 mg – comprimido,RX,108,844566.48,,Farmacia Belgrano
2025,5,Caballito-Centro,TANVIMIL ACD FLUOR,solución oral,OTC,395,4510133.7,,Farmacia Pellegrini
2025,5,Caballito-Centro,MENCOGRIN AP,champú,OTC,71,732036.98,,Farmacia Pellegrini
2025,5,Caballito-Centro,PANCUTAN NF,"0,2 g/600.000 UI/600.000 UI/100 g – gel tópico",RX,141,2227319.19,,Farmacia Pellegrini
2025,5,Caballito-Centro,CO‑TIOCTAN,115 mg/50 mg – comprimido recubierto,OTC,57,176480.55,,Farmacia Pellegrini
2025,5,Caballito-Centro,TRICOFIN,500 mg – comprimido,RX,106,2130312.74,,Farmacia Belgrano
2025,5,Caballito-Centro,ALACIR,30 mg – comprimido recubierto gastrorresistente,RX,205,2147778.85,,Farmacia Belgrano
2025,5,Caballito-Centro,TANVIMIL B1 B6 B12,comprimido recubierto,OTC,74,689745.86,,Farmacia Pellegrini
2025,6,Recoleta-Norte,TRICOPLUS,2 g/100 ml – loción capilar,RX,126,2904404.58,,Farmacia La Estrella
2025,6,Recoleta-Norte,CO‑TIOCTAN,115 mg/50 mg – comprimido recubierto,OTC,111,343672.65,,Farmacia La Estrella
2025,6,Recoleta-Norte,TRICOFIN,500 mg – óvulo vaginal,RX,52,288444.0,,Farmacia Güemes
2025,6,Recoleta-Norte,TRICOPLUS,5 g/100 ml – loción capilar,RX,58,1403433.54,,Farmacia Güemes
2025,6,Recoleta-Norte,PAMOXET,40 mg – comprimido recubierto,RX,195,3574090.65,,Farmacia La Estrella
2025,6,Recoleta-Norte,APSICO,"2,5 mg – comprimido recubierto",RX,219,4972828.62,,Farmacia Güemes
2025,6,Recoleta-Norte,APSICO,10 mg – comprimido recubierto,RX,229,5348033.94,,Farmacia La Estrella
2025,6,Recoleta-Norte,TANVIMIL PLUS,cápsula,OTC,116,836237.04,,Farmacia La Estrella
2025,6,Recoleta-Norte,TANVIMIL ACD,gotas orales en solución,OTC,53,213664.73,,Farmacia La Estrella
2025,6,Recoleta-Norte,APSICO,5 mg – comprimido recubierto,RX,237,2552390.46,,Farmacia Güemes
2025,6,Recoleta-Norte,TIOCTAN,600 mg – comprimido recubierto,RX,188,4093850.4,,Farmacia La Estrella
2025,6,Recoleta-Norte,TANVIMIL B1 B6 B12,comprimido recubierto,OTC,193,1798931.77,,Farmacia La Estrella
2025,6,Recoleta-Norte,PAMOXET,20 mg – comprimido recubierto,RX,190,4463160.8,,Farmacia La Estrella
2025,6,Recoleta-Norte,CIRUELAX MINITABS,75 mg – comprimido recubierto,OTC,142,293464.3,,Farmacia La Estrella
2025,6,Recoleta-Norte,TACNA,250 mg – comprimido,RX,83,758359.38,,Farmacia La Estrella
2025,6,Recoleta-Norte,PANCUTAN NF,"0,2 g/600.000 UI/600.000 UI/100 g – gel tópico",RX,28,442304.52,,Farmacia Güemes
2025,6,Recoleta-Norte,TANVIMIL ACD FLUOR,solución oral,OTC,208,2374956.48,,Farmacia La Estrella
2025,6,Recoleta-Norte,ONEFIN,5 mg – comprimido,RX,232,5748057.52,,Farmacia La Estrella
2025,6,Recoleta-Norte,TANVIMIL AMINOÁCIDOS,comprimido recubierto,OTC,18,138809.7,,Farmacia La Estrella
2025,6,Microcentro-Este,TANVIMIL AMINOÁCIDOS,comprimido recubierto,OTC,140,1079631.0,,Farmacia Del Parque
2025,6,Microcentro-Este,PANCUTAN NF,"0,2 g/600.000 UI/600.000 UI/100 g – gel tópico",RX,103,1627048.77,,Farmacia Del Parque
2025,6,Microcentro-Este,TANVIMIL ACD,gotas orales en solución,OTC,270,1088480.7,,Farmacia Del Parque
2025,6,Microcentro-Este,TANVIMIL B1 B6 B12,comprimido recubierto,OTC,279,2600528.31,,Farmacia Del Parque
2025,6,Microcentro-Este,APSICO,"2,5 mg – comprimido recubierto",RX,200,4541396.0,,Farmacia Del Parque
2025,6,Microcentro-Este,TANVIMIL ACD FLUOR,solución oral,OTC,217,2477719.02,,Farmacia Del Parque
2025,6,Microcentro-Este,MENCOGRIN AP,champú,OTC,130,1340349.4,,Farmacia Pueyrredón
2025,6,Microcentro-Este,TACNA,250 mg – comprimido,RX,179,1635497.94,,Farmacia Pueyrredón
2025,6,Microcentro-Este,ALACIR,60 mg – comprimido recubierto gastrorresistente,RX,206,2838335.98,,Farmacia Del Parque
2025,6,Microcentro-Este,TRICOFIN,500 mg – óvulo vaginal,RX,301,1669647.0,,Farmacia Del Parque
2025,6,Microcentro-Este,APSICO,5 mg – comprimido recubierto,RX,306,3295491.48,,Farmacia Del Parque
2025,6,Microcentro-Este,CO‑TIOCTAN,115 mg/50 mg – comprimido recubierto,OTC,45,139326.75,,Farmacia Pueyrredón
2025,6,Microcentro-Este,TRIMACREM PLUS,"0,01 g/4 g/0,05 g/100 g – crema tópica",OTC,37,335339.14,,Farmacia Pueyrredón
2025,6,Microcentro-Este,ONEFIN,10 mg – comprimido,RX,262,5258177.56,,Farmacia Pueyrredón
2025,6,Microcentro-Este,SUTRICO TAR,9 ml/100 ml – champú,OTC,44,217774.48,,Farmacia Pueyrredón
2025,6,Microcentro-Este,AEROGAL,64 g/170 g – polvo efervescente en frasco,OTC,587,5864083.04,,Farmacia Pueyrredón
2025,6,San Isidro-Centro,PAMOXET,20 mg – comprimido recubierto,RX,99,2325541.68,,Farmacia Del Oeste
2025,6,San Isidro-Centro,APSICO,10 mg – comprimido recubierto,RX,29,677261.94,,Farmacia Del Oeste
2025,6,San Isidro-Centro,CIRUELAX MINITABS,75 mg – comprimido recubierto,OTC,81,167398.65,,Farmacia Del Oeste
2025,6,San Isidro-Centro,TRICOFIN,500 mg – comprimido,RX,221,4441501.09,,Farmacia Del Norte
2025,6,San Isidro-Centro,TRIMACREM PLUS,"0,01 g/4 g/0,05 g/100 g – crema tópica",OTC,48,435034.56,,Farmacia Del Oeste
2025,6,San Isidro-Centro,TANVIMIL ACD,gotas orales en solución,OTC,126,507957.66,,Farmacia Del Norte
2025,6,San Isidro-Centro,ONEFIN,10 mg – comprimido,RX,128,2568880.64,,Farmacia Del Oeste
2025,6,San Isidro-Centro,PAMOXET,40 mg – comprimido recubierto,RX,226,4142279.42,,Farmacia Del Oeste
2025,6,San Isidro-Centro,TRICOPLUS,5 g/100 ml – loción capilar,RX,47,1137265.11,,Farmacia Del Norte
2025,6,San Isidro-Centro,CO‑TIOCTAN,115 mg/50 mg – comprimido recubierto,OTC,44,136230.6,,Farmacia Del Norte
2025,6,San Isidro-Centro,TANVIMIL B1 B6 B12,comprimido recubierto,OTC,227,2115842.03,,Farmacia Del Norte
2025,6,San Isidro-Centro,ONEFIN,5 mg – comprimido,RX,264,6540893.04,,Farmacia Del Norte
2025,6,San Isidro-Centro,TANVIMIL A,50.000 UI – cápsulas,OTC,116,1197704.64,,Farmacia Del Oeste
2025,6,San Isidro-Centro,TANDIUR,50 mg – comprimido,RX,270,2111416.2,,Farmacia Del Norte
2025,6,San Isidro-Centro,TANVIMIL A,100.000 UI – cápsulas,OTC,190,428976.3,,Farmacia Del Norte
2025,6,San Isidro-Centro,APSICO,5 mg – comprimido recubierto,RX,113,1216962.54,,Farmacia Del Oeste
2025,6,San Isidro-Centro,TACNA,250 mg – comprimido,RX,297,2713647.42,,Farmacia Del Oeste
2025,6,Belgrano-R,PANCUTAN NF,"0,2 g/600.000 UI/600.000 UI/100 g – gel tópico",RX,177,2795996.43,,Farmacia Del Sol
2025,6,Belgrano-R,SUTRICO TAR,9 ml/100 ml – champú,OTC,149,737463.58,,Farmacia Del Sol
2025,6,Belgrano-R,TANVIMIL AMINOÁCIDOS,comprimido recubierto,OTC,20,154233.0,,Farmacia Del Sol
2025,6,Belgrano-R,CO‑TIOCTAN,115 mg/50 mg – comprimido recubierto,OTC,211,653287.65,,Farmacia Del Sol
2025,6,Belgrano-R,ONEFIN,10 mg – comprimido,RX,70,1404856.6,,Farmacia Del Sol
2025,6,Belgrano-R,ALACIR,30 mg – comprimido recubierto gastrorresistente,RX,220,2304933.4,,Farmacia Lavalle
2025,6,Belgrano-R,TRICOFIN,500 mg – óvulo vaginal,RX,209,1159323.0,,Farmacia Lavalle
2025,6,Belgrano-R,APSICO,"2,5 mg – comprimido recubierto",RX,118,2679423.64,,Farmacia Lavalle
2025,6,Belgrano-R,TRICOPLUS,5 g/100 ml – loción capilar,RX,183,4428074.79,,Farmacia Lavalle
2025,6,Belgrano-R,AEROGAL,64 g/170 g – polvo efervescente en frasco,OTC,291,2907066.72,,Farmacia Lavalle
2025,6,Belgrano-R,TANVIMIL A,50.000 UI – cápsulas,OTC,155,1600381.2,,Farmacia Lavalle
2025,6,Belgrano-R,TANVIMIL PLUS,cápsula,OTC,84,605550.96,,Farmacia Del Sol
2025,6,Belgrano-R,ONEFIN,5 mg – comprimido,RX,65,1610447.15,,Farmacia Del Sol
2025,6,Belgrano-R,ALACIR,60 mg – comprimido recubierto gastrorresistente,RX,132,1818739.56,,Farmacia Lavalle
2025,6,Belgrano-R,MENCOGRIN AP,champú,OTC,148,1525936.24,,Farmacia Lavalle
2025,6,Belgrano-R,TIOCTAN,600 mg – comprimido recubierto,RX,88,1916270.4,,Farmacia Lavalle
2025,6,Belgrano-R,APSICO,10 mg – comprimido recubierto,RX,189,4413879.54,,Farmacia Lavalle
2025,6,Belgrano-R,TANDIUR,50 mg – comprimido,RX,258,2017575.48,,Farmacia Lavalle
2025,6,Belgrano-R,CIRUELAX MINITABS,75 mg – comprimido recubierto,OTC,128,264531.2,,Farmacia Del Sol
2025,6,Devoto-Centro,PAMOXET,20 mg – comprimido recubierto,RX,308,7235018.56,,Farmacia La Botica
2025,6,Devoto-Centro,TANVIMIL A,100.000 UI – cápsulas,OTC,314,708939.78,,Farmacia España
2025,6,Devoto-Centro,TIOCTAN,600 mg – comprimido recubierto,RX,121,2634871.8,,Farmacia La Botica
2025,6,Devoto-Centro,TRICOPLUS,5 g/100 ml – loción capilar,RX,146,3532780.98,,Farmacia La Botica
2025,6,Devoto-Centro,PANCUTAN NF,"0,2 g/600.000 UI/600.000 UI/100 g – gel tópico",RX,72,1137354.48,,Farmacia España
2025,6,Devoto-Centro,TANVIMIL ACD,gotas orales en solución,OTC,93,374921.13,,Farmacia España
2025,6,Devoto-Centro,ONEFIN,5 mg – comprimido,RX,327,8101787.97,,Farmacia España
2025,6,Devoto-Centro,TANDIUR,50 mg – comprimido,RX,206,1610932.36,,Farmacia La Botica
2025,6,Devoto-Centro,TRIMACREM PLUS,"0,01 g/4 g/0,05 g/100 g – crema tópica",OTC,12,108758.64,,Farmacia España
2025,6,Devoto-Centro,TANVIMIL ACD FLUOR,solución oral,OTC,151,1724127.06,,Farmacia La Botica
2025,6,Devoto-Centro,MENCOGRIN AP,champú,OTC,162,1670281.56,,Farmacia La Botica
2025,6,Devoto-Centro,TANVIMIL A,50.000 UI – cápsulas,OTC,105,1084129.2,,Farmacia La Botica
2025,6,Devoto-Centro,TRICOFIN,500 mg – comprimido,RX,91,1828853.39,,Farmacia La Botica
2025,6,Devoto-Centro,SUTRICO TAR,9 ml/100 ml – champú,OTC,176,871097.92,,Farmacia La Botica
2025,6,Devoto-Centro,CIRUELAX MINITABS,75 mg – comprimido recubierto,OTC,37,76466.05,,Farmacia La Botica
2025,6,Devoto-Centro,APSICO,10 mg – comprimido recubierto,RX,17,397015.62,,Farmacia La Botica
2025,6,Devoto-Centro,ALACIR,60 mg – comprimido recubierto gastrorresistente,RX,153,2108084.49,,Farmacia España
2025,6,Almagro-Centro,CO‑TIOCTAN,115 mg/50 mg – comprimido recubierto,OTC,135,417980.25,,Farmacia Avenida
2025,6,Almagro-Centro,TRIMACREM PLUS,"0,01 g/4 g/0,05 g/100 g – crema tópica",OTC,94,851942.68,,Farmacia Brown
2025,6,Almagro-Centro,TANVIMIL B1 B6 B12,comprimido recubierto,OTC,52,484686.28,,Farmacia Brown
2025,6,Almagro-Centro,SUTRICO TAR,9 ml/100 ml – champú,OTC,233,1153214.86,,Farmacia Brown
2025,6,Almagro-Centro,TANDIUR,50 mg – comprimido,RX,307,2400758.42,,Farmacia Brown
2025,6,Almagro-Centro,TRICOFIN,500 mg – óvulo vaginal,RX,197,1092759.0,,Farmacia Brown
2025,6,Almagro-Centro,TRICOPLUS,2 g/100 ml – loción capilar,RX,48,1106439.84,,Farmacia Avenida
2025,6,Almagro-Centro,TACNA,250 mg – comprimido,RX,56,511664.16,,Farmacia Brown
2025,6,Almagro-Centro,PAMOXET,20 mg – comprimido recubierto,RX,306,7188037.92,,Farmacia Avenida
2025,6,Almagro-Centro,MENCOGRIN AP,champú,OTC,50,515519.0,,Farmacia Brown
2025,6,Almagro-Centro,APSICO,5 mg – comprimido recubierto,RX,46,495400.68,,Farmacia Brown
2025,6,Almagro-Centro,ONEFIN,5 mg – comprimido,RX,198,4905669.78,,Farmacia Brown
2025,6,Almagro-Centro,TANVIMIL AMINOÁCIDOS,comprimido recubierto,OTC,98,755741.7,,Farmacia Brown
2025,6,Vicente López-Centro,TANVIMIL ACD,gotas orales en solución,OTC,231,931255.71,,Farmacia Urquiza
2025,6,Vicente López-Centro,APSICO,5 mg – comprimido recubierto,RX,20,215391.6,,Farmacia Rivadavia
2025,6,Vicente López-Centro,TIOCTAN,600 mg – comprimido recubierto,RX,121,2634871.8,,Farmacia Rivadavia
2025,6,Vicente López-Centro,TANVIMIL ACD FLUOR,solución oral,OTC,196,2237939.76,,Farmacia Rivadavia
2025,6,Vicente López-Centro,TRICOFIN,500 mg – comprimido,RX,161,3235663.69,,Farmacia Rivadavia
2025,6,Vicente López-Centro,MENCOGRIN AP,champú,OTC,220,2268283.6,,Farmacia Urquiza
2025,6,Vicente López-Centro,APSICO,10 mg – comprimido recubierto,RX,166,3876740.76,,Farmacia Urquiza
2025,6,Vicente López-Centro,TRICOPLUS,5 g/100 ml – loción capilar,RX,131,3169824.03,,Farmacia Rivadavia
2025,6,Vicente López-Centro,TANVIMIL B1 B6 B12,comprimido recubierto,OTC,191,1780289.99,,Farmacia Urquiza
2025,6,Vicente López-Centro,TANVIMIL A,50.000 UI – cápsulas,OTC,190,1961757.6,,Farmacia Rivadavia
2025,6,Vicente López-Centro,TRICOFIN,500 mg – óvulo vaginal,RX,345,1913715.0,,Farmacia Rivadavia
2025,6,Vicente López-Centro,PAMOXET,20 mg – comprimido recubierto,RX,118,2771857.76,,Farmacia Urquiza
2025,6,Vicente López-Centro,ALACIR,30 mg – comprimido recubierto gastrorresistente,RX,46,481940.62,,Farmacia Urquiza
2025,6,Vicente López-Centro,TANDIUR,50 mg – comprimido,RX,126,985327.56,,Farmacia Urquiza
2025,6,Vicente López-Centro,PAMOXET,40 mg – comprimido recubierto,RX,90,1649580.3,,Farmacia Rivadavia
2025,6,Vicente López-Centro,TRIMACREM PLUS,"0,01 g/4 g/0,05 g/100 g – crema tópica",OTC,80,725057.6,,Farmacia Urquiza
2025,6,Vicente López-Centro,CO‑TIOCTAN,115 mg/50 mg – comprimido recubierto,OTC,204,631614.6,,Farmacia Urquiza
2025,6,Vicente López-Centro,TANVIMIL PLUS,cápsula,OTC,116,836237.04,,Farmacia Urquiza
2025,6,Vicente López-Centro,ONEFIN,10 mg – comprimido,RX,147,2950198.86,,Farmacia Rivadavia
2025,6,Vicente López-Centro,AEROGAL,64 g/170 g – polvo efervescente en frasco,OTC,126,1258729.92,,Farmacia Rivadavia
2025,6,Palermo-Sur,TACNA,250 mg – comprimido,RX,75,685264.5,,Farmacia Moreno
2025,6,Palermo-Sur,PAMOXET,40 mg – comprimido recubierto,RX,303,5553587.01,,Farmacia Central
2025,6,Palermo-Sur,TANVIMIL ACD,gotas orales en solución,OTC,164,661151.24,,Farmacia Central
2025,6,Palermo-Sur,TRIMACREM PLUS,"0,01 g/4 g/0,05 g/100 g – crema tópica",OTC,133,1205408.26,,Farmacia Moreno
2025,6,Palermo-Sur,TRICOFIN,500 mg – óvulo vaginal,RX,160,887520.0,,Farmacia Central
2025,6,Palermo-Sur,TRICOFIN,500 mg – comprimido,RX,330,6632105.7,,Farmacia Central
2025,6,Palermo-Sur,TRICOPLUS,2 g/100 ml – loción capilar,RX,98,2258981.34,,Farmacia Central
2025,6,Palermo-Sur,TANVIMIL PLUS,cápsula,OTC,76,547879.44,,Farmacia Moreno
2025,6,Palermo-Sur,TANVIMIL B1 B6 B12,comprimido recubierto,OTC,27,251664.03,,Farmacia Moreno
2025,6,Palermo-Sur,CO‑TIOCTAN,115 mg/50 mg – comprimido recubierto,OTC,152,470614.8,,Farmacia Moreno
2025,6,Palermo-Sur,ALACIR,60 mg – comprimido recubierto gastrorresistente,RX,142,1956522.86,,Farmacia Central
2025,6,Palermo-Sur,TANVIMIL A,100.000 UI – cápsulas,OTC,47,106115.19,,Farmacia Moreno
2025,6,Palermo-Sur,TRICOPLUS,5 g/100 ml – loción capilar,RX,51,1234053.63,,Farmacia Central
2025,6,Palermo-Sur,PAMOXET,20 mg – comprimido recubierto,RX,120,2818838.4,,Farmacia Central
2025,6,Palermo-Sur,MENCOGRIN AP,champú,OTC,79,814520.02,,Farmacia Central
2025,6,Palermo-Sur,AEROGAL,64 g/170 g – polvo efervescente en frasco,OTC,692,6913024.64,,Farmacia Moreno
2025,6,Palermo-Sur,TANVIMIL ACD FLUOR,solución oral,OTC,15,171270.9,,Farmacia Moreno
2025,6,Quilmes-Centro,TRICOPLUS,2 g/100 ml – loción capilar,RX,138,3181014.54,,Farmacia Alsina
2025,6,Quilmes-Centro,TRICOFIN,500 mg – óvulo vaginal,RX,46,255162.0,,Farmacia Alsina
2025,6,Quilmes-Centro,PAMOXET,20 mg – comprimido recubierto,RX,48,1127535.36,,Farmacia Alsina
2025,6,Quilmes-Centro,CIRUELAX MINITABS,75 mg – comprimido recubierto,OTC,71,146732.15,,Farmacia Pasteur
2025,6,Quilmes-Centro,ONEFIN,5 mg – comprimido,RX,280,6937310.8,,Farmacia Pasteur
2025,6,Quilmes-Centro,AEROGAL,64 g/170 g – polvo efervescente en frasco,OTC,493,4925030.56,,Farmacia Alsina
2025,6,Quilmes-Centro,ONEFIN,10 mg – comprimido,RX,260,5218038.8,,Farmacia Alsina
2025,6,Quilmes-Centro,TANVIMIL A,100.000 UI – cápsulas,OTC,309,697650.93,,Farmacia Alsina
2025,6,Quilmes-Centro,APSICO,5 mg – comprimido recubierto,RX,237,2552390.46,,Farmacia Alsina
2025,6,Quilmes-Centro,TANVIMIL A,50.000 UI – cápsulas,OTC,152,1569406.08,,Farmacia Alsina
2025,6,Quilmes-Centro,TANVIMIL ACD FLUOR,solución oral,OTC,262,2991531.72,,Farmacia Pasteur
2025,6,Quilmes-Centro,TACNA,250 mg – comprimido,RX,94,858864.84,,Farmacia Alsina
2025,6,Flores-Norte,AEROGAL,64 g/170 g – polvo efervescente en frasco,OTC,295,2947026.4,,Farmacia Castelli
2025,6,Flores-Norte,ALACIR,30 mg – comprimido recubierto gastrorresistente,RX,174,1822992.78,,Farmacia Mitre
2025,6,Flores-Norte,TANVIMIL AMINOÁCIDOS,comprimido recubierto,OTC,153,1179882.45,,Farmacia Mitre
2025,6,Flores-Norte,CO‑TIOCTAN,115 mg/50 mg – comprimido recubierto,OTC,228,705922.2,,Farmacia Mitre
2025,6,Flores-Norte,TANVIMIL PLUS,cápsula,OTC,206,1485041.64,,Farmacia Castelli
2025,6,Flores-Norte,TRICOFIN,500 mg – comprimido,RX,155,3115079.95,,Farmacia Mitre
2025,6,Flores-Norte,APSICO,"2,5 mg – comprimido recubierto",RX,155,3519581.9,,Farmacia Castelli
2025,6,Flores-Norte,TANVIMIL ACD FLUOR,solución oral,OTC,319,3642361.14,,Farmacia Mitre
2025,6,Flores-Norte,TACNA,250 mg – comprimido,RX,205,1873056.3,,Farmacia Castelli
2025,6,Flores-Norte,TIOCTAN,600 mg – comprimido recubierto,RX,275,5988345.0,,Farmacia Castelli
2025,6,Flores-Norte,TRIMACREM PLUS,"0,01 g/4 g/0,05 g/100 g – crema tópica",OTC,48,435034.56,,Farmacia Castelli
2025,6,Flores-Norte,SUTRICO TAR,9 ml/100 ml – champú,OTC,94,465245.48,,Farmacia Castelli
2025,6,Flores-Norte,ALACIR,60 mg – comprimido recubierto gastrorresistente,RX,85,1171158.05,,Farmacia Mitre
2025,6,La Plata-Centro,TIOCTAN,600 mg – comprimido recubierto,RX,118,2569544.4,,Farmacia Roca
2025,6,La Plata-Centro,AEROGAL,64 g/170 g – polvo efervescente en frasco,OTC,182,1818165.44,,Farmacia Roca
2025,6,La Plata-Centro,ONEFIN,10 mg – comprimido,RX,266,5338455.08,,Farmacia Roca
2025,6,La Plata-Centro,ONEFIN,5 mg – comprimido,RX,287,7110743.57,,Farmacia Roca
2025,6,La Plata-Centro,CO‑TIOCTAN,115 mg/50 mg – comprimido recubierto,OTC,261,808095.15,,Farmacia Roca
2025,6,La Plata-Centro,TRICOFIN,500 mg – comprimido,RX,169,3396442.01,,Farmacia Roca
2025,6,La Plata-Centro,TANVIMIL ACD FLUOR,solución oral,OTC,88,1004789.28,,Farmacia Del Sur
2025,6,La Plata-Centro,PAMOXET,20 mg – comprimido recubierto,RX,170,3993354.4,,Farmacia Del Sur
2025,6,La Plata-Centro,TANDIUR,50 mg – comprimido,RX,251,1962835.06,,Farmacia Roca
2025,6,La Plata-Centro,MENCOGRIN AP,champú,OTC,64,659864.32,,Farmacia Roca
2025,6,La Plata-Centro,TRIMACREM PLUS,"0,01 g/4 g/0,05 g/100 g – crema tópica",OTC,19,172201.18,,Farmacia Del Sur
2025,6,La Plata-Centro,TACNA,250 mg – comprimido,RX,208,1900466.88,,Farmacia Roca
2025,6,La Plata-Centro,TRICOFIN,500 mg – óvulo vaginal,RX,328,1819416.0,,Farmacia Del Sur
2025,6,La Plata-Centro,SUTRICO TAR,9 ml/100 ml – champú,OTC,152,752311.84,,Farmacia Del Sur
2025,6,La Plata-Centro,TANVIMIL AMINOÁCIDOS,comprimido recubierto,OTC,255,1966470.75,,Farmacia Roca
2025,6,La Plata-Centro,ALACIR,30 mg – comprimido recubierto gastrorresistente,RX,152,1592499.44,,Farmacia Roca
2025,6,Villa Urquiza-Centro,ALACIR,30 mg – comprimido recubierto gastrorresistente,RX,105,1100081.85,,Farmacia San José
2025,6,Villa Urquiza-Centro,TANVIMIL B1 B6 B12,comprimido recubierto,OTC,212,1976028.68,,Farmacia San José
2025,6,Villa Urquiza-Centro,PANCUTAN NF,"0,2 g/600.000 UI/600.000 UI/100 g – gel tópico",RX,115,1816607.85,,Farmacia Italia
2025,6,Villa Urquiza-Centro,APSICO,5 mg – comprimido recubierto,RX,113,1216962.54,,Farmacia San José
2025,6,Villa Urquiza-Centro,SUTRICO TAR,9 ml/100 ml – champú,OTC,18,89089.56,,Farmacia San José
2025,6,Villa Urquiza-Centro,TRICOFIN,500 mg – comprimido,RX,116,2331285.64,,Farmacia Italia
2025,6,Villa Urquiza-Centro,TRICOPLUS,5 g/100 ml – loción capilar,RX,188,4549060.44,,Farmacia San José
2025,6,Villa Urquiza-Centro,ALACIR,60 mg – comprimido recubierto gastrorresistente,RX,177,2438764.41,,Farmacia San José
2025,6,Villa Urquiza-Centro,ONEFIN,5 mg – comprimido,RX,272,6739101.92,,Farmacia San José
2025,6,Villa Urquiza-Centro,TANDIUR,50 mg – comprimido,RX,117,914947.02,,Farmacia Italia
2025,6,Villa Urquiza-Centro,TANVIMIL A,100.000 UI – cápsulas,OTC,27,60959.79,,Farmacia San José
2025,6,Villa Urquiza-Centro,TRIMACREM PLUS,"0,01 g/4 g/0,05 g/100 g – crema tópica",OTC,171,1549810.62,,Farmacia San José
2025,6,Palermo-Norte,TANVIMIL B1 B6 B12,comprimido recubierto,OTC,182,1696401.98,,Farmacia Del Ángel
2025,6,Palermo-Norte,TANVIMIL ACD FLUOR,solución oral,OTC,83,947698.98,,Farmacia Del Pueblo
2025,6,Palermo-Norte,PAMOXET,20 mg – comprimido recubierto,RX,247,5802109.04,,Farmacia Del Ángel
2025,6,Palermo-Norte,ALACIR,60 mg – comprimido recubierto gastrorresistente,RX,139,1915187.87,,Farmacia Del Pueblo
2025,6,Palermo-Norte,PAMOXET,40 mg – comprimido recubierto,RX,282,5168684.94,,Farmacia Del Pueblo
2025,6,Palermo-Norte,TANVIMIL AMINOÁCIDOS,comprimido recubierto,OTC,21,161944.65,,Farmacia Del Ángel
2025,6,Palermo-Norte,APSICO,5 mg – comprimido recubierto,RX,134,1443123.72,,Farmacia Del Pueblo
2025,6,Palermo-Norte,TRICOFIN,500 mg – comprimido,RX,35,703405.15,,Farmacia Del Pueblo
2025,6,Palermo-Norte,TANVIMIL A,100.000 UI – cápsulas,OTC,189,426718.53,,Farmacia Del Ángel
2025,6,Palermo-Norte,CO‑TIOCTAN,115 mg/50 mg – comprimido recubierto,OTC,270,835960.5,,Farmacia Del Ángel
2025,6,Palermo-Norte,APSICO,10 mg – comprimido recubierto,RX,158,3689909.88,,Farmacia Del Ángel
2025,6,Palermo-Norte,TANVIMIL PLUS,cápsula,OTC,48,346029.12,,Farmacia Del Pueblo
2025,6,Palermo-Norte,APSICO,"2,5 mg – comprimido recubierto",RX,148,3360633.04,,Farmacia Del Pueblo
2025,6,Palermo-Norte,AEROGAL,64 g/170 g – polvo efervescente en frasco,OTC,329,3286683.68,,Farmacia Del Pueblo
2025,6,Belgrano-Centro,TANVIMIL AMINOÁCIDOS,comprimido recubierto,OTC,59,454987.35,,Farmacia Del Centro
2025,6,Belgrano-Centro,TANVIMIL ACD FLUOR,solución oral,OTC,36,411050.16,,Farmacia Del Centro
2025,6,Belgrano-Centro,TANVIMIL B1 B6 B12,comprimido recubierto,OTC,210,1957386.9,,Farmacia San Martín
2025,6,Belgrano-Centro,TRIMACREM PLUS,"0,01 g/4 g/0,05 g/100 g – crema tópica",OTC,122,1105712.84,,Farmacia Del Centro
2025,6,Belgrano-Centro,TRICOFIN,500 mg – óvulo vaginal,RX,294,1630818.0,,Farmacia Del Centro
2025,6,Belgrano-Centro,ALACIR,30 mg – comprimido recubierto gastrorresistente,RX,76,796249.72,,Farmacia San Martín
2025,6,Belgrano-Centro,SUTRICO TAR,9 ml/100 ml – champú,OTC,245,1212607.9,,Farmacia San Martín
2025,6,Belgrano-Centro,AEROGAL,64 g/170 g – polvo efervescente en frasco,OTC,676,6753185.92,,Farmacia Del Centro
2025,6,Belgrano-Centro,TANVIMIL A,50.000 UI – cápsulas,OTC,58,598852.32,,Farmacia Del Centro
2025,6,Belgrano-Centro,APSICO,10 mg – comprimido recubierto,RX,32,747323.52,,Farmacia San Martín
2025,6,Belgrano-Centro,APSICO,5 mg – comprimido recubierto,RX,191,2056989.78,,Farmacia Del Centro
2025,6,Belgrano-Centro,CIRUELAX MINITABS,75 mg – comprimido recubierto,OTC,30,61999.5,,Farmacia San Martín
2025,6,Núñez-Centro,ONEFIN,10 mg – comprimido,RX,73,1465064.74,,Farmacia Sarmiento
2025,6,Núñez-Centro,MENCOGRIN AP,champú,OTC,103,1061969.14,,Farmacia Sarmiento
2025,6,Núñez-Centro,TANVIMIL A,50.000 UI – cápsulas,OTC,110,1135754.4,,Farmacia Sarmiento
2025,6,Núñez-Centro,TANDIUR,50 mg – comprimido,RX,72,563044.32,,Farmacia Del Lago
2025,6,Núñez-Centro,TANVIMIL PLUS,cápsula,OTC,299,2155473.06,,Farmacia Sarmiento
2025,6,Núñez-Centro,TACNA,250 mg – comprimido,RX,93,849727.98,,Farmacia Del Lago
2025,6,Núñez-Centro,TRICOFIN,500 mg – óvulo vaginal,RX,37,205239.0,,Farmacia Del Lago
2025,6,Núñez-Centro,PANCUTAN NF,"0,2 g/600.000 UI/600.000 UI/100 g – gel tópico",RX,172,2717013.48,,Farmacia Del Lago
2025,6,Núñez-Centro,ALACIR,30 mg – comprimido recubierto gastrorresistente,RX,59,618141.23,,Farmacia Del Lago
2025,6,Núñez-Centro,CO‑TIOCTAN,115 mg/50 mg – comprimido recubierto,OTC,211,653287.65,,Farmacia Del Lago
2025,6,Núñez-Centro,PAMOXET,40 mg – comprimido recubierto,RX,55,1008076.85,,Farmacia Sarmiento
2025,6,Núñez-Centro,TRICOPLUS,2 g/100 ml – loción capilar,RX,198,4564064.34,,Farmacia Sarmiento
2025,6,Núñez-Centro,TRIMACREM PLUS,"0,01 g/4 g/0,05 g/100 g – crema tópica",OTC,145,1314166.9,,Farmacia Sarmiento
2025,6,Núñez-Centro,APSICO,5 mg – comprimido recubierto,RX,154,1658515.32,,Farmacia Sarmiento
2025,6,Núñez-Centro,SUTRICO TAR,9 ml/100 ml – champú,OTC,13,64342.46,,Farmacia Sarmiento
2025,6,Núñez-Centro,TANVIMIL B1 B6 B12,comprimido recubierto,OTC,187,1743006.43,,Farmacia Del Lago
2025,6,Núñez-Centro,TANVIMIL A,100.000 UI – cápsulas,OTC,130,293510.1,,Farmacia Del Lago
2025,6,Núñez-Centro,PAMOXET,20 mg – comprimido recubierto,RX,124,2912799.68,,Farmacia Del Lago
2025,6,Núñez-Centro,AEROGAL,64 g/170 g – polvo efervescente en frasco,OTC,314,3136834.88,,Farmacia Del Lago
2025,6,Caballito-Centro,APSICO,"2,5 mg – comprimido recubierto",RX,234,5313433.32,,Farmacia Belgrano
2025,6,Caballito-Centro,PAMOXET,20 mg – comprimido recubierto,RX,28,657728.96,,Farmacia Pellegrini
2025,6,Caballito-Centro,TRICOFIN,500 mg – óvulo vaginal,RX,263,1458861.0,,Farmacia Belgrano
2025,6,Caballito-Centro,AEROGAL,64 g/170 g – polvo efervescente en frasco,OTC,627,6263679.84,,Farmacia Pellegrini
2025,6,Caballito-Centro,PAMOXET,40 mg – comprimido recubierto,RX,52,953090.84,,Farmacia Pellegrini
2025,6,Caballito-Centro,TRICOPLUS,5 g/100 ml – loción capilar,RX,35,846899.55,,Farmacia Belgrano
2025,6,Caballito-Centro,TANDIUR,50 mg – comprimido,RX,146,1141728.76,,Farmacia Belgrano
2025,6,Caballito-Centro,TANVIMIL ACD FLUOR,solución oral,OTC,268,3060040.08,,Farmacia Belgrano
2025,6,Caballito-Centro,MENCOGRIN AP,champú,OTC,59,608312.42,,Farmacia Pellegrini
2025,6,Caballito-Centro,PANCUTAN NF,"0,2 g/600.000 UI/600.000 UI/100 g – gel tópico",RX,115,1816607.85,,Farmacia Belgrano
2025,6,Caballito-Centro,CO‑TIOCTAN,115 mg/50 mg – comprimido recubierto,OTC,79,244595.85,,Farmacia Pellegrini
2025,6,Caballito-Centro,TRICOFIN,500 mg – comprimido,RX,81,1627880.49,,Farmacia Belgrano
2025,6,Caballito-Centro,ALACIR,30 mg – comprimido recubierto gastrorresistente,RX,261,2734489.17,,Farmacia Belgrano
2025,6,Caballito-Centro,TANVIMIL B1 B6 B12,comprimido recubierto,OTC,44,410119.16,,Farmacia Pellegrini
2025,7,Recoleta-Norte,TRICOPLUS,2 g/100 ml – loción capilar,RX,214,4932877.62,,Farmacia Güemes
2025,7,Recoleta-Norte,CO‑TIOCTAN,115 mg/50 mg – comprimido recubierto,OTC,113,349864.95,,Farmacia La Estrella
2025,7,Recoleta-Norte,TRICOFIN,500 mg – óvulo vaginal,RX,72,399384.0,,Farmacia Güemes
2025,7,Recoleta-Norte,TRICOPLUS,5 g/100 ml – loción capilar,RX,54,1306645.02,,Farmacia Güemes
2025,7,Recoleta-Norte,PAMOXET,40 mg – comprimido recubierto,RX,197,3610747.99,,Farmacia La Estrella
2025,7,Recoleta-Norte,APSICO,"2,5 mg – comprimido recubierto",RX,192,4359740.16,,Farmacia Güemes
2025,7,Recoleta-Norte,APSICO,10 mg – comprimido recubierto,RX,315,7356465.9,,Farmacia La Estrella
2025,7,Recoleta-Norte,TANVIMIL PLUS,cápsula,OTC,155,1117385.7,,Farmacia Güemes
2025,7,Recoleta-Norte,TANVIMIL ACD,gotas orales en solución,OTC,64,258010.24,,Farmacia Güemes
2025,7,Recoleta-Norte,APSICO,5 mg – comprimido recubierto,RX,245,2638547.1,,Farmacia Güemes
2025,7,Recoleta-Norte,TIOCTAN,600 mg – comprimido recubierto,RX,192,4180953.6,,Farmacia Güemes
2025,7,Recoleta-Norte,TANVIMIL B1 B6 B12,comprimido recubierto,OTC,171,1593872.19,,Farmacia Güemes
2025,7,Recoleta-Norte,PAMOXET,20 mg – comprimido recubierto,RX,204,4792025.28,,Farmacia Güemes
2025,7,Recoleta-Norte,CIRUELAX MINITABS,75 mg – comprimido recubierto,OTC,137,283131.05,,Farmacia Güemes
2025,7,Recoleta-Norte,TACNA,250 mg – comprimido,RX,86,785769.96,,Farmacia La Estrella
2025,7,Recoleta-Norte,PANCUTAN NF,"0,2 g/600.000 UI/600.000 UI/100 g – gel tópico",RX,36,568677.24,,Farmacia La Estrella
2025,7,Recoleta-Norte,TANVIMIL ACD FLUOR,solución oral,OTC,168,1918234.08,,Farmacia La Estrella
2025,7,Recoleta-Norte,ONEFIN,5 mg – comprimido,RX,292,7234624.12,,Farmacia Güemes
2025,7,Recoleta-Norte,TANVIMIL AMINOÁCIDOS,comprimido recubierto,OTC,19,146521.35,,Farmacia La Estrella
2025,7,Microcentro-Este,TANVIMIL AMINOÁCIDOS,comprimido recubierto,OTC,127,979379.55,,Farmacia Del Parque
2025,7,Microcentro-Este,PANCUTAN NF,"0,2 g/600.000 UI/600.000 UI/100 g – gel tópico",RX,81,1279523.79,,Farmacia Del Parque
2025,7,Microcentro-Este,TANVIMIL ACD,gotas orales en solución,OTC,233,939318.53,,Farmacia Del Parque
2025,7,Microcentro-Este,TANVIMIL B1 B6 B12,comprimido recubierto,OTC,354,3299595.06,,Farmacia Pueyrredón
2025,7,Microcentro-Este,APSICO,"2,5 mg – comprimido recubierto",RX,342,7765787.16,,Farmacia Pueyrredón
2025,7,Microcentro-Este,TANVIMIL ACD FLUOR,solución oral,OTC,136,1552856.16,,Farmacia Pueyrredón
2025,7,Microcentro-Este,MENCOGRIN AP,champú,OTC,97,1000106.86,,Farmacia Pueyrredón
2025,7,Microcentro-Este,TACNA,250 mg – comprimido,RX,139,1270023.54,,Farmacia Pueyrredón
2025,7,Microcentro-Este,ALACIR,60 mg – comprimido recubierto gastrorresistente,RX,220,3031232.6,,Farmacia Del Parque
2025,7,Microcentro-Este,TRICOFIN,500 mg – óvulo vaginal,RX,208,1153776.0,,Farmacia Del Parque
2025,7,Microcentro-Este,APSICO,5 mg – comprimido recubierto,RX,359,3866279.22,,Farmacia Del Parque
2025,7,Microcentro-Este,CO‑TIOCTAN,115 mg/50 mg – comprimido recubierto,OTC,46,142422.9,,Farmacia Pueyrredón
2025,7,Microcentro-Este,TRIMACREM PLUS,"0,01 g/4 g/0,05 g/100 g – crema tópica",OTC,39,353465.58,,Farmacia Pueyrredón
2025,7,Microcentro-Este,ONEFIN,10 mg – comprimido,RX,242,4856789.96,,Farmacia Pueyrredón
2025,7,Microcentro-Este,SUTRICO TAR,9 ml/100 ml – champú,OTC,36,178179.12,,Farmacia Del Parque
2025,7,Microcentro-Este,AEROGAL,64 g/170 g – polvo efervescente en frasco,OTC,295,2947026.4,,Farmacia Del Parque
2025,7,San Isidro-Centro,PAMOXET,20 mg – comprimido recubierto,RX,91,2137619.12,,Farmacia Del Norte
2025,7,San Isidro-Centro,APSICO,10 mg – comprimido recubierto,RX,25,583846.5,,Farmacia Del Norte
2025,7,San Isidro-Centro,CIRUELAX MINITABS,75 mg – comprimido recubierto,OTC,81,167398.65,,Farmacia Del Norte
2025,7,San Isidro-Centro,TRICOFIN,500 mg – comprimido,RX,370,7435997.3,,Farmacia Del Norte
2025,7,San Isidro-Centro,TRIMACREM PLUS,"0,01 g/4 g/0,05 g/100 g – crema tópica",OTC,69,625362.18,,Farmacia Del Norte
2025,7,San Isidro-Centro,TANVIMIL ACD,gotas orales en solución,OTC,104,419266.64,,Farmacia Del Norte
2025,7,San Isidro-Centro,ONEFIN,10 mg – comprimido,RX,89,1786174.82,,Farmacia Del Norte
2025,7,San Isidro-Centro,PAMOXET,40 mg – comprimido recubierto,RX,260,4765454.2,,Farmacia Del Oeste
2025,7,San Isidro-Centro,TRICOPLUS,5 g/100 ml – loción capilar,RX,44,1064673.72,,Farmacia Del Oeste
2025,7,San Isidro-Centro,CO‑TIOCTAN,115 mg/50 mg – comprimido recubierto,OTC,30,92884.5,,Farmacia Del Oeste
2025,7,San Isidro-Centro,TANVIMIL B1 B6 B12,comprimido recubierto,OTC,295,2749662.55,,Farmacia Del Oeste
2025,7,San Isidro-Centro,ONEFIN,5 mg – comprimido,RX,235,5822385.85,,Farmacia Del Norte
2025,7,San Isidro-Centro,TANVIMIL A,50.000 UI – cápsulas,OTC,120,1239004.8,,Farmacia Del Oeste
2025,7,San Isidro-Centro,TANDIUR,50 mg – comprimido,RX,313,2447678.78,,Farmacia Del Oeste
2025,7,San Isidro-Centro,TANVIMIL A,100.000 UI – cápsulas,OTC,188,424460.76,,Farmacia Del Norte
2025,7,San Isidro-Centro,APSICO,5 mg – comprimido recubierto,RX,85,915414.3,,Farmacia Del Norte
2025,7,San Isidro-Centro,TACNA,250 mg – comprimido,RX,344,3143079.84,,Farmacia Del Norte
2025,7,Belgrano-R,PANCUTAN NF,"0,2 g/600.000 UI/600.000 UI/100 g – gel tópico",RX,186,2938165.74,,Farmacia Del Sol
2025,7,Belgrano-R,SUTRICO TAR,9 ml/100 ml – champú,OTC,185,915642.7,,Farmacia Del Sol
2025,7,Belgrano-R,TANVIMIL AMINOÁCIDOS,comprimido recubierto,OTC,20,154233.0,,Farmacia Del Sol
2025,7,Belgrano-R,CO‑TIOCTAN,115 mg/50 mg – comprimido recubierto,OTC,196,606845.4,,Farmacia Del Sol
2025,7,Belgrano-R,ONEFIN,10 mg – comprimido,RX,88,1766105.44,,Farmacia Del Sol
2025,7,Belgrano-R,ALACIR,30 mg – comprimido recubierto gastrorresistente,RX,309,3237383.73,,Farmacia Lavalle
2025,7,Belgrano-R,TRICOFIN,500 mg – óvulo vaginal,RX,216,1198152.0,,Farmacia Del Sol
2025,7,Belgrano-R,APSICO,"2,5 mg – comprimido recubierto",RX,172,3905600.56,,Farmacia Del Sol
2025,7,Belgrano-R,TRICOPLUS,5 g/100 ml – loción capilar,RX,206,4984608.78,,Farmacia Del Sol
2025,7,Belgrano-R,AEROGAL,64 g/170 g – polvo efervescente en frasco,OTC,330,3296673.6,,Farmacia Del Sol
2025,7,Belgrano-R,TANVIMIL A,50.000 UI – cápsulas,OTC,238,2457359.52,,Farmacia Del Sol
2025,7,Belgrano-R,TANVIMIL PLUS,cápsula,OTC,127,915535.38,,Farmacia Lavalle
2025,7,Belgrano-R,ONEFIN,5 mg – comprimido,RX,118,2923580.98,,Farmacia Lavalle
2025,7,Belgrano-R,ALACIR,60 mg – comprimido recubierto gastrorresistente,RX,184,2535212.72,,Farmacia Lavalle
2025,7,Belgrano-R,MENCOGRIN AP,champú,OTC,177,1824937.26,,Farmacia Del Sol
2025,7,Belgrano-R,TIOCTAN,600 mg – comprimido recubierto,RX,102,2221131.6,,Farmacia Lavalle
2025,7,Belgrano-R,APSICO,10 mg – comprimido recubierto,RX,170,3970156.2,,Farmacia Del Sol
2025,7,Belgrano-R,TANDIUR,50 mg – comprimido,RX,283,2213076.98,,Farmacia Lavalle
2025,7,Belgrano-R,CIRUELAX MINITABS,75 mg – comprimido recubierto,OTC,142,293464.3,,Farmacia Lavalle
2025,7,Devoto-Centro,PAMOXET,20 mg – comprimido recubierto,RX,183,4298728.56,,Farmacia España
2025,7,Devoto-Centro,TANVIMIL A,100.000 UI – cápsulas,OTC,203,458327.31,,Farmacia La Botica
2025,7,Devoto-Centro,TIOCTAN,600 mg – comprimido recubierto,RX,145,3157491.0,,Farmacia España
2025,7,Devoto-Centro,TRICOPLUS,5 g/100 ml – loción capilar,RX,96,2322924.48,,Farmacia España
2025,7,Devoto-Centro,PANCUTAN NF,"0,2 g/600.000 UI/600.000 UI/100 g – gel tópico",RX,45,710846.55,,Farmacia España
2025,7,Devoto-Centro,TANVIMIL ACD,gotas orales en solución,OTC,120,483769.2,,Farmacia España
2025,7,Devoto-Centro,ONEFIN,5 mg – comprimido,RX,337,8349549.07,,Farmacia La Botica
2025,7,Devoto-Centro,TANDIUR,50 mg – comprimido,RX,275,2150516.5,,Farmacia España
2025,7,Devoto-Centro,TRIMACREM PLUS,"0,01 g/4 g/0,05 g/100 g – crema tópica",OTC,14,126885.08,,Farmacia La Botica
2025,7,Devoto-Centro,TANVIMIL ACD FLUOR,solución oral,OTC,202,2306448.12,,Farmacia España
2025,7,Devoto-Centro,MENCOGRIN AP,champú,OTC,221,2278593.98,,Farmacia España
2025,7,Devoto-Centro,TANVIMIL A,50.000 UI – cápsulas,OTC,88,908603.52,,Farmacia La Botica
2025,7,Devoto-Centro,TRICOFIN,500 mg – comprimido,RX,92,1848950.68,,Farmacia La Botica
2025,7,Devoto-Centro,SUTRICO TAR,9 ml/100 ml – champú,OTC,119,588980.98,,Farmacia España
2025,7,Devoto-Centro,CIRUELAX MINITABS,75 mg – comprimido recubierto,OTC,50,103332.5,,Farmacia La Botica
2025,7,Devoto-Centro,APSICO,10 mg – comprimido recubierto,RX,16,373661.76,,Farmacia España
2025,7,Devoto-Centro,ALACIR,60 mg – comprimido recubierto gastrorresistente,RX,181,2493877.73,,Farmacia La Botica
2025,7,Almagro-Centro,CO‑TIOCTAN,115 mg/50 mg – comprimido recubierto,OTC,100,309615.0,,Farmacia Brown
2025,7,Almagro-Centro,TRIMACREM PLUS,"0,01 g/4 g/0,05 g/100 g – crema tópica",OTC,84,761310.48,,Farmacia Avenida
2025,7,Almagro-Centro,TANVIMIL B1 B6 B12,comprimido recubierto,OTC,57,531290.73,,Farmacia Brown
2025,7,Almagro-Centro,SUTRICO TAR,9 ml/100 ml – champú,OTC,162,801806.04,,Farmacia Avenida
2025,7,Almagro-Centro,TANDIUR,50 mg – comprimido,RX,273,2134876.38,,Farmacia Avenida
2025,7,Almagro-Centro,TRICOFIN,500 mg – óvulo vaginal,RX,149,826503.0,,Farmacia Avenida
2025,7,Almagro-Centro,TRICOPLUS,2 g/100 ml – loción capilar,RX,44,1014236.52,,Farmacia Brown
2025,7,Almagro-Centro,TACNA,250 mg – comprimido,RX,53,484253.58,,Farmacia Avenida
2025,7,Almagro-Centro,PAMOXET,20 mg – comprimido recubierto,RX,256,6013521.92,,Farmacia Avenida
2025,7,Almagro-Centro,MENCOGRIN AP,champú,OTC,50,515519.0,,Farmacia Brown
2025,7,Almagro-Centro,APSICO,5 mg – comprimido recubierto,RX,45,484631.1,,Farmacia Brown
2025,7,Almagro-Centro,ONEFIN,5 mg – comprimido,RX,209,5178206.99,,Farmacia Brown
2025,7,Almagro-Centro,TANVIMIL AMINOÁCIDOS,comprimido recubierto,OTC,148,1141324.2,,Farmacia Brown
2025,7,Vicente López-Centro,TANVIMIL ACD,gotas orales en solución,OTC,148,596648.68,,Farmacia Urquiza
2025,7,Vicente López-Centro,APSICO,5 mg – comprimido recubierto,RX,29,312317.82,,Farmacia Rivadavia
2025,7,Vicente López-Centro,TIOCTAN,600 mg – comprimido recubierto,RX,105,2286459.0,,Farmacia Urquiza
2025,7,Vicente López-Centro,TANVIMIL ACD FLUOR,solución oral,OTC,146,1667036.76,,Farmacia Rivadavia
2025,7,Vicente López-Centro,TRICOFIN,500 mg – comprimido,RX,168,3376344.72,,Farmacia Urquiza
2025,7,Vicente López-Centro,MENCOGRIN AP,champú,OTC,157,1618729.66,,Farmacia Rivadavia
2025,7,Vicente López-Centro,APSICO,10 mg – comprimido recubierto,RX,196,4577356.56,,Farmacia Rivadavia
2025,7,Vicente López-Centro,TRICOPLUS,5 g/100 ml – loción capilar,RX,135,3266612.55,,Farmacia Urquiza
2025,7,Vicente López-Centro,TANVIMIL B1 B6 B12,comprimido recubierto,OTC,275,2563244.75,,Farmacia Rivadavia
2025,7,Vicente López-Centro,TANVIMIL A,50.000 UI – cápsulas,OTC,147,1517780.88,,Farmacia Rivadavia
2025,7,Vicente López-Centro,TRICOFIN,500 mg – óvulo vaginal,RX,226,1253622.0,,Farmacia Urquiza
2025,7,Vicente López-Centro,PAMOXET,20 mg – comprimido recubierto,RX,139,3265154.48,,Farmacia Rivadavia
2025,7,Vicente López-Centro,ALACIR,30 mg – comprimido recubierto gastrorresistente,RX,67,701956.99,,Farmacia Rivadavia
2025,7,Vicente López-Centro,TANDIUR,50 mg – comprimido,RX,90,703805.4,,Farmacia Rivadavia
2025,7,Vicente López-Centro,PAMOXET,40 mg – comprimido recubierto,RX,61,1118048.87,,Farmacia Urquiza
2025,7,Vicente López-Centro,TRIMACREM PLUS,"0,01 g/4 g/0,05 g/100 g – crema tópica",OTC,65,589109.3,,Farmacia Urquiza
2025,7,Vicente López-Centro,CO‑TIOCTAN,115 mg/50 mg – comprimido recubierto,OTC,201,622326.15,,Farmacia Rivadavia
2025,7,Vicente López-Centro,TANVIMIL PLUS,cápsula,OTC,100,720894.0,,Farmacia Rivadavia
2025,7,Vicente López-Centro,ONEFIN,10 mg – comprimido,RX,164,3291378.32,,Farmacia Rivadavia
2025,7,Vicente López-Centro,AEROGAL,64 g/170 g – polvo efervescente en frasco,OTC,179,1788195.68,,Farmacia Rivadavia
2025,7,Palermo-Sur,TACNA,250 mg – comprimido,RX,61,557348.46,,Farmacia Moreno
2025,7,Palermo-Sur,PAMOXET,40 mg – comprimido recubierto,RX,294,5388628.98,,Farmacia Central
2025,7,Palermo-Sur,TANVIMIL ACD,gotas orales en solución,OTC,271,1092512.11,,Farmacia Moreno
2025,7,Palermo-Sur,TRIMACREM PLUS,"0,01 g/4 g/0,05 g/100 g – crema tópica",OTC,144,1305103.68,,Farmacia Moreno
2025,7,Palermo-Sur,TRICOFIN,500 mg – óvulo vaginal,RX,198,1098306.0,,Farmacia Central
2025,7,Palermo-Sur,TRICOFIN,500 mg – comprimido,RX,197,3959166.13,,Farmacia Central
2025,7,Palermo-Sur,TRICOPLUS,2 g/100 ml – loción capilar,RX,104,2397286.32,,Farmacia Moreno
2025,7,Palermo-Sur,TANVIMIL PLUS,cápsula,OTC,118,850654.92,,Farmacia Moreno
2025,7,Palermo-Sur,TANVIMIL B1 B6 B12,comprimido recubierto,OTC,24,223701.36,,Farmacia Central
2025,7,Palermo-Sur,CO‑TIOCTAN,115 mg/50 mg – comprimido recubierto,OTC,98,303422.7,,Farmacia Central
2025,7,Palermo-Sur,ALACIR,60 mg – comprimido recubierto gastrorresistente,RX,167,2300981.11,,Farmacia Central
2025,7,Palermo-Sur,TANVIMIL A,100.000 UI – cápsulas,OTC,72,162559.44,,Farmacia Central
2025,7,Palermo-Sur,TRICOPLUS,5 g/100 ml – loción capilar,RX,47,1137265.11,,Farmacia Central
2025,7,Palermo-Sur,PAMOXET,20 mg – comprimido recubierto,RX,105,2466483.6,,Farmacia Central
2025,7,Palermo-Sur,MENCOGRIN AP,champú,OTC,79,814520.02,,Farmacia Moreno
2025,7,Palermo-Sur,AEROGAL,64 g/170 g – polvo efervescente en frasco,OTC,528,5274677.76,,Farmacia Central
2025,7,Palermo-Sur,TANVIMIL ACD FLUOR,solución oral,OTC,21,239779.26,,Farmacia Central
2025,7,Quilmes-Centro,TRICOPLUS,2 g/100 ml – loción capilar,RX,111,2558642.13,,Farmacia Pasteur
2025,7,Quilmes-Centro,TRICOFIN,500 mg – óvulo vaginal,RX,54,299538.0,,Farmacia Alsina
2025,7,Quilmes-Centro,PAMOXET,20 mg – comprimido recubierto,RX,55,1291967.6,,Farmacia Alsina
2025,7,Quilmes-Centro,CIRUELAX MINITABS,75 mg – comprimido recubierto,OTC,71,146732.15,,Farmacia Pasteur
2025,7,Quilmes-Centro,ONEFIN,5 mg – comprimido,RX,337,8349549.07,,Farmacia Pasteur
2025,7,Quilmes-Centro,AEROGAL,64 g/170 g – polvo efervescente en frasco,OTC,434,4335625.28,,Farmacia Alsina
2025,7,Quilmes-Centro,ONEFIN,10 mg – comprimido,RX,170,3411794.6,,Farmacia Pasteur
2025,7,Quilmes-Centro,TANVIMIL A,100.000 UI – cápsulas,OTC,289,652495.53,,Farmacia Alsina
2025,7,Quilmes-Centro,APSICO,5 mg – comprimido recubierto,RX,143,1540049.94,,Farmacia Pasteur
2025,7,Quilmes-Centro,TANVIMIL A,50.000 UI – cápsulas,OTC,143,1476480.72,,Farmacia Pasteur
2025,7,Quilmes-Centro,TANVIMIL ACD FLUOR,solución oral,OTC,261,2980113.66,,Farmacia Alsina
2025,7,Quilmes-Centro,TACNA,250 mg – comprimido,RX,67,612169.62,,Farmacia Pasteur
2025,7,Flores-Norte,AEROGAL,64 g/170 g – polvo efervescente en frasco,OTC,244,2437540.48,,Farmacia Castelli
2025,7,Flores-Norte,ALACIR,30 mg – comprimido recubierto gastrorresistente,RX,272,2849735.84,,Farmacia Mitre
2025,7,Flores-Norte,TANVIMIL AMINOÁCIDOS,comprimido recubierto,OTC,255,1966470.75,,Farmacia Mitre
2025,7,Flores-Norte,CO‑TIOCTAN,115 mg/50 mg – comprimido recubierto,OTC,276,854537.4,,Farmacia Castelli
2025,7,Flores-Norte,TANVIMIL PLUS,cápsula,OTC,210,1513877.4,,Farmacia Castelli
2025,7,Flores-Norte,TRICOFIN,500 mg – comprimido,RX,174,3496928.46,,Farmacia Castelli
2025,7,Flores-Norte,APSICO,"2,5 mg – comprimido recubierto",RX,190,4314326.2,,Farmacia Mitre
2025,7,Flores-Norte,TANVIMIL ACD FLUOR,solución oral,OTC,234,2671826.04,,Farmacia Castelli
2025,7,Flores-Norte,TACNA,250 mg – comprimido,RX,168,1534992.48,,Farmacia Castelli
2025,7,Flores-Norte,TIOCTAN,600 mg – comprimido recubierto,RX,365,7948167.0,,Farmacia Mitre
2025,7,Flores-Norte,TRIMACREM PLUS,"0,01 g/4 g/0,05 g/100 g – crema tópica",OTC,43,389718.46,,Farmacia Mitre
2025,7,Flores-Norte,SUTRICO TAR,9 ml/100 ml – champú,OTC,79,391004.18,,Farmacia Mitre
2025,7,Flores-Norte,ALACIR,60 mg – comprimido recubierto gastrorresistente,RX,108,1488059.64,,Farmacia Castelli
2025,7,La Plata-Centro,TIOCTAN,600 mg – comprimido recubierto,RX,201,4376935.8,,Farmacia Del Sur
2025,7,La Plata-Centro,AEROGAL,64 g/170 g – polvo efervescente en frasco,OTC,127,1268719.84,,Farmacia Del Sur
2025,7,La Plata-Centro,ONEFIN,10 mg – comprimido,RX,286,5739842.68,,Farmacia Del Sur
2025,7,La Plata-Centro,ONEFIN,5 mg – comprimido,RX,306,7581489.66,,Farmacia Del Sur
2025,7,La Plata-Centro,CO‑TIOCTAN,115 mg/50 mg – comprimido recubierto,OTC,228,705922.2,,Farmacia Del Sur
2025,7,La Plata-Centro,TRICOFIN,500 mg – comprimido,RX,133,2672939.57,,Farmacia Del Sur
2025,7,La Plata-Centro,TANVIMIL ACD FLUOR,solución oral,OTC,69,787846.14,,Farmacia Roca
2025,7,La Plata-Centro,PAMOXET,20 mg – comprimido recubierto,RX,249,5849089.68,,Farmacia Del Sur
2025,7,La Plata-Centro,TANDIUR,50 mg – comprimido,RX,143,1118268.58,,Farmacia Roca
2025,7,La Plata-Centro,MENCOGRIN AP,champú,OTC,85,876382.3,,Farmacia Del Sur
2025,7,La Plata-Centro,TRIMACREM PLUS,"0,01 g/4 g/0,05 g/100 g – crema tópica",OTC,21,190327.62,,Farmacia Del Sur
2025,7,La Plata-Centro,TACNA,250 mg – comprimido,RX,222,2028382.92,,Farmacia Del Sur
2025,7,La Plata-Centro,TRICOFIN,500 mg – óvulo vaginal,RX,245,1359015.0,,Farmacia Del Sur
2025,7,La Plata-Centro,SUTRICO TAR,9 ml/100 ml – champú,OTC,149,737463.58,,Farmacia Del Sur
2025,7,La Plata-Centro,TANVIMIL AMINOÁCIDOS,comprimido recubierto,OTC,262,2020452.3,,Farmacia Roca
2025,7,La Plata-Centro,ALACIR,30 mg – comprimido recubierto gastrorresistente,RX,92,963881.24,,Farmacia Del Sur
2025,7,Villa Urquiza-Centro,ALACIR,30 mg – comprimido recubierto gastrorresistente,RX,136,1424867.92,,Farmacia San José
2025,7,Villa Urquiza-Centro,TANVIMIL B1 B6 B12,comprimido recubierto,OTC,261,2432752.29,,Farmacia San José
2025,7,Villa Urquiza-Centro,PANCUTAN NF,"0,2 g/600.000 UI/600.000 UI/100 g – gel tópico",RX,100,1579659.0,,Farmacia San José
2025,7,Villa Urquiza-Centro,APSICO,5 mg – comprimido recubierto,RX,83,893875.14,,Farmacia San José
2025,7,Villa Urquiza-Centro,SUTRICO TAR,9 ml/100 ml – champú,OTC,18,89089.56,,Farmacia Italia
2025,7,Villa Urquiza-Centro,TRICOFIN,500 mg – comprimido,RX,140,2813620.6,,Farmacia Italia
2025,7,Villa Urquiza-Centro,TRICOPLUS,5 g/100 ml – loción capilar,RX,130,3145626.9,,Farmacia San José
2025,7,Villa Urquiza-Centro,ALACIR,60 mg – comprimido recubierto gastrorresistente,RX,230,3169015.9,,Farmacia Italia
2025,7,Villa Urquiza-Centro,ONEFIN,5 mg – comprimido,RX,256,6342684.16,,Farmacia San José
2025,7,Villa Urquiza-Centro,TANDIUR,50 mg – comprimido,RX,140,1094808.4,,Farmacia Italia
2025,7,Villa Urquiza-Centro,TANVIMIL A,100.000 UI – cápsulas,OTC,25,56444.25,,Farmacia Italia
2025,7,Villa Urquiza-Centro,TRIMACREM PLUS,"0,01 g/4 g/0,05 g/100 g – crema tópica",OTC,99,897258.78,,Farmacia San José
2025,7,Palermo-Norte,TANVIMIL B1 B6 B12,comprimido recubierto,OTC,199,1854857.11,,Farmacia Del Ángel
2025,7,Palermo-Norte,TANVIMIL ACD FLUOR,solución oral,OTC,59,673665.54,,Farmacia Del Pueblo
2025,7,Palermo-Norte,PAMOXET,20 mg – comprimido recubierto,RX,164,3852412.48,,Farmacia Del Ángel
2025,7,Palermo-Norte,ALACIR,60 mg – comprimido recubierto gastrorresistente,RX,149,2052971.17,,Farmacia Del Pueblo
2025,7,Palermo-Norte,PAMOXET,40 mg – comprimido recubierto,RX,246,4508852.82,,Farmacia Del Ángel
2025,7,Palermo-Norte,TANVIMIL AMINOÁCIDOS,comprimido recubierto,OTC,18,138809.7,,Farmacia Del Ángel
2025,7,Palermo-Norte,APSICO,5 mg – comprimido recubierto,RX,155,1669284.9,,Farmacia Del Pueblo
2025,7,Palermo-Norte,TRICOFIN,500 mg – comprimido,RX,39,783794.31,,Farmacia Del Pueblo
2025,7,Palermo-Norte,TANVIMIL A,100.000 UI – cápsulas,OTC,175,395109.75,,Farmacia Del Pueblo
2025,7,Palermo-Norte,CO‑TIOCTAN,115 mg/50 mg – comprimido recubierto,OTC,245,758556.75,,Farmacia Del Ángel
2025,7,Palermo-Norte,APSICO,10 mg – comprimido recubierto,RX,167,3900094.62,,Farmacia Del Ángel
2025,7,Palermo-Norte,TANVIMIL PLUS,cápsula,OTC,42,302775.48,,Farmacia Del Ángel
2025,7,Palermo-Norte,APSICO,"2,5 mg – comprimido recubierto",RX,138,3133563.24,,Farmacia Del Pueblo
2025,7,Palermo-Norte,AEROGAL,64 g/170 g – polvo efervescente en frasco,OTC,249,2487490.08,,Farmacia Del Ángel
2025,7,Belgrano-Centro,TANVIMIL AMINOÁCIDOS,comprimido recubierto,OTC,49,377870.85,,Farmacia Del Centro
2025,7,Belgrano-Centro,TANVIMIL ACD FLUOR,solución oral,OTC,32,365377.92,,Farmacia San Martín
2025,7,Belgrano-Centro,TANVIMIL B1 B6 B12,comprimido recubierto,OTC,240,2237013.6,,Farmacia San Martín
2025,7,Belgrano-Centro,TRIMACREM PLUS,"0,01 g/4 g/0,05 g/100 g – crema tópica",OTC,199,1803580.78,,Farmacia San Martín
2025,7,Belgrano-Centro,TRICOFIN,500 mg – óvulo vaginal,RX,279,1547613.0,,Farmacia San Martín
2025,7,Belgrano-Centro,ALACIR,30 mg – comprimido recubierto gastrorresistente,RX,116,1215328.52,,Farmacia San Martín
2025,7,Belgrano-Centro,SUTRICO TAR,9 ml/100 ml – champú,OTC,160,791907.2,,Farmacia Del Centro
2025,7,Belgrano-Centro,AEROGAL,64 g/170 g – polvo efervescente en frasco,OTC,676,6753185.92,,Farmacia San Martín
2025,7,Belgrano-Centro,TANVIMIL A,50.000 UI – cápsulas,OTC,84,867303.36,,Farmacia San Martín
2025,7,Belgrano-Centro,APSICO,10 mg – comprimido recubierto,RX,30,700615.8,,Farmacia San Martín
2025,7,Belgrano-Centro,APSICO,5 mg – comprimido recubierto,RX,179,1927754.82,,Farmacia San Martín
2025,7,Belgrano-Centro,CIRUELAX MINITABS,75 mg – comprimido recubierto,OTC,42,86799.3,,Farmacia Del Centro
2025,7,Núñez-Centro,ONEFIN,10 mg – comprimido,RX,83,1665758.54,,Farmacia Sarmiento
2025,7,Núñez-Centro,MENCOGRIN AP,champú,OTC,105,1082589.9,,Farmacia Sarmiento
2025,7,Núñez-Centro,TANVIMIL A,50.000 UI – cápsulas,OTC,74,764052.96,,Farmacia Del Lago
2025,7,Núñez-Centro,TANDIUR,50 mg – comprimido,RX,79,617784.74,,Farmacia Sarmiento
2025,7,Núñez-Centro,TANVIMIL PLUS,cápsula,OTC,240,1730145.6,,Farmacia Del Lago
2025,7,Núñez-Centro,TACNA,250 mg – comprimido,RX,80,730948.8,,Farmacia Sarmiento
2025,7,Núñez-Centro,TRICOFIN,500 mg – óvulo vaginal,RX,48,266256.0,,Farmacia Del Lago
2025,7,Núñez-Centro,PANCUTAN NF,"0,2 g/600.000 UI/600.000 UI/100 g – gel tópico",RX,177,2795996.43,,Farmacia Sarmiento
2025,7,Núñez-Centro,ALACIR,30 mg – comprimido recubierto gastrorresistente,RX,47,492417.59,,Farmacia Sarmiento
2025,7,Núñez-Centro,CO‑TIOCTAN,115 mg/50 mg – comprimido recubierto,OTC,142,439653.3,,Farmacia Sarmiento
2025,7,Núñez-Centro,PAMOXET,40 mg – comprimido recubierto,RX,54,989748.18,,Farmacia Del Lago
2025,7,Núñez-Centro,TRICOPLUS,2 g/100 ml – loción capilar,RX,210,4840674.3,,Farmacia Sarmiento
2025,7,Núñez-Centro,TRIMACREM PLUS,"0,01 g/4 g/0,05 g/100 g – crema tópica",OTC,119,1078523.18,,Farmacia Del Lago
2025,7,Núñez-Centro,APSICO,5 mg – comprimido recubierto,RX,112,1206192.96,,Farmacia Sarmiento
2025,7,Núñez-Centro,SUTRICO TAR,9 ml/100 ml – champú,OTC,14,69291.88,,Farmacia Sarmiento
2025,7,Núñez-Centro,TANVIMIL B1 B6 B12,comprimido recubierto,OTC,174,1621834.86,,Farmacia Del Lago
2025,7,Núñez-Centro,TANVIMIL A,100.000 UI – cápsulas,OTC,150,338665.5,,Farmacia Del Lago
2025,7,Núñez-Centro,PAMOXET,20 mg – comprimido recubierto,RX,135,3171193.2,,Farmacia Del Lago
2025,7,Núñez-Centro,AEROGAL,64 g/170 g – polvo efervescente en frasco,OTC,333,3326643.36,,Farmacia Del Lago
2025,7,Caballito-Centro,APSICO,"2,5 mg – comprimido recubierto",RX,248,5631331.04,,Farmacia Pellegrini
2025,7,Caballito-Centro,PAMOXET,20 mg – comprimido recubierto,RX,21,493296.72,,Farmacia Pellegrini
2025,7,Caballito-Centro,TRICOFIN,500 mg – óvulo vaginal,RX,260,1442220.0,,Farmacia Belgrano
2025,7,Caballito-Centro,AEROGAL,64 g/170 g – polvo efervescente en frasco,OTC,399,3985978.08,,Farmacia Pellegrini
2025,7,Caballito-Centro,PAMOXET,40 mg – comprimido recubierto,RX,46,843118.82,,Farmacia Belgrano
2025,7,Caballito-Centro,TRICOPLUS,5 g/100 ml – loción capilar,RX,36,871096.68,,Farmacia Belgrano
2025,7,Caballito-Centro,TANDIUR,50 mg – comprimido,RX,129,1008787.74,,Farmacia Pellegrini
2025,7,Caballito-Centro,TANVIMIL ACD FLUOR,solución oral,OTC,255,2911605.3,,Farmacia Pellegrini
2025,7,Caballito-Centro,MENCOGRIN AP,champú,OTC,85,876382.3,,Farmacia Belgrano
2025,7,Caballito-Centro,PANCUTAN NF,"0,2 g/600.000 UI/600.000 UI/100 g – gel tópico",RX,135,2132539.65,,Farmacia Pellegrini
2025,7,Caballito-Centro,CO‑TIOCTAN,115 mg/50 mg – comprimido recubierto,OTC,52,160999.8,,Farmacia Belgrano
2025,7,Caballito-Centro,TRICOFIN,500 mg – comprimido,RX,129,2592550.41,,Farmacia Pellegrini
2025,7,Caballito-Centro,ALACIR,30 mg – comprimido recubierto gastrorresistente,RX,222,2325887.34,,Farmacia Belgrano
2025,7,Caballito-Centro,TANVIMIL B1 B6 B12,comprimido recubierto,OTC,41,382156.49,,Farmacia Belgrano
2025,8,Recoleta-Norte,TRICOPLUS,2 g/100 ml – loción capilar,RX,199,4587115.17,,Farmacia Güemes
2025,8,Recoleta-Norte,CO‑TIOCTAN,115 mg/50 mg – comprimido recubierto,OTC,163,504672.45,,Farmacia La Estrella
2025,8,Recoleta-Norte,TRICOFIN,500 mg – óvulo vaginal,RX,80,443760.0,,Farmacia Güemes
2025,8,Recoleta-Norte,TRICOPLUS,5 g/100 ml – loción capilar,RX,60,1451827.8,,Farmacia La Estrella
2025,8,Recoleta-Norte,PAMOXET,40 mg – comprimido recubierto,RX,289,5296985.63,,Farmacia Güemes
2025,8,Recoleta-Norte,APSICO,"2,5 mg – comprimido recubierto",RX,213,4836586.74,,Farmacia Güemes
2025,8,Recoleta-Norte,APSICO,10 mg – comprimido recubierto,RX,302,7052865.72,,Farmacia La Estrella
2025,8,Recoleta-Norte,TANVIMIL PLUS,cápsula,OTC,130,937162.2,,Farmacia La Estrella
2025,8,Recoleta-Norte,TANVIMIL ACD,gotas orales en solución,OTC,59,237853.19,,Farmacia La Estrella
2025,8,Recoleta-Norte,APSICO,5 mg – comprimido recubierto,RX,205,2207763.9,,Farmacia Güemes
2025,8,Recoleta-Norte,TIOCTAN,600 mg – comprimido recubierto,RX,151,3288145.8,,Farmacia La Estrella
2025,8,Recoleta-Norte,TANVIMIL B1 B6 B12,comprimido recubierto,OTC,236,2199730.04,,Farmacia La Estrella
2025,8,Recoleta-Norte,PAMOXET,20 mg – comprimido recubierto,RX,151,3547038.32,,Farmacia La Estrella
2025,8,Recoleta-Norte,CIRUELAX MINITABS,75 mg – comprimido recubierto,OTC,207,427796.55,,Farmacia La Estrella
2025,8,Recoleta-Norte,TACNA,250 mg – comprimido,RX,96,877138.56,,Farmacia La Estrella
2025,8,Recoleta-Norte,PANCUTAN NF,"0,2 g/600.000 UI/600.000 UI/100 g – gel tópico",RX,23,363321.57,,Farmacia La Estrella
2025,8,Recoleta-Norte,TANVIMIL ACD FLUOR,solución oral,OTC,133,1518601.98,,Farmacia Güemes
2025,8,Recoleta-Norte,ONEFIN,5 mg – comprimido,RX,276,6838206.36,,Farmacia La Estrella
2025,8,Recoleta-Norte,TANVIMIL AMINOÁCIDOS,comprimido recubierto,OTC,28,215926.2,,Farmacia Güemes
2025,8,Microcentro-Este,TANVIMIL AMINOÁCIDOS,comprimido recubierto,OTC,181,1395808.65,,Farmacia Pueyrredón
2025,8,Microcentro-Este,PANCUTAN NF,"0,2 g/600.000 UI/600.000 UI/100 g – gel tópico",RX,101,1595455.59,,Farmacia Pueyrredón
2025,8,Microcentro-Este,TANVIMIL ACD,gotas orales en solución,OTC,315,1269894.15,,Farmacia Del Parque
2025,8,Microcentro-Este,TANVIMIL B1 B6 B12,comprimido recubierto,OTC,211,1966707.79,,Farmacia Del Parque
2025,8,Microcentro-Este,APSICO,"2,5 mg – comprimido recubierto",RX,226,5131777.48,,Farmacia Del Parque
2025,8,Microcentro-Este,TANVIMIL ACD FLUOR,solución oral,OTC,233,2660407.98,,Farmacia Del Parque
2025,8,Microcentro-Este,MENCOGRIN AP,champú,OTC,98,1010417.24,,Farmacia Pueyrredón
2025,8,Microcentro-Este,TACNA,250 mg – comprimido,RX,141,1288297.26,,Farmacia Del Parque
2025,8,Microcentro-Este,ALACIR,60 mg – comprimido recubierto gastrorresistente,RX,307,4229947.31,,Farmacia Del Parque
2025,8,Microcentro-Este,TRICOFIN,500 mg – óvulo vaginal,RX,226,1253622.0,,Farmacia Pueyrredón
2025,8,Microcentro-Este,APSICO,5 mg – comprimido recubierto,RX,254,2735473.32,,Farmacia Pueyrredón
2025,8,Microcentro-Este,CO‑TIOCTAN,115 mg/50 mg – comprimido recubierto,OTC,52,160999.8,,Farmacia Pueyrredón
2025,8,Microcentro-Este,TRIMACREM PLUS,"0,01 g/4 g/0,05 g/100 g – crema tópica",OTC,62,561919.64,,Farmacia Pueyrredón
2025,8,Microcentro-Este,ONEFIN,10 mg – comprimido,RX,296,5940536.48,,Farmacia Del Parque
2025,8,Microcentro-Este,SUTRICO TAR,9 ml/100 ml – champú,OTC,39,193027.38,,Farmacia Pueyrredón
2025,8,Microcentro-Este,AEROGAL,64 g/170 g – polvo efervescente en frasco,OTC,300,2996976.0,,Farmacia Pueyrredón
2025,8,San Isidro-Centro,PAMOXET,20 mg – comprimido recubierto,RX,90,2114128.8,,Farmacia Del Norte
2025,8,San Isidro-Centro,APSICO,10 mg – comprimido recubierto,RX,31,723969.66,,Farmacia Del Oeste
2025,8,San Isidro-Centro,CIRUELAX MINITABS,75 mg – comprimido recubierto,OTC,78,161198.7,,Farmacia Del Oeste
2025,8,San Isidro-Centro,TRICOFIN,500 mg – comprimido,RX,238,4783155.02,,Farmacia Del Oeste
2025,8,San Isidro-Centro,TRIMACREM PLUS,"0,01 g/4 g/0,05 g/100 g – crema tópica",OTC,55,498477.1,,Farmacia Del Norte
2025,8,San Isidro-Centro,TANVIMIL ACD,gotas orales en solución,OTC,110,443455.1,,Farmacia Del Oeste
2025,8,San Isidro-Centro,ONEFIN,10 mg – comprimido,RX,98,1966799.24,,Farmacia Del Norte
2025,8,San Isidro-Centro,PAMOXET,40 mg – comprimido recubierto,RX,308,5645230.36,,Farmacia Del Norte
2025,8,San Isidro-Centro,TRICOPLUS,5 g/100 ml – loción capilar,RX,40,967885.2,,Farmacia Del Oeste
2025,8,San Isidro-Centro,CO‑TIOCTAN,115 mg/50 mg – comprimido recubierto,OTC,35,108365.25,,Farmacia Del Norte
2025,8,San Isidro-Centro,TANVIMIL B1 B6 B12,comprimido recubierto,OTC,179,1668439.31,,Farmacia Del Norte
2025,8,San Isidro-Centro,ONEFIN,5 mg – comprimido,RX,305,7556713.55,,Farmacia Del Oeste
2025,8,San Isidro-Centro,TANVIMIL A,50.000 UI – cápsulas,OTC,83,856978.32,,Farmacia Del Oeste
2025,8,San Isidro-Centro,TANDIUR,50 mg – comprimido,RX,364,2846501.84,,Farmacia Del Norte
2025,8,San Isidro-Centro,TANVIMIL A,100.000 UI – cápsulas,OTC,322,727001.94,,Farmacia Del Norte
2025,8,San Isidro-Centro,APSICO,5 mg – comprimido recubierto,RX,106,1141575.48,,Farmacia Del Oeste
2025,8,San Isidro-Centro,TACNA,250 mg – comprimido,RX,252,2302488.72,,Farmacia Del Oeste
2025,8,Belgrano-R,PANCUTAN NF,"0,2 g/600.000 UI/600.000 UI/100 g – gel tópico",RX,176,2780199.84,,Farmacia Del Sol
2025,8,Belgrano-R,SUTRICO TAR,9 ml/100 ml – champú,OTC,139,687969.38,,Farmacia Del Sol
2025,8,Belgrano-R,TANVIMIL AMINOÁCIDOS,comprimido recubierto,OTC,22,169656.3,,Farmacia Del Sol
2025,8,Belgrano-R,CO‑TIOCTAN,115 mg/50 mg – comprimido recubierto,OTC,216,668768.4,,Farmacia Del Sol
2025,8,Belgrano-R,ONEFIN,10 mg – comprimido,RX,97,1946729.86,,Farmacia Del Sol
2025,8,Belgrano-R,ALACIR,30 mg – comprimido recubierto gastrorresistente,RX,244,2556380.68,,Farmacia Del Sol
2025,8,Belgrano-R,TRICOFIN,500 mg – óvulo vaginal,RX,155,859785.0,,Farmacia Lavalle
2025,8,Belgrano-R,APSICO,"2,5 mg – comprimido recubierto",RX,194,4405154.12,,Farmacia Del Sol
2025,8,Belgrano-R,TRICOPLUS,5 g/100 ml – loción capilar,RX,256,6194465.28,,Farmacia Lavalle
2025,8,Belgrano-R,AEROGAL,64 g/170 g – polvo efervescente en frasco,OTC,289,2887086.88,,Farmacia Lavalle
2025,8,Belgrano-R,TANVIMIL A,50.000 UI – cápsulas,OTC,265,2736135.6,,Farmacia Del Sol
2025,8,Belgrano-R,TANVIMIL PLUS,cápsula,OTC,79,569506.26,,Farmacia Del Sol
2025,8,Belgrano-R,ONEFIN,5 mg – comprimido,RX,106,2626267.66,,Farmacia Lavalle
2025,8,Belgrano-R,ALACIR,60 mg – comprimido recubierto gastrorresistente,RX,208,2865892.64,,Farmacia Lavalle
2025,8,Belgrano-R,MENCOGRIN AP,champú,OTC,143,1474384.34,,Farmacia Del Sol
2025,8,Belgrano-R,TIOCTAN,600 mg – comprimido recubierto,RX,119,2591320.2,,Farmacia Del Sol
2025,8,Belgrano-R,APSICO,10 mg – comprimido recubierto,RX,208,4857602.88,,Farmacia Lavalle
2025,8,Belgrano-R,TANDIUR,50 mg – comprimido,RX,272,2127056.32,,Farmacia Del Sol
2025,8,Belgrano-R,CIRUELAX MINITABS,75 mg – comprimido recubierto,OTC,158,326530.7,,Farmacia Lavalle
2025,8,Devoto-Centro,PAMOXET,20 mg – comprimido recubierto,RX,228,5355792.96,,Farmacia La Botica
2025,8,Devoto-Centro,TANVIMIL A,100.000 UI – cápsulas,OTC,196,442522.92,,Farmacia España
2025,8,Devoto-Centro,TIOCTAN,600 mg – comprimido recubierto,RX,157,3418800.6,,Farmacia La Botica
2025,8,Devoto-Centro,TRICOPLUS,5 g/100 ml – loción capilar,RX,176,4258694.88,,Farmacia La Botica
2025,8,Devoto-Centro,PANCUTAN NF,"0,2 g/600.000 UI/600.000 UI/100 g – gel tópico",RX,51,805626.09,,Farmacia La Botica
2025,8,Devoto-Centro,TANVIMIL ACD,gotas orales en solución,OTC,98,395078.18,,Farmacia La Botica
2025,8,Devoto-Centro,ONEFIN,5 mg – comprimido,RX,241,5971042.51,,Farmacia España
2025,8,Devoto-Centro,TANDIUR,50 mg – comprimido,RX,280,2189616.8,,Farmacia La Botica
2025,8,Devoto-Centro,TRIMACREM PLUS,"0,01 g/4 g/0,05 g/100 g – crema tópica",OTC,13,117821.86,,Farmacia España
2025,8,Devoto-Centro,TANVIMIL ACD FLUOR,solución oral,OTC,202,2306448.12,,Farmacia La Botica
2025,8,Devoto-Centro,MENCOGRIN AP,champú,OTC,150,1546557.0,,Farmacia España
2025,8,Devoto-Centro,TANVIMIL A,50.000 UI – cápsulas,OTC,143,1476480.72,,Farmacia La Botica
2025,8,Devoto-Centro,TRICOFIN,500 mg – comprimido,RX,113,2270993.77,,Farmacia España
2025,8,Devoto-Centro,SUTRICO TAR,9 ml/100 ml – champú,OTC,213,1054226.46,,Farmacia España
2025,8,Devoto-Centro,CIRUELAX MINITABS,75 mg – comprimido recubierto,OTC,69,142598.85,,Farmacia La Botica
2025,8,Devoto-Centro,APSICO,10 mg – comprimido recubierto,RX,20,467077.2,,Farmacia España
2025,8,Devoto-Centro,ALACIR,60 mg – comprimido recubierto gastrorresistente,RX,207,2852114.31,,Farmacia España
2025,8,Almagro-Centro,CO‑TIOCTAN,115 mg/50 mg – comprimido recubierto,OTC,141,436557.15,,Farmacia Brown
2025,8,Almagro-Centro,TRIMACREM PLUS,"0,01 g/4 g/0,05 g/100 g – crema tópica",OTC,106,960701.32,,Farmacia Brown
2025,8,Almagro-Centro,TANVIMIL B1 B6 B12,comprimido recubierto,OTC,51,475365.39,,Farmacia Brown
2025,8,Almagro-Centro,SUTRICO TAR,9 ml/100 ml – champú,OTC,175,866148.5,,Farmacia Brown
2025,8,Almagro-Centro,TANDIUR,50 mg – comprimido,RX,274,2142696.44,,Farmacia Avenida
2025,8,Almagro-Centro,TRICOFIN,500 mg – óvulo vaginal,RX,148,820956.0,,Farmacia Avenida
2025,8,Almagro-Centro,TRICOPLUS,2 g/100 ml – loción capilar,RX,44,1014236.52,,Farmacia Brown
2025,8,Almagro-Centro,TACNA,250 mg – comprimido,RX,53,484253.58,,Farmacia Avenida
2025,8,Almagro-Centro,PAMOXET,20 mg – comprimido recubierto,RX,329,7728315.28,,Farmacia Avenida
2025,8,Almagro-Centro,MENCOGRIN AP,champú,OTC,58,598002.04,,Farmacia Avenida
2025,8,Almagro-Centro,APSICO,5 mg – comprimido recubierto,RX,47,506170.26,,Farmacia Avenida
2025,8,Almagro-Centro,ONEFIN,5 mg – comprimido,RX,231,5723281.41,,Farmacia Brown
2025,8,Almagro-Centro,TANVIMIL AMINOÁCIDOS,comprimido recubierto,OTC,127,979379.55,,Farmacia Avenida
2025,8,Vicente López-Centro,TANVIMIL ACD,gotas orales en solución,OTC,185,745810.85,,Farmacia Rivadavia
2025,8,Vicente López-Centro,APSICO,5 mg – comprimido recubierto,RX,34,366165.72,,Farmacia Urquiza
2025,8,Vicente López-Centro,TIOCTAN,600 mg – comprimido recubierto,RX,93,2025149.4,,Farmacia Rivadavia
2025,8,Vicente López-Centro,TANVIMIL ACD FLUOR,solución oral,OTC,155,1769799.3,,Farmacia Urquiza
2025,8,Vicente López-Centro,TRICOFIN,500 mg – comprimido,RX,211,4240528.19,,Farmacia Rivadavia
2025,8,Vicente López-Centro,MENCOGRIN AP,champú,OTC,163,1680591.94,,Farmacia Rivadavia
2025,8,Vicente López-Centro,APSICO,10 mg – comprimido recubierto,RX,155,3619848.3,,Farmacia Rivadavia
2025,8,Vicente López-Centro,TRICOPLUS,5 g/100 ml – loción capilar,RX,135,3266612.55,,Farmacia Urquiza
2025,8,Vicente López-Centro,TANVIMIL B1 B6 B12,comprimido recubierto,OTC,246,2292938.94,,Farmacia Rivadavia
2025,8,Vicente López-Centro,TANVIMIL A,50.000 UI – cápsulas,OTC,164,1693306.56,,Farmacia Rivadavia
2025,8,Vicente López-Centro,TRICOFIN,500 mg – óvulo vaginal,RX,356,1974732.0,,Farmacia Urquiza
2025,8,Vicente López-Centro,PAMOXET,20 mg – comprimido recubierto,RX,147,3453077.04,,Farmacia Urquiza
2025,8,Vicente López-Centro,ALACIR,30 mg – comprimido recubierto gastrorresistente,RX,75,785772.75,,Farmacia Rivadavia
2025,8,Vicente López-Centro,TANDIUR,50 mg – comprimido,RX,126,985327.56,,Farmacia Urquiza
2025,8,Vicente López-Centro,PAMOXET,40 mg – comprimido recubierto,RX,65,1191363.55,,Farmacia Rivadavia
2025,8,Vicente López-Centro,TRIMACREM PLUS,"0,01 g/4 g/0,05 g/100 g – crema tópica",OTC,91,824753.02,,Farmacia Rivadavia
2025,8,Vicente López-Centro,CO‑TIOCTAN,115 mg/50 mg – comprimido recubierto,OTC,156,482999.4,,Farmacia Urquiza
2025,8,Vicente López-Centro,TANVIMIL PLUS,cápsula,OTC,83,598342.02,,Farmacia Urquiza
2025,8,Vicente López-Centro,ONEFIN,10 mg – comprimido,RX,160,3211100.8,,Farmacia Urquiza
2025,8,Vicente López-Centro,AEROGAL,64 g/170 g – polvo efervescente en frasco,OTC,122,1218770.24,,Farmacia Rivadavia
2025,8,Palermo-Sur,TACNA,250 mg – comprimido,RX,59,539074.74,,Farmacia Moreno
2025,8,Palermo-Sur,PAMOXET,40 mg – comprimido recubierto,RX,340,6231747.8,,Farmacia Central
2025,8,Palermo-Sur,TANVIMIL ACD,gotas orales en solución,OTC,238,959475.58,,Farmacia Central
2025,8,Palermo-Sur,TRIMACREM PLUS,"0,01 g/4 g/0,05 g/100 g – crema tópica",OTC,166,1504494.52,,Farmacia Moreno
2025,8,Palermo-Sur,TRICOFIN,500 mg – óvulo vaginal,RX,167,926349.0,,Farmacia Central
2025,8,Palermo-Sur,TRICOFIN,500 mg – comprimido,RX,223,4481695.67,,Farmacia Central
2025,8,Palermo-Sur,TRICOPLUS,2 g/100 ml – loción capilar,RX,100,2305083.0,,Farmacia Central
2025,8,Palermo-Sur,TANVIMIL PLUS,cápsula,OTC,89,641595.66,,Farmacia Moreno
2025,8,Palermo-Sur,TANVIMIL B1 B6 B12,comprimido recubierto,OTC,25,233022.25,,Farmacia Moreno
2025,8,Palermo-Sur,CO‑TIOCTAN,115 mg/50 mg – comprimido recubierto,OTC,148,458230.2,,Farmacia Central
2025,8,Palermo-Sur,ALACIR,60 mg – comprimido recubierto gastrorresistente,RX,157,2163197.81,,Farmacia Central
2025,8,Palermo-Sur,TANVIMIL A,100.000 UI – cápsulas,OTC,65,146755.05,,Farmacia Central
2025,8,Palermo-Sur,TRICOPLUS,5 g/100 ml – loción capilar,RX,48,1161462.24,,Farmacia Moreno
2025,8,Palermo-Sur,PAMOXET,20 mg – comprimido recubierto,RX,98,2302051.36,,Farmacia Moreno
2025,8,Palermo-Sur,MENCOGRIN AP,champú,OTC,46,474277.48,,Farmacia Moreno
2025,8,Palermo-Sur,AEROGAL,64 g/170 g – polvo efervescente en frasco,OTC,481,4805151.52,,Farmacia Central
2025,8,Palermo-Sur,TANVIMIL ACD FLUOR,solución oral,OTC,23,262615.38,,Farmacia Moreno
2025,8,Quilmes-Centro,TRICOPLUS,2 g/100 ml – loción capilar,RX,168,3872539.44,,Farmacia Pasteur
2025,8,Quilmes-Centro,TRICOFIN,500 mg – óvulo vaginal,RX,42,232974.0,,Farmacia Pasteur
2025,8,Quilmes-Centro,PAMOXET,20 mg – comprimido recubierto,RX,42,986593.44,,Farmacia Pasteur
2025,8,Quilmes-Centro,CIRUELAX MINITABS,75 mg – comprimido recubierto,OTC,96,198398.4,,Farmacia Alsina
2025,8,Quilmes-Centro,ONEFIN,5 mg – comprimido,RX,210,5202983.1,,Farmacia Pasteur
2025,8,Quilmes-Centro,AEROGAL,64 g/170 g – polvo efervescente en frasco,OTC,572,5714234.24,,Farmacia Alsina
2025,8,Quilmes-Centro,ONEFIN,10 mg – comprimido,RX,223,4475471.74,,Farmacia Pasteur
2025,8,Quilmes-Centro,TANVIMIL A,100.000 UI – cápsulas,OTC,317,715713.09,,Farmacia Pasteur
2025,8,Quilmes-Centro,APSICO,5 mg – comprimido recubierto,RX,228,2455464.24,,Farmacia Alsina
2025,8,Quilmes-Centro,TANVIMIL A,50.000 UI – cápsulas,OTC,188,1941107.52,,Farmacia Pasteur
2025,8,Quilmes-Centro,TANVIMIL ACD FLUOR,solución oral,OTC,201,2295030.06,,Farmacia Alsina
2025,8,Quilmes-Centro,TACNA,250 mg – comprimido,RX,66,603032.76,,Farmacia Alsina
2025,8,Flores-Norte,AEROGAL,64 g/170 g – polvo efervescente en frasco,OTC,265,2647328.8,,Farmacia Castelli
2025,8,Flores-Norte,ALACIR,30 mg – comprimido recubierto gastrorresistente,RX,213,2231594.61,,Farmacia Castelli
2025,8,Flores-Norte,TANVIMIL AMINOÁCIDOS,comprimido recubierto,OTC,199,1534618.35,,Farmacia Mitre
2025,8,Flores-Norte,CO‑TIOCTAN,115 mg/50 mg – comprimido recubierto,OTC,244,755460.6,,Farmacia Castelli
2025,8,Flores-Norte,TANVIMIL PLUS,cápsula,OTC,322,2321278.68,,Farmacia Castelli
2025,8,Flores-Norte,TRICOFIN,500 mg – comprimido,RX,232,4662571.28,,Farmacia Castelli
2025,8,Flores-Norte,APSICO,"2,5 mg – comprimido recubierto",RX,197,4473275.06,,Farmacia Mitre
2025,8,Flores-Norte,TANVIMIL ACD FLUOR,solución oral,OTC,260,2968695.6,,Farmacia Mitre
2025,8,Flores-Norte,TACNA,250 mg – comprimido,RX,208,1900466.88,,Farmacia Castelli
2025,8,Flores-Norte,TIOCTAN,600 mg – comprimido recubierto,RX,330,7186014.0,,Farmacia Castelli
2025,8,Flores-Norte,TRIMACREM PLUS,"0,01 g/4 g/0,05 g/100 g – crema tópica",OTC,58,525666.76,,Farmacia Mitre
2025,8,Flores-Norte,SUTRICO TAR,9 ml/100 ml – champú,OTC,105,519689.1,,Farmacia Mitre
2025,8,Flores-Norte,ALACIR,60 mg – comprimido recubierto gastrorresistente,RX,121,1667177.93,,Farmacia Castelli
2025,8,La Plata-Centro,TIOCTAN,600 mg – comprimido recubierto,RX,115,2504217.0,,Farmacia Roca
2025,8,La Plata-Centro,AEROGAL,64 g/170 g – polvo efervescente en frasco,OTC,127,1268719.84,,Farmacia Del Sur
2025,8,La Plata-Centro,ONEFIN,10 mg – comprimido,RX,236,4736373.68,,Farmacia Del Sur
2025,8,La Plata-Centro,ONEFIN,5 mg – comprimido,RX,310,7680594.1,,Farmacia Roca
2025,8,La Plata-Centro,CO‑TIOCTAN,115 mg/50 mg – comprimido recubierto,OTC,246,761652.9,,Farmacia Del Sur
2025,8,La Plata-Centro,TRICOFIN,500 mg – comprimido,RX,121,2431772.09,,Farmacia Roca
2025,8,La Plata-Centro,TANVIMIL ACD FLUOR,solución oral,OTC,61,696501.66,,Farmacia Del Sur
2025,8,La Plata-Centro,PAMOXET,20 mg – comprimido recubierto,RX,236,5543715.52,,Farmacia Del Sur
2025,8,La Plata-Centro,TANDIUR,50 mg – comprimido,RX,239,1868994.34,,Farmacia Del Sur
2025,8,La Plata-Centro,MENCOGRIN AP,champú,OTC,75,773278.5,,Farmacia Del Sur
2025,8,La Plata-Centro,TRIMACREM PLUS,"0,01 g/4 g/0,05 g/100 g – crema tópica",OTC,13,117821.86,,Farmacia Roca
2025,8,La Plata-Centro,TACNA,250 mg – comprimido,RX,174,1589813.64,,Farmacia Roca
2025,8,La Plata-Centro,TRICOFIN,500 mg – óvulo vaginal,RX,201,1114947.0,,Farmacia Roca
2025,8,La Plata-Centro,SUTRICO TAR,9 ml/100 ml – champú,OTC,160,791907.2,,Farmacia Roca
2025,8,La Plata-Centro,TANVIMIL AMINOÁCIDOS,comprimido recubierto,OTC,183,1411231.95,,Farmacia Del Sur
2025,8,La Plata-Centro,ALACIR,30 mg – comprimido recubierto gastrorresistente,RX,124,1299144.28,,Farmacia Roca
2025,8,Villa Urquiza-Centro,ALACIR,30 mg – comprimido recubierto gastrorresistente,RX,103,1079127.91,,Farmacia San José
2025,8,Villa Urquiza-Centro,TANVIMIL B1 B6 B12,comprimido recubierto,OTC,244,2274297.16,,Farmacia San José
2025,8,Villa Urquiza-Centro,PANCUTAN NF,"0,2 g/600.000 UI/600.000 UI/100 g – gel tópico",RX,170,2685420.3,,Farmacia San José
2025,8,Villa Urquiza-Centro,APSICO,5 mg – comprimido recubierto,RX,135,1453893.3,,Farmacia Italia
2025,8,Villa Urquiza-Centro,SUTRICO TAR,9 ml/100 ml – champú,OTC,19,94038.98,,Farmacia San José
2025,8,Villa Urquiza-Centro,TRICOFIN,500 mg – comprimido,RX,115,2311188.35,,Farmacia Italia
2025,8,Villa Urquiza-Centro,TRICOPLUS,5 g/100 ml – loción capilar,RX,206,4984608.78,,Farmacia San José
2025,8,Villa Urquiza-Centro,ALACIR,60 mg – comprimido recubierto gastrorresistente,RX,226,3113902.58,,Farmacia San José
2025,8,Villa Urquiza-Centro,ONEFIN,5 mg – comprimido,RX,271,6714325.81,,Farmacia San José
2025,8,Villa Urquiza-Centro,TANDIUR,50 mg – comprimido,RX,149,1165188.94,,Farmacia Italia
2025,8,Villa Urquiza-Centro,TANVIMIL A,100.000 UI – cápsulas,OTC,25,56444.25,,Farmacia Italia
2025,8,Villa Urquiza-Centro,TRIMACREM PLUS,"0,01 g/4 g/0,05 g/100 g – crema tópica",OTC,123,1114776.06,,Farmacia San José
2025,8,Palermo-Norte,TANVIMIL B1 B6 B12,comprimido recubierto,OTC,140,1304924.6,,Farmacia Del Pueblo
2025,8,Palermo-Norte,TANVIMIL ACD FLUOR,solución oral,OTC,73,833518.38,,Farmacia Del Ángel
2025,8,Palermo-Norte,PAMOXET,20 mg – comprimido recubierto,RX,257,6037012.24,,Farmacia Del Pueblo
2025,8,Palermo-Norte,ALACIR,60 mg – comprimido recubierto gastrorresistente,RX,113,1556951.29,,Farmacia Del Pueblo
2025,8,Palermo-Norte,PAMOXET,40 mg – comprimido recubierto,RX,237,4343894.79,,Farmacia Del Ángel
2025,8,Palermo-Norte,TANVIMIL AMINOÁCIDOS,comprimido recubierto,OTC,20,154233.0,,Farmacia Del Ángel
2025,8,Palermo-Norte,APSICO,5 mg – comprimido recubierto,RX,181,1949293.98,,Farmacia Del Ángel
2025,8,Palermo-Norte,TRICOFIN,500 mg – comprimido,RX,43,864183.47,,Farmacia Del Ángel
2025,8,Palermo-Norte,TANVIMIL A,100.000 UI – cápsulas,OTC,134,302541.18,,Farmacia Del Ángel
2025,8,Palermo-Norte,CO‑TIOCTAN,115 mg/50 mg – comprimido recubierto,OTC,323,1000056.45,,Farmacia Del Pueblo
2025,8,Palermo-Norte,APSICO,10 mg – comprimido recubierto,RX,273,6375603.78,,Farmacia Del Pueblo
2025,8,Palermo-Norte,TANVIMIL PLUS,cápsula,OTC,51,367655.94,,Farmacia Del Pueblo
2025,8,Palermo-Norte,APSICO,"2,5 mg – comprimido recubierto",RX,152,3451460.96,,Farmacia Del Ángel
2025,8,Palermo-Norte,AEROGAL,64 g/170 g – polvo efervescente en frasco,OTC,292,2917056.64,,Farmacia Del Ángel
2025,8,Belgrano-Centro,TANVIMIL AMINOÁCIDOS,comprimido recubierto,OTC,62,478122.3,,Farmacia San Martín
2025,8,Belgrano-Centro,TANVIMIL ACD FLUOR,solución oral,OTC,34,388214.04,,Farmacia Del Centro
2025,8,Belgrano-Centro,TANVIMIL B1 B6 B12,comprimido recubierto,OTC,245,2283618.05,,Farmacia San Martín
2025,8,Belgrano-Centro,TRIMACREM PLUS,"0,01 g/4 g/0,05 g/100 g – crema tópica",OTC,180,1631379.6,,Farmacia Del Centro
2025,8,Belgrano-Centro,TRICOFIN,500 mg – óvulo vaginal,RX,329,1824963.0,,Farmacia Del Centro
2025,8,Belgrano-Centro,ALACIR,30 mg – comprimido recubierto gastrorresistente,RX,90,942927.3,,Farmacia Del Centro
2025,8,Belgrano-Centro,SUTRICO TAR,9 ml/100 ml – champú,OTC,201,994833.42,,Farmacia San Martín
2025,8,Belgrano-Centro,AEROGAL,64 g/170 g – polvo efervescente en frasco,OTC,493,4925030.56,,Farmacia San Martín
2025,8,Belgrano-Centro,TANVIMIL A,50.000 UI – cápsulas,OTC,54,557552.16,,Farmacia San Martín
2025,8,Belgrano-Centro,APSICO,10 mg – comprimido recubierto,RX,31,723969.66,,Farmacia Del Centro
2025,8,Belgrano-Centro,APSICO,5 mg – comprimido recubierto,RX,187,2013911.46,,Farmacia San Martín
2025,8,Belgrano-Centro,CIRUELAX MINITABS,75 mg – comprimido recubierto,OTC,25,51666.25,,Farmacia Del Centro
2025,8,Núñez-Centro,ONEFIN,10 mg – comprimido,RX,108,2167493.04,,Farmacia Del Lago
2025,8,Núñez-Centro,MENCOGRIN AP,champú,OTC,51,525829.38,,Farmacia Del Lago
2025,8,Núñez-Centro,TANVIMIL A,50.000 UI – cápsulas,OTC,109,1125429.36,,Farmacia Del Lago
2025,8,Núñez-Centro,TANDIUR,50 mg – comprimido,RX,58,453563.48,,Farmacia Sarmiento
2025,8,Núñez-Centro,TANVIMIL PLUS,cápsula,OTC,266,1917578.04,,Farmacia Sarmiento
2025,8,Núñez-Centro,TACNA,250 mg – comprimido,RX,60,548211.6,,Farmacia Sarmiento
2025,8,Núñez-Centro,TRICOFIN,500 mg – óvulo vaginal,RX,43,238521.0,,Farmacia Del Lago
2025,8,Núñez-Centro,PANCUTAN NF,"0,2 g/600.000 UI/600.000 UI/100 g – gel tópico",RX,237,3743791.83,,Farmacia Sarmiento
2025,8,Núñez-Centro,ALACIR,30 mg – comprimido recubierto gastrorresistente,RX,52,544802.44,,Farmacia Del Lago
2025,8,Núñez-Centro,CO‑TIOCTAN,115 mg/50 mg – comprimido recubierto,OTC,151,467518.65,,Farmacia Del Lago
2025,8,Núñez-Centro,PAMOXET,40 mg – comprimido recubierto,RX,80,1466293.6,,Farmacia Sarmiento
2025,8,Núñez-Centro,TRICOPLUS,2 g/100 ml – loción capilar,RX,237,5463046.71,,Farmacia Sarmiento
2025,8,Núñez-Centro,TRIMACREM PLUS,"0,01 g/4 g/0,05 g/100 g – crema tópica",OTC,148,1341356.56,,Farmacia Sarmiento
2025,8,Núñez-Centro,APSICO,5 mg – comprimido recubierto,RX,130,1400045.4,,Farmacia Del Lago
2025,8,Núñez-Centro,SUTRICO TAR,9 ml/100 ml – champú,OTC,25,123735.5,,Farmacia Del Lago
2025,8,Núñez-Centro,TANVIMIL B1 B6 B12,comprimido recubierto,OTC,190,1770969.1,,Farmacia Del Lago
2025,8,Núñez-Centro,TANVIMIL A,100.000 UI – cápsulas,OTC,198,447038.46,,Farmacia Del Lago
2025,8,Núñez-Centro,PAMOXET,20 mg – comprimido recubierto,RX,130,3053741.6,,Farmacia Del Lago
2025,8,Núñez-Centro,AEROGAL,64 g/170 g – polvo efervescente en frasco,OTC,508,5074879.36,,Farmacia Sarmiento
2025,8,Caballito-Centro,APSICO,"2,5 mg – comprimido recubierto",RX,309,7016456.82,,Farmacia Pellegrini
2025,8,Caballito-Centro,PAMOXET,20 mg – comprimido recubierto,RX,24,563767.68,,Farmacia Pellegrini
2025,8,Caballito-Centro,TRICOFIN,500 mg – óvulo vaginal,RX,288,1597536.0,,Farmacia Belgrano
2025,8,Caballito-Centro,AEROGAL,64 g/170 g – polvo efervescente en frasco,OTC,513,5124828.96,,Farmacia Pellegrini
2025,8,Caballito-Centro,PAMOXET,40 mg – comprimido recubierto,RX,63,1154706.21,,Farmacia Belgrano
2025,8,Caballito-Centro,TRICOPLUS,5 g/100 ml – loción capilar,RX,44,1064673.72,,Farmacia Pellegrini
2025,8,Caballito-Centro,TANDIUR,50 mg – comprimido,RX,116,907126.96,,Farmacia Belgrano
2025,8,Caballito-Centro,TANVIMIL ACD FLUOR,solución oral,OTC,197,2249357.82,,Farmacia Pellegrini
2025,8,Caballito-Centro,MENCOGRIN AP,champú,OTC,61,628933.18,,Farmacia Belgrano
2025,8,Caballito-Centro,PANCUTAN NF,"0,2 g/600.000 UI/600.000 UI/100 g – gel tópico",RX,128,2021963.52,,Farmacia Pellegrini
2025,8,Caballito-Centro,CO‑TIOCTAN,115 mg/50 mg – comprimido recubierto,OTC,61,188865.15,,Farmacia Pellegrini
2025,8,Caballito-Centro,TRICOFIN,500 mg – comprimido,RX,100,2009729.0,,Farmacia Belgrano
2025,8,Caballito-Centro,ALACIR,30 mg – comprimido recubierto gastrorresistente,RX,299,3132614.03,,Farmacia Pellegrini
2025,8,Caballito-Centro,TANVIMIL B1 B6 B12,comprimido recubierto,OTC,42,391477.38,,Farmacia Belgrano
2025,9,Recoleta-Norte,TRICOPLUS,2 g/100 ml – loción capilar,RX,324,7468468.92,,Farmacia La Estrella
2025,9,Recoleta-Norte,CO‑TIOCTAN,115 mg/50 mg – comprimido recubierto,OTC,131,405595.65,,Farmacia La Estrella
2025,9,Recoleta-Norte,TRICOFIN,500 mg – óvulo vaginal,RX,61,338367.0,,Farmacia La Estrella
2025,9,Recoleta-Norte,TRICOPLUS,5 g/100 ml – loción capilar,RX,108,2613290.04,,Farmacia Güemes
2025,9,Recoleta-Norte,PAMOXET,40 mg – comprimido recubierto,RX,250,4582167.5,,Farmacia La Estrella
2025,9,Recoleta-Norte,APSICO,"2,5 mg – comprimido recubierto",RX,246,5585917.08,,Farmacia La Estrella
2025,9,Recoleta-Norte,APSICO,10 mg – comprimido recubierto,RX,318,7426527.48,,Farmacia La Estrella
2025,9,Recoleta-Norte,TANVIMIL PLUS,cápsula,OTC,128,922744.32,,Farmacia Güemes
2025,9,Recoleta-Norte,TANVIMIL ACD,gotas orales en solución,OTC,61,245916.01,,Farmacia Güemes
2025,9,Recoleta-Norte,APSICO,5 mg – comprimido recubierto,RX,313,3370878.54,,Farmacia Güemes
2025,9,Recoleta-Norte,TIOCTAN,600 mg – comprimido recubierto,RX,138,3005060.4,,Farmacia Güemes
2025,9,Recoleta-Norte,TANVIMIL B1 B6 B12,comprimido recubierto,OTC,255,2376826.95,,Farmacia La Estrella
2025,9,Recoleta-Norte,PAMOXET,20 mg – comprimido recubierto,RX,128,3006760.96,,Farmacia La Estrella
2025,9,Recoleta-Norte,CIRUELAX MINITABS,75 mg – comprimido recubierto,OTC,153,316197.45,,Farmacia La Estrella
2025,9,Recoleta-Norte,TACNA,250 mg – comprimido,RX,113,1032465.18,,Farmacia Güemes
2025,9,Recoleta-Norte,PANCUTAN NF,"0,2 g/600.000 UI/600.000 UI/100 g – gel tópico",RX,46,726643.14,,Farmacia Güemes
2025,9,Recoleta-Norte,TANVIMIL ACD FLUOR,solución oral,OTC,156,1781217.36,,Farmacia Güemes
2025,9,Recoleta-Norte,ONEFIN,5 mg – comprimido,RX,222,5500296.42,,Farmacia Güemes
2025,9,Recoleta-Norte,TANVIMIL AMINOÁCIDOS,comprimido recubierto,OTC,17,131098.05,,Farmacia Güemes
2025,9,Microcentro-Este,TANVIMIL AMINOÁCIDOS,comprimido recubierto,OTC,187,1442078.55,,Farmacia Pueyrredón
2025,9,Microcentro-Este,PANCUTAN NF,"0,2 g/600.000 UI/600.000 UI/100 g – gel tópico",RX,103,1627048.77,,Farmacia Del Parque
2025,9,Microcentro-Este,TANVIMIL ACD,gotas orales en solución,OTC,291,1173140.31,,Farmacia Del Parque
2025,9,Microcentro-Este,TANVIMIL B1 B6 B12,comprimido recubierto,OTC,331,3085214.59,,Farmacia Pueyrredón
2025,9,Microcentro-Este,APSICO,"2,5 mg – comprimido recubierto",RX,322,7311647.56,,Farmacia Del Parque
2025,9,Microcentro-Este,TANVIMIL ACD FLUOR,solución oral,OTC,219,2500555.14,,Farmacia Del Parque
2025,9,Microcentro-Este,MENCOGRIN AP,champú,OTC,143,1474384.34,,Farmacia Del Parque
2025,9,Microcentro-Este,TACNA,250 mg – comprimido,RX,166,1516718.76,,Farmacia Del Parque
2025,9,Microcentro-Este,ALACIR,60 mg – comprimido recubierto gastrorresistente,RX,219,3017454.27,,Farmacia Pueyrredón
2025,9,Microcentro-Este,TRICOFIN,500 mg – óvulo vaginal,RX,216,1198152.0,,Farmacia Pueyrredón
2025,9,Microcentro-Este,APSICO,5 mg – comprimido recubierto,RX,320,3446265.6,,Farmacia Pueyrredón
2025,9,Microcentro-Este,CO‑TIOCTAN,115 mg/50 mg – comprimido recubierto,OTC,49,151711.35,,Farmacia Pueyrredón
2025,9,Microcentro-Este,TRIMACREM PLUS,"0,01 g/4 g/0,05 g/100 g – crema tópica",OTC,68,616298.96,,Farmacia Del Parque
2025,9,Microcentro-Este,ONEFIN,10 mg – comprimido,RX,223,4475471.74,,Farmacia Del Parque
2025,9,Microcentro-Este,SUTRICO TAR,9 ml/100 ml – champú,OTC,72,356358.24,,Farmacia Del Parque
2025,9,Microcentro-Este,AEROGAL,64 g/170 g – polvo efervescente en frasco,OTC,192,1918064.64,,Farmacia Pueyrredón
2025,9,San Isidro-Centro,PAMOXET,20 mg – comprimido recubierto,RX,64,1503380.48,,Farmacia Del Norte
2025,9,San Isidro-Centro,APSICO,10 mg – comprimido recubierto,RX,26,607200.36,,Farmacia Del Oeste
2025,9,San Isidro-Centro,CIRUELAX MINITABS,75 mg – comprimido recubierto,OTC,93,192198.45,,Farmacia Del Norte
2025,9,San Isidro-Centro,TRICOFIN,500 mg – comprimido,RX,363,7295316.27,,Farmacia Del Oeste
2025,9,San Isidro-Centro,TRIMACREM PLUS,"0,01 g/4 g/0,05 g/100 g – crema tópica",OTC,82,743184.04,,Farmacia Del Oeste
2025,9,San Isidro-Centro,TANVIMIL ACD,gotas orales en solución,OTC,133,536177.53,,Farmacia Del Oeste
2025,9,San Isidro-Centro,ONEFIN,10 mg – comprimido,RX,85,1705897.3,,Farmacia Del Oeste
2025,9,San Isidro-Centro,PAMOXET,40 mg – comprimido recubierto,RX,281,5150356.27,,Farmacia Del Oeste
2025,9,San Isidro-Centro,TRICOPLUS,5 g/100 ml – loción capilar,RX,93,2250333.09,,Farmacia Del Norte
2025,9,San Isidro-Centro,CO‑TIOCTAN,115 mg/50 mg – comprimido recubierto,OTC,27,83596.05,,Farmacia Del Oeste
2025,9,San Isidro-Centro,TANVIMIL B1 B6 B12,comprimido recubierto,OTC,255,2376826.95,,Farmacia Del Norte
2025,9,San Isidro-Centro,ONEFIN,5 mg – comprimido,RX,334,8275220.74,,Farmacia Del Norte
2025,9,San Isidro-Centro,TANVIMIL A,50.000 UI – cápsulas,OTC,134,1383555.36,,Farmacia Del Norte
2025,9,San Isidro-Centro,TANDIUR,50 mg – comprimido,RX,359,2807401.54,,Farmacia Del Oeste
2025,9,San Isidro-Centro,TANVIMIL A,100.000 UI – cápsulas,OTC,214,483162.78,,Farmacia Del Norte
2025,9,San Isidro-Centro,APSICO,5 mg – comprimido recubierto,RX,92,990801.36,,Farmacia Del Oeste
2025,9,San Isidro-Centro,TACNA,250 mg – comprimido,RX,314,2868974.04,,Farmacia Del Oeste
2025,9,Belgrano-R,PANCUTAN NF,"0,2 g/600.000 UI/600.000 UI/100 g – gel tópico",RX,275,4344062.25,,Farmacia Del Sol
2025,9,Belgrano-R,SUTRICO TAR,9 ml/100 ml – champú,OTC,269,1331393.98,,Farmacia Del Sol
2025,9,Belgrano-R,TANVIMIL AMINOÁCIDOS,comprimido recubierto,OTC,22,169656.3,,Farmacia Del Sol
2025,9,Belgrano-R,CO‑TIOCTAN,115 mg/50 mg – comprimido recubierto,OTC,153,473710.95,,Farmacia Lavalle
2025,9,Belgrano-R,ONEFIN,10 mg – comprimido,RX,61,1224232.18,,Farmacia Lavalle
2025,9,Belgrano-R,ALACIR,30 mg – comprimido recubierto gastrorresistente,RX,198,2074440.06,,Farmacia Del Sol
2025,9,Belgrano-R,TRICOFIN,500 mg – óvulo vaginal,RX,193,1070571.0,,Farmacia Lavalle
2025,9,Belgrano-R,APSICO,"2,5 mg – comprimido recubierto",RX,169,3837479.62,,Farmacia Del Sol
2025,9,Belgrano-R,TRICOPLUS,5 g/100 ml – loción capilar,RX,341,8251221.33,,Farmacia Lavalle
2025,9,Belgrano-R,AEROGAL,64 g/170 g – polvo efervescente en frasco,OTC,210,2097883.2,,Farmacia Del Sol
2025,9,Belgrano-R,TANVIMIL A,50.000 UI – cápsulas,OTC,177,1827532.08,,Farmacia Lavalle
2025,9,Belgrano-R,TANVIMIL PLUS,cápsula,OTC,100,720894.0,,Farmacia Lavalle
2025,9,Belgrano-R,ONEFIN,5 mg – comprimido,RX,66,1635223.26,,Farmacia Lavalle
2025,9,Belgrano-R,ALACIR,60 mg – comprimido recubierto gastrorresistente,RX,213,2934784.29,,Farmacia Del Sol
2025,9,Belgrano-R,MENCOGRIN AP,champú,OTC,320,3299321.6,,Farmacia Del Sol
2025,9,Belgrano-R,TIOCTAN,600 mg – comprimido recubierto,RX,107,2330010.6,,Farmacia Del Sol
2025,9,Belgrano-R,APSICO,10 mg – comprimido recubierto,RX,151,3526432.86,,Farmacia Lavalle
2025,9,Belgrano-R,TANDIUR,50 mg – comprimido,RX,229,1790793.74,,Farmacia Lavalle
2025,9,Belgrano-R,CIRUELAX MINITABS,75 mg – comprimido recubierto,OTC,158,326530.7,,Farmacia Del Sol
2025,9,Devoto-Centro,PAMOXET,20 mg – comprimido recubierto,RX,291,6835683.12,,Farmacia España
2025,9,Devoto-Centro,TANVIMIL A,100.000 UI – cápsulas,OTC,265,598309.05,,Farmacia La Botica
2025,9,Devoto-Centro,TIOCTAN,600 mg – comprimido recubierto,RX,146,3179266.8,,Farmacia La Botica
2025,9,Devoto-Centro,TRICOPLUS,5 g/100 ml – loción capilar,RX,163,3944132.19,,Farmacia La Botica
2025,9,Devoto-Centro,PANCUTAN NF,"0,2 g/600.000 UI/600.000 UI/100 g – gel tópico",RX,74,1168947.66,,Farmacia España
2025,9,Devoto-Centro,TANVIMIL ACD,gotas orales en solución,OTC,97,391046.77,,Farmacia La Botica
2025,9,Devoto-Centro,ONEFIN,5 mg – comprimido,RX,363,8993727.93,,Farmacia España
2025,9,Devoto-Centro,TANDIUR,50 mg – comprimido,RX,248,1939374.88,,Farmacia España
2025,9,Devoto-Centro,TRIMACREM PLUS,"0,01 g/4 g/0,05 g/100 g – crema tópica",OTC,30,271896.6,,Farmacia España
2025,9,Devoto-Centro,TANVIMIL ACD FLUOR,solución oral,OTC,213,2432046.78,,Farmacia España
2025,9,Devoto-Centro,MENCOGRIN AP,champú,OTC,238,2453870.44,,Farmacia España
2025,9,Devoto-Centro,TANVIMIL A,50.000 UI – cápsulas,OTC,97,1001528.88,,Farmacia La Botica
2025,9,Devoto-Centro,TRICOFIN,500 mg – comprimido,RX,75,1507296.75,,Farmacia España
2025,9,Devoto-Centro,SUTRICO TAR,9 ml/100 ml – champú,OTC,261,1291798.62,,Farmacia España
2025,9,Devoto-Centro,CIRUELAX MINITABS,75 mg – comprimido recubierto,OTC,55,113665.75,,Farmacia España
2025,9,Devoto-Centro,APSICO,10 mg – comprimido recubierto,RX,25,583846.5,,Farmacia España
2025,9,Devoto-Centro,ALACIR,60 mg – comprimido recubierto gastrorresistente,RX,228,3141459.24,,Farmacia España
2025,9,Almagro-Centro,CO‑TIOCTAN,115 mg/50 mg – comprimido recubierto,OTC,136,421076.4,,Farmacia Brown
2025,9,Almagro-Centro,TRIMACREM PLUS,"0,01 g/4 g/0,05 g/100 g – crema tópica",OTC,98,888195.56,,Farmacia Avenida
2025,9,Almagro-Centro,TANVIMIL B1 B6 B12,comprimido recubierto,OTC,60,559253.4,,Farmacia Avenida
2025,9,Almagro-Centro,SUTRICO TAR,9 ml/100 ml – champú,OTC,377,1865931.34,,Farmacia Brown
2025,9,Almagro-Centro,TANDIUR,50 mg – comprimido,RX,327,2557159.62,,Farmacia Avenida
2025,9,Almagro-Centro,TRICOFIN,500 mg – óvulo vaginal,RX,147,815409.0,,Farmacia Avenida
2025,9,Almagro-Centro,TRICOPLUS,2 g/100 ml – loción capilar,RX,83,1913218.89,,Farmacia Avenida
2025,9,Almagro-Centro,TACNA,250 mg – comprimido,RX,40,365474.4,,Farmacia Brown
2025,9,Almagro-Centro,PAMOXET,20 mg – comprimido recubierto,RX,239,5614186.48,,Farmacia Avenida
2025,9,Almagro-Centro,MENCOGRIN AP,champú,OTC,105,1082589.9,,Farmacia Avenida
2025,9,Almagro-Centro,APSICO,5 mg – comprimido recubierto,RX,40,430783.2,,Farmacia Avenida
2025,9,Almagro-Centro,ONEFIN,5 mg – comprimido,RX,154,3815520.94,,Farmacia Avenida
2025,9,Almagro-Centro,TANVIMIL AMINOÁCIDOS,comprimido recubierto,OTC,159,1226152.35,,Farmacia Brown
2025,9,Vicente López-Centro,TANVIMIL ACD,gotas orales en solución,OTC,145,584554.45,,Farmacia Rivadavia
2025,9,Vicente López-Centro,APSICO,5 mg – comprimido recubierto,RX,24,258469.92,,Farmacia Urquiza
2025,9,Vicente López-Centro,TIOCTAN,600 mg – comprimido recubierto,RX,84,1829167.2,,Farmacia Rivadavia
2025,9,Vicente López-Centro,TANVIMIL ACD FLUOR,solución oral,OTC,172,1963906.32,,Farmacia Urquiza
2025,9,Vicente López-Centro,TRICOFIN,500 mg – comprimido,RX,170,3416539.3,,Farmacia Rivadavia
2025,9,Vicente López-Centro,MENCOGRIN AP,champú,OTC,263,2711629.94,,Farmacia Urquiza
2025,9,Vicente López-Centro,APSICO,10 mg – comprimido recubierto,RX,155,3619848.3,,Farmacia Urquiza
2025,9,Vicente López-Centro,TRICOPLUS,5 g/100 ml – loción capilar,RX,193,4670046.09,,Farmacia Urquiza
2025,9,Vicente López-Centro,TANVIMIL B1 B6 B12,comprimido recubierto,OTC,177,1649797.53,,Farmacia Rivadavia
2025,9,Vicente López-Centro,TANVIMIL A,50.000 UI – cápsulas,OTC,143,1476480.72,,Farmacia Urquiza
2025,9,Vicente López-Centro,TRICOFIN,500 mg – óvulo vaginal,RX,336,1863792.0,,Farmacia Urquiza
2025,9,Vicente López-Centro,PAMOXET,20 mg – comprimido recubierto,RX,133,3124212.56,,Farmacia Rivadavia
2025,9,Vicente López-Centro,ALACIR,30 mg – comprimido recubierto gastrorresistente,RX,67,701956.99,,Farmacia Rivadavia
2025,9,Vicente López-Centro,TANDIUR,50 mg – comprimido,RX,90,703805.4,,Farmacia Rivadavia
2025,9,Vicente López-Centro,PAMOXET,40 mg – comprimido recubierto,RX,90,1649580.3,,Farmacia Urquiza
2025,9,Vicente López-Centro,TRIMACREM PLUS,"0,01 g/4 g/0,05 g/100 g – crema tópica",OTC,107,969764.54,,Farmacia Rivadavia
2025,9,Vicente López-Centro,CO‑TIOCTAN,115 mg/50 mg – comprimido recubierto,OTC,165,510864.75,,Farmacia Rivadavia
2025,9,Vicente López-Centro,TANVIMIL PLUS,cápsula,OTC,124,893908.56,,Farmacia Rivadavia
2025,9,Vicente López-Centro,ONEFIN,10 mg – comprimido,RX,175,3512141.5,,Farmacia Rivadavia
2025,9,Vicente López-Centro,AEROGAL,64 g/170 g – polvo efervescente en frasco,OTC,86,859133.12,,Farmacia Rivadavia
2025,9,Palermo-Sur,TACNA,250 mg – comprimido,RX,68,621306.48,,Farmacia Central
2025,9,Palermo-Sur,PAMOXET,40 mg – comprimido recubierto,RX,352,6451691.84,,Farmacia Central
2025,9,Palermo-Sur,TANVIMIL ACD,gotas orales en solución,OTC,232,935287.12,,Farmacia Central
2025,9,Palermo-Sur,TRIMACREM PLUS,"0,01 g/4 g/0,05 g/100 g – crema tópica",OTC,138,1250724.36,,Farmacia Central
2025,9,Palermo-Sur,TRICOFIN,500 mg – óvulo vaginal,RX,198,1098306.0,,Farmacia Central
2025,9,Palermo-Sur,TRICOFIN,500 mg – comprimido,RX,248,4984127.92,,Farmacia Moreno
2025,9,Palermo-Sur,TRICOPLUS,2 g/100 ml – loción capilar,RX,101,2328133.83,,Farmacia Moreno
2025,9,Palermo-Sur,TANVIMIL PLUS,cápsula,OTC,96,692058.24,,Farmacia Central
2025,9,Palermo-Sur,TANVIMIL B1 B6 B12,comprimido recubierto,OTC,24,223701.36,,Farmacia Moreno
2025,9,Palermo-Sur,CO‑TIOCTAN,115 mg/50 mg – comprimido recubierto,OTC,139,430364.85,,Farmacia Central
2025,9,Palermo-Sur,ALACIR,60 mg – comprimido recubierto gastrorresistente,RX,142,1956522.86,,Farmacia Central
2025,9,Palermo-Sur,TANVIMIL A,100.000 UI – cápsulas,OTC,77,173848.29,,Farmacia Moreno
2025,9,Palermo-Sur,TRICOPLUS,5 g/100 ml – loción capilar,RX,93,2250333.09,,Farmacia Moreno
2025,9,Palermo-Sur,PAMOXET,20 mg – comprimido recubierto,RX,79,1855735.28,,Farmacia Moreno
2025,9,Palermo-Sur,MENCOGRIN AP,champú,OTC,107,1103210.66,,Farmacia Moreno
2025,9,Palermo-Sur,AEROGAL,64 g/170 g – polvo efervescente en frasco,OTC,260,2597379.2,,Farmacia Moreno
2025,9,Palermo-Sur,TANVIMIL ACD FLUOR,solución oral,OTC,15,171270.9,,Farmacia Central
2025,9,Quilmes-Centro,TRICOPLUS,2 g/100 ml – loción capilar,RX,165,3803386.95,,Farmacia Pasteur
2025,9,Quilmes-Centro,TRICOFIN,500 mg – óvulo vaginal,RX,59,327273.0,,Farmacia Alsina
2025,9,Quilmes-Centro,PAMOXET,20 mg – comprimido recubierto,RX,42,986593.44,,Farmacia Pasteur
2025,9,Quilmes-Centro,CIRUELAX MINITABS,75 mg – comprimido recubierto,OTC,102,210798.3,,Farmacia Alsina
2025,9,Quilmes-Centro,ONEFIN,5 mg – comprimido,RX,205,5079102.55,,Farmacia Pasteur
2025,9,Quilmes-Centro,AEROGAL,64 g/170 g – polvo efervescente en frasco,OTC,277,2767207.84,,Farmacia Pasteur
2025,9,Quilmes-Centro,ONEFIN,10 mg – comprimido,RX,257,5157830.66,,Farmacia Pasteur
2025,9,Quilmes-Centro,TANVIMIL A,100.000 UI – cápsulas,OTC,192,433491.84,,Farmacia Pasteur
2025,9,Quilmes-Centro,APSICO,5 mg – comprimido recubierto,RX,153,1647745.74,,Farmacia Pasteur
2025,9,Quilmes-Centro,TANVIMIL A,50.000 UI – cápsulas,OTC,218,2250858.72,,Farmacia Pasteur
2025,9,Quilmes-Centro,TANVIMIL ACD FLUOR,solución oral,OTC,351,4007739.06,,Farmacia Pasteur
2025,9,Quilmes-Centro,TACNA,250 mg – comprimido,RX,71,648717.06,,Farmacia Pasteur
2025,9,Flores-Norte,AEROGAL,64 g/170 g – polvo efervescente en frasco,OTC,113,1128860.96,,Farmacia Mitre
2025,9,Flores-Norte,ALACIR,30 mg – comprimido recubierto gastrorresistente,RX,252,2640196.44,,Farmacia Mitre
2025,9,Flores-Norte,TANVIMIL AMINOÁCIDOS,comprimido recubierto,OTC,271,2089857.15,,Farmacia Castelli
2025,9,Flores-Norte,CO‑TIOCTAN,115 mg/50 mg – comprimido recubierto,OTC,255,789518.25,,Farmacia Mitre
2025,9,Flores-Norte,TANVIMIL PLUS,cápsula,OTC,284,2047338.96,,Farmacia Mitre
2025,9,Flores-Norte,TRICOFIN,500 mg – comprimido,RX,207,4160139.03,,Farmacia Mitre
2025,9,Flores-Norte,APSICO,"2,5 mg – comprimido recubierto",RX,150,3406047.0,,Farmacia Mitre
2025,9,Flores-Norte,TANVIMIL ACD FLUOR,solución oral,OTC,256,2923023.36,,Farmacia Castelli
2025,9,Flores-Norte,TACNA,250 mg – comprimido,RX,204,1863919.44,,Farmacia Mitre
2025,9,Flores-Norte,TIOCTAN,600 mg – comprimido recubierto,RX,341,7425547.8,,Farmacia Mitre
2025,9,Flores-Norte,TRIMACREM PLUS,"0,01 g/4 g/0,05 g/100 g – crema tópica",OTC,53,480350.66,,Farmacia Castelli
2025,9,Flores-Norte,SUTRICO TAR,9 ml/100 ml – champú,OTC,110,544436.2,,Farmacia Mitre
2025,9,Flores-Norte,ALACIR,60 mg – comprimido recubierto gastrorresistente,RX,104,1432946.32,,Farmacia Castelli
2025,9,La Plata-Centro,TIOCTAN,600 mg – comprimido recubierto,RX,185,4028523.0,,Farmacia Roca
2025,9,La Plata-Centro,AEROGAL,64 g/170 g – polvo efervescente en frasco,OTC,77,769223.84,,Farmacia Roca
2025,9,La Plata-Centro,ONEFIN,10 mg – comprimido,RX,212,4254708.56,,Farmacia Del Sur
2025,9,La Plata-Centro,ONEFIN,5 mg – comprimido,RX,256,6342684.16,,Farmacia Roca
2025,9,La Plata-Centro,CO‑TIOCTAN,115 mg/50 mg – comprimido recubierto,OTC,329,1018633.35,,Farmacia Roca
2025,9,La Plata-Centro,TRICOFIN,500 mg – comprimido,RX,157,3155274.53,,Farmacia Del Sur
2025,9,La Plata-Centro,TANVIMIL ACD FLUOR,solución oral,OTC,65,742173.9,,Farmacia Roca
2025,9,La Plata-Centro,PAMOXET,20 mg – comprimido recubierto,RX,257,6037012.24,,Farmacia Roca
2025,9,La Plata-Centro,TANDIUR,50 mg – comprimido,RX,138,1079168.28,,Farmacia Del Sur
2025,9,La Plata-Centro,MENCOGRIN AP,champú,OTC,107,1103210.66,,Farmacia Del Sur
2025,9,La Plata-Centro,TRIMACREM PLUS,"0,01 g/4 g/0,05 g/100 g – crema tópica",OTC,23,208454.06,,Farmacia Del Sur
2025,9,La Plata-Centro,TACNA,250 mg – comprimido,RX,227,2074067.22,,Farmacia Roca
2025,9,La Plata-Centro,TRICOFIN,500 mg – óvulo vaginal,RX,298,1653006.0,,Farmacia Roca
2025,9,La Plata-Centro,SUTRICO TAR,9 ml/100 ml – champú,OTC,222,1098771.24,,Farmacia Del Sur
2025,9,La Plata-Centro,TANVIMIL AMINOÁCIDOS,comprimido recubierto,OTC,235,1812237.75,,Farmacia Roca
2025,9,La Plata-Centro,ALACIR,30 mg – comprimido recubierto gastrorresistente,RX,101,1058173.97,,Farmacia Del Sur
2025,9,Villa Urquiza-Centro,ALACIR,30 mg – comprimido recubierto gastrorresistente,RX,91,953404.27,,Farmacia San José
2025,9,Villa Urquiza-Centro,TANVIMIL B1 B6 B12,comprimido recubierto,OTC,255,2376826.95,,Farmacia San José
2025,9,Villa Urquiza-Centro,PANCUTAN NF,"0,2 g/600.000 UI/600.000 UI/100 g – gel tópico",RX,164,2590640.76,,Farmacia Italia
2025,9,Villa Urquiza-Centro,APSICO,5 mg – comprimido recubierto,RX,104,1120036.32,,Farmacia San José
2025,9,Villa Urquiza-Centro,SUTRICO TAR,9 ml/100 ml – champú,OTC,25,123735.5,,Farmacia San José
2025,9,Villa Urquiza-Centro,TRICOFIN,500 mg – comprimido,RX,86,1728366.94,,Farmacia San José
2025,9,Villa Urquiza-Centro,TRICOPLUS,5 g/100 ml – loción capilar,RX,211,5105594.43,,Farmacia Italia
2025,9,Villa Urquiza-Centro,ALACIR,60 mg – comprimido recubierto gastrorresistente,RX,217,2989897.61,,Farmacia Italia
2025,9,Villa Urquiza-Centro,ONEFIN,5 mg – comprimido,RX,292,7234624.12,,Farmacia Italia
2025,9,Villa Urquiza-Centro,TANDIUR,50 mg – comprimido,RX,108,844566.48,,Farmacia San José
2025,9,Villa Urquiza-Centro,TANVIMIL A,100.000 UI – cápsulas,OTC,24,54186.48,,Farmacia Italia
2025,9,Villa Urquiza-Centro,TRIMACREM PLUS,"0,01 g/4 g/0,05 g/100 g – crema tópica",OTC,195,1767327.9,,Farmacia Italia
2025,9,Palermo-Norte,TANVIMIL B1 B6 B12,comprimido recubierto,OTC,152,1416775.28,,Farmacia Del Ángel
2025,9,Palermo-Norte,TANVIMIL ACD FLUOR,solución oral,OTC,85,970535.1,,Farmacia Del Pueblo
2025,9,Palermo-Norte,PAMOXET,20 mg – comprimido recubierto,RX,170,3993354.4,,Farmacia Del Ángel
2025,9,Palermo-Norte,ALACIR,60 mg – comprimido recubierto gastrorresistente,RX,191,2631661.03,,Farmacia Del Pueblo
2025,9,Palermo-Norte,PAMOXET,40 mg – comprimido recubierto,RX,347,6360048.49,,Farmacia Del Pueblo
2025,9,Palermo-Norte,TANVIMIL AMINOÁCIDOS,comprimido recubierto,OTC,30,231349.5,,Farmacia Del Ángel
2025,9,Palermo-Norte,APSICO,5 mg – comprimido recubierto,RX,121,1303119.18,,Farmacia Del Pueblo
2025,9,Palermo-Norte,TRICOFIN,500 mg – comprimido,RX,33,663210.57,,Farmacia Del Pueblo
2025,9,Palermo-Norte,TANVIMIL A,100.000 UI – cápsulas,OTC,203,458327.31,,Farmacia Del Pueblo
2025,9,Palermo-Norte,CO‑TIOCTAN,115 mg/50 mg – comprimido recubierto,OTC,189,585172.35,,Farmacia Del Pueblo
2025,9,Palermo-Norte,APSICO,10 mg – comprimido recubierto,RX,242,5651634.12,,Farmacia Del Pueblo
2025,9,Palermo-Norte,TANVIMIL PLUS,cápsula,OTC,49,353238.06,,Farmacia Del Ángel
2025,9,Palermo-Norte,APSICO,"2,5 mg – comprimido recubierto",RX,163,3701237.74,,Farmacia Del Pueblo
2025,9,Palermo-Norte,AEROGAL,64 g/170 g – polvo efervescente en frasco,OTC,141,1408578.72,,Farmacia Del Ángel
2025,9,Belgrano-Centro,TANVIMIL AMINOÁCIDOS,comprimido recubierto,OTC,42,323889.3,,Farmacia San Martín
2025,9,Belgrano-Centro,TANVIMIL ACD FLUOR,solución oral,OTC,25,285451.5,,Farmacia San Martín
2025,9,Belgrano-Centro,TANVIMIL B1 B6 B12,comprimido recubierto,OTC,325,3029289.25,,Farmacia Del Centro
2025,9,Belgrano-Centro,TRIMACREM PLUS,"0,01 g/4 g/0,05 g/100 g – crema tópica",OTC,326,2954609.72,,Farmacia San Martín
2025,9,Belgrano-Centro,TRICOFIN,500 mg – óvulo vaginal,RX,223,1236981.0,,Farmacia Del Centro
2025,9,Belgrano-Centro,ALACIR,30 mg – comprimido recubierto gastrorresistente,RX,81,848634.57,,Farmacia San Martín
2025,9,Belgrano-Centro,SUTRICO TAR,9 ml/100 ml – champú,OTC,206,1019580.52,,Farmacia San Martín
2025,9,Belgrano-Centro,AEROGAL,64 g/170 g – polvo efervescente en frasco,OTC,322,3216754.24,,Farmacia San Martín
2025,9,Belgrano-Centro,TANVIMIL A,50.000 UI – cápsulas,OTC,56,578202.24,,Farmacia San Martín
2025,9,Belgrano-Centro,APSICO,10 mg – comprimido recubierto,RX,30,700615.8,,Farmacia Del Centro
2025,9,Belgrano-Centro,APSICO,5 mg – comprimido recubierto,RX,197,2121607.26,,Farmacia San Martín
2025,9,Belgrano-Centro,CIRUELAX MINITABS,75 mg – comprimido recubierto,OTC,24,49599.6,,Farmacia San Martín
2025,9,Núñez-Centro,ONEFIN,10 mg – comprimido,RX,75,1505203.5,,Farmacia Del Lago
2025,9,Núñez-Centro,MENCOGRIN AP,champú,OTC,103,1061969.14,,Farmacia Sarmiento
2025,9,Núñez-Centro,TANVIMIL A,50.000 UI – cápsulas,OTC,108,1115104.32,,Farmacia Sarmiento
2025,9,Núñez-Centro,TANDIUR,50 mg – comprimido,RX,47,367542.82,,Farmacia Sarmiento
2025,9,Núñez-Centro,TANVIMIL PLUS,cápsula,OTC,226,1629220.44,,Farmacia Del Lago
2025,9,Núñez-Centro,TACNA,250 mg – comprimido,RX,88,804043.68,,Farmacia Del Lago
2025,9,Núñez-Centro,TRICOFIN,500 mg – óvulo vaginal,RX,60,332820.0,,Farmacia Sarmiento
2025,9,Núñez-Centro,PANCUTAN NF,"0,2 g/600.000 UI/600.000 UI/100 g – gel tópico",RX,310,4896942.9,,Farmacia Sarmiento
2025,9,Núñez-Centro,ALACIR,30 mg – comprimido recubierto gastrorresistente,RX,36,377170.92,,Farmacia Sarmiento
2025,9,Núñez-Centro,CO‑TIOCTAN,115 mg/50 mg – comprimido recubierto,OTC,172,532537.8,,Farmacia Del Lago
2025,9,Núñez-Centro,PAMOXET,40 mg – comprimido recubierto,RX,56,1026405.52,,Farmacia Sarmiento
2025,9,Núñez-Centro,TRICOPLUS,2 g/100 ml – loción capilar,RX,326,7514570.58,,Farmacia Del Lago
2025,9,Núñez-Centro,TRIMACREM PLUS,"0,01 g/4 g/0,05 g/100 g – crema tópica",OTC,176,1595126.72,,Farmacia Del Lago
2025,9,Núñez-Centro,APSICO,5 mg – comprimido recubierto,RX,138,1486202.04,,Farmacia Sarmiento
2025,9,Núñez-Centro,SUTRICO TAR,9 ml/100 ml – champú,OTC,22,108887.24,,Farmacia Del Lago
2025,9,Núñez-Centro,TANVIMIL B1 B6 B12,comprimido recubierto,OTC,153,1426096.17,,Farmacia Sarmiento
2025,9,Núñez-Centro,TANVIMIL A,100.000 UI – cápsulas,OTC,158,356727.66,,Farmacia Del Lago
2025,9,Núñez-Centro,PAMOXET,20 mg – comprimido recubierto,RX,113,2654406.16,,Farmacia Sarmiento
2025,9,Núñez-Centro,AEROGAL,64 g/170 g – polvo efervescente en frasco,OTC,259,2587389.28,,Farmacia Sarmiento
2025,9,Caballito-Centro,APSICO,"2,5 mg – comprimido recubierto",RX,297,6743973.06,,Farmacia Pellegrini
2025,9,Caballito-Centro,PAMOXET,20 mg – comprimido recubierto,RX,34,798670.88,,Farmacia Belgrano
2025,9,Caballito-Centro,TRICOFIN,500 mg – óvulo vaginal,RX,239,1325733.0,,Farmacia Pellegrini
2025,9,Caballito-Centro,AEROGAL,64 g/170 g – polvo efervescente en frasco,OTC,181,1808175.52,,Farmacia Belgrano
2025,9,Caballito-Centro,PAMOXET,40 mg – comprimido recubierto,RX,57,1044734.19,,Farmacia Pellegrini
2025,9,Caballito-Centro,TRICOPLUS,5 g/100 ml – loción capilar,RX,68,1645404.84,,Farmacia Pellegrini
2025,9,Caballito-Centro,TANDIUR,50 mg – comprimido,RX,133,1040067.98,,Farmacia Belgrano
2025,9,Caballito-Centro,TANVIMIL ACD FLUOR,solución oral,OTC,327,3733705.62,,Farmacia Belgrano
2025,9,Caballito-Centro,MENCOGRIN AP,champú,OTC,112,1154762.56,,Farmacia Belgrano
2025,9,Caballito-Centro,PANCUTAN NF,"0,2 g/600.000 UI/600.000 UI/100 g – gel tópico",RX,176,2780199.84,,Farmacia Pellegrini
2025,9,Caballito-Centro,CO‑TIOCTAN,115 mg/50 mg – comprimido recubierto,OTC,48,148615.2,,Farmacia Pellegrini
2025,9,Caballito-Centro,TRICOFIN,500 mg – comprimido,RX,128,2572453.12,,Farmacia Belgrano
2025,9,Caballito-Centro,ALACIR,30 mg – comprimido recubierto gastrorresistente,RX,206,2158255.82,,Farmacia Pellegrini
2025,9,Caballito-Centro,TANVIMIL B1 B6 B12,comprimido recubierto,OTC,32,298268.48,,Farmacia Pellegrini
2025,10,Recoleta-Norte,TRICOPLUS,2 g/100 ml – loción capilar,RX,219,5048131.77,,Farmacia Güemes
2025,10,Recoleta-Norte,CO‑TIOCTAN,115 mg/50 mg – comprimido recubierto,OTC,151,467518.65,,Farmacia Güemes
2025,10,Recoleta-Norte,TRICOFIN,500 mg – óvulo vaginal,RX,57,316179.0,,Farmacia La Estrella
2025,10,Recoleta-Norte,TRICOPLUS,5 g/100 ml – loción capilar,RX,76,1838981.88,,Farmacia La Estrella
2025,10,Recoleta-Norte,PAMOXET,40 mg – comprimido recubierto,RX,193,3537433.31,,Farmacia La Estrella
2025,10,Recoleta-Norte,APSICO,"2,5 mg – comprimido recubierto",RX,323,7334354.54,,Farmacia La Estrella
2025,10,Recoleta-Norte,APSICO,10 mg – comprimido recubierto,RX,205,4787541.3,,Farmacia Güemes
2025,10,Recoleta-Norte,TANVIMIL PLUS,cápsula,OTC,174,1254355.56,,Farmacia Güemes
2025,10,Recoleta-Norte,TANVIMIL ACD,gotas orales en solución,OTC,38,153193.58,,Farmacia La Estrella
2025,10,Recoleta-Norte,APSICO,5 mg – comprimido recubierto,RX,268,2886247.44,,Farmacia Güemes
2025,10,Recoleta-Norte,TIOCTAN,600 mg – comprimido recubierto,RX,129,2809078.2,,Farmacia La Estrella
2025,10,Recoleta-Norte,TANVIMIL B1 B6 B12,comprimido recubierto,OTC,243,2264976.27,,Farmacia La Estrella
2025,10,Recoleta-Norte,PAMOXET,20 mg – comprimido recubierto,RX,172,4040335.04,,Farmacia La Estrella
2025,10,Recoleta-Norte,CIRUELAX MINITABS,75 mg – comprimido recubierto,OTC,184,380263.6,,Farmacia La Estrella
2025,10,Recoleta-Norte,TACNA,250 mg – comprimido,RX,91,831454.26,,Farmacia La Estrella
2025,10,Recoleta-Norte,PANCUTAN NF,"0,2 g/600.000 UI/600.000 UI/100 g – gel tópico",RX,29,458101.11,,Farmacia Güemes
2025,10,Recoleta-Norte,TANVIMIL ACD FLUOR,solución oral,OTC,187,2135177.22,,Farmacia La Estrella
2025,10,Recoleta-Norte,ONEFIN,5 mg – comprimido,RX,206,5103878.66,,Farmacia Güemes
2025,10,Recoleta-Norte,TANVIMIL AMINOÁCIDOS,comprimido recubierto,OTC,27,208214.55,,Farmacia La Estrella
2025,10,Microcentro-Este,TANVIMIL AMINOÁCIDOS,comprimido recubierto,OTC,187,1442078.55,,Farmacia Del Parque
2025,10,Microcentro-Este,PANCUTAN NF,"0,2 g/600.000 UI/600.000 UI/100 g – gel tópico",RX,105,1658641.95,,Farmacia Pueyrredón
2025,10,Microcentro-Este,TANVIMIL ACD,gotas orales en solución,OTC,194,782093.54,,Farmacia Del Parque
2025,10,Microcentro-Este,TANVIMIL B1 B6 B12,comprimido recubierto,OTC,231,2153125.59,,Farmacia Pueyrredón
2025,10,Microcentro-Este,APSICO,"2,5 mg – comprimido recubierto",RX,342,7765787.16,,Farmacia Pueyrredón
2025,10,Microcentro-Este,TANVIMIL ACD FLUOR,solución oral,OTC,229,2614735.74,,Farmacia Pueyrredón
2025,10,Microcentro-Este,MENCOGRIN AP,champú,OTC,128,1319728.64,,Farmacia Pueyrredón
2025,10,Microcentro-Este,TACNA,250 mg – comprimido,RX,197,1799961.42,,Farmacia Pueyrredón
2025,10,Microcentro-Este,ALACIR,60 mg – comprimido recubierto gastrorresistente,RX,247,3403247.51,,Farmacia Pueyrredón
2025,10,Microcentro-Este,TRICOFIN,500 mg – óvulo vaginal,RX,246,1364562.0,,Farmacia Pueyrredón
2025,10,Microcentro-Este,APSICO,5 mg – comprimido recubierto,RX,341,3672426.78,,Farmacia Del Parque
2025,10,Microcentro-Este,CO‑TIOCTAN,115 mg/50 mg – comprimido recubierto,OTC,51,157903.65,,Farmacia Del Parque
2025,10,Microcentro-Este,TRIMACREM PLUS,"0,01 g/4 g/0,05 g/100 g – crema tópica",OTC,57,516603.54,,Farmacia Pueyrredón
2025,10,Microcentro-Este,ONEFIN,10 mg – comprimido,RX,231,4636026.78,,Farmacia Del Parque
2025,10,Microcentro-Este,SUTRICO TAR,9 ml/100 ml – champú,OTC,45,222723.9,,Farmacia Del Parque
2025,10,Microcentro-Este,AEROGAL,64 g/170 g – polvo efervescente en frasco,OTC,246,2457520.32,,Farmacia Del Parque
2025,10,San Isidro-Centro,PAMOXET,20 mg – comprimido recubierto,RX,61,1432909.52,,Farmacia Del Norte
2025,10,San Isidro-Centro,APSICO,10 mg – comprimido recubierto,RX,30,700615.8,,Farmacia Del Oeste
2025,10,San Isidro-Centro,CIRUELAX MINITABS,75 mg – comprimido recubierto,OTC,105,216998.25,,Farmacia Del Norte
2025,10,San Isidro-Centro,TRICOFIN,500 mg – comprimido,RX,277,5566949.33,,Farmacia Del Oeste
2025,10,San Isidro-Centro,TRIMACREM PLUS,"0,01 g/4 g/0,05 g/100 g – crema tópica",OTC,94,851942.68,,Farmacia Del Norte
2025,10,San Isidro-Centro,TANVIMIL ACD,gotas orales en solución,OTC,104,419266.64,,Farmacia Del Oeste
2025,10,San Isidro-Centro,ONEFIN,10 mg – comprimido,RX,122,2448464.36,,Farmacia Del Norte
2025,10,San Isidro-Centro,PAMOXET,40 mg – comprimido recubierto,RX,246,4508852.82,,Farmacia Del Oeste
2025,10,San Isidro-Centro,TRICOPLUS,5 g/100 ml – loción capilar,RX,75,1814784.75,,Farmacia Del Norte
2025,10,San Isidro-Centro,CO‑TIOCTAN,115 mg/50 mg – comprimido recubierto,OTC,41,126942.15,,Farmacia Del Norte
2025,10,San Isidro-Centro,TANVIMIL B1 B6 B12,comprimido recubierto,OTC,304,2833550.56,,Farmacia Del Norte
2025,10,San Isidro-Centro,ONEFIN,5 mg – comprimido,RX,267,6615221.37,,Farmacia Del Norte
2025,10,San Isidro-Centro,TANVIMIL A,50.000 UI – cápsulas,OTC,107,1104779.28,,Farmacia Del Oeste
2025,10,San Isidro-Centro,TANDIUR,50 mg – comprimido,RX,279,2181796.74,,Farmacia Del Norte
2025,10,San Isidro-Centro,TANVIMIL A,100.000 UI – cápsulas,OTC,196,442522.92,,Farmacia Del Norte
2025,10,San Isidro-Centro,APSICO,5 mg – comprimido recubierto,RX,81,872335.98,,Farmacia Del Norte
2025,10,San Isidro-Centro,TACNA,250 mg – comprimido,RX,356,3252722.16,,Farmacia Del Oeste
2025,10,Belgrano-R,PANCUTAN NF,"0,2 g/600.000 UI/600.000 UI/100 g – gel tópico",RX,214,3380470.26,,Farmacia Lavalle
2025,10,Belgrano-R,SUTRICO TAR,9 ml/100 ml – champú,OTC,222,1098771.24,,Farmacia Del Sol
2025,10,Belgrano-R,TANVIMIL AMINOÁCIDOS,comprimido recubierto,OTC,28,215926.2,,Farmacia Del Sol
2025,10,Belgrano-R,CO‑TIOCTAN,115 mg/50 mg – comprimido recubierto,OTC,131,405595.65,,Farmacia Del Sol
2025,10,Belgrano-R,ONEFIN,10 mg – comprimido,RX,57,1143954.66,,Farmacia Lavalle
2025,10,Belgrano-R,ALACIR,30 mg – comprimido recubierto gastrorresistente,RX,195,2043009.15,,Farmacia Lavalle
2025,10,Belgrano-R,TRICOFIN,500 mg – óvulo vaginal,RX,164,909708.0,,Farmacia Lavalle
2025,10,Belgrano-R,APSICO,"2,5 mg – comprimido recubierto",RX,167,3792065.66,,Farmacia Lavalle
2025,10,Belgrano-R,TRICOPLUS,5 g/100 ml – loción capilar,RX,206,4984608.78,,Farmacia Del Sol
2025,10,Belgrano-R,AEROGAL,64 g/170 g – polvo efervescente en frasco,OTC,191,1908074.72,,Farmacia Lavalle
2025,10,Belgrano-R,TANVIMIL A,50.000 UI – cápsulas,OTC,172,1775906.88,,Farmacia Del Sol
2025,10,Belgrano-R,TANVIMIL PLUS,cápsula,OTC,110,792983.4,,Farmacia Del Sol
2025,10,Belgrano-R,ONEFIN,5 mg – comprimido,RX,109,2700595.99,,Farmacia Lavalle
2025,10,Belgrano-R,ALACIR,60 mg – comprimido recubierto gastrorresistente,RX,210,2893449.3,,Farmacia Lavalle
2025,10,Belgrano-R,MENCOGRIN AP,champú,OTC,354,3649874.52,,Farmacia Lavalle
2025,10,Belgrano-R,TIOCTAN,600 mg – comprimido recubierto,RX,148,3222818.4,,Farmacia Del Sol
2025,10,Belgrano-R,APSICO,10 mg – comprimido recubierto,RX,191,4460587.26,,Farmacia Del Sol
2025,10,Belgrano-R,TANDIUR,50 mg – comprimido,RX,289,2259997.34,,Farmacia Del Sol
2025,10,Belgrano-R,CIRUELAX MINITABS,75 mg – comprimido recubierto,OTC,165,340997.25,,Farmacia Lavalle
2025,10,Devoto-Centro,PAMOXET,20 mg – comprimido recubierto,RX,185,4345709.2,,Farmacia La Botica
2025,10,Devoto-Centro,TANVIMIL A,100.000 UI – cápsulas,OTC,329,742806.33,,Farmacia España
2025,10,Devoto-Centro,TIOCTAN,600 mg – comprimido recubierto,RX,120,2613096.0,,Farmacia La Botica
2025,10,Devoto-Centro,TRICOPLUS,5 g/100 ml – loción capilar,RX,167,4040920.71,,Farmacia España
2025,10,Devoto-Centro,PANCUTAN NF,"0,2 g/600.000 UI/600.000 UI/100 g – gel tópico",RX,95,1500676.05,,Farmacia La Botica
2025,10,Devoto-Centro,TANVIMIL ACD,gotas orales en solución,OTC,119,479737.79,,Farmacia La Botica
2025,10,Devoto-Centro,ONEFIN,5 mg – comprimido,RX,210,5202983.1,,Farmacia España
2025,10,Devoto-Centro,TANDIUR,50 mg – comprimido,RX,288,2252177.28,,Farmacia La Botica
2025,10,Devoto-Centro,TRIMACREM PLUS,"0,01 g/4 g/0,05 g/100 g – crema tópica",OTC,31,280959.82,,Farmacia La Botica
2025,10,Devoto-Centro,TANVIMIL ACD FLUOR,solución oral,OTC,129,1472929.74,,Farmacia España
2025,10,Devoto-Centro,MENCOGRIN AP,champú,OTC,244,2515732.72,,Farmacia La Botica
2025,10,Devoto-Centro,TANVIMIL A,50.000 UI – cápsulas,OTC,132,1362905.28,,Farmacia España
2025,10,Devoto-Centro,TRICOFIN,500 mg – comprimido,RX,100,2009729.0,,Farmacia España
2025,10,Devoto-Centro,SUTRICO TAR,9 ml/100 ml – champú,OTC,220,1088872.4,,Farmacia La Botica
2025,10,Devoto-Centro,CIRUELAX MINITABS,75 mg – comprimido recubierto,OTC,48,99199.2,,Farmacia La Botica
2025,10,Devoto-Centro,APSICO,10 mg – comprimido recubierto,RX,15,350307.9,,Farmacia La Botica
2025,10,Devoto-Centro,ALACIR,60 mg – comprimido recubierto gastrorresistente,RX,212,2921005.96,,Farmacia España
2025,10,Almagro-Centro,CO‑TIOCTAN,115 mg/50 mg – comprimido recubierto,OTC,126,390114.9,,Farmacia Brown
2025,10,Almagro-Centro,TRIMACREM PLUS,"0,01 g/4 g/0,05 g/100 g – crema tópica",OTC,153,1386672.66,,Farmacia Brown
2025,10,Almagro-Centro,TANVIMIL B1 B6 B12,comprimido recubierto,OTC,79,736350.31,,Farmacia Brown
2025,10,Almagro-Centro,SUTRICO TAR,9 ml/100 ml – champú,OTC,319,1578864.98,,Farmacia Avenida
2025,10,Almagro-Centro,TANDIUR,50 mg – comprimido,RX,208,1626572.48,,Farmacia Brown
2025,10,Almagro-Centro,TRICOFIN,500 mg – óvulo vaginal,RX,209,1159323.0,,Farmacia Brown
2025,10,Almagro-Centro,TRICOPLUS,2 g/100 ml – loción capilar,RX,63,1452202.29,,Farmacia Brown
2025,10,Almagro-Centro,TACNA,250 mg – comprimido,RX,38,347200.68,,Farmacia Brown
2025,10,Almagro-Centro,PAMOXET,20 mg – comprimido recubierto,RX,329,7728315.28,,Farmacia Avenida
2025,10,Almagro-Centro,MENCOGRIN AP,champú,OTC,82,845451.16,,Farmacia Brown
2025,10,Almagro-Centro,APSICO,5 mg – comprimido recubierto,RX,68,732331.44,,Farmacia Brown
2025,10,Almagro-Centro,ONEFIN,5 mg – comprimido,RX,196,4856117.56,,Farmacia Brown
2025,10,Almagro-Centro,TANVIMIL AMINOÁCIDOS,comprimido recubierto,OTC,114,879128.1,,Farmacia Avenida
2025,10,Vicente López-Centro,TANVIMIL ACD,gotas orales en solución,OTC,226,911098.66,,Farmacia Urquiza
2025,10,Vicente López-Centro,APSICO,5 mg – comprimido recubierto,RX,21,226161.18,,Farmacia Urquiza
2025,10,Vicente López-Centro,TIOCTAN,600 mg – comprimido recubierto,RX,123,2678423.4,,Farmacia Rivadavia
2025,10,Vicente López-Centro,TANVIMIL ACD FLUOR,solución oral,OTC,207,2363538.42,,Farmacia Urquiza
2025,10,Vicente López-Centro,TRICOFIN,500 mg – comprimido,RX,195,3918971.55,,Farmacia Rivadavia
2025,10,Vicente López-Centro,MENCOGRIN AP,champú,OTC,268,2763181.84,,Farmacia Urquiza
2025,10,Vicente López-Centro,APSICO,10 mg – comprimido recubierto,RX,140,3269540.4,,Farmacia Urquiza
2025,10,Vicente López-Centro,TRICOPLUS,5 g/100 ml – loción capilar,RX,251,6073479.63,,Farmacia Rivadavia
2025,10,Vicente López-Centro,TANVIMIL B1 B6 B12,comprimido recubierto,OTC,161,1500663.29,,Farmacia Urquiza
2025,10,Vicente López-Centro,TANVIMIL A,50.000 UI – cápsulas,OTC,109,1125429.36,,Farmacia Urquiza
2025,10,Vicente López-Centro,TRICOFIN,500 mg – óvulo vaginal,RX,353,1958091.0,,Farmacia Rivadavia
2025,10,Vicente López-Centro,PAMOXET,20 mg – comprimido recubierto,RX,93,2184599.76,,Farmacia Urquiza
2025,10,Vicente López-Centro,ALACIR,30 mg – comprimido recubierto gastrorresistente,RX,43,450509.71,,Farmacia Rivadavia
2025,10,Vicente López-Centro,TANDIUR,50 mg – comprimido,RX,107,836746.42,,Farmacia Rivadavia
2025,10,Vicente López-Centro,PAMOXET,40 mg – comprimido recubierto,RX,77,1411307.59,,Farmacia Urquiza
2025,10,Vicente López-Centro,TRIMACREM PLUS,"0,01 g/4 g/0,05 g/100 g – crema tópica",OTC,98,888195.56,,Farmacia Rivadavia
2025,10,Vicente López-Centro,CO‑TIOCTAN,115 mg/50 mg – comprimido recubierto,OTC,137,424172.55,,Farmacia Urquiza
2025,10,Vicente López-Centro,TANVIMIL PLUS,cápsula,OTC,137,987624.78,,Farmacia Rivadavia
2025,10,Vicente López-Centro,ONEFIN,10 mg – comprimido,RX,115,2307978.7,,Farmacia Urquiza
2025,10,Vicente López-Centro,AEROGAL,64 g/170 g – polvo efervescente en frasco,OTC,91,909082.72,,Farmacia Urquiza
2025,10,Palermo-Sur,TACNA,250 mg – comprimido,RX,105,959370.3,,Farmacia Central
2025,10,Palermo-Sur,PAMOXET,40 mg – comprimido recubierto,RX,341,6250076.47,,Farmacia Central
2025,10,Palermo-Sur,TANVIMIL ACD,gotas orales en solución,OTC,276,1112669.16,,Farmacia Moreno
2025,10,Palermo-Sur,TRIMACREM PLUS,"0,01 g/4 g/0,05 g/100 g – crema tópica",OTC,233,2111730.26,,Farmacia Moreno
2025,10,Palermo-Sur,TRICOFIN,500 mg – óvulo vaginal,RX,164,909708.0,,Farmacia Central
2025,10,Palermo-Sur,TRICOFIN,500 mg – comprimido,RX,302,6069381.58,,Farmacia Moreno
2025,10,Palermo-Sur,TRICOPLUS,2 g/100 ml – loción capilar,RX,161,3711183.63,,Farmacia Moreno
2025,10,Palermo-Sur,TANVIMIL PLUS,cápsula,OTC,107,771356.58,,Farmacia Central
2025,10,Palermo-Sur,TANVIMIL B1 B6 B12,comprimido recubierto,OTC,21,195738.69,,Farmacia Moreno
2025,10,Palermo-Sur,CO‑TIOCTAN,115 mg/50 mg – comprimido recubierto,OTC,177,548018.55,,Farmacia Moreno
2025,10,Palermo-Sur,ALACIR,60 mg – comprimido recubierto gastrorresistente,RX,125,1722291.25,,Farmacia Central
2025,10,Palermo-Sur,TANVIMIL A,100.000 UI – cápsulas,OTC,67,151270.59,,Farmacia Central
2025,10,Palermo-Sur,TRICOPLUS,5 g/100 ml – loción capilar,RX,112,2710078.56,,Farmacia Moreno
2025,10,Palermo-Sur,PAMOXET,20 mg – comprimido recubierto,RX,95,2231580.4,,Farmacia Moreno
2025,10,Palermo-Sur,MENCOGRIN AP,champú,OTC,102,1051658.76,,Farmacia Moreno
2025,10,Palermo-Sur,AEROGAL,64 g/170 g – polvo efervescente en frasco,OTC,289,2887086.88,,Farmacia Central
2025,10,Palermo-Sur,TANVIMIL ACD FLUOR,solución oral,OTC,24,274033.44,,Farmacia Moreno
2025,10,Quilmes-Centro,TRICOPLUS,2 g/100 ml – loción capilar,RX,192,4425759.36,,Farmacia Alsina
2025,10,Quilmes-Centro,TRICOFIN,500 mg – óvulo vaginal,RX,62,343914.0,,Farmacia Pasteur
2025,10,Quilmes-Centro,PAMOXET,20 mg – comprimido recubierto,RX,53,1244986.96,,Farmacia Pasteur
2025,10,Quilmes-Centro,CIRUELAX MINITABS,75 mg – comprimido recubierto,OTC,113,233531.45,,Farmacia Alsina
2025,10,Quilmes-Centro,ONEFIN,5 mg – comprimido,RX,310,7680594.1,,Farmacia Alsina
2025,10,Quilmes-Centro,AEROGAL,64 g/170 g – polvo efervescente en frasco,OTC,287,2867107.04,,Farmacia Alsina
2025,10,Quilmes-Centro,ONEFIN,10 mg – comprimido,RX,245,4916998.1,,Farmacia Pasteur
2025,10,Quilmes-Centro,TANVIMIL A,100.000 UI – cápsulas,OTC,255,575731.35,,Farmacia Alsina
2025,10,Quilmes-Centro,APSICO,5 mg – comprimido recubierto,RX,195,2100068.1,,Farmacia Alsina
2025,10,Quilmes-Centro,TANVIMIL A,50.000 UI – cápsulas,OTC,191,1972082.64,,Farmacia Pasteur
2025,10,Quilmes-Centro,TANVIMIL ACD FLUOR,solución oral,OTC,237,2706080.22,,Farmacia Alsina
2025,10,Quilmes-Centro,TACNA,250 mg – comprimido,RX,67,612169.62,,Farmacia Pasteur
2025,10,Flores-Norte,AEROGAL,64 g/170 g – polvo efervescente en frasco,OTC,122,1218770.24,,Farmacia Mitre
2025,10,Flores-Norte,ALACIR,30 mg – comprimido recubierto gastrorresistente,RX,259,2713535.23,,Farmacia Castelli
2025,10,Flores-Norte,TANVIMIL AMINOÁCIDOS,comprimido recubierto,OTC,163,1256998.95,,Farmacia Castelli
2025,10,Flores-Norte,CO‑TIOCTAN,115 mg/50 mg – comprimido recubierto,OTC,157,486095.55,,Farmacia Mitre
2025,10,Flores-Norte,TANVIMIL PLUS,cápsula,OTC,211,1521086.34,,Farmacia Castelli
2025,10,Flores-Norte,TRICOFIN,500 mg – comprimido,RX,222,4461598.38,,Farmacia Mitre
2025,10,Flores-Norte,APSICO,"2,5 mg – comprimido recubierto",RX,161,3655823.78,,Farmacia Castelli
2025,10,Flores-Norte,TANVIMIL ACD FLUOR,solución oral,OTC,261,2980113.66,,Farmacia Castelli
2025,10,Flores-Norte,TACNA,250 mg – comprimido,RX,190,1736003.4,,Farmacia Castelli
2025,10,Flores-Norte,TIOCTAN,600 mg – comprimido recubierto,RX,235,5117313.0,,Farmacia Mitre
2025,10,Flores-Norte,TRIMACREM PLUS,"0,01 g/4 g/0,05 g/100 g – crema tópica",OTC,73,661615.06,,Farmacia Castelli
2025,10,Flores-Norte,SUTRICO TAR,9 ml/100 ml – champú,OTC,144,712716.48,,Farmacia Castelli
2025,10,Flores-Norte,ALACIR,60 mg – comprimido recubierto gastrorresistente,RX,126,1736069.58,,Farmacia Castelli
2025,10,La Plata-Centro,TIOCTAN,600 mg – comprimido recubierto,RX,150,3266370.0,,Farmacia Del Sur
2025,10,La Plata-Centro,AEROGAL,64 g/170 g – polvo efervescente en frasco,OTC,105,1048941.6,,Farmacia Roca
2025,10,La Plata-Centro,ONEFIN,10 mg – comprimido,RX,173,3472002.74,,Farmacia Roca
2025,10,La Plata-Centro,ONEFIN,5 mg – comprimido,RX,247,6119699.17,,Farmacia Del Sur
2025,10,La Plata-Centro,CO‑TIOCTAN,115 mg/50 mg – comprimido recubierto,OTC,199,616133.85,,Farmacia Del Sur
2025,10,La Plata-Centro,TRICOFIN,500 mg – comprimido,RX,117,2351382.93,,Farmacia Roca
2025,10,La Plata-Centro,TANVIMIL ACD FLUOR,solución oral,OTC,61,696501.66,,Farmacia Del Sur
2025,10,La Plata-Centro,PAMOXET,20 mg – comprimido recubierto,RX,192,4510141.44,,Farmacia Roca
2025,10,La Plata-Centro,TANDIUR,50 mg – comprimido,RX,207,1618752.42,,Farmacia Del Sur
2025,10,La Plata-Centro,MENCOGRIN AP,champú,OTC,132,1360970.16,,Farmacia Roca
2025,10,La Plata-Centro,TRIMACREM PLUS,"0,01 g/4 g/0,05 g/100 g – crema tópica",OTC,27,244706.94,,Farmacia Del Sur
2025,10,La Plata-Centro,TACNA,250 mg – comprimido,RX,144,1315707.84,,Farmacia Del Sur
2025,10,La Plata-Centro,TRICOFIN,500 mg – óvulo vaginal,RX,221,1225887.0,,Farmacia Roca
2025,10,La Plata-Centro,SUTRICO TAR,9 ml/100 ml – champú,OTC,200,989884.0,,Farmacia Del Sur
2025,10,La Plata-Centro,TANVIMIL AMINOÁCIDOS,comprimido recubierto,OTC,253,1951047.45,,Farmacia Roca
2025,10,La Plata-Centro,ALACIR,30 mg – comprimido recubierto gastrorresistente,RX,100,1047697.0,,Farmacia Roca
2025,10,Villa Urquiza-Centro,ALACIR,30 mg – comprimido recubierto gastrorresistente,RX,109,1141989.73,,Farmacia San José
2025,10,Villa Urquiza-Centro,TANVIMIL B1 B6 B12,comprimido recubierto,OTC,278,2591207.42,,Farmacia Italia
2025,10,Villa Urquiza-Centro,PANCUTAN NF,"0,2 g/600.000 UI/600.000 UI/100 g – gel tópico",RX,223,3522639.57,,Farmacia San José
2025,10,Villa Urquiza-Centro,APSICO,5 mg – comprimido recubierto,RX,105,1130805.9,,Farmacia San José
2025,10,Villa Urquiza-Centro,SUTRICO TAR,9 ml/100 ml – champú,OTC,18,89089.56,,Farmacia San José
2025,10,Villa Urquiza-Centro,TRICOFIN,500 mg – comprimido,RX,99,1989631.71,,Farmacia San José
2025,10,Villa Urquiza-Centro,TRICOPLUS,5 g/100 ml – loción capilar,RX,258,6242859.54,,Farmacia San José
2025,10,Villa Urquiza-Centro,ALACIR,60 mg – comprimido recubierto gastrorresistente,RX,186,2562769.38,,Farmacia San José
2025,10,Villa Urquiza-Centro,ONEFIN,5 mg – comprimido,RX,375,9291041.25,,Farmacia San José
2025,10,Villa Urquiza-Centro,TANDIUR,50 mg – comprimido,RX,134,1047888.04,,Farmacia San José
2025,10,Villa Urquiza-Centro,TANVIMIL A,100.000 UI – cápsulas,OTC,18,40639.86,,Farmacia Italia
2025,10,Villa Urquiza-Centro,TRIMACREM PLUS,"0,01 g/4 g/0,05 g/100 g – crema tópica",OTC,201,1821707.22,,Farmacia San José
2025,10,Palermo-Norte,TANVIMIL B1 B6 B12,comprimido recubierto,OTC,170,1584551.3,,Farmacia Del Pueblo
2025,10,Palermo-Norte,TANVIMIL ACD FLUOR,solución oral,OTC,49,559484.94,,Farmacia Del Ángel
2025,10,Palermo-Norte,PAMOXET,20 mg – comprimido recubierto,RX,185,4345709.2,,Farmacia Del Pueblo
2025,10,Palermo-Norte,ALACIR,60 mg – comprimido recubierto gastrorresistente,RX,140,1928966.2,,Farmacia Del Pueblo
2025,10,Palermo-Norte,PAMOXET,40 mg – comprimido recubierto,RX,345,6323391.15,,Farmacia Del Ángel
2025,10,Palermo-Norte,TANVIMIL AMINOÁCIDOS,comprimido recubierto,OTC,32,246772.8,,Farmacia Del Ángel
2025,10,Palermo-Norte,APSICO,5 mg – comprimido recubierto,RX,182,1960063.56,,Farmacia Del Ángel
2025,10,Palermo-Norte,TRICOFIN,500 mg – comprimido,RX,29,582821.41,,Farmacia Del Pueblo
2025,10,Palermo-Norte,TANVIMIL A,100.000 UI – cápsulas,OTC,171,386078.67,,Farmacia Del Ángel
2025,10,Palermo-Norte,CO‑TIOCTAN,115 mg/50 mg – comprimido recubierto,OTC,236,730691.4,,Farmacia Del Pueblo
2025,10,Palermo-Norte,APSICO,10 mg – comprimido recubierto,RX,272,6352249.92,,Farmacia Del Ángel
2025,10,Palermo-Norte,TANVIMIL PLUS,cápsula,OTC,36,259521.84,,Farmacia Del Ángel
2025,10,Palermo-Norte,APSICO,"2,5 mg – comprimido recubierto",RX,140,3178977.2,,Farmacia Del Pueblo
2025,10,Palermo-Norte,AEROGAL,64 g/170 g – polvo efervescente en frasco,OTC,157,1568417.44,,Farmacia Del Ángel
2025,10,Belgrano-Centro,TANVIMIL AMINOÁCIDOS,comprimido recubierto,OTC,60,462699.0,,Farmacia San Martín
2025,10,Belgrano-Centro,TANVIMIL ACD FLUOR,solución oral,OTC,40,456722.4,,Farmacia San Martín
2025,10,Belgrano-Centro,TANVIMIL B1 B6 B12,comprimido recubierto,OTC,292,2721699.88,,Farmacia San Martín
2025,10,Belgrano-Centro,TRIMACREM PLUS,"0,01 g/4 g/0,05 g/100 g – crema tópica",OTC,259,2347373.98,,Farmacia San Martín
2025,10,Belgrano-Centro,TRICOFIN,500 mg – óvulo vaginal,RX,330,1830510.0,,Farmacia Del Centro
2025,10,Belgrano-Centro,ALACIR,30 mg – comprimido recubierto gastrorresistente,RX,129,1351529.13,,Farmacia San Martín
2025,10,Belgrano-Centro,SUTRICO TAR,9 ml/100 ml – champú,OTC,198,979985.16,,Farmacia San Martín
2025,10,Belgrano-Centro,AEROGAL,64 g/170 g – polvo efervescente en frasco,OTC,288,2877096.96,,Farmacia Del Centro
2025,10,Belgrano-Centro,TANVIMIL A,50.000 UI – cápsulas,OTC,73,753727.92,,Farmacia San Martín
2025,10,Belgrano-Centro,APSICO,10 mg – comprimido recubierto,RX,45,1050923.7,,Farmacia Del Centro
2025,10,Belgrano-Centro,APSICO,5 mg – comprimido recubierto,RX,224,2412385.92,,Farmacia Del Centro
2025,10,Belgrano-Centro,CIRUELAX MINITABS,75 mg – comprimido recubierto,OTC,36,74399.4,,Farmacia Del Centro
2025,10,Núñez-Centro,ONEFIN,10 mg – comprimido,RX,100,2006938.0,,Farmacia Sarmiento
2025,10,Núñez-Centro,MENCOGRIN AP,champú,OTC,123,1268176.74,,Farmacia Del Lago
2025,10,Núñez-Centro,TANVIMIL A,50.000 UI – cápsulas,OTC,97,1001528.88,,Farmacia Del Lago
2025,10,Núñez-Centro,TANDIUR,50 mg – comprimido,RX,54,422283.24,,Farmacia Del Lago
2025,10,Núñez-Centro,TANVIMIL PLUS,cápsula,OTC,243,1751772.42,,Farmacia Sarmiento
2025,10,Núñez-Centro,TACNA,250 mg – comprimido,RX,72,657853.92,,Farmacia Del Lago
2025,10,Núñez-Centro,TRICOFIN,500 mg – óvulo vaginal,RX,61,338367.0,,Farmacia Sarmiento
2025,10,Núñez-Centro,PANCUTAN NF,"0,2 g/600.000 UI/600.000 UI/100 g – gel tópico",RX,189,2985555.51,,Farmacia Sarmiento
2025,10,Núñez-Centro,ALACIR,30 mg – comprimido recubierto gastrorresistente,RX,57,597187.29,,Farmacia Sarmiento
2025,10,Núñez-Centro,CO‑TIOCTAN,115 mg/50 mg – comprimido recubierto,OTC,132,408691.8,,Farmacia Del Lago
2025,10,Núñez-Centro,PAMOXET,40 mg – comprimido recubierto,RX,89,1631251.63,,Farmacia Sarmiento
2025,10,Núñez-Centro,TRICOPLUS,2 g/100 ml – loción capilar,RX,333,7675926.39,,Farmacia Del Lago
2025,10,Núñez-Centro,TRIMACREM PLUS,"0,01 g/4 g/0,05 g/100 g – crema tópica",OTC,199,1803580.78,,Farmacia Sarmiento
2025,10,Núñez-Centro,APSICO,5 mg – comprimido recubierto,RX,108,1163114.64,,Farmacia Sarmiento
2025,10,Núñez-Centro,SUTRICO TAR,9 ml/100 ml – champú,OTC,27,133634.34,,Farmacia Del Lago
2025,10,Núñez-Centro,TANVIMIL B1 B6 B12,comprimido recubierto,OTC,210,1957386.9,,Farmacia Sarmiento
2025,10,Núñez-Centro,TANVIMIL A,100.000 UI – cápsulas,OTC,152,343181.04,,Farmacia Del Lago
2025,10,Núñez-Centro,PAMOXET,20 mg – comprimido recubierto,RX,87,2043657.84,,Farmacia Del Lago
2025,10,Núñez-Centro,AEROGAL,64 g/170 g – polvo efervescente en frasco,OTC,175,1748236.0,,Farmacia Sarmiento
2025,10,Caballito-Centro,APSICO,"2,5 mg – comprimido recubierto",RX,215,4882000.7,,Farmacia Pellegrini
2025,10,Caballito-Centro,PAMOXET,20 mg – comprimido recubierto,RX,24,563767.68,,Farmacia Belgrano
2025,10,Caballito-Centro,TRICOFIN,500 mg – óvulo vaginal,RX,209,1159323.0,,Farmacia Belgrano
2025,10,Caballito-Centro,AEROGAL,64 g/170 g – polvo efervescente en frasco,OTC,169,1688296.48,,Farmacia Pellegrini
2025,10,Caballito-Centro,PAMOXET,40 mg – comprimido recubierto,RX,60,1099720.2,,Farmacia Pellegrini
2025,10,Caballito-Centro,TRICOPLUS,5 g/100 ml – loción capilar,RX,53,1282447.89,,Farmacia Pellegrini
2025,10,Caballito-Centro,TANDIUR,50 mg – comprimido,RX,95,742905.7,,Farmacia Pellegrini
2025,10,Caballito-Centro,TANVIMIL ACD FLUOR,solución oral,OTC,345,3939230.7,,Farmacia Pellegrini
2025,10,Caballito-Centro,MENCOGRIN AP,champú,OTC,105,1082589.9,,Farmacia Pellegrini
2025,10,Caballito-Centro,PANCUTAN NF,"0,2 g/600.000 UI/600.000 UI/100 g – gel tópico",RX,182,2874979.38,,Farmacia Pellegrini
2025,10,Caballito-Centro,CO‑TIOCTAN,115 mg/50 mg – comprimido recubierto,OTC,59,182672.85,,Farmacia Pellegrini
2025,10,Caballito-Centro,TRICOFIN,500 mg – comprimido,RX,78,1567588.62,,Farmacia Pellegrini
2025,10,Caballito-Centro,ALACIR,30 mg – comprimido recubierto gastrorresistente,RX,211,2210640.67,,Farmacia Belgrano
2025,10,Caballito-Centro,TANVIMIL B1 B6 B12,comprimido recubierto,OTC,50,466044.5,,Farmacia Pellegrini
2025,11,Recoleta-Norte,TRICOPLUS,2 g/100 ml – loción capilar,RX,239,5509148.37,,Farmacia Güemes
2025,11,Recoleta-Norte,CO‑TIOCTAN,115 mg/50 mg – comprimido recubierto,OTC,146,452037.9,,Farmacia Güemes
2025,11,Recoleta-Norte,TRICOFIN,500 mg – óvulo vaginal,RX,56,310632.0,,Farmacia La Estrella
2025,11,Recoleta-Norte,TRICOPLUS,5 g/100 ml – loción capilar,RX,95,2298727.35,,Farmacia Güemes
2025,11,Recoleta-Norte,PAMOXET,40 mg – comprimido recubierto,RX,262,4802111.54,,Farmacia La Estrella
2025,11,Recoleta-Norte,APSICO,"2,5 mg – comprimido recubierto",RX,213,4836586.74,,Farmacia La Estrella
2025,11,Recoleta-Norte,APSICO,10 mg – comprimido recubierto,RX,274,6398957.64,,Farmacia La Estrella
2025,11,Recoleta-Norte,TANVIMIL PLUS,cápsula,OTC,168,1211101.92,,Farmacia Güemes
2025,11,Recoleta-Norte,TANVIMIL ACD,gotas orales en solución,OTC,42,169319.22,,Farmacia Güemes
2025,11,Recoleta-Norte,APSICO,5 mg – comprimido recubierto,RX,333,3586270.14,,Farmacia La Estrella
2025,11,Recoleta-Norte,TIOCTAN,600 mg – comprimido recubierto,RX,180,3919644.0,,Farmacia La Estrella
2025,11,Recoleta-Norte,TANVIMIL B1 B6 B12,comprimido recubierto,OTC,267,2488677.63,,Farmacia Güemes
2025,11,Recoleta-Norte,PAMOXET,20 mg – comprimido recubierto,RX,200,4698064.0,,Farmacia La Estrella
2025,11,Recoleta-Norte,CIRUELAX MINITABS,75 mg – comprimido recubierto,OTC,146,301730.9,,Farmacia Güemes
2025,11,Recoleta-Norte,TACNA,250 mg – comprimido,RX,103,941096.58,,Farmacia Güemes
2025,11,Recoleta-Norte,PANCUTAN NF,"0,2 g/600.000 UI/600.000 UI/100 g – gel tópico",RX,31,489694.29,,Farmacia La Estrella
2025,11,Recoleta-Norte,TANVIMIL ACD FLUOR,solución oral,OTC,129,1472929.74,,Farmacia Güemes
2025,11,Recoleta-Norte,ONEFIN,5 mg – comprimido,RX,181,4484475.91,,Farmacia La Estrella
2025,11,Recoleta-Norte,TANVIMIL AMINOÁCIDOS,comprimido recubierto,OTC,16,123386.4,,Farmacia La Estrella
2025,11,Microcentro-Este,TANVIMIL AMINOÁCIDOS,comprimido recubierto,OTC,137,1056496.05,,Farmacia Pueyrredón
2025,11,Microcentro-Este,PANCUTAN NF,"0,2 g/600.000 UI/600.000 UI/100 g – gel tópico",RX,121,1911387.39,,Farmacia Pueyrredón
2025,11,Microcentro-Este,TANVIMIL ACD,gotas orales en solución,OTC,301,1213454.41,,Farmacia Pueyrredón
2025,11,Microcentro-Este,TANVIMIL B1 B6 B12,comprimido recubierto,OTC,265,2470035.85,,Farmacia Del Parque
2025,11,Microcentro-Este,APSICO,"2,5 mg – comprimido recubierto",RX,318,7220819.64,,Farmacia Del Parque
2025,11,Microcentro-Este,TANVIMIL ACD FLUOR,solución oral,OTC,168,1918234.08,,Farmacia Del Parque
2025,11,Microcentro-Este,MENCOGRIN AP,champú,OTC,104,1072279.52,,Farmacia Pueyrredón
2025,11,Microcentro-Este,TACNA,250 mg – comprimido,RX,207,1891330.02,,Farmacia Del Parque
2025,11,Microcentro-Este,ALACIR,60 mg – comprimido recubierto gastrorresistente,RX,193,2659217.69,,Farmacia Pueyrredón
2025,11,Microcentro-Este,TRICOFIN,500 mg – óvulo vaginal,RX,272,1508784.0,,Farmacia Pueyrredón
2025,11,Microcentro-Este,APSICO,5 mg – comprimido recubierto,RX,366,3941666.28,,Farmacia Del Parque
2025,11,Microcentro-Este,CO‑TIOCTAN,115 mg/50 mg – comprimido recubierto,OTC,70,216730.5,,Farmacia Del Parque
2025,11,Microcentro-Este,TRIMACREM PLUS,"0,01 g/4 g/0,05 g/100 g – crema tópica",OTC,55,498477.1,,Farmacia Pueyrredón
2025,11,Microcentro-Este,ONEFIN,10 mg – comprimido,RX,234,4696234.92,,Farmacia Pueyrredón
2025,11,Microcentro-Este,SUTRICO TAR,9 ml/100 ml – champú,OTC,76,376155.92,,Farmacia Del Parque
2025,11,Microcentro-Este,AEROGAL,64 g/170 g – polvo efervescente en frasco,OTC,173,1728256.16,,Farmacia Del Parque
2025,11,San Isidro-Centro,PAMOXET,20 mg – comprimido recubierto,RX,68,1597341.76,,Farmacia Del Oeste
2025,11,San Isidro-Centro,APSICO,10 mg – comprimido recubierto,RX,25,583846.5,,Farmacia Del Norte
2025,11,San Isidro-Centro,CIRUELAX MINITABS,75 mg – comprimido recubierto,OTC,128,264531.2,,Farmacia Del Oeste
2025,11,San Isidro-Centro,TRICOFIN,500 mg – comprimido,RX,276,5546852.04,,Farmacia Del Oeste
2025,11,San Isidro-Centro,TRIMACREM PLUS,"0,01 g/4 g/0,05 g/100 g – crema tópica",OTC,96,870069.12,,Farmacia Del Norte
2025,11,San Isidro-Centro,TANVIMIL ACD,gotas orales en solución,OTC,113,455549.33,,Farmacia Del Oeste
2025,11,San Isidro-Centro,ONEFIN,10 mg – comprimido,RX,90,1806244.2,,Farmacia Del Norte
2025,11,San Isidro-Centro,PAMOXET,40 mg – comprimido recubierto,RX,305,5590244.35,,Farmacia Del Norte
2025,11,San Isidro-Centro,TRICOPLUS,5 g/100 ml – loción capilar,RX,64,1548616.32,,Farmacia Del Oeste
2025,11,San Isidro-Centro,CO‑TIOCTAN,115 mg/50 mg – comprimido recubierto,OTC,32,99076.8,,Farmacia Del Oeste
2025,11,San Isidro-Centro,TANVIMIL B1 B6 B12,comprimido recubierto,OTC,214,1994670.46,,Farmacia Del Oeste
2025,11,San Isidro-Centro,ONEFIN,5 mg – comprimido,RX,247,6119699.17,,Farmacia Del Oeste
2025,11,San Isidro-Centro,TANVIMIL A,50.000 UI – cápsulas,OTC,130,1342255.2,,Farmacia Del Norte
2025,11,San Isidro-Centro,TANDIUR,50 mg – comprimido,RX,281,2197436.86,,Farmacia Del Oeste
2025,11,San Isidro-Centro,TANVIMIL A,100.000 UI – cápsulas,OTC,345,778930.65,,Farmacia Del Norte
2025,11,San Isidro-Centro,APSICO,5 mg – comprimido recubierto,RX,83,893875.14,,Farmacia Del Oeste
2025,11,San Isidro-Centro,TACNA,250 mg – comprimido,RX,380,3472006.8,,Farmacia Del Norte
2025,11,Belgrano-R,PANCUTAN NF,"0,2 g/600.000 UI/600.000 UI/100 g – gel tópico",RX,207,3269894.13,,Farmacia Del Sol
2025,11,Belgrano-R,SUTRICO TAR,9 ml/100 ml – champú,OTC,247,1222506.74,,Farmacia Del Sol
2025,11,Belgrano-R,TANVIMIL AMINOÁCIDOS,comprimido recubierto,OTC,24,185079.6,,Farmacia Lavalle
2025,11,Belgrano-R,CO‑TIOCTAN,115 mg/50 mg – comprimido recubierto,OTC,156,482999.4,,Farmacia Lavalle
2025,11,Belgrano-R,ONEFIN,10 mg – comprimido,RX,58,1164024.04,,Farmacia Lavalle
2025,11,Belgrano-R,ALACIR,30 mg – comprimido recubierto gastrorresistente,RX,206,2158255.82,,Farmacia Lavalle
2025,11,Belgrano-R,TRICOFIN,500 mg – óvulo vaginal,RX,148,820956.0,,Farmacia Lavalle
2025,11,Belgrano-R,APSICO,"2,5 mg – comprimido recubierto",RX,142,3224391.16,,Farmacia Del Sol
2025,11,Belgrano-R,TRICOPLUS,5 g/100 ml – loción capilar,RX,350,8468995.5,,Farmacia Del Sol
2025,11,Belgrano-R,AEROGAL,64 g/170 g – polvo efervescente en frasco,OTC,141,1408578.72,,Farmacia Del Sol
2025,11,Belgrano-R,TANVIMIL A,50.000 UI – cápsulas,OTC,166,1713956.64,,Farmacia Lavalle
2025,11,Belgrano-R,TANVIMIL PLUS,cápsula,OTC,90,648804.6,,Farmacia Lavalle
2025,11,Belgrano-R,ONEFIN,5 mg – comprimido,RX,102,2527163.22,,Farmacia Del Sol
2025,11,Belgrano-R,ALACIR,60 mg – comprimido recubierto gastrorresistente,RX,163,2245867.79,,Farmacia Lavalle
2025,11,Belgrano-R,MENCOGRIN AP,champú,OTC,332,3423046.16,,Farmacia Del Sol
2025,11,Belgrano-R,TIOCTAN,600 mg – comprimido recubierto,RX,136,2961508.8,,Farmacia Del Sol
2025,11,Belgrano-R,APSICO,10 mg – comprimido recubierto,RX,208,4857602.88,,Farmacia Del Sol
2025,11,Belgrano-R,TANDIUR,50 mg – comprimido,RX,232,1814253.92,,Farmacia Lavalle
2025,11,Belgrano-R,CIRUELAX MINITABS,75 mg – comprimido recubierto,OTC,164,338930.6,,Farmacia Del Sol
2025,11,Devoto-Centro,PAMOXET,20 mg – comprimido recubierto,RX,323,7587373.36,,Farmacia España
2025,11,Devoto-Centro,TANVIMIL A,100.000 UI – cápsulas,OTC,288,650237.76,,Farmacia La Botica
2025,11,Devoto-Centro,TIOCTAN,600 mg – comprimido recubierto,RX,149,3244594.2,,Farmacia La Botica
2025,11,Devoto-Centro,TRICOPLUS,5 g/100 ml – loción capilar,RX,201,4863623.13,,Farmacia España
2025,11,Devoto-Centro,PANCUTAN NF,"0,2 g/600.000 UI/600.000 UI/100 g – gel tópico",RX,113,1785014.67,,Farmacia La Botica
2025,11,Devoto-Centro,TANVIMIL ACD,gotas orales en solución,OTC,88,354764.08,,Farmacia La Botica
2025,11,Devoto-Centro,ONEFIN,5 mg – comprimido,RX,207,5128654.77,,Farmacia La Botica
2025,11,Devoto-Centro,TANDIUR,50 mg – comprimido,RX,234,1829894.04,,Farmacia La Botica
2025,11,Devoto-Centro,TRIMACREM PLUS,"0,01 g/4 g/0,05 g/100 g – crema tópica",OTC,21,190327.62,,Farmacia La Botica
2025,11,Devoto-Centro,TANVIMIL ACD FLUOR,solución oral,OTC,163,1861143.78,,Farmacia La Botica
2025,11,Devoto-Centro,MENCOGRIN AP,champú,OTC,286,2948768.68,,Farmacia La Botica
2025,11,Devoto-Centro,TANVIMIL A,50.000 UI – cápsulas,OTC,80,826003.2,,Farmacia La Botica
2025,11,Devoto-Centro,TRICOFIN,500 mg – comprimido,RX,96,1929339.84,,Farmacia España
2025,11,Devoto-Centro,SUTRICO TAR,9 ml/100 ml – champú,OTC,250,1237355.0,,Farmacia España
2025,11,Devoto-Centro,CIRUELAX MINITABS,75 mg – comprimido recubierto,OTC,54,111599.1,,Farmacia La Botica
2025,11,Devoto-Centro,APSICO,10 mg – comprimido recubierto,RX,26,607200.36,,Farmacia España
2025,11,Devoto-Centro,ALACIR,60 mg – comprimido recubierto gastrorresistente,RX,231,3182794.23,,Farmacia España
2025,11,Almagro-Centro,CO‑TIOCTAN,115 mg/50 mg – comprimido recubierto,OTC,98,303422.7,,Farmacia Brown
2025,11,Almagro-Centro,TRIMACREM PLUS,"0,01 g/4 g/0,05 g/100 g – crema tópica",OTC,104,942574.88,,Farmacia Brown
2025,11,Almagro-Centro,TANVIMIL B1 B6 B12,comprimido recubierto,OTC,49,456723.61,,Farmacia Avenida
2025,11,Almagro-Centro,SUTRICO TAR,9 ml/100 ml – champú,OTC,351,1737246.42,,Farmacia Brown
2025,11,Almagro-Centro,TANDIUR,50 mg – comprimido,RX,282,2205256.92,,Farmacia Brown
2025,11,Almagro-Centro,TRICOFIN,500 mg – óvulo vaginal,RX,200,1109400.0,,Farmacia Avenida
2025,11,Almagro-Centro,TRICOPLUS,2 g/100 ml – loción capilar,RX,65,1498303.95,,Farmacia Avenida
2025,11,Almagro-Centro,TACNA,250 mg – comprimido,RX,36,328926.96,,Farmacia Brown
2025,11,Almagro-Centro,PAMOXET,20 mg – comprimido recubierto,RX,218,5120889.76,,Farmacia Avenida
2025,11,Almagro-Centro,MENCOGRIN AP,champú,OTC,78,804209.64,,Farmacia Brown
2025,11,Almagro-Centro,APSICO,5 mg – comprimido recubierto,RX,68,732331.44,,Farmacia Brown
2025,11,Almagro-Centro,ONEFIN,5 mg – comprimido,RX,243,6020594.73,,Farmacia Brown
2025,11,Almagro-Centro,TANVIMIL AMINOÁCIDOS,comprimido recubierto,OTC,159,1226152.35,,Farmacia Brown
2025,11,Vicente López-Centro,TANVIMIL ACD,gotas orales en solución,OTC,253,1019946.73,,Farmacia Rivadavia
2025,11,Vicente López-Centro,APSICO,5 mg – comprimido recubierto,RX,33,355396.14,,Farmacia Rivadavia
2025,11,Vicente López-Centro,TIOCTAN,600 mg – comprimido recubierto,RX,104,2264683.2,,Farmacia Urquiza
2025,11,Vicente López-Centro,TANVIMIL ACD FLUOR,solución oral,OTC,158,1804053.48,,Farmacia Rivadavia
2025,11,Vicente López-Centro,TRICOFIN,500 mg – comprimido,RX,198,3979263.42,,Farmacia Rivadavia
2025,11,Vicente López-Centro,MENCOGRIN AP,champú,OTC,205,2113627.9,,Farmacia Urquiza
2025,11,Vicente López-Centro,APSICO,10 mg – comprimido recubierto,RX,195,4554002.7,,Farmacia Urquiza
2025,11,Vicente López-Centro,TRICOPLUS,5 g/100 ml – loción capilar,RX,192,4645848.96,,Farmacia Rivadavia
2025,11,Vicente López-Centro,TANVIMIL B1 B6 B12,comprimido recubierto,OTC,268,2497998.52,,Farmacia Urquiza
2025,11,Vicente López-Centro,TANVIMIL A,50.000 UI – cápsulas,OTC,168,1734606.72,,Farmacia Rivadavia
2025,11,Vicente López-Centro,TRICOFIN,500 mg – óvulo vaginal,RX,255,1414485.0,,Farmacia Rivadavia
2025,11,Vicente López-Centro,PAMOXET,20 mg – comprimido recubierto,RX,147,3453077.04,,Farmacia Rivadavia
2025,11,Vicente López-Centro,ALACIR,30 mg – comprimido recubierto gastrorresistente,RX,62,649572.14,,Farmacia Rivadavia
2025,11,Vicente López-Centro,TANDIUR,50 mg – comprimido,RX,99,774185.94,,Farmacia Rivadavia
2025,11,Vicente López-Centro,PAMOXET,40 mg – comprimido recubierto,RX,74,1356321.58,,Farmacia Rivadavia
2025,11,Vicente López-Centro,TRIMACREM PLUS,"0,01 g/4 g/0,05 g/100 g – crema tópica",OTC,102,924448.44,,Farmacia Rivadavia
2025,11,Vicente López-Centro,CO‑TIOCTAN,115 mg/50 mg – comprimido recubierto,OTC,210,650191.5,,Farmacia Urquiza
2025,11,Vicente López-Centro,TANVIMIL PLUS,cápsula,OTC,79,569506.26,,Farmacia Rivadavia
2025,11,Vicente López-Centro,ONEFIN,10 mg – comprimido,RX,194,3893459.72,,Farmacia Rivadavia
2025,11,Vicente López-Centro,AEROGAL,64 g/170 g – polvo efervescente en frasco,OTC,92,919072.64,,Farmacia Rivadavia
2025,11,Palermo-Sur,TACNA,250 mg – comprimido,RX,94,858864.84,,Farmacia Central
2025,11,Palermo-Sur,PAMOXET,40 mg – comprimido recubierto,RX,229,4197265.43,,Farmacia Central
2025,11,Palermo-Sur,TANVIMIL ACD,gotas orales en solución,OTC,157,632931.37,,Farmacia Central
2025,11,Palermo-Sur,TRIMACREM PLUS,"0,01 g/4 g/0,05 g/100 g – crema tópica",OTC,133,1205408.26,,Farmacia Central
2025,11,Palermo-Sur,TRICOFIN,500 mg – óvulo vaginal,RX,129,715563.0,,Farmacia Central
2025,11,Palermo-Sur,TRICOFIN,500 mg – comprimido,RX,185,3717998.65,,Farmacia Moreno
2025,11,Palermo-Sur,TRICOPLUS,2 g/100 ml – loción capilar,RX,124,2858302.92,,Farmacia Moreno
2025,11,Palermo-Sur,TANVIMIL PLUS,cápsula,OTC,81,583924.14,,Farmacia Central
2025,11,Palermo-Sur,TANVIMIL B1 B6 B12,comprimido recubierto,OTC,21,195738.69,,Farmacia Moreno
2025,11,Palermo-Sur,CO‑TIOCTAN,115 mg/50 mg – comprimido recubierto,OTC,155,479903.25,,Farmacia Central
2025,11,Palermo-Sur,ALACIR,60 mg – comprimido recubierto gastrorresistente,RX,91,1253828.03,,Farmacia Central
2025,11,Palermo-Sur,TANVIMIL A,100.000 UI – cápsulas,OTC,78,176106.06,,Farmacia Central
2025,11,Palermo-Sur,TRICOPLUS,5 g/100 ml – loción capilar,RX,87,2105150.31,,Farmacia Central
2025,11,Palermo-Sur,PAMOXET,20 mg – comprimido recubierto,RX,81,1902715.92,,Farmacia Central
2025,11,Palermo-Sur,MENCOGRIN AP,champú,OTC,128,1319728.64,,Farmacia Moreno
2025,11,Palermo-Sur,AEROGAL,64 g/170 g – polvo efervescente en frasco,OTC,330,3296673.6,,Farmacia Central
2025,11,Palermo-Sur,TANVIMIL ACD FLUOR,solución oral,OTC,21,239779.26,,Farmacia Central
2025,11,Quilmes-Centro,TRICOPLUS,2 g/100 ml – loción capilar,RX,194,4471861.02,,Farmacia Pasteur
2025,11,Quilmes-Centro,TRICOFIN,500 mg – óvulo vaginal,RX,69,382743.0,,Farmacia Alsina
2025,11,Quilmes-Centro,PAMOXET,20 mg – comprimido recubierto,RX,43,1010083.76,,Farmacia Pasteur
2025,11,Quilmes-Centro,CIRUELAX MINITABS,75 mg – comprimido recubierto,OTC,73,150865.45,,Farmacia Alsina
2025,11,Quilmes-Centro,ONEFIN,5 mg – comprimido,RX,265,6565669.15,,Farmacia Alsina
2025,11,Quilmes-Centro,AEROGAL,64 g/170 g – polvo efervescente en frasco,OTC,293,2927046.56,,Farmacia Pasteur
2025,11,Quilmes-Centro,ONEFIN,10 mg – comprimido,RX,170,3411794.6,,Farmacia Pasteur
2025,11,Quilmes-Centro,TANVIMIL A,100.000 UI – cápsulas,OTC,297,670557.69,,Farmacia Pasteur
2025,11,Quilmes-Centro,APSICO,5 mg – comprimido recubierto,RX,182,1960063.56,,Farmacia Alsina
2025,11,Quilmes-Centro,TANVIMIL A,50.000 UI – cápsulas,OTC,217,2240533.68,,Farmacia Pasteur
2025,11,Quilmes-Centro,TANVIMIL ACD FLUOR,solución oral,OTC,254,2900187.24,,Farmacia Alsina
2025,11,Quilmes-Centro,TACNA,250 mg – comprimido,RX,101,922822.86,,Farmacia Alsina
2025,11,Flores-Norte,AEROGAL,64 g/170 g – polvo efervescente en frasco,OTC,137,1368619.04,,Farmacia Mitre
2025,11,Flores-Norte,ALACIR,30 mg – comprimido recubierto gastrorresistente,RX,198,2074440.06,,Farmacia Mitre
2025,11,Flores-Norte,TANVIMIL AMINOÁCIDOS,comprimido recubierto,OTC,204,1573176.6,,Farmacia Castelli
2025,11,Flores-Norte,CO‑TIOCTAN,115 mg/50 mg – comprimido recubierto,OTC,206,637806.9,,Farmacia Mitre
2025,11,Flores-Norte,TANVIMIL PLUS,cápsula,OTC,195,1405743.3,,Farmacia Castelli
2025,11,Flores-Norte,TRICOFIN,500 mg – comprimido,RX,251,5044419.79,,Farmacia Castelli
2025,11,Flores-Norte,APSICO,"2,5 mg – comprimido recubierto",RX,218,4950121.64,,Farmacia Mitre
2025,11,Flores-Norte,TANVIMIL ACD FLUOR,solución oral,OTC,322,3676615.32,,Farmacia Mitre
2025,11,Flores-Norte,TACNA,250 mg – comprimido,RX,235,2147162.1,,Farmacia Mitre
2025,11,Flores-Norte,TIOCTAN,600 mg – comprimido recubierto,RX,344,7490875.2,,Farmacia Castelli
2025,11,Flores-Norte,TRIMACREM PLUS,"0,01 g/4 g/0,05 g/100 g – crema tópica",OTC,45,407844.9,,Farmacia Castelli
2025,11,Flores-Norte,SUTRICO TAR,9 ml/100 ml – champú,OTC,150,742413.0,,Farmacia Castelli
2025,11,Flores-Norte,ALACIR,60 mg – comprimido recubierto gastrorresistente,RX,76,1047153.08,,Farmacia Mitre
2025,11,La Plata-Centro,TIOCTAN,600 mg – comprimido recubierto,RX,149,3244594.2,,Farmacia Del Sur
2025,11,La Plata-Centro,AEROGAL,64 g/170 g – polvo efervescente en frasco,OTC,89,889102.88,,Farmacia Del Sur
2025,11,La Plata-Centro,ONEFIN,10 mg – comprimido,RX,212,4254708.56,,Farmacia Del Sur
2025,11,La Plata-Centro,ONEFIN,5 mg – comprimido,RX,227,5624176.97,,Farmacia Roca
2025,11,La Plata-Centro,CO‑TIOCTAN,115 mg/50 mg – comprimido recubierto,OTC,214,662576.1,,Farmacia Roca
2025,11,La Plata-Centro,TRICOFIN,500 mg – comprimido,RX,173,3476831.17,,Farmacia Del Sur
2025,11,La Plata-Centro,TANVIMIL ACD FLUOR,solución oral,OTC,82,936280.92,,Farmacia Del Sur
2025,11,La Plata-Centro,PAMOXET,20 mg – comprimido recubierto,RX,238,5590696.16,,Farmacia Roca
2025,11,La Plata-Centro,TANDIUR,50 mg – comprimido,RX,231,1806433.86,,Farmacia Del Sur
2025,11,La Plata-Centro,MENCOGRIN AP,champú,OTC,101,1041348.38,,Farmacia Roca
2025,11,La Plata-Centro,TRIMACREM PLUS,"0,01 g/4 g/0,05 g/100 g – crema tópica",OTC,37,335339.14,,Farmacia Roca
2025,11,La Plata-Centro,TACNA,250 mg – comprimido,RX,167,1525855.62,,Farmacia Roca
2025,11,La Plata-Centro,TRICOFIN,500 mg – óvulo vaginal,RX,311,1725117.0,,Farmacia Roca
2025,11,La Plata-Centro,SUTRICO TAR,9 ml/100 ml – champú,OTC,243,1202709.06,,Farmacia Del Sur
2025,11,La Plata-Centro,TANVIMIL AMINOÁCIDOS,comprimido recubierto,OTC,264,2035875.6,,Farmacia Del Sur
2025,11,La Plata-Centro,ALACIR,30 mg – comprimido recubierto gastrorresistente,RX,100,1047697.0,,Farmacia Del Sur
2025,11,Villa Urquiza-Centro,ALACIR,30 mg – comprimido recubierto gastrorresistente,RX,91,953404.27,,Farmacia Italia
2025,11,Villa Urquiza-Centro,TANVIMIL B1 B6 B12,comprimido recubierto,OTC,209,1948066.01,,Farmacia San José
2025,11,Villa Urquiza-Centro,PANCUTAN NF,"0,2 g/600.000 UI/600.000 UI/100 g – gel tópico",RX,195,3080335.05,,Farmacia Italia
2025,11,Villa Urquiza-Centro,APSICO,5 mg – comprimido recubierto,RX,142,1529280.36,,Farmacia San José
2025,11,Villa Urquiza-Centro,SUTRICO TAR,9 ml/100 ml – champú,OTC,28,138583.76,,Farmacia Italia
2025,11,Villa Urquiza-Centro,TRICOFIN,500 mg – comprimido,RX,151,3034690.79,,Farmacia San José
2025,11,Villa Urquiza-Centro,TRICOPLUS,5 g/100 ml – loción capilar,RX,287,6944576.31,,Farmacia Italia
2025,11,Villa Urquiza-Centro,ALACIR,60 mg – comprimido recubierto gastrorresistente,RX,183,2521434.39,,Farmacia Italia
2025,11,Villa Urquiza-Centro,ONEFIN,5 mg – comprimido,RX,370,9167160.7,,Farmacia San José
2025,11,Villa Urquiza-Centro,TANDIUR,50 mg – comprimido,RX,116,907126.96,,Farmacia Italia
2025,11,Villa Urquiza-Centro,TANVIMIL A,100.000 UI – cápsulas,OTC,19,42897.63,,Farmacia San José
2025,11,Villa Urquiza-Centro,TRIMACREM PLUS,"0,01 g/4 g/0,05 g/100 g – crema tópica",OTC,196,1776391.12,,Farmacia San José
2025,11,Palermo-Norte,TANVIMIL B1 B6 B12,comprimido recubierto,OTC,186,1733685.54,,Farmacia Del Ángel
2025,11,Palermo-Norte,TANVIMIL ACD FLUOR,solución oral,OTC,72,822100.32,,Farmacia Del Pueblo
2025,11,Palermo-Norte,PAMOXET,20 mg – comprimido recubierto,RX,157,3687980.24,,Farmacia Del Pueblo
2025,11,Palermo-Norte,ALACIR,60 mg – comprimido recubierto gastrorresistente,RX,129,1777404.57,,Farmacia Del Ángel
2025,11,Palermo-Norte,PAMOXET,40 mg – comprimido recubierto,RX,350,6415034.5,,Farmacia Del Ángel
2025,11,Palermo-Norte,TANVIMIL AMINOÁCIDOS,comprimido recubierto,OTC,22,169656.3,,Farmacia Del Pueblo
2025,11,Palermo-Norte,APSICO,5 mg – comprimido recubierto,RX,124,1335427.92,,Farmacia Del Ángel
2025,11,Palermo-Norte,TRICOFIN,500 mg – comprimido,RX,33,663210.57,,Farmacia Del Pueblo
2025,11,Palermo-Norte,TANVIMIL A,100.000 UI – cápsulas,OTC,155,349954.35,,Farmacia Del Ángel
2025,11,Palermo-Norte,CO‑TIOCTAN,115 mg/50 mg – comprimido recubierto,OTC,300,928845.0,,Farmacia Del Ángel
2025,11,Palermo-Norte,APSICO,10 mg – comprimido recubierto,RX,191,4460587.26,,Farmacia Del Pueblo
2025,11,Palermo-Norte,TANVIMIL PLUS,cápsula,OTC,32,230686.08,,Farmacia Del Ángel
2025,11,Palermo-Norte,APSICO,"2,5 mg – comprimido recubierto",RX,165,3746651.7,,Farmacia Del Ángel
2025,11,Palermo-Norte,AEROGAL,64 g/170 g – polvo efervescente en frasco,OTC,158,1578407.36,,Farmacia Del Pueblo
2025,11,Belgrano-Centro,TANVIMIL AMINOÁCIDOS,comprimido recubierto,OTC,43,331600.95,,Farmacia San Martín
2025,11,Belgrano-Centro,TANVIMIL ACD FLUOR,solución oral,OTC,24,274033.44,,Farmacia San Martín
2025,11,Belgrano-Centro,TANVIMIL B1 B6 B12,comprimido recubierto,OTC,202,1882819.78,,Farmacia Del Centro
2025,11,Belgrano-Centro,TRIMACREM PLUS,"0,01 g/4 g/0,05 g/100 g – crema tópica",OTC,251,2274868.22,,Farmacia San Martín
2025,11,Belgrano-Centro,TRICOFIN,500 mg – óvulo vaginal,RX,305,1691835.0,,Farmacia San Martín
2025,11,Belgrano-Centro,ALACIR,30 mg – comprimido recubierto gastrorresistente,RX,136,1424867.92,,Farmacia San Martín
2025,11,Belgrano-Centro,SUTRICO TAR,9 ml/100 ml – champú,OTC,193,955238.06,,Farmacia Del Centro
2025,11,Belgrano-Centro,AEROGAL,64 g/170 g – polvo efervescente en frasco,OTC,248,2477500.16,,Farmacia Del Centro
2025,11,Belgrano-Centro,TANVIMIL A,50.000 UI – cápsulas,OTC,69,712427.76,,Farmacia San Martín
2025,11,Belgrano-Centro,APSICO,10 mg – comprimido recubierto,RX,38,887446.68,,Farmacia San Martín
2025,11,Belgrano-Centro,APSICO,5 mg – comprimido recubierto,RX,250,2692395.0,,Farmacia Del Centro
2025,11,Belgrano-Centro,CIRUELAX MINITABS,75 mg – comprimido recubierto,OTC,41,84732.65,,Farmacia Del Centro
2025,11,Núñez-Centro,ONEFIN,10 mg – comprimido,RX,126,2528741.88,,Farmacia Sarmiento
2025,11,Núñez-Centro,MENCOGRIN AP,champú,OTC,137,1412522.06,,Farmacia Del Lago
2025,11,Núñez-Centro,TANVIMIL A,50.000 UI – cápsulas,OTC,107,1104779.28,,Farmacia Del Lago
2025,11,Núñez-Centro,TANDIUR,50 mg – comprimido,RX,43,336262.58,,Farmacia Sarmiento
2025,11,Núñez-Centro,TANVIMIL PLUS,cápsula,OTC,231,1665265.14,,Farmacia Sarmiento
2025,11,Núñez-Centro,TACNA,250 mg – comprimido,RX,64,584759.04,,Farmacia Del Lago
2025,11,Núñez-Centro,TRICOFIN,500 mg – óvulo vaginal,RX,54,299538.0,,Farmacia Sarmiento
2025,11,Núñez-Centro,PANCUTAN NF,"0,2 g/600.000 UI/600.000 UI/100 g – gel tópico",RX,186,2938165.74,,Farmacia Del Lago
2025,11,Núñez-Centro,ALACIR,30 mg – comprimido recubierto gastrorresistente,RX,37,387647.89,,Farmacia Del Lago
2025,11,Núñez-Centro,CO‑TIOCTAN,115 mg/50 mg – comprimido recubierto,OTC,126,390114.9,,Farmacia Sarmiento
2025,11,Núñez-Centro,PAMOXET,40 mg – comprimido recubierto,RX,50,916433.5,,Farmacia Del Lago
2025,11,Núñez-Centro,TRICOPLUS,2 g/100 ml – loción capilar,RX,377,8690162.91,,Farmacia Sarmiento
2025,11,Núñez-Centro,TRIMACREM PLUS,"0,01 g/4 g/0,05 g/100 g – crema tópica",OTC,122,1105712.84,,Farmacia Del Lago
2025,11,Núñez-Centro,APSICO,5 mg – comprimido recubierto,RX,152,1636976.16,,Farmacia Sarmiento
2025,11,Núñez-Centro,SUTRICO TAR,9 ml/100 ml – champú,OTC,33,163330.86,,Farmacia Sarmiento
2025,11,Núñez-Centro,TANVIMIL B1 B6 B12,comprimido recubierto,OTC,244,2274297.16,,Farmacia Sarmiento
2025,11,Núñez-Centro,TANVIMIL A,100.000 UI – cápsulas,OTC,161,363500.97,,Farmacia Del Lago
2025,11,Núñez-Centro,PAMOXET,20 mg – comprimido recubierto,RX,79,1855735.28,,Farmacia Sarmiento
2025,11,Núñez-Centro,AEROGAL,64 g/170 g – polvo efervescente en frasco,OTC,237,2367611.04,,Farmacia Sarmiento
2025,11,Caballito-Centro,APSICO,"2,5 mg – comprimido recubierto",RX,360,8174512.8,,Farmacia Pellegrini
2025,11,Caballito-Centro,PAMOXET,20 mg – comprimido recubierto,RX,19,446316.08,,Farmacia Belgrano
2025,11,Caballito-Centro,TRICOFIN,500 mg – óvulo vaginal,RX,185,1026195.0,,Farmacia Belgrano
2025,11,Caballito-Centro,AEROGAL,64 g/170 g – polvo efervescente en frasco,OTC,227,2267711.84,,Farmacia Pellegrini
2025,11,Caballito-Centro,PAMOXET,40 mg – comprimido recubierto,RX,53,971419.51,,Farmacia Belgrano
2025,11,Caballito-Centro,TRICOPLUS,5 g/100 ml – loción capilar,RX,37,895293.81,,Farmacia Pellegrini
2025,11,Caballito-Centro,TANDIUR,50 mg – comprimido,RX,100,782006.0,,Farmacia Belgrano
2025,11,Caballito-Centro,TANVIMIL ACD FLUOR,solución oral,OTC,338,3859304.28,,Farmacia Pellegrini
2025,11,Caballito-Centro,MENCOGRIN AP,champú,OTC,98,1010417.24,,Farmacia Pellegrini
2025,11,Caballito-Centro,PANCUTAN NF,"0,2 g/600.000 UI/600.000 UI/100 g – gel tópico",RX,174,2748606.66,,Farmacia Belgrano
2025,11,Caballito-Centro,CO‑TIOCTAN,115 mg/50 mg – comprimido recubierto,OTC,73,226018.95,,Farmacia Belgrano
2025,11,Caballito-Centro,TRICOFIN,500 mg – comprimido,RX,127,2552355.83,,Farmacia Pellegrini
2025,11,Caballito-Centro,ALACIR,30 mg – comprimido recubierto gastrorresistente,RX,234,2451610.98,,Farmacia Belgrano
2025,11,Caballito-Centro,TANVIMIL B1 B6 B12,comprimido recubierto,OTC,51,475365.39,,Farmacia Pellegrini
2025,12,Recoleta-Norte,TRICOPLUS,2 g/100 ml – loción capilar,RX,448,10326771.84,,Farmacia Güemes
2025,12,Recoleta-Norte,CO‑TIOCTAN,115 mg/50 mg – comprimido recubierto,OTC,187,578980.05,,Farmacia La Estrella
2025,12,Recoleta-Norte,TRICOFIN,500 mg – óvulo vaginal,RX,58,321726.0,,Farmacia La Estrella
2025,12,Recoleta-Norte,TRICOPLUS,5 g/100 ml – loción capilar,RX,224,5420157.12,,Farmacia La Estrella
2025,12,Recoleta-Norte,PAMOXET,40 mg – comprimido recubierto,RX,290,5315314.3,,Farmacia La Estrella
2025,12,Recoleta-Norte,APSICO,"2,5 mg – comprimido recubierto",RX,309,7016456.82,,Farmacia La Estrella
2025,12,Recoleta-Norte,APSICO,10 mg – comprimido recubierto,RX,237,5534864.82,,Farmacia La Estrella
2025,12,Recoleta-Norte,TANVIMIL PLUS,cápsula,OTC,100,720894.0,,Farmacia Güemes
2025,12,Recoleta-Norte,TANVIMIL ACD,gotas orales en solución,OTC,36,145130.76,,Farmacia Güemes
2025,12,Recoleta-Norte,APSICO,5 mg – comprimido recubierto,RX,316,3403187.28,,Farmacia Güemes
2025,12,Recoleta-Norte,TIOCTAN,600 mg – comprimido recubierto,RX,124,2700199.2,,Farmacia La Estrella
2025,12,Recoleta-Norte,TANVIMIL B1 B6 B12,comprimido recubierto,OTC,170,1584551.3,,Farmacia Güemes
2025,12,Recoleta-Norte,PAMOXET,20 mg – comprimido recubierto,RX,148,3476567.36,,Farmacia Güemes
2025,12,Recoleta-Norte,CIRUELAX MINITABS,75 mg – comprimido recubierto,OTC,276,570395.4,,Farmacia La Estrella
2025,12,Recoleta-Norte,TACNA,250 mg – comprimido,RX,87,794906.82,,Farmacia La Estrella
2025,12,Recoleta-Norte,PANCUTAN NF,"0,2 g/600.000 UI/600.000 UI/100 g – gel tópico",RX,58,916202.22,,Farmacia Güemes
2025,12,Recoleta-Norte,TANVIMIL ACD FLUOR,solución oral,OTC,236,2694662.16,,Farmacia Güemes
2025,12,Recoleta-Norte,ONEFIN,5 mg – comprimido,RX,164,4063282.04,,Farmacia Güemes
2025,12,Recoleta-Norte,TANVIMIL AMINOÁCIDOS,comprimido recubierto,OTC,21,161944.65,,Farmacia La Estrella
2025,12,Microcentro-Este,TANVIMIL AMINOÁCIDOS,comprimido recubierto,OTC,203,1565464.95,,Farmacia Pueyrredón
2025,12,Microcentro-Este,PANCUTAN NF,"0,2 g/600.000 UI/600.000 UI/100 g – gel tópico",RX,307,4849553.13,,Farmacia Del Parque
2025,12,Microcentro-Este,TANVIMIL ACD,gotas orales en solución,OTC,277,1116700.57,,Farmacia Del Parque
2025,12,Microcentro-Este,TANVIMIL B1 B6 B12,comprimido recubierto,OTC,266,2479356.74,,Farmacia Del Parque
2025,12,Microcentro-Este,APSICO,"2,5 mg – comprimido recubierto",RX,255,5790279.9,,Farmacia Pueyrredón
2025,12,Microcentro-Este,TANVIMIL ACD FLUOR,solución oral,OTC,169,1929652.14,,Farmacia Del Parque
2025,12,Microcentro-Este,MENCOGRIN AP,champú,OTC,247,2546663.86,,Farmacia Del Parque
2025,12,Microcentro-Este,TACNA,250 mg – comprimido,RX,177,1617224.22,,Farmacia Pueyrredón
2025,12,Microcentro-Este,ALACIR,60 mg – comprimido recubierto gastrorresistente,RX,494,6806495.02,,Farmacia Pueyrredón
2025,12,Microcentro-Este,TRICOFIN,500 mg – óvulo vaginal,RX,244,1353468.0,,Farmacia Pueyrredón
2025,12,Microcentro-Este,APSICO,5 mg – comprimido recubierto,RX,257,2767782.06,,Farmacia Pueyrredón
2025,12,Microcentro-Este,CO‑TIOCTAN,115 mg/50 mg – comprimido recubierto,OTC,77,238403.55,,Farmacia Del Parque
2025,12,Microcentro-Este,TRIMACREM PLUS,"0,01 g/4 g/0,05 g/100 g – crema tópica",OTC,100,906322.0,,Farmacia Del Parque
2025,12,Microcentro-Este,ONEFIN,10 mg – comprimido,RX,250,5017345.0,,Farmacia Pueyrredón
2025,12,Microcentro-Este,SUTRICO TAR,9 ml/100 ml – champú,OTC,126,623626.92,,Farmacia Del Parque
2025,12,Microcentro-Este,AEROGAL,64 g/170 g – polvo efervescente en frasco,OTC,135,1348639.2,,Farmacia Del Parque
2025,12,San Isidro-Centro,PAMOXET,20 mg – comprimido recubierto,RX,93,2184599.76,,Farmacia Del Norte
2025,12,San Isidro-Centro,APSICO,10 mg – comprimido recubierto,RX,32,747323.52,,Farmacia Del Norte
2025,12,San Isidro-Centro,CIRUELAX MINITABS,75 mg – comprimido recubierto,OTC,206,425729.9,,Farmacia Del Oeste
2025,12,San Isidro-Centro,TRICOFIN,500 mg – comprimido,RX,333,6692397.57,,Farmacia Del Oeste
2025,12,San Isidro-Centro,TRIMACREM PLUS,"0,01 g/4 g/0,05 g/100 g – crema tópica",OTC,123,1114776.06,,Farmacia Del Norte
2025,12,San Isidro-Centro,TANVIMIL ACD,gotas orales en solución,OTC,82,330575.62,,Farmacia Del Oeste
2025,12,San Isidro-Centro,ONEFIN,10 mg – comprimido,RX,135,2709366.3,,Farmacia Del Oeste
2025,12,San Isidro-Centro,PAMOXET,40 mg – comprimido recubierto,RX,270,4948740.9,,Farmacia Del Norte
2025,12,San Isidro-Centro,TRICOPLUS,5 g/100 ml – loción capilar,RX,143,3460189.59,,Farmacia Del Norte
2025,12,San Isidro-Centro,CO‑TIOCTAN,115 mg/50 mg – comprimido recubierto,OTC,36,111461.4,,Farmacia Del Oeste
2025,12,San Isidro-Centro,TANVIMIL B1 B6 B12,comprimido recubierto,OTC,296,2758983.44,,Farmacia Del Oeste
2025,12,San Isidro-Centro,ONEFIN,5 mg – comprimido,RX,325,8052235.75,,Farmacia Del Oeste
2025,12,San Isidro-Centro,TANVIMIL A,50.000 UI – cápsulas,OTC,119,1228679.76,,Farmacia Del Norte
2025,12,San Isidro-Centro,TANDIUR,50 mg – comprimido,RX,319,2494599.14,,Farmacia Del Norte
2025,12,San Isidro-Centro,TANVIMIL A,100.000 UI – cápsulas,OTC,332,749579.64,,Farmacia Del Norte
2025,12,San Isidro-Centro,APSICO,5 mg – comprimido recubierto,RX,73,786179.34,,Farmacia Del Oeste
2025,12,San Isidro-Centro,TACNA,250 mg – comprimido,RX,351,3207037.86,,Farmacia Del Oeste
2025,12,Belgrano-R,PANCUTAN NF,"0,2 g/600.000 UI/600.000 UI/100 g – gel tópico",RX,464,7329617.76,,Farmacia Del Sol
2025,12,Belgrano-R,SUTRICO TAR,9 ml/100 ml – champú,OTC,517,2558850.14,,Farmacia Del Sol
2025,12,Belgrano-R,TANVIMIL AMINOÁCIDOS,comprimido recubierto,OTC,17,131098.05,,Farmacia Del Sol
2025,12,Belgrano-R,CO‑TIOCTAN,115 mg/50 mg – comprimido recubierto,OTC,154,476807.1,,Farmacia Del Sol
2025,12,Belgrano-R,ONEFIN,10 mg – comprimido,RX,99,1986868.62,,Farmacia Lavalle
2025,12,Belgrano-R,ALACIR,30 mg – comprimido recubierto gastrorresistente,RX,473,4955606.81,,Farmacia Lavalle
2025,12,Belgrano-R,TRICOFIN,500 mg – óvulo vaginal,RX,163,904161.0,,Farmacia Lavalle
2025,12,Belgrano-R,APSICO,"2,5 mg – comprimido recubierto",RX,113,2565888.74,,Farmacia Lavalle
2025,12,Belgrano-R,TRICOPLUS,5 g/100 ml – loción capilar,RX,402,9727246.26,,Farmacia Del Sol
2025,12,Belgrano-R,AEROGAL,64 g/170 g – polvo efervescente en frasco,OTC,137,1368619.04,,Farmacia Del Sol
2025,12,Belgrano-R,TANVIMIL A,50.000 UI – cápsulas,OTC,205,2116633.2,,Farmacia Del Sol
2025,12,Belgrano-R,TANVIMIL PLUS,cápsula,OTC,130,937162.2,,Farmacia Lavalle
2025,12,Belgrano-R,ONEFIN,5 mg – comprimido,RX,99,2452834.89,,Farmacia Del Sol
2025,12,Belgrano-R,ALACIR,60 mg – comprimido recubierto gastrorresistente,RX,288,3968159.04,,Farmacia Del Sol
2025,12,Belgrano-R,MENCOGRIN AP,champú,OTC,354,3649874.52,,Farmacia Del Sol
2025,12,Belgrano-R,TIOCTAN,600 mg – comprimido recubierto,RX,158,3440576.4,,Farmacia Del Sol
2025,12,Belgrano-R,APSICO,10 mg – comprimido recubierto,RX,172,4016863.92,,Farmacia Del Sol
2025,12,Belgrano-R,TANDIUR,50 mg – comprimido,RX,200,1564012.0,,Farmacia Lavalle
2025,12,Belgrano-R,CIRUELAX MINITABS,75 mg – comprimido recubierto,OTC,160,330664.0,,Farmacia Del Sol
2025,12,Devoto-Centro,PAMOXET,20 mg – comprimido recubierto,RX,249,5849089.68,,Farmacia España
2025,12,Devoto-Centro,TANVIMIL A,100.000 UI – cápsulas,OTC,189,426718.53,,Farmacia España
2025,12,Devoto-Centro,TIOCTAN,600 mg – comprimido recubierto,RX,136,2961508.8,,Farmacia La Botica
2025,12,Devoto-Centro,TRICOPLUS,5 g/100 ml – loción capilar,RX,479,11590425.27,,Farmacia España
2025,12,Devoto-Centro,PANCUTAN NF,"0,2 g/600.000 UI/600.000 UI/100 g – gel tópico",RX,201,3175114.59,,Farmacia La Botica
2025,12,Devoto-Centro,TANVIMIL ACD,gotas orales en solución,OTC,132,532146.12,,Farmacia España
2025,12,Devoto-Centro,ONEFIN,5 mg – comprimido,RX,261,6466564.71,,Farmacia La Botica
2025,12,Devoto-Centro,TANDIUR,50 mg – comprimido,RX,326,2549339.56,,Farmacia España
2025,12,Devoto-Centro,TRIMACREM PLUS,"0,01 g/4 g/0,05 g/100 g – crema tópica",OTC,33,299086.26,,Farmacia La Botica
2025,12,Devoto-Centro,TANVIMIL ACD FLUOR,solución oral,OTC,131,1495765.86,,Farmacia España
2025,12,Devoto-Centro,MENCOGRIN AP,champú,OTC,542,5588225.96,,Farmacia La Botica
2025,12,Devoto-Centro,TANVIMIL A,50.000 UI – cápsulas,OTC,120,1239004.8,,Farmacia España
2025,12,Devoto-Centro,TRICOFIN,500 mg – comprimido,RX,100,2009729.0,,Farmacia La Botica
2025,12,Devoto-Centro,SUTRICO TAR,9 ml/100 ml – champú,OTC,338,1672903.96,,Farmacia España
2025,12,Devoto-Centro,CIRUELAX MINITABS,75 mg – comprimido recubierto,OTC,74,152932.1,,Farmacia La Botica
2025,12,Devoto-Centro,APSICO,10 mg – comprimido recubierto,RX,28,653908.08,,Farmacia España
2025,12,Devoto-Centro,ALACIR,60 mg – comprimido recubierto gastrorresistente,RX,283,3899267.39,,Farmacia La Botica
2025,12,Almagro-Centro,CO‑TIOCTAN,115 mg/50 mg – comprimido recubierto,OTC,127,393211.05,,Farmacia Brown
2025,12,Almagro-Centro,TRIMACREM PLUS,"0,01 g/4 g/0,05 g/100 g – crema tópica",OTC,201,1821707.22,,Farmacia Brown
2025,12,Almagro-Centro,TANVIMIL B1 B6 B12,comprimido recubierto,OTC,82,764312.98,,Farmacia Avenida
2025,12,Almagro-Centro,SUTRICO TAR,9 ml/100 ml – champú,OTC,370,1831285.4,,Farmacia Brown
2025,12,Almagro-Centro,TANDIUR,50 mg – comprimido,RX,293,2291277.58,,Farmacia Avenida
2025,12,Almagro-Centro,TRICOFIN,500 mg – óvulo vaginal,RX,170,942990.0,,Farmacia Avenida
2025,12,Almagro-Centro,TRICOPLUS,2 g/100 ml – loción capilar,RX,103,2374235.49,,Farmacia Avenida
2025,12,Almagro-Centro,TACNA,250 mg – comprimido,RX,37,338063.82,,Farmacia Avenida
2025,12,Almagro-Centro,PAMOXET,20 mg – comprimido recubierto,RX,334,7845766.88,,Farmacia Brown
2025,12,Almagro-Centro,MENCOGRIN AP,champú,OTC,166,1711523.08,,Farmacia Avenida
2025,12,Almagro-Centro,APSICO,5 mg – comprimido recubierto,RX,47,506170.26,,Farmacia Brown
2025,12,Almagro-Centro,ONEFIN,5 mg – comprimido,RX,203,5029550.33,,Farmacia Avenida
2025,12,Almagro-Centro,TANVIMIL AMINOÁCIDOS,comprimido recubierto,OTC,141,1087342.65,,Farmacia Avenida
2025,12,Vicente López-Centro,TANVIMIL ACD,gotas orales en solución,OTC,214,862721.74,,Farmacia Rivadavia
2025,12,Vicente López-Centro,APSICO,5 mg – comprimido recubierto,RX,22,236930.76,,Farmacia Rivadavia
2025,12,Vicente López-Centro,TIOCTAN,600 mg – comprimido recubierto,RX,104,2264683.2,,Farmacia Rivadavia
2025,12,Vicente López-Centro,TANVIMIL ACD FLUOR,solución oral,OTC,118,1347331.08,,Farmacia Rivadavia
2025,12,Vicente López-Centro,TRICOFIN,500 mg – comprimido,RX,172,3456733.88,,Farmacia Urquiza
2025,12,Vicente López-Centro,MENCOGRIN AP,champú,OTC,462,4763395.56,,Farmacia Rivadavia
2025,12,Vicente López-Centro,APSICO,10 mg – comprimido recubierto,RX,123,2872524.78,,Farmacia Urquiza
2025,12,Vicente López-Centro,TRICOPLUS,5 g/100 ml – loción capilar,RX,354,8565784.02,,Farmacia Rivadavia
2025,12,Vicente López-Centro,TANVIMIL B1 B6 B12,comprimido recubierto,OTC,278,2591207.42,,Farmacia Rivadavia
2025,12,Vicente López-Centro,TANVIMIL A,50.000 UI – cápsulas,OTC,112,1156404.48,,Farmacia Urquiza
2025,12,Vicente López-Centro,TRICOFIN,500 mg – óvulo vaginal,RX,287,1591989.0,,Farmacia Rivadavia
2025,12,Vicente López-Centro,PAMOXET,20 mg – comprimido recubierto,RX,131,3077231.92,,Farmacia Rivadavia
2025,12,Vicente López-Centro,ALACIR,30 mg – comprimido recubierto gastrorresistente,RX,78,817203.66,,Farmacia Urquiza
2025,12,Vicente López-Centro,TANDIUR,50 mg – comprimido,RX,88,688165.28,,Farmacia Urquiza
2025,12,Vicente López-Centro,PAMOXET,40 mg – comprimido recubierto,RX,64,1173034.88,,Farmacia Rivadavia
2025,12,Vicente López-Centro,TRIMACREM PLUS,"0,01 g/4 g/0,05 g/100 g – crema tópica",OTC,178,1613253.16,,Farmacia Urquiza
2025,12,Vicente López-Centro,CO‑TIOCTAN,115 mg/50 mg – comprimido recubierto,OTC,144,445845.6,,Farmacia Urquiza
2025,12,Vicente López-Centro,TANVIMIL PLUS,cápsula,OTC,80,576715.2,,Farmacia Rivadavia
2025,12,Vicente López-Centro,ONEFIN,10 mg – comprimido,RX,146,2930129.48,,Farmacia Rivadavia
2025,12,Vicente López-Centro,AEROGAL,64 g/170 g – polvo efervescente en frasco,OTC,56,559435.52,,Farmacia Rivadavia
2025,12,Palermo-Sur,TACNA,250 mg – comprimido,RX,81,740085.66,,Farmacia Moreno
2025,12,Palermo-Sur,PAMOXET,40 mg – comprimido recubierto,RX,290,5315314.3,,Farmacia Central
2025,12,Palermo-Sur,TANVIMIL ACD,gotas orales en solución,OTC,184,741779.44,,Farmacia Moreno
2025,12,Palermo-Sur,TRIMACREM PLUS,"0,01 g/4 g/0,05 g/100 g – crema tópica",OTC,437,3960627.14,,Farmacia Central
2025,12,Palermo-Sur,TRICOFIN,500 mg – óvulo vaginal,RX,112,621264.0,,Farmacia Moreno
2025,12,Palermo-Sur,TRICOFIN,500 mg – comprimido,RX,201,4039555.29,,Farmacia Moreno
2025,12,Palermo-Sur,TRICOPLUS,2 g/100 ml – loción capilar,RX,258,5947114.14,,Farmacia Central
2025,12,Palermo-Sur,TANVIMIL PLUS,cápsula,OTC,85,612759.9,,Farmacia Moreno
2025,12,Palermo-Sur,TANVIMIL B1 B6 B12,comprimido recubierto,OTC,23,214380.47,,Farmacia Central
2025,12,Palermo-Sur,CO‑TIOCTAN,115 mg/50 mg – comprimido recubierto,OTC,104,321999.6,,Farmacia Central
2025,12,Palermo-Sur,ALACIR,60 mg – comprimido recubierto gastrorresistente,RX,151,2080527.83,,Farmacia Central
2025,12,Palermo-Sur,TANVIMIL A,100.000 UI – cápsulas,OTC,66,149012.82,,Farmacia Moreno
2025,12,Palermo-Sur,TRICOPLUS,5 g/100 ml – loción capilar,RX,200,4839426.0,,Farmacia Central
2025,12,Palermo-Sur,PAMOXET,20 mg – comprimido recubierto,RX,89,2090638.48,,Farmacia Central
2025,12,Palermo-Sur,MENCOGRIN AP,champú,OTC,175,1804316.5,,Farmacia Moreno
2025,12,Palermo-Sur,AEROGAL,64 g/170 g – polvo efervescente en frasco,OTC,143,1428558.56,,Farmacia Moreno
2025,12,Palermo-Sur,TANVIMIL ACD FLUOR,solución oral,OTC,20,228361.2,,Farmacia Moreno
2025,12,Quilmes-Centro,TRICOPLUS,2 g/100 ml – loción capilar,RX,368,8482705.44,,Farmacia Pasteur
2025,12,Quilmes-Centro,TRICOFIN,500 mg – óvulo vaginal,RX,54,299538.0,,Farmacia Pasteur
2025,12,Quilmes-Centro,PAMOXET,20 mg – comprimido recubierto,RX,51,1198006.32,,Farmacia Alsina
2025,12,Quilmes-Centro,CIRUELAX MINITABS,75 mg – comprimido recubierto,OTC,167,345130.55,,Farmacia Pasteur
2025,12,Quilmes-Centro,ONEFIN,5 mg – comprimido,RX,208,5153430.88,,Farmacia Alsina
2025,12,Quilmes-Centro,AEROGAL,64 g/170 g – polvo efervescente en frasco,OTC,138,1378608.96,,Farmacia Alsina
2025,12,Quilmes-Centro,ONEFIN,10 mg – comprimido,RX,293,5880328.34,,Farmacia Alsina
2025,12,Quilmes-Centro,TANVIMIL A,100.000 UI – cápsulas,OTC,234,528318.18,,Farmacia Alsina
2025,12,Quilmes-Centro,APSICO,5 mg – comprimido recubierto,RX,228,2455464.24,,Farmacia Pasteur
2025,12,Quilmes-Centro,TANVIMIL A,50.000 UI – cápsulas,OTC,225,2323134.0,,Farmacia Pasteur
2025,12,Quilmes-Centro,TANVIMIL ACD FLUOR,solución oral,OTC,221,2523391.26,,Farmacia Alsina
2025,12,Quilmes-Centro,TACNA,250 mg – comprimido,RX,63,575622.18,,Farmacia Pasteur
2025,12,Flores-Norte,AEROGAL,64 g/170 g – polvo efervescente en frasco,OTC,62,619375.04,,Farmacia Castelli
2025,12,Flores-Norte,ALACIR,30 mg – comprimido recubierto gastrorresistente,RX,343,3593600.71,,Farmacia Mitre
2025,12,Flores-Norte,TANVIMIL AMINOÁCIDOS,comprimido recubierto,OTC,166,1280133.9,,Farmacia Mitre
2025,12,Flores-Norte,CO‑TIOCTAN,115 mg/50 mg – comprimido recubierto,OTC,159,492287.85,,Farmacia Mitre
2025,12,Flores-Norte,TANVIMIL PLUS,cápsula,OTC,227,1636429.38,,Farmacia Castelli
2025,12,Flores-Norte,TRICOFIN,500 mg – comprimido,RX,259,5205198.11,,Farmacia Mitre
2025,12,Flores-Norte,APSICO,"2,5 mg – comprimido recubierto",RX,203,4609516.94,,Farmacia Mitre
2025,12,Flores-Norte,TANVIMIL ACD FLUOR,solución oral,OTC,212,2420628.72,,Farmacia Castelli
2025,12,Flores-Norte,TACNA,250 mg – comprimido,RX,190,1736003.4,,Farmacia Mitre
2025,12,Flores-Norte,TIOCTAN,600 mg – comprimido recubierto,RX,326,7098910.8,,Farmacia Mitre
2025,12,Flores-Norte,TRIMACREM PLUS,"0,01 g/4 g/0,05 g/100 g – crema tópica",OTC,128,1160092.16,,Farmacia Mitre
2025,12,Flores-Norte,SUTRICO TAR,9 ml/100 ml – champú,OTC,156,772109.52,,Farmacia Mitre
2025,12,Flores-Norte,ALACIR,60 mg – comprimido recubierto gastrorresistente,RX,138,1901409.54,,Farmacia Mitre
2025,12,La Plata-Centro,TIOCTAN,600 mg – comprimido recubierto,RX,134,2917957.2,,Farmacia Del Sur
2025,12,La Plata-Centro,AEROGAL,64 g/170 g – polvo efervescente en frasco,OTC,42,419576.64,,Farmacia Roca
2025,12,La Plata-Centro,ONEFIN,10 mg – comprimido,RX,294,5900397.72,,Farmacia Del Sur
2025,12,La Plata-Centro,ONEFIN,5 mg – comprimido,RX,274,6788654.14,,Farmacia Del Sur
2025,12,La Plata-Centro,CO‑TIOCTAN,115 mg/50 mg – comprimido recubierto,OTC,228,705922.2,,Farmacia Del Sur
2025,12,La Plata-Centro,TRICOFIN,500 mg – comprimido,RX,107,2150410.03,,Farmacia Del Sur
2025,12,La Plata-Centro,TANVIMIL ACD FLUOR,solución oral,OTC,81,924862.86,,Farmacia Roca
2025,12,La Plata-Centro,PAMOXET,20 mg – comprimido recubierto,RX,218,5120889.76,,Farmacia Del Sur
2025,12,La Plata-Centro,TANDIUR,50 mg – comprimido,RX,186,1454531.16,,Farmacia Roca
2025,12,La Plata-Centro,MENCOGRIN AP,champú,OTC,168,1732143.84,,Farmacia Del Sur
2025,12,La Plata-Centro,TRIMACREM PLUS,"0,01 g/4 g/0,05 g/100 g – crema tópica",OTC,55,498477.1,,Farmacia Del Sur
2025,12,La Plata-Centro,TACNA,250 mg – comprimido,RX,261,2384720.46,,Farmacia Roca
2025,12,La Plata-Centro,TRICOFIN,500 mg – óvulo vaginal,RX,251,1392297.0,,Farmacia Roca
2025,12,La Plata-Centro,SUTRICO TAR,9 ml/100 ml – champú,OTC,337,1667954.54,,Farmacia Del Sur
2025,12,La Plata-Centro,TANVIMIL AMINOÁCIDOS,comprimido recubierto,OTC,184,1418943.6,,Farmacia Del Sur
2025,12,La Plata-Centro,ALACIR,30 mg – comprimido recubierto gastrorresistente,RX,218,2283979.46,,Farmacia Del Sur
2025,12,Villa Urquiza-Centro,ALACIR,30 mg – comprimido recubierto gastrorresistente,RX,175,1833469.75,,Farmacia San José
2025,12,Villa Urquiza-Centro,TANVIMIL B1 B6 B12,comprimido recubierto,OTC,211,1966707.79,,Farmacia Italia
2025,12,Villa Urquiza-Centro,PANCUTAN NF,"0,2 g/600.000 UI/600.000 UI/100 g – gel tópico",RX,415,6555584.85,,Farmacia San José
2025,12,Villa Urquiza-Centro,APSICO,5 mg – comprimido recubierto,RX,116,1249271.28,,Farmacia San José
2025,12,Villa Urquiza-Centro,SUTRICO TAR,9 ml/100 ml – champú,OTC,36,178179.12,,Farmacia Italia
2025,12,Villa Urquiza-Centro,TRICOFIN,500 mg – comprimido,RX,101,2029826.29,,Farmacia Italia
2025,12,Villa Urquiza-Centro,TRICOPLUS,5 g/100 ml – loción capilar,RX,319,7718884.47,,Farmacia San José
2025,12,Villa Urquiza-Centro,ALACIR,60 mg – comprimido recubierto gastrorresistente,RX,228,3141459.24,,Farmacia San José
2025,12,Villa Urquiza-Centro,ONEFIN,5 mg – comprimido,RX,365,9043280.15,,Farmacia Italia
2025,12,Villa Urquiza-Centro,TANDIUR,50 mg – comprimido,RX,118,922767.08,,Farmacia San José
2025,12,Villa Urquiza-Centro,TANVIMIL A,100.000 UI – cápsulas,OTC,20,45155.4,,Farmacia Italia
2025,12,Villa Urquiza-Centro,TRIMACREM PLUS,"0,01 g/4 g/0,05 g/100 g – crema tópica",OTC,402,3643414.44,,Farmacia Italia
2025,12,Palermo-Norte,TANVIMIL B1 B6 B12,comprimido recubierto,OTC,183,1705722.87,,Farmacia Del Pueblo
2025,12,Palermo-Norte,TANVIMIL ACD FLUOR,solución oral,OTC,63,719337.78,,Farmacia Del Ángel
2025,12,Palermo-Norte,PAMOXET,20 mg – comprimido recubierto,RX,261,6130973.52,,Farmacia Del Pueblo
2025,12,Palermo-Norte,ALACIR,60 mg – comprimido recubierto gastrorresistente,RX,241,3320577.53,,Farmacia Del Ángel
2025,12,Palermo-Norte,PAMOXET,40 mg – comprimido recubierto,RX,254,4655482.18,,Farmacia Del Ángel
2025,12,Palermo-Norte,TANVIMIL AMINOÁCIDOS,comprimido recubierto,OTC,27,208214.55,,Farmacia Del Ángel
2025,12,Palermo-Norte,APSICO,5 mg – comprimido recubierto,RX,139,1496971.62,,Farmacia Del Pueblo
2025,12,Palermo-Norte,TRICOFIN,500 mg – comprimido,RX,35,703405.15,,Farmacia Del Ángel
2025,12,Palermo-Norte,TANVIMIL A,100.000 UI – cápsulas,OTC,149,336407.73,,Farmacia Del Pueblo
2025,12,Palermo-Norte,CO‑TIOCTAN,115 mg/50 mg – comprimido recubierto,OTC,294,910268.1,,Farmacia Del Pueblo
2025,12,Palermo-Norte,APSICO,10 mg – comprimido recubierto,RX,252,5885172.72,,Farmacia Del Ángel
2025,12,Palermo-Norte,TANVIMIL PLUS,cápsula,OTC,38,273939.72,,Farmacia Del Ángel
2025,12,Palermo-Norte,APSICO,"2,5 mg – comprimido recubierto",RX,162,3678530.76,,Farmacia Del Ángel
2025,12,Palermo-Norte,AEROGAL,64 g/170 g – polvo efervescente en frasco,OTC,68,679314.56,,Farmacia Del Pueblo
2025,12,Belgrano-Centro,TANVIMIL AMINOÁCIDOS,comprimido recubierto,OTC,45,347024.25,,Farmacia Del Centro
2025,12,Belgrano-Centro,TANVIMIL ACD FLUOR,solución oral,OTC,43,490976.58,,Farmacia San Martín
2025,12,Belgrano-Centro,TANVIMIL B1 B6 B12,comprimido recubierto,OTC,196,1826894.44,,Farmacia San Martín
2025,12,Belgrano-Centro,TRIMACREM PLUS,"0,01 g/4 g/0,05 g/100 g – crema tópica",OTC,411,3724983.42,,Farmacia San Martín
2025,12,Belgrano-Centro,TRICOFIN,500 mg – óvulo vaginal,RX,339,1880433.0,,Farmacia Del Centro
2025,12,Belgrano-Centro,ALACIR,30 mg – comprimido recubierto gastrorresistente,RX,205,2147778.85,,Farmacia Del Centro
2025,12,Belgrano-Centro,SUTRICO TAR,9 ml/100 ml – champú,OTC,373,1846133.66,,Farmacia San Martín
2025,12,Belgrano-Centro,AEROGAL,64 g/170 g – polvo efervescente en frasco,OTC,182,1818165.44,,Farmacia San Martín
2025,12,Belgrano-Centro,TANVIMIL A,50.000 UI – cápsulas,OTC,83,856978.32,,Farmacia Del Centro
2025,12,Belgrano-Centro,APSICO,10 mg – comprimido recubierto,RX,30,700615.8,,Farmacia San Martín
2025,12,Belgrano-Centro,APSICO,5 mg – comprimido recubierto,RX,237,2552390.46,,Farmacia San Martín
2025,12,Belgrano-Centro,CIRUELAX MINITABS,75 mg – comprimido recubierto,OTC,56,115732.4,,Farmacia Del Centro
2025,12,Núñez-Centro,ONEFIN,10 mg – comprimido,RX,84,1685827.92,,Farmacia Sarmiento
2025,12,Núñez-Centro,MENCOGRIN AP,champú,OTC,217,2237352.46,,Farmacia Sarmiento
2025,12,Núñez-Centro,TANVIMIL A,50.000 UI – cápsulas,OTC,98,1011853.92,,Farmacia Del Lago
2025,12,Núñez-Centro,TANDIUR,50 mg – comprimido,RX,78,609964.68,,Farmacia Sarmiento
2025,12,Núñez-Centro,TANVIMIL PLUS,cápsula,OTC,288,2076174.72,,Farmacia Sarmiento
2025,12,Núñez-Centro,TACNA,250 mg – comprimido,RX,74,676127.64,,Farmacia Sarmiento
2025,12,Núñez-Centro,TRICOFIN,500 mg – óvulo vaginal,RX,40,221880.0,,Farmacia Del Lago
2025,12,Núñez-Centro,PANCUTAN NF,"0,2 g/600.000 UI/600.000 UI/100 g – gel tópico",RX,619,9778089.21,,Farmacia Sarmiento
2025,12,Núñez-Centro,ALACIR,30 mg – comprimido recubierto gastrorresistente,RX,86,901019.42,,Farmacia Sarmiento
2025,12,Núñez-Centro,CO‑TIOCTAN,115 mg/50 mg – comprimido recubierto,OTC,202,625422.3,,Farmacia Del Lago
2025,12,Núñez-Centro,PAMOXET,40 mg – comprimido recubierto,RX,83,1521279.61,,Farmacia Del Lago
2025,12,Núñez-Centro,TRICOPLUS,2 g/100 ml – loción capilar,RX,491,11317957.53,,Farmacia Del Lago
2025,12,Núñez-Centro,TRIMACREM PLUS,"0,01 g/4 g/0,05 g/100 g – crema tópica",OTC,266,2410816.52,,Farmacia Del Lago
2025,12,Núñez-Centro,APSICO,5 mg – comprimido recubierto,RX,148,1593897.84,,Farmacia Del Lago
2025,12,Núñez-Centro,SUTRICO TAR,9 ml/100 ml – champú,OTC,51,252420.42,,Farmacia Del Lago
2025,12,Núñez-Centro,TANVIMIL B1 B6 B12,comprimido recubierto,OTC,199,1854857.11,,Farmacia Del Lago
2025,12,Núñez-Centro,TANVIMIL A,100.000 UI – cápsulas,OTC,206,465100.62,,Farmacia Del Lago
2025,12,Núñez-Centro,PAMOXET,20 mg – comprimido recubierto,RX,134,3147702.88,,Farmacia Del Lago
2025,12,Núñez-Centro,AEROGAL,64 g/170 g – polvo efervescente en frasco,OTC,155,1548437.6,,Farmacia Del Lago
2025,12,Caballito-Centro,APSICO,"2,5 mg – comprimido recubierto",RX,367,8333461.66,,Farmacia Pellegrini
2025,12,Caballito-Centro,PAMOXET,20 mg – comprimido recubierto,RX,25,587258.0,,Farmacia Pellegrini
2025,12,Caballito-Centro,TRICOFIN,500 mg – óvulo vaginal,RX,288,1597536.0,,Farmacia Belgrano
2025,12,Caballito-Centro,AEROGAL,64 g/170 g – polvo efervescente en frasco,OTC,151,1508477.92,,Farmacia Belgrano
2025,12,Caballito-Centro,PAMOXET,40 mg – comprimido recubierto,RX,38,696489.46,,Farmacia Pellegrini
2025,12,Caballito-Centro,TRICOPLUS,5 g/100 ml – loción capilar,RX,74,1790587.62,,Farmacia Belgrano
2025,12,Caballito-Centro,TANDIUR,50 mg – comprimido,RX,123,961867.38,,Farmacia Pellegrini
2025,12,Caballito-Centro,TANVIMIL ACD FLUOR,solución oral,OTC,277,3162802.62,,Farmacia Pellegrini
2025,12,Caballito-Centro,MENCOGRIN AP,champú,OTC,135,1391901.3,,Farmacia Belgrano
2025,12,Caballito-Centro,PANCUTAN NF,"0,2 g/600.000 UI/600.000 UI/100 g – gel tópico",RX,274,4328265.66,,Farmacia Pellegrini
2025,12,Caballito-Centro,CO‑TIOCTAN,115 mg/50 mg – comprimido recubierto,OTC,58,179576.7,,Farmacia Pellegrini
2025,12,Caballito-Centro,TRICOFIN,500 mg – comprimido,RX,87,1748464.23,,Farmacia Belgrano
2025,12,Caballito-Centro,ALACIR,30 mg – comprimido recubierto gastrorresistente,RX,273,2860212.81,,Farmacia Pellegrini
2025,12,Caballito-Centro,TANVIMIL B1 B6 B12,comprimido recubierto,OTC,32,298268.48,,Farmacia Pellegrini
2026,1,Recoleta-Norte,TRICOPLUS,2 g/100 ml – loción capilar,RX,576,16090286.44,47.31,Farmacia La Estrella
2026,1,Recoleta-Norte,CO‑TIOCTAN,115 mg/50 mg – comprimido recubierto,OTC,136,544583.38,15.25,Farmacia Güemes
2026,1,Recoleta-Norte,TRICOFIN,500 mg – óvulo vaginal,RX,45,316204.74,-16.67,Farmacia Güemes
2026,1,Recoleta-Norte,TRICOPLUS,5 g/100 ml – loción capilar,RX,183,5423422.92,46.4,Farmacia La Estrella
2026,1,Recoleta-Norte,PAMOXET,40 mg – comprimido recubierto,RX,285,6694958.63,21.79,Farmacia Güemes
2026,1,Recoleta-Norte,APSICO,"2,5 mg – comprimido recubierto",RX,305,8924456.05,54.82,Farmacia La Estrella
2026,1,Recoleta-Norte,APSICO,10 mg – comprimido recubierto,RX,324,9122230.33,39.66,Farmacia Güemes
2026,1,Recoleta-Norte,TANVIMIL PLUS,cápsula,OTC,115,1058695.4,2.68,Farmacia La Estrella
2026,1,Recoleta-Norte,TANVIMIL ACD,gotas orales en solución,OTC,38,197734.01,-34.48,Farmacia La Estrella
2026,1,Recoleta-Norte,APSICO,5 mg – comprimido recubierto,RX,195,2655665.6,-13.33,Farmacia La Estrella
2026,1,Recoleta-Norte,TIOCTAN,600 mg – comprimido recubierto,RX,148,4038459.03,2.07,Farmacia Güemes
2026,1,Recoleta-Norte,TANVIMIL B1 B6 B12,comprimido recubierto,OTC,287,3248124.61,41.38,Farmacia La Estrella
2026,1,Recoleta-Norte,PAMOXET,20 mg – comprimido recubierto,RX,133,3977088.06,-35.12,Farmacia Güemes
2026,1,Recoleta-Norte,CIRUELAX MINITABS,75 mg – comprimido recubierto,OTC,230,583745.09,-8.0,Farmacia La Estrella
2026,1,Recoleta-Norte,TACNA,250 mg – comprimido,RX,80,936758.07,2.56,Farmacia Güemes
2026,1,Recoleta-Norte,PANCUTAN NF,"0,2 g/600.000 UI/600.000 UI/100 g – gel tópico",RX,71,1445596.17,4.41,Farmacia Güemes
2026,1,Recoleta-Norte,TANVIMIL ACD FLUOR,solución oral,OTC,157,2302486.31,-0.63,Farmacia Güemes
2026,1,Recoleta-Norte,ONEFIN,5 mg – comprimido,RX,166,5139899.49,-9.29,Farmacia La Estrella
2026,1,Recoleta-Norte,TANVIMIL AMINOÁCIDOS,comprimido recubierto,OTC,26,259325.62,44.44,Farmacia La Estrella
2026,1,Microcentro-Este,TANVIMIL AMINOÁCIDOS,comprimido recubierto,OTC,175,1674902.03,30.6,Farmacia Pueyrredón
2026,1,Microcentro-Este,PANCUTAN NF,"0,2 g/600.000 UI/600.000 UI/100 g – gel tópico",RX,298,5753630.19,49.0,Farmacia Pueyrredón
2026,1,Microcentro-Este,TANVIMIL ACD,gotas orales en solución,OTC,263,1286314.47,-18.58,Farmacia Pueyrredón
2026,1,Microcentro-Este,TANVIMIL B1 B6 B12,comprimido recubierto,OTC,281,3227842.64,30.7,Farmacia Del Parque
2026,1,Microcentro-Este,APSICO,"2,5 mg – comprimido recubierto",RX,224,6105368.28,2.75,Farmacia Pueyrredón
2026,1,Microcentro-Este,TANVIMIL ACD FLUOR,solución oral,OTC,224,3234323.1,-3.86,Farmacia Del Parque
2026,1,Microcentro-Este,MENCOGRIN AP,champú,OTC,324,4127970.57,32.79,Farmacia Del Parque
2026,1,Microcentro-Este,TACNA,250 mg – comprimido,RX,218,2575927.1,44.37,Farmacia Del Parque
2026,1,Microcentro-Este,ALACIR,60 mg – comprimido recubierto gastrorresistente,RX,270,4585263.69,-10.0,Farmacia Del Parque
2026,1,Microcentro-Este,TRICOFIN,500 mg – óvulo vaginal,RX,192,1376093.53,-13.12,Farmacia Pueyrredón
2026,1,Microcentro-Este,APSICO,5 mg – comprimido recubierto,RX,343,4498578.73,68.97,Farmacia Del Parque
2026,1,Microcentro-Este,CO‑TIOCTAN,115 mg/50 mg – comprimido recubierto,OTC,45,169787.88,-26.23,Farmacia Pueyrredón
2026,1,Microcentro-Este,TRIMACREM PLUS,"0,01 g/4 g/0,05 g/100 g – crema tópica",OTC,158,1735558.22,25.4,Farmacia Del Parque
2026,1,Microcentro-Este,ONEFIN,10 mg – comprimido,RX,251,6159100.06,15.14,Farmacia Del Parque
2026,1,Microcentro-Este,SUTRICO TAR,9 ml/100 ml – champú,OTC,114,699536.94,-8.8,Farmacia Del Parque
2026,1,Microcentro-Este,AEROGAL,64 g/170 g – polvo efervescente en frasco,OTC,112,1346570.51,-24.32,Farmacia Del Parque
2026,1,San Isidro-Centro,PAMOXET,20 mg – comprimido recubierto,RX,69,2045884.66,2.99,Farmacia Del Oeste
2026,1,San Isidro-Centro,APSICO,10 mg – comprimido recubierto,RX,29,847803.1,26.09,Farmacia Del Oeste
2026,1,San Isidro-Centro,CIRUELAX MINITABS,75 mg – comprimido recubierto,OTC,126,328125.65,5.0,Farmacia Del Norte
2026,1,San Isidro-Centro,TRICOFIN,500 mg – comprimido,RX,298,7564796.71,6.43,Farmacia Del Oeste
2026,1,San Isidro-Centro,TRIMACREM PLUS,"0,01 g/4 g/0,05 g/100 g – crema tópica",OTC,165,1902059.48,-0.6,Farmacia Del Oeste
2026,1,San Isidro-Centro,TANVIMIL ACD,gotas orales en solución,OTC,125,648039.43,13.64,Farmacia Del Norte
2026,1,San Isidro-Centro,ONEFIN,10 mg – comprimido,RX,150,3657150.38,9.49,Farmacia Del Norte
2026,1,San Isidro-Centro,PAMOXET,40 mg – comprimido recubierto,RX,264,6179522.94,-9.59,Farmacia Del Oeste
2026,1,San Isidro-Centro,TRICOPLUS,5 g/100 ml – loción capilar,RX,120,3743863.62,-25.47,Farmacia Del Norte
2026,1,San Isidro-Centro,CO‑TIOCTAN,115 mg/50 mg – comprimido recubierto,OTC,27,103354.73,-37.21,Farmacia Del Oeste
2026,1,San Isidro-Centro,TANVIMIL B1 B6 B12,comprimido recubierto,OTC,264,3156680.33,54.39,Farmacia Del Norte
2026,1,San Isidro-Centro,ONEFIN,5 mg – comprimido,RX,319,9662522.07,0.95,Farmacia Del Norte
2026,1,San Isidro-Centro,TANVIMIL A,50.000 UI – cápsulas,OTC,102,1272958.67,0.99,Farmacia Del Oeste
2026,1,San Isidro-Centro,TANDIUR,50 mg – comprimido,RX,369,3598213.83,0.82,Farmacia Del Norte
2026,1,San Isidro-Centro,TANVIMIL A,100.000 UI – cápsulas,OTC,334,946481.98,17.61,Farmacia Del Oeste
2026,1,San Isidro-Centro,APSICO,5 mg – comprimido recubierto,RX,66,866273.65,-27.47,Farmacia Del Oeste
2026,1,San Isidro-Centro,TACNA,250 mg – comprimido,RX,351,3887184.26,-4.88,Farmacia Del Norte
2026,1,Belgrano-R,PANCUTAN NF,"0,2 g/600.000 UI/600.000 UI/100 g – gel tópico",RX,470,8937915.92,-13.28,Farmacia Del Sol
2026,1,Belgrano-R,SUTRICO TAR,9 ml/100 ml – champú,OTC,369,2209825.75,22.59,Farmacia Del Sol
2026,1,Belgrano-R,TANVIMIL AMINOÁCIDOS,comprimido recubierto,OTC,29,280850.58,-3.33,Farmacia Del Sol
2026,1,Belgrano-R,CO‑TIOCTAN,115 mg/50 mg – comprimido recubierto,OTC,192,770638.62,-4.48,Farmacia Lavalle
2026,1,Belgrano-R,ONEFIN,10 mg – comprimido,RX,87,2242227.12,-7.45,Farmacia Lavalle
2026,1,Belgrano-R,ALACIR,30 mg – comprimido recubierto gastrorresistente,RX,470,6172027.25,39.47,Farmacia Lavalle
2026,1,Belgrano-R,TRICOFIN,500 mg – óvulo vaginal,RX,198,1370518.55,42.45,Farmacia Lavalle
2026,1,Belgrano-R,APSICO,"2,5 mg – comprimido recubierto",RX,152,4232407.71,9.35,Farmacia Del Sol
2026,1,Belgrano-R,TRICOPLUS,5 g/100 ml – loción capilar,RX,471,13923177.25,4.67,Farmacia Del Sol
2026,1,Belgrano-R,AEROGAL,64 g/170 g – polvo efervescente en frasco,OTC,77,977842.8,1.32,Farmacia Del Sol
2026,1,Belgrano-R,TANVIMIL A,50.000 UI – cápsulas,OTC,226,2976182.64,53.74,Farmacia Lavalle
2026,1,Belgrano-R,TANVIMIL PLUS,cápsula,OTC,88,771031.63,-6.38,Farmacia Del Sol
2026,1,Belgrano-R,ONEFIN,5 mg – comprimido,RX,103,3232032.2,9.57,Farmacia Del Sol
2026,1,Belgrano-R,ALACIR,60 mg – comprimido recubierto gastrorresistente,RX,214,3657700.0,-27.95,Farmacia Lavalle
2026,1,Belgrano-R,MENCOGRIN AP,champú,OTC,453,6068467.96,-29.98,Farmacia Lavalle
2026,1,Belgrano-R,TIOCTAN,600 mg – comprimido recubierto,RX,102,2811084.08,-11.3,Farmacia Lavalle
2026,1,Belgrano-R,APSICO,10 mg – comprimido recubierto,RX,177,5331183.49,-27.16,Farmacia Lavalle
2026,1,Belgrano-R,TANDIUR,50 mg – comprimido,RX,347,3322658.1,29.96,Farmacia Del Sol
2026,1,Belgrano-R,CIRUELAX MINITABS,75 mg – comprimido recubierto,OTC,218,571437.19,-23.78,Farmacia Lavalle
2026,1,Devoto-Centro,PAMOXET,20 mg – comprimido recubierto,RX,225,6779838.31,-18.48,Farmacia La Botica
2026,1,Devoto-Centro,TANVIMIL A,100.000 UI – cápsulas,OTC,253,703466.85,9.05,Farmacia España
2026,1,Devoto-Centro,TIOCTAN,600 mg – comprimido recubierto,RX,147,4050343.59,40.0,Farmacia España
2026,1,Devoto-Centro,TRICOPLUS,5 g/100 ml – loción capilar,RX,291,8500150.5,-23.82,Farmacia España
2026,1,Devoto-Centro,PANCUTAN NF,"0,2 g/600.000 UI/600.000 UI/100 g – gel tópico",RX,132,2608255.18,-7.04,Farmacia España
2026,1,Devoto-Centro,TANVIMIL ACD,gotas orales en solución,OTC,114,562032.25,-11.63,Farmacia España
2026,1,Devoto-Centro,ONEFIN,5 mg – comprimido,RX,315,9666713.08,40.0,Farmacia España
2026,1,Devoto-Centro,TANDIUR,50 mg – comprimido,RX,298,2980729.06,56.84,Farmacia La Botica
2026,1,Devoto-Centro,TRIMACREM PLUS,"0,01 g/4 g/0,05 g/100 g – crema tópica",OTC,37,404845.6,-9.76,Farmacia La Botica
2026,1,Devoto-Centro,TANVIMIL ACD FLUOR,solución oral,OTC,229,3310173.93,32.37,Farmacia España
2026,1,Devoto-Centro,MENCOGRIN AP,champú,OTC,348,4401654.34,-9.61,Farmacia La Botica
2026,1,Devoto-Centro,TANVIMIL A,50.000 UI – cápsulas,OTC,115,1533894.01,43.75,Farmacia España
2026,1,Devoto-Centro,TRICOFIN,500 mg – comprimido,RX,86,2120986.09,11.69,Farmacia La Botica
2026,1,Devoto-Centro,SUTRICO TAR,9 ml/100 ml – champú,OTC,474,3046258.65,-14.75,Farmacia España
2026,1,Devoto-Centro,CIRUELAX MINITABS,75 mg – comprimido recubierto,OTC,77,203766.26,-16.3,Farmacia La Botica
2026,1,Devoto-Centro,APSICO,10 mg – comprimido recubierto,RX,21,588543.16,-12.5,Farmacia La Botica
2026,1,Devoto-Centro,ALACIR,60 mg – comprimido recubierto gastrorresistente,RX,182,3254033.41,-38.31,Farmacia La Botica
2026,1,Almagro-Centro,CO‑TIOCTAN,115 mg/50 mg – comprimido recubierto,OTC,86,342604.92,-4.44,Farmacia Brown
2026,1,Almagro-Centro,TRIMACREM PLUS,"0,01 g/4 g/0,05 g/100 g – crema tópica",OTC,174,1906562.65,-19.44,Farmacia Brown
2026,1,Almagro-Centro,TANVIMIL B1 B6 B12,comprimido recubierto,OTC,50,568657.5,-21.88,Farmacia Avenida
2026,1,Almagro-Centro,SUTRICO TAR,9 ml/100 ml – champú,OTC,600,3844700.03,35.75,Farmacia Brown
2026,1,Almagro-Centro,TANDIUR,50 mg – comprimido,RX,248,2437121.16,-7.81,Farmacia Brown
2026,1,Almagro-Centro,TRICOFIN,500 mg – óvulo vaginal,RX,178,1240763.09,-5.82,Farmacia Brown
2026,1,Almagro-Centro,TRICOPLUS,2 g/100 ml – loción capilar,RX,93,2677633.06,-36.73,Farmacia Brown
2026,1,Almagro-Centro,TACNA,250 mg – comprimido,RX,39,456036.86,0.0,Farmacia Avenida
2026,1,Almagro-Centro,PAMOXET,20 mg – comprimido recubierto,RX,201,5973726.73,-39.64,Farmacia Avenida
2026,1,Almagro-Centro,MENCOGRIN AP,champú,OTC,168,2178478.44,-15.58,Farmacia Brown
2026,1,Almagro-Centro,APSICO,5 mg – comprimido recubierto,RX,58,775819.74,20.83,Farmacia Avenida
2026,1,Almagro-Centro,ONEFIN,5 mg – comprimido,RX,239,7660021.71,47.53,Farmacia Brown
2026,1,Almagro-Centro,TANVIMIL AMINOÁCIDOS,comprimido recubierto,OTC,103,1001025.88,-20.16,Farmacia Brown
2026,1,Vicente López-Centro,TANVIMIL ACD,gotas orales en solución,OTC,175,859885.97,2.94,Farmacia Urquiza
2026,1,Vicente López-Centro,APSICO,5 mg – comprimido recubierto,RX,21,274213.4,-34.38,Farmacia Rivadavia
2026,1,Vicente López-Centro,TIOCTAN,600 mg – comprimido recubierto,RX,93,2548871.97,-13.89,Farmacia Urquiza
2026,1,Vicente López-Centro,TANVIMIL ACD FLUOR,solución oral,OTC,192,2800533.13,41.18,Farmacia Urquiza
2026,1,Vicente López-Centro,TRICOFIN,500 mg – comprimido,RX,195,4809474.53,7.14,Farmacia Urquiza
2026,1,Vicente López-Centro,MENCOGRIN AP,champú,OTC,440,5861998.26,8.11,Farmacia Urquiza
2026,1,Vicente López-Centro,APSICO,10 mg – comprimido recubierto,RX,123,3461375.6,-26.35,Farmacia Rivadavia
2026,1,Vicente López-Centro,TRICOPLUS,5 g/100 ml – loción capilar,RX,361,10827797.56,4.94,Farmacia Urquiza
2026,1,Vicente López-Centro,TANVIMIL B1 B6 B12,comprimido recubierto,OTC,232,2759825.63,12.62,Farmacia Urquiza
2026,1,Vicente López-Centro,TANVIMIL A,50.000 UI – cápsulas,OTC,141,1830327.91,-7.24,Farmacia Urquiza
2026,1,Vicente López-Centro,TRICOFIN,500 mg – óvulo vaginal,RX,372,2658760.65,47.62,Farmacia Rivadavia
2026,1,Vicente López-Centro,PAMOXET,20 mg – comprimido recubierto,RX,117,3353367.29,-6.4,Farmacia Urquiza
2026,1,Vicente López-Centro,ALACIR,30 mg – comprimido recubierto gastrorresistente,RX,89,1142897.99,-12.75,Farmacia Urquiza
2026,1,Vicente López-Centro,TANDIUR,50 mg – comprimido,RX,70,679148.3,-42.15,Farmacia Urquiza
2026,1,Vicente López-Centro,PAMOXET,40 mg – comprimido recubierto,RX,63,1411119.21,-31.52,Farmacia Rivadavia
2026,1,Vicente López-Centro,TRIMACREM PLUS,"0,01 g/4 g/0,05 g/100 g – crema tópica",OTC,176,2069685.13,-44.48,Farmacia Urquiza
2026,1,Vicente López-Centro,CO‑TIOCTAN,115 mg/50 mg – comprimido recubierto,OTC,174,698349.69,47.46,Farmacia Urquiza
2026,1,Vicente López-Centro,TANVIMIL PLUS,cápsula,OTC,82,761540.9,-19.61,Farmacia Urquiza
2026,1,Vicente López-Centro,ONEFIN,10 mg – comprimido,RX,120,3057597.04,-26.83,Farmacia Rivadavia
2026,1,Vicente López-Centro,AEROGAL,64 g/170 g – polvo efervescente en frasco,OTC,32,395471.74,-28.89,Farmacia Urquiza
2026,1,Palermo-Sur,TACNA,250 mg – comprimido,RX,95,1057160.65,26.67,Farmacia Moreno
2026,1,Palermo-Sur,PAMOXET,40 mg – comprimido recubierto,RX,219,5029120.45,-19.78,Farmacia Moreno
2026,1,Palermo-Sur,TANVIMIL ACD,gotas orales en solución,OTC,204,1003861.2,16.57,Farmacia Moreno
2026,1,Palermo-Sur,TRIMACREM PLUS,"0,01 g/4 g/0,05 g/100 g – crema tópica",OTC,257,2868238.58,-36.54,Farmacia Moreno
2026,1,Palermo-Sur,TRICOFIN,500 mg – óvulo vaginal,RX,201,1407148.4,4.15,Farmacia Moreno
2026,1,Palermo-Sur,TRICOFIN,500 mg – comprimido,RX,279,6924083.11,-16.72,Farmacia Moreno
2026,1,Palermo-Sur,TRICOPLUS,2 g/100 ml – loción capilar,RX,212,6010019.55,-19.39,Farmacia Moreno
2026,1,Palermo-Sur,TANVIMIL PLUS,cápsula,OTC,122,1132314.26,3.39,Farmacia Moreno
2026,1,Palermo-Sur,TANVIMIL B1 B6 B12,comprimido recubierto,OTC,24,275318.02,26.32,Farmacia Moreno
2026,1,Palermo-Sur,CO‑TIOCTAN,115 mg/50 mg – comprimido recubierto,OTC,161,637641.21,41.23,Farmacia Moreno
2026,1,Palermo-Sur,ALACIR,60 mg – comprimido recubierto gastrorresistente,RX,204,3633776.36,18.6,Farmacia Central
2026,1,Palermo-Sur,TANVIMIL A,100.000 UI – cápsulas,OTC,76,210068.97,33.33,Farmacia Moreno
2026,1,Palermo-Sur,TRICOPLUS,5 g/100 ml – loción capilar,RX,145,4289740.2,-26.02,Farmacia Moreno
2026,1,Palermo-Sur,PAMOXET,20 mg – comprimido recubierto,RX,114,3284117.17,42.5,Farmacia Central
2026,1,Palermo-Sur,MENCOGRIN AP,champú,OTC,131,1665118.77,-19.14,Farmacia Moreno
2026,1,Palermo-Sur,AEROGAL,64 g/170 g – polvo efervescente en frasco,OTC,131,1665104.41,-2.24,Farmacia Central
2026,1,Palermo-Sur,TANVIMIL ACD FLUOR,solución oral,OTC,25,361638.73,66.67,Farmacia Moreno
2026,1,Quilmes-Centro,TRICOPLUS,2 g/100 ml – loción capilar,RX,232,6934663.46,2.65,Farmacia Alsina
2026,1,Quilmes-Centro,TRICOFIN,500 mg – óvulo vaginal,RX,42,295673.64,-32.26,Farmacia Pasteur
2026,1,Quilmes-Centro,PAMOXET,20 mg – comprimido recubierto,RX,55,1648768.19,14.58,Farmacia Alsina
2026,1,Quilmes-Centro,CIRUELAX MINITABS,75 mg – comprimido recubierto,OTC,126,325980.99,-8.03,Farmacia Pasteur
2026,1,Quilmes-Centro,ONEFIN,5 mg – comprimido,RX,245,7715008.28,-3.54,Farmacia Alsina
2026,1,Quilmes-Centro,AEROGAL,64 g/170 g – polvo efervescente en frasco,OTC,133,1672198.2,2.31,Farmacia Pasteur
2026,1,Quilmes-Centro,ONEFIN,10 mg – comprimido,RX,171,4121723.77,-40.42,Farmacia Alsina
2026,1,Quilmes-Centro,TANVIMIL A,100.000 UI – cápsulas,OTC,226,634393.01,5.12,Farmacia Alsina
2026,1,Quilmes-Centro,APSICO,5 mg – comprimido recubierto,RX,173,2247705.34,-16.02,Farmacia Pasteur
2026,1,Quilmes-Centro,TANVIMIL A,50.000 UI – cápsulas,OTC,180,2383156.44,10.43,Farmacia Pasteur
2026,1,Quilmes-Centro,TANVIMIL ACD FLUOR,solución oral,OTC,341,5012816.97,14.81,Farmacia Pasteur
2026,1,Quilmes-Centro,TACNA,250 mg – comprimido,RX,62,686285.56,5.08,Farmacia Alsina
2026,1,Flores-Norte,AEROGAL,64 g/170 g – polvo efervescente en frasco,OTC,74,913440.01,-8.64,Farmacia Castelli
2026,1,Flores-Norte,ALACIR,30 mg – comprimido recubierto gastrorresistente,RX,271,3585417.36,-20.99,Farmacia Castelli
2026,1,Flores-Norte,TANVIMIL AMINOÁCIDOS,comprimido recubierto,OTC,272,2633576.76,19.3,Farmacia Castelli
2026,1,Flores-Norte,CO‑TIOCTAN,115 mg/50 mg – comprimido recubierto,OTC,278,1039665.19,35.61,Farmacia Mitre
2026,1,Flores-Norte,TANVIMIL PLUS,cápsula,OTC,331,2925691.55,9.97,Farmacia Castelli
2026,1,Flores-Norte,TRICOFIN,500 mg – comprimido,RX,207,5070856.94,0.0,Farmacia Castelli
2026,1,Flores-Norte,APSICO,"2,5 mg – comprimido recubierto",RX,167,4634392.38,-27.71,Farmacia Mitre
2026,1,Flores-Norte,TANVIMIL ACD FLUOR,solución oral,OTC,239,3422617.72,-33.43,Farmacia Castelli
2026,1,Flores-Norte,TACNA,250 mg – comprimido,RX,132,1471967.22,-21.43,Farmacia Mitre
2026,1,Flores-Norte,TIOCTAN,600 mg – comprimido recubierto,RX,236,6376270.82,7.27,Farmacia Mitre
2026,1,Flores-Norte,TRIMACREM PLUS,"0,01 g/4 g/0,05 g/100 g – crema tópica",OTC,73,814449.95,-8.75,Farmacia Castelli
2026,1,Flores-Norte,SUTRICO TAR,9 ml/100 ml – champú,OTC,183,1146311.54,5.78,Farmacia Mitre
2026,1,Flores-Norte,ALACIR,60 mg – comprimido recubierto gastrorresistente,RX,141,2470045.34,-10.76,Farmacia Castelli
2026,1,La Plata-Centro,TIOCTAN,600 mg – comprimido recubierto,RX,162,4477735.37,5.19,Farmacia Roca
2026,1,La Plata-Centro,AEROGAL,64 g/170 g – polvo efervescente en frasco,OTC,65,781033.25,41.3,Farmacia Roca
2026,1,La Plata-Centro,ONEFIN,10 mg – comprimido,RX,273,7066292.0,2.63,Farmacia Roca
2026,1,La Plata-Centro,ONEFIN,5 mg – comprimido,RX,228,7107832.89,-7.32,Farmacia Del Sur
2026,1,La Plata-Centro,CO‑TIOCTAN,115 mg/50 mg – comprimido recubierto,OTC,213,844445.46,-5.33,Farmacia Del Sur
2026,1,La Plata-Centro,TRICOFIN,500 mg – comprimido,RX,161,4197393.18,9.52,Farmacia Roca
2026,1,La Plata-Centro,TANVIMIL ACD FLUOR,solución oral,OTC,99,1363746.5,41.43,Farmacia Roca
2026,1,La Plata-Centro,PAMOXET,20 mg – comprimido recubierto,RX,196,5542207.01,2.08,Farmacia Del Sur
2026,1,La Plata-Centro,TANDIUR,50 mg – comprimido,RX,238,2244286.83,27.96,Farmacia Del Sur
2026,1,La Plata-Centro,MENCOGRIN AP,champú,OTC,216,2754096.68,10.77,Farmacia Del Sur
2026,1,La Plata-Centro,TRIMACREM PLUS,"0,01 g/4 g/0,05 g/100 g – crema tópica",OTC,48,548556.91,-23.81,Farmacia Roca
2026,1,La Plata-Centro,TACNA,250 mg – comprimido,RX,197,2220853.68,2.6,Farmacia Roca
2026,1,La Plata-Centro,TRICOFIN,500 mg – óvulo vaginal,RX,296,2090126.51,-10.57,Farmacia Del Sur
2026,1,La Plata-Centro,SUTRICO TAR,9 ml/100 ml – champú,OTC,266,1710721.65,3.5,Farmacia Del Sur
2026,1,La Plata-Centro,TANVIMIL AMINOÁCIDOS,comprimido recubierto,OTC,167,1547506.34,-9.73,Farmacia Roca
2026,1,La Plata-Centro,ALACIR,30 mg – comprimido recubierto gastrorresistente,RX,193,2470046.85,-8.1,Farmacia Del Sur
2026,1,Villa Urquiza-Centro,ALACIR,30 mg – comprimido recubierto gastrorresistente,RX,141,1810172.2,-6.0,Farmacia Italia
2026,1,Villa Urquiza-Centro,TANVIMIL B1 B6 B12,comprimido recubierto,OTC,207,2456941.01,-13.03,Farmacia San José
2026,1,Villa Urquiza-Centro,PANCUTAN NF,"0,2 g/600.000 UI/600.000 UI/100 g – gel tópico",RX,410,8067445.9,48.55,Farmacia San José
2026,1,Villa Urquiza-Centro,APSICO,5 mg – comprimido recubierto,RX,99,1324938.29,-13.16,Farmacia Italia
2026,1,Villa Urquiza-Centro,SUTRICO TAR,9 ml/100 ml – champú,OTC,45,285394.63,-8.16,Farmacia San José
2026,1,Villa Urquiza-Centro,TRICOFIN,500 mg – comprimido,RX,148,3586133.29,8.82,Farmacia Italia
2026,1,Villa Urquiza-Centro,TRICOPLUS,5 g/100 ml – loción capilar,RX,448,13093193.77,14.58,Farmacia San José
2026,1,Villa Urquiza-Centro,ALACIR,60 mg – comprimido recubierto gastrorresistente,RX,368,6366491.39,38.87,Farmacia Italia
2026,1,Villa Urquiza-Centro,ONEFIN,5 mg – comprimido,RX,343,10342849.48,44.12,Farmacia San José
2026,1,Villa Urquiza-Centro,TANDIUR,50 mg – comprimido,RX,98,974567.48,-15.52,Farmacia San José
2026,1,Villa Urquiza-Centro,TANVIMIL A,100.000 UI – cápsulas,OTC,16,45300.56,-42.86,Farmacia Italia
2026,1,Villa Urquiza-Centro,TRIMACREM PLUS,"0,01 g/4 g/0,05 g/100 g – crema tópica",OTC,260,2964757.99,-36.59,Farmacia San José
2026,1,Palermo-Norte,TANVIMIL B1 B6 B12,comprimido recubierto,OTC,141,1671417.9,-36.49,Farmacia Del Pueblo
2026,1,Palermo-Norte,TANVIMIL ACD FLUOR,solución oral,OTC,74,1025110.92,-10.84,Farmacia Del Pueblo
2026,1,Palermo-Norte,PAMOXET,20 mg – comprimido recubierto,RX,255,7223073.43,44.89,Farmacia Del Ángel
2026,1,Palermo-Norte,ALACIR,60 mg – comprimido recubierto gastrorresistente,RX,270,4792704.48,84.93,Farmacia Del Ángel
2026,1,Palermo-Norte,PAMOXET,40 mg – comprimido recubierto,RX,296,7030325.5,-12.43,Farmacia Del Ángel
2026,1,Palermo-Norte,TANVIMIL AMINOÁCIDOS,comprimido recubierto,OTC,28,274031.59,-9.68,Farmacia Del Ángel
2026,1,Palermo-Norte,APSICO,5 mg – comprimido recubierto,RX,189,2526792.11,1.61,Farmacia Del Pueblo
2026,1,Palermo-Norte,TRICOFIN,500 mg – comprimido,RX,46,1113997.08,2.22,Farmacia Del Ángel
2026,1,Palermo-Norte,TANVIMIL A,100.000 UI – cápsulas,OTC,173,477594.77,-3.89,Farmacia Del Ángel
2026,1,Palermo-Norte,CO‑TIOCTAN,115 mg/50 mg – comprimido recubierto,OTC,209,820364.08,-18.04,Farmacia Del Pueblo
2026,1,Palermo-Norte,APSICO,10 mg – comprimido recubierto,RX,201,6042377.31,3.08,Farmacia Del Pueblo
2026,1,Palermo-Norte,TANVIMIL PLUS,cápsula,OTC,33,293007.16,-34.0,Farmacia Del Pueblo
2026,1,Palermo-Norte,APSICO,"2,5 mg – comprimido recubierto",RX,176,5029478.58,29.41,Farmacia Del Ángel
2026,1,Palermo-Norte,AEROGAL,64 g/170 g – polvo efervescente en frasco,OTC,96,1177859.27,20.0,Farmacia Del Ángel
2026,1,Belgrano-Centro,TANVIMIL AMINOÁCIDOS,comprimido recubierto,OTC,61,598583.77,3.39,Farmacia San Martín
2026,1,Belgrano-Centro,TANVIMIL ACD FLUOR,solución oral,OTC,44,627263.21,12.82,Farmacia San Martín
2026,1,Belgrano-Centro,TANVIMIL B1 B6 B12,comprimido recubierto,OTC,253,3011265.92,2.43,Farmacia San Martín
2026,1,Belgrano-Centro,TRIMACREM PLUS,"0,01 g/4 g/0,05 g/100 g – crema tópica",OTC,485,5311953.35,45.21,Farmacia San Martín
2026,1,Belgrano-Centro,TRICOFIN,500 mg – óvulo vaginal,RX,209,1444271.8,-6.28,Farmacia San Martín
2026,1,Belgrano-Centro,ALACIR,30 mg – comprimido recubierto gastrorresistente,RX,132,1754749.49,-10.2,Farmacia Del Centro
2026,1,Belgrano-Centro,SUTRICO TAR,9 ml/100 ml – champú,OTC,588,3506861.06,1.03,Farmacia San Martín
2026,1,Belgrano-Centro,AEROGAL,64 g/170 g – polvo efervescente en frasco,OTC,147,1883283.47,-25.0,Farmacia Del Centro
2026,1,Belgrano-Centro,TANVIMIL A,50.000 UI – cápsulas,OTC,81,1070327.68,24.62,Farmacia San Martín
2026,1,Belgrano-Centro,APSICO,10 mg – comprimido recubierto,RX,41,1182764.16,-4.65,Farmacia Del Centro
2026,1,Belgrano-Centro,APSICO,5 mg – comprimido recubierto,RX,233,3055891.21,5.91,Farmacia Del Centro
2026,1,Belgrano-Centro,CIRUELAX MINITABS,75 mg – comprimido recubierto,OTC,60,150155.25,62.16,Farmacia San Martín
2026,1,Núñez-Centro,ONEFIN,10 mg – comprimido,RX,78,1900739.25,-35.0,Farmacia Del Lago
2026,1,Núñez-Centro,MENCOGRIN AP,champú,OTC,264,3334315.2,23.94,Farmacia Del Lago
2026,1,Núñez-Centro,TANVIMIL A,50.000 UI – cápsulas,OTC,70,868854.68,-22.22,Farmacia Del Lago
2026,1,Núñez-Centro,TANDIUR,50 mg – comprimido,RX,48,454676.56,-21.31,Farmacia Sarmiento
2026,1,Núñez-Centro,TANVIMIL PLUS,cápsula,OTC,216,1918463.72,-16.28,Farmacia Del Lago
2026,1,Núñez-Centro,TACNA,250 mg – comprimido,RX,85,982134.02,-7.61,Farmacia Sarmiento
2026,1,Núñez-Centro,TRICOFIN,500 mg – óvulo vaginal,RX,59,416947.04,59.46,Farmacia Sarmiento
2026,1,Núñez-Centro,PANCUTAN NF,"0,2 g/600.000 UI/600.000 UI/100 g – gel tópico",RX,529,10196772.58,3.73,Farmacia Del Lago
2026,1,Núñez-Centro,ALACIR,30 mg – comprimido recubierto gastrorresistente,RX,65,878823.78,27.45,Farmacia Sarmiento
2026,1,Núñez-Centro,CO‑TIOCTAN,115 mg/50 mg – comprimido recubierto,OTC,158,628152.37,11.27,Farmacia Del Lago
2026,1,Núñez-Centro,PAMOXET,40 mg – comprimido recubierto,RX,69,1590979.2,16.95,Farmacia Del Lago
2026,1,Núñez-Centro,TRICOPLUS,2 g/100 ml – loción capilar,RX,375,11068235.92,-34.67,Farmacia Sarmiento
2026,1,Núñez-Centro,TRIMACREM PLUS,"0,01 g/4 g/0,05 g/100 g – crema tópica",OTC,363,4072141.82,13.08,Farmacia Del Lago
2026,1,Núñez-Centro,APSICO,5 mg – comprimido recubierto,RX,88,1209871.64,-26.67,Farmacia Del Lago
2026,1,Núñez-Centro,SUTRICO TAR,9 ml/100 ml – champú,OTC,41,253593.55,-31.67,Farmacia Sarmiento
2026,1,Núñez-Centro,TANVIMIL B1 B6 B12,comprimido recubierto,OTC,178,2096239.85,-23.28,Farmacia Sarmiento
2026,1,Núñez-Centro,TANVIMIL A,100.000 UI – cápsulas,OTC,144,418676.65,-1.37,Farmacia Del Lago
2026,1,Núñez-Centro,PAMOXET,20 mg – comprimido recubierto,RX,100,2881794.21,33.33,Farmacia Del Lago
2026,1,Núñez-Centro,AEROGAL,64 g/170 g – polvo efervescente en frasco,OTC,154,1968411.56,46.67,Farmacia Sarmiento
2026,1,Caballito-Centro,APSICO,"2,5 mg – comprimido recubierto",RX,354,10101886.96,58.04,Farmacia Belgrano
2026,1,Caballito-Centro,PAMOXET,20 mg – comprimido recubierto,RX,25,756730.22,-13.79,Farmacia Pellegrini
2026,1,Caballito-Centro,TRICOFIN,500 mg – óvulo vaginal,RX,231,1555792.9,2.67,Farmacia Belgrano
2026,1,Caballito-Centro,AEROGAL,64 g/170 g – polvo efervescente en frasco,OTC,95,1207668.58,-49.2,Farmacia Belgrano
2026,1,Caballito-Centro,PAMOXET,40 mg – comprimido recubierto,RX,40,900732.25,-31.03,Farmacia Belgrano
2026,1,Caballito-Centro,TRICOPLUS,5 g/100 ml – loción capilar,RX,91,2846872.85,-10.78,Farmacia Pellegrini
2026,1,Caballito-Centro,TANDIUR,50 mg – comprimido,RX,98,931259.83,-34.67,Farmacia Pellegrini
2026,1,Caballito-Centro,TANVIMIL ACD FLUOR,solución oral,OTC,230,3325981.91,-3.36,Farmacia Pellegrini
2026,1,Caballito-Centro,MENCOGRIN AP,champú,OTC,134,1750251.2,-31.63,Farmacia Belgrano
2026,1,Caballito-Centro,PANCUTAN NF,"0,2 g/600.000 UI/600.000 UI/100 g – gel tópico",RX,282,5622832.99,11.46,Farmacia Pellegrini
2026,1,Caballito-Centro,CO‑TIOCTAN,115 mg/50 mg – comprimido recubierto,OTC,68,272730.24,-1.45,Farmacia Belgrano
2026,1,Caballito-Centro,TRICOFIN,500 mg – comprimido,RX,103,2499756.74,14.44,Farmacia Pellegrini
2026,1,Caballito-Centro,ALACIR,30 mg – comprimido recubierto gastrorresistente,RX,372,4937588.75,17.35,Farmacia Pellegrini
2026,1,Caballito-Centro,TANVIMIL B1 B6 B12,comprimido recubierto,OTC,31,352653.68,-27.91,Farmacia Belgrano
2026,2,Recoleta-Norte,TRICOPLUS,2 g/100 ml – loción capilar,RX,408,12086343.05,-30.26,Farmacia La Estrella
2026,2,Recoleta-Norte,CO‑TIOCTAN,115 mg/50 mg – comprimido recubierto,OTC,126,488986.9,-30.77,Farmacia La Estrella
2026,2,Recoleta-Norte,TRICOFIN,500 mg – óvulo vaginal,RX,69,465301.96,11.29,Farmacia La Estrella
2026,2,Recoleta-Norte,TRICOPLUS,5 g/100 ml – loción capilar,RX,122,3822832.78,-3.94,Farmacia La Estrella
2026,2,Recoleta-Norte,PAMOXET,40 mg – comprimido recubierto,RX,264,5986579.63,19.46,Farmacia Güemes
2026,2,Recoleta-Norte,APSICO,"2,5 mg – comprimido recubierto",RX,263,7710782.19,12.88,Farmacia La Estrella
2026,2,Recoleta-Norte,APSICO,10 mg – comprimido recubierto,RX,323,9458031.72,38.03,Farmacia Güemes
2026,2,Recoleta-Norte,TANVIMIL PLUS,cápsula,OTC,142,1283250.1,5.97,Farmacia Güemes
2026,2,Recoleta-Norte,TANVIMIL ACD,gotas orales en solución,OTC,43,208167.0,7.5,Farmacia La Estrella
2026,2,Recoleta-Norte,APSICO,5 mg – comprimido recubierto,RX,277,3658010.46,-3.82,Farmacia La Estrella
2026,2,Recoleta-Norte,TIOCTAN,600 mg – comprimido recubierto,RX,139,3931503.61,-10.32,Farmacia La Estrella
2026,2,Recoleta-Norte,TANVIMIL B1 B6 B12,comprimido recubierto,OTC,276,3260397.49,-1.08,Farmacia La Estrella
2026,2,Recoleta-Norte,PAMOXET,20 mg – comprimido recubierto,RX,210,6007200.41,3.96,Farmacia Güemes
2026,2,Recoleta-Norte,CIRUELAX MINITABS,75 mg – comprimido recubierto,OTC,278,703484.65,-13.12,Farmacia Güemes
2026,2,Recoleta-Norte,TACNA,250 mg – comprimido,RX,98,1143973.21,-21.6,Farmacia Güemes
2026,2,Recoleta-Norte,PANCUTAN NF,"0,2 g/600.000 UI/600.000 UI/100 g – gel tópico",RX,70,1423138.71,-11.39,Farmacia Güemes
2026,2,Recoleta-Norte,TANVIMIL ACD FLUOR,solución oral,OTC,214,2961174.43,8.08,Farmacia Güemes
2026,2,Recoleta-Norte,ONEFIN,5 mg – comprimido,RX,258,7809850.01,13.16,Farmacia La Estrella
2026,2,Recoleta-Norte,TANVIMIL AMINOÁCIDOS,comprimido recubierto,OTC,16,149802.31,-40.74,Farmacia Güemes
2026,2,Microcentro-Este,TANVIMIL AMINOÁCIDOS,comprimido recubierto,OTC,186,1746922.0,38.81,Farmacia Del Parque
2026,2,Microcentro-Este,PANCUTAN NF,"0,2 g/600.000 UI/600.000 UI/100 g – gel tópico",RX,175,3334966.09,-17.84,Farmacia Pueyrredón
2026,2,Microcentro-Este,TANVIMIL ACD,gotas orales en solución,OTC,215,1062027.06,-25.86,Farmacia Del Parque
2026,2,Microcentro-Este,TANVIMIL B1 B6 B12,comprimido recubierto,OTC,352,3974142.56,-8.33,Farmacia Pueyrredón
2026,2,Microcentro-Este,APSICO,"2,5 mg – comprimido recubierto",RX,347,10177749.13,27.57,Farmacia Del Parque
2026,2,Microcentro-Este,TANVIMIL ACD FLUOR,solución oral,OTC,135,1982705.72,-39.19,Farmacia Pueyrredón
2026,2,Microcentro-Este,MENCOGRIN AP,champú,OTC,209,2712577.1,-9.91,Farmacia Pueyrredón
2026,2,Microcentro-Este,TACNA,250 mg – comprimido,RX,192,2197555.92,-5.42,Farmacia Del Parque
2026,2,Microcentro-Este,ALACIR,60 mg – comprimido recubierto gastrorresistente,RX,326,5720385.1,-31.66,Farmacia Del Parque
2026,2,Microcentro-Este,TRICOFIN,500 mg – óvulo vaginal,RX,196,1399805.39,-9.68,Farmacia Pueyrredón
2026,2,Microcentro-Este,APSICO,5 mg – comprimido recubierto,RX,267,3662640.06,-18.35,Farmacia Del Parque
2026,2,Microcentro-Este,CO‑TIOCTAN,115 mg/50 mg – comprimido recubierto,OTC,68,253959.34,28.3,Farmacia Pueyrredón
2026,2,Microcentro-Este,TRIMACREM PLUS,"0,01 g/4 g/0,05 g/100 g – crema tópica",OTC,174,1977438.71,48.72,Farmacia Del Parque
2026,2,Microcentro-Este,ONEFIN,10 mg – comprimido,RX,243,5944185.39,-7.6,Farmacia Del Parque
2026,2,Microcentro-Este,SUTRICO TAR,9 ml/100 ml – champú,OTC,75,457572.79,-25.74,Farmacia Del Parque
2026,2,Microcentro-Este,AEROGAL,64 g/170 g – polvo efervescente en frasco,OTC,123,1584995.48,24.24,Farmacia Del Parque
2026,2,San Isidro-Centro,PAMOXET,20 mg – comprimido recubierto,RX,107,3155189.54,4.9,Farmacia Del Norte
2026,2,San Isidro-Centro,APSICO,10 mg – comprimido recubierto,RX,32,959746.59,39.13,Farmacia Del Norte
2026,2,San Isidro-Centro,CIRUELAX MINITABS,75 mg – comprimido recubierto,OTC,167,435260.17,-2.91,Farmacia Del Norte
2026,2,San Isidro-Centro,TRICOFIN,500 mg – comprimido,RX,277,6977604.2,15.9,Farmacia Del Oeste
2026,2,San Isidro-Centro,TRIMACREM PLUS,"0,01 g/4 g/0,05 g/100 g – crema tópica",OTC,115,1296182.74,-25.81,Farmacia Del Norte
2026,2,San Isidro-Centro,TANVIMIL ACD,gotas orales en solución,OTC,127,623464.98,32.29,Farmacia Del Norte
2026,2,San Isidro-Centro,ONEFIN,10 mg – comprimido,RX,148,3713311.04,37.04,Farmacia Del Oeste
2026,2,San Isidro-Centro,PAMOXET,40 mg – comprimido recubierto,RX,269,6351733.69,-7.88,Farmacia Del Norte
2026,2,San Isidro-Centro,TRICOPLUS,5 g/100 ml – loción capilar,RX,114,3558465.33,-13.64,Farmacia Del Norte
2026,2,San Isidro-Centro,CO‑TIOCTAN,115 mg/50 mg – comprimido recubierto,OTC,39,152567.43,-13.33,Farmacia Del Oeste
2026,2,San Isidro-Centro,TANVIMIL B1 B6 B12,comprimido recubierto,OTC,191,2217329.07,-30.29,Farmacia Del Norte
2026,2,San Isidro-Centro,ONEFIN,5 mg – comprimido,RX,262,7987401.95,31.0,Farmacia Del Norte
2026,2,San Isidro-Centro,TANVIMIL A,50.000 UI – cápsulas,OTC,74,922547.01,-23.71,Farmacia Del Norte
2026,2,San Isidro-Centro,TANDIUR,50 mg – comprimido,RX,316,3160859.03,-14.59,Farmacia Del Norte
2026,2,San Isidro-Centro,TANVIMIL A,100.000 UI – cápsulas,OTC,333,956103.83,74.35,Farmacia Del Norte
2026,2,San Isidro-Centro,APSICO,5 mg – comprimido recubierto,RX,69,931890.61,-8.0,Farmacia Del Norte
2026,2,San Isidro-Centro,TACNA,250 mg – comprimido,RX,272,3028703.81,3.42,Farmacia Del Norte
2026,2,Belgrano-R,PANCUTAN NF,"0,2 g/600.000 UI/600.000 UI/100 g – gel tópico",RX,410,8379359.91,38.98,Farmacia Del Sol
2026,2,Belgrano-R,SUTRICO TAR,9 ml/100 ml – champú,OTC,413,2553708.9,13.46,Farmacia Del Sol
2026,2,Belgrano-R,TANVIMIL AMINOÁCIDOS,comprimido recubierto,OTC,26,249074.57,-7.14,Farmacia Lavalle
2026,2,Belgrano-R,CO‑TIOCTAN,115 mg/50 mg – comprimido recubierto,OTC,204,768488.52,-1.45,Farmacia Del Sol
2026,2,Belgrano-R,ONEFIN,10 mg – comprimido,RX,97,2494387.54,64.41,Farmacia Del Sol
2026,2,Belgrano-R,ALACIR,30 mg – comprimido recubierto gastrorresistente,RX,428,5590421.13,32.51,Farmacia Lavalle
2026,2,Belgrano-R,TRICOFIN,500 mg – óvulo vaginal,RX,216,1451774.29,0.0,Farmacia Del Sol
2026,2,Belgrano-R,APSICO,"2,5 mg – comprimido recubierto",RX,144,4117803.19,-21.74,Farmacia Del Sol
2026,2,Belgrano-R,TRICOPLUS,5 g/100 ml – loción capilar,RX,505,15470856.78,-19.33,Farmacia Del Sol
2026,2,Belgrano-R,AEROGAL,64 g/170 g – polvo efervescente en frasco,OTC,106,1346557.49,-2.75,Farmacia Del Sol
2026,2,Belgrano-R,TANVIMIL A,50.000 UI – cápsulas,OTC,235,3003104.52,52.6,Farmacia Lavalle
2026,2,Belgrano-R,TANVIMIL PLUS,cápsula,OTC,106,975336.6,-5.36,Farmacia Lavalle
2026,2,Belgrano-R,ONEFIN,5 mg – comprimido,RX,96,2876613.59,2.13,Farmacia Lavalle
2026,2,Belgrano-R,ALACIR,60 mg – comprimido recubierto gastrorresistente,RX,236,4066958.25,-20.81,Farmacia Del Sol
2026,2,Belgrano-R,MENCOGRIN AP,champú,OTC,439,5554997.47,-23.39,Farmacia Lavalle
2026,2,Belgrano-R,TIOCTAN,600 mg – comprimido recubierto,RX,133,3478033.65,-10.14,Farmacia Lavalle
2026,2,Belgrano-R,APSICO,10 mg – comprimido recubierto,RX,240,7222841.33,8.6,Farmacia Del Sol
2026,2,Belgrano-R,TANDIUR,50 mg – comprimido,RX,275,2715543.54,-6.78,Farmacia Del Sol
2026,2,Belgrano-R,CIRUELAX MINITABS,75 mg – comprimido recubierto,OTC,253,658297.72,33.86,Farmacia Lavalle
2026,2,Devoto-Centro,PAMOXET,20 mg – comprimido recubierto,RX,192,5609656.53,-28.62,Farmacia España
2026,2,Devoto-Centro,TANVIMIL A,100.000 UI – cápsulas,OTC,253,717586.2,-11.23,Farmacia España
2026,2,Devoto-Centro,TIOCTAN,600 mg – comprimido recubierto,RX,112,3092442.67,-23.81,Farmacia España
2026,2,Devoto-Centro,TRICOPLUS,5 g/100 ml – loción capilar,RX,365,11349596.08,-15.9,Farmacia España
2026,2,Devoto-Centro,PANCUTAN NF,"0,2 g/600.000 UI/600.000 UI/100 g – gel tópico",RX,135,2667606.42,-31.47,Farmacia España
2026,2,Devoto-Centro,TANVIMIL ACD,gotas orales en solución,OTC,79,396892.89,-33.61,Farmacia España
2026,2,Devoto-Centro,ONEFIN,5 mg – comprimido,RX,346,10731944.72,48.5,Farmacia España
2026,2,Devoto-Centro,TANDIUR,50 mg – comprimido,RX,215,2140828.52,-1.83,Farmacia La Botica
2026,2,Devoto-Centro,TRIMACREM PLUS,"0,01 g/4 g/0,05 g/100 g – crema tópica",OTC,54,615892.12,31.71,Farmacia La Botica
2026,2,Devoto-Centro,TANVIMIL ACD FLUOR,solución oral,OTC,156,2193753.91,0.65,Farmacia La Botica
2026,2,Devoto-Centro,MENCOGRIN AP,champú,OTC,460,5878431.51,36.5,Farmacia La Botica
2026,2,Devoto-Centro,TANVIMIL A,50.000 UI – cápsulas,OTC,99,1244083.93,-4.81,Farmacia La Botica
2026,2,Devoto-Centro,TRICOFIN,500 mg – comprimido,RX,76,1854186.26,-32.74,Farmacia España
2026,2,Devoto-Centro,SUTRICO TAR,9 ml/100 ml – champú,OTC,330,2050272.19,-43.49,Farmacia La Botica
2026,2,Devoto-Centro,CIRUELAX MINITABS,75 mg – comprimido recubierto,OTC,57,144546.03,-35.96,Farmacia España
2026,2,Devoto-Centro,APSICO,10 mg – comprimido recubierto,RX,20,565367.74,-20.0,Farmacia La Botica
2026,2,Devoto-Centro,ALACIR,60 mg – comprimido recubierto gastrorresistente,RX,196,3395441.18,-13.66,Farmacia La Botica
2026,2,Almagro-Centro,CO‑TIOCTAN,115 mg/50 mg – comprimido recubierto,OTC,142,562953.98,7.58,Farmacia Brown
2026,2,Almagro-Centro,TRIMACREM PLUS,"0,01 g/4 g/0,05 g/100 g – crema tópica",OTC,224,2545996.25,-24.83,Farmacia Avenida
2026,2,Almagro-Centro,TANVIMIL B1 B6 B12,comprimido recubierto,OTC,72,854778.11,-10.0,Farmacia Brown
2026,2,Almagro-Centro,SUTRICO TAR,9 ml/100 ml – champú,OTC,671,4020471.68,22.0,Farmacia Brown
2026,2,Almagro-Centro,TANDIUR,50 mg – comprimido,RX,241,2424675.28,-17.47,Farmacia Avenida
2026,2,Almagro-Centro,TRICOFIN,500 mg – óvulo vaginal,RX,149,1071158.74,-33.78,Farmacia Brown
2026,2,Almagro-Centro,TRICOPLUS,2 g/100 ml – loción capilar,RX,135,3800471.71,5.47,Farmacia Brown
2026,2,Almagro-Centro,TACNA,250 mg – comprimido,RX,50,582921.27,-9.09,Farmacia Brown
2026,2,Almagro-Centro,PAMOXET,20 mg – comprimido recubierto,RX,197,5964321.66,-5.74,Farmacia Brown
2026,2,Almagro-Centro,MENCOGRIN AP,champú,OTC,173,2313139.61,-6.49,Farmacia Brown
2026,2,Almagro-Centro,APSICO,5 mg – comprimido recubierto,RX,50,651402.97,-24.24,Farmacia Brown
2026,2,Almagro-Centro,ONEFIN,5 mg – comprimido,RX,230,6947379.41,11.11,Farmacia Brown
2026,2,Almagro-Centro,TANVIMIL AMINOÁCIDOS,comprimido recubierto,OTC,152,1484550.39,4.83,Farmacia Brown
2026,2,Vicente López-Centro,TANVIMIL ACD,gotas orales en solución,OTC,188,952647.44,35.25,Farmacia Urquiza
2026,2,Vicente López-Centro,APSICO,5 mg – comprimido recubierto,RX,33,458896.96,37.5,Farmacia Rivadavia
2026,2,Vicente López-Centro,TIOCTAN,600 mg – comprimido recubierto,RX,120,3178046.17,20.0,Farmacia Rivadavia
2026,2,Vicente López-Centro,TANVIMIL ACD FLUOR,solución oral,OTC,114,1644128.33,-32.14,Farmacia Rivadavia
2026,2,Vicente López-Centro,TRICOFIN,500 mg – comprimido,RX,157,4066693.12,-6.55,Farmacia Rivadavia
2026,2,Vicente López-Centro,MENCOGRIN AP,champú,OTC,295,3739791.13,-41.58,Farmacia Urquiza
2026,2,Vicente López-Centro,APSICO,10 mg – comprimido recubierto,RX,137,4029841.48,-36.87,Farmacia Rivadavia
2026,2,Vicente López-Centro,TRICOPLUS,5 g/100 ml – loción capilar,RX,331,9885772.54,18.21,Farmacia Urquiza
2026,2,Vicente López-Centro,TANVIMIL B1 B6 B12,comprimido recubierto,OTC,233,2807905.32,28.02,Farmacia Urquiza
2026,2,Vicente López-Centro,TANVIMIL A,50.000 UI – cápsulas,OTC,119,1589911.43,-22.22,Farmacia Urquiza
2026,2,Vicente López-Centro,TRICOFIN,500 mg – óvulo vaginal,RX,233,1651509.24,-32.66,Farmacia Rivadavia
2026,2,Vicente López-Centro,PAMOXET,20 mg – comprimido recubierto,RX,109,3160662.57,-30.13,Farmacia Urquiza
2026,2,Vicente López-Centro,ALACIR,30 mg – comprimido recubierto gastrorresistente,RX,102,1382026.3,-10.53,Farmacia Rivadavia
2026,2,Vicente López-Centro,TANDIUR,50 mg – comprimido,RX,79,794168.98,-1.25,Farmacia Rivadavia
2026,2,Vicente López-Centro,PAMOXET,40 mg – comprimido recubierto,RX,76,1717791.69,11.76,Farmacia Rivadavia
2026,2,Vicente López-Centro,TRIMACREM PLUS,"0,01 g/4 g/0,05 g/100 g – crema tópica",OTC,303,3376369.61,41.59,Farmacia Rivadavia
2026,2,Vicente López-Centro,CO‑TIOCTAN,115 mg/50 mg – comprimido recubierto,OTC,139,529663.07,19.83,Farmacia Urquiza
2026,2,Vicente López-Centro,TANVIMIL PLUS,cápsula,OTC,97,859299.63,14.12,Farmacia Urquiza
2026,2,Vicente López-Centro,ONEFIN,10 mg – comprimido,RX,142,3483327.69,29.09,Farmacia Urquiza
2026,2,Vicente López-Centro,AEROGAL,64 g/170 g – polvo efervescente en frasco,OTC,33,422768.37,-13.16,Farmacia Rivadavia
2026,2,Palermo-Sur,TACNA,250 mg – comprimido,RX,85,956232.6,25.0,Farmacia Moreno
2026,2,Palermo-Sur,PAMOXET,40 mg – comprimido recubierto,RX,343,8153547.45,13.58,Farmacia Moreno
2026,2,Palermo-Sur,TANVIMIL ACD,gotas orales en solución,OTC,194,965705.5,19.02,Farmacia Central
2026,2,Palermo-Sur,TRIMACREM PLUS,"0,01 g/4 g/0,05 g/100 g – crema tópica",OTC,291,3402102.59,-15.9,Farmacia Central
2026,2,Palermo-Sur,TRICOFIN,500 mg – óvulo vaginal,RX,113,767789.37,-11.72,Farmacia Central
2026,2,Palermo-Sur,TRICOFIN,500 mg – comprimido,RX,286,7441424.35,41.58,Farmacia Central
2026,2,Palermo-Sur,TRICOPLUS,2 g/100 ml – loción capilar,RX,303,8546692.36,20.24,Farmacia Central
2026,2,Palermo-Sur,TANVIMIL PLUS,cápsula,OTC,114,1024259.06,14.0,Farmacia Central
2026,2,Palermo-Sur,TANVIMIL B1 B6 B12,comprimido recubierto,OTC,20,228747.69,-25.93,Farmacia Central
2026,2,Palermo-Sur,CO‑TIOCTAN,115 mg/50 mg – comprimido recubierto,OTC,147,571451.98,8.09,Farmacia Moreno
2026,2,Palermo-Sur,ALACIR,60 mg – comprimido recubierto gastrorresistente,RX,192,3329141.51,-16.52,Farmacia Moreno
2026,2,Palermo-Sur,TANVIMIL A,100.000 UI – cápsulas,OTC,52,150766.72,-33.33,Farmacia Central
2026,2,Palermo-Sur,TRICOPLUS,5 g/100 ml – loción capilar,RX,184,5523524.26,-7.07,Farmacia Moreno
2026,2,Palermo-Sur,PAMOXET,20 mg – comprimido recubierto,RX,92,2726228.27,-21.37,Farmacia Moreno
2026,2,Palermo-Sur,MENCOGRIN AP,champú,OTC,131,1627845.62,-31.41,Farmacia Central
2026,2,Palermo-Sur,AEROGAL,64 g/170 g – polvo efervescente en frasco,OTC,149,1824649.52,6.43,Farmacia Moreno
2026,2,Palermo-Sur,TANVIMIL ACD FLUOR,solución oral,OTC,17,242082.82,-29.17,Farmacia Moreno
2026,2,Quilmes-Centro,TRICOPLUS,2 g/100 ml – loción capilar,RX,348,9739249.6,-13.22,Farmacia Alsina
2026,2,Quilmes-Centro,TRICOFIN,500 mg – óvulo vaginal,RX,63,444926.76,50.0,Farmacia Alsina
2026,2,Quilmes-Centro,PAMOXET,20 mg – comprimido recubierto,RX,35,1051500.66,-5.41,Farmacia Alsina
2026,2,Quilmes-Centro,CIRUELAX MINITABS,75 mg – comprimido recubierto,OTC,104,273013.16,6.12,Farmacia Alsina
2026,2,Quilmes-Centro,ONEFIN,5 mg – comprimido,RX,230,7003112.53,-29.23,Farmacia Pasteur
2026,2,Quilmes-Centro,AEROGAL,64 g/170 g – polvo efervescente en frasco,OTC,96,1199801.71,-31.43,Farmacia Pasteur
2026,2,Quilmes-Centro,ONEFIN,10 mg – comprimido,RX,197,4793747.86,-9.63,Farmacia Pasteur
2026,2,Quilmes-Centro,TANVIMIL A,100.000 UI – cápsulas,OTC,248,720841.4,-20.26,Farmacia Pasteur
2026,2,Quilmes-Centro,APSICO,5 mg – comprimido recubierto,RX,208,2741769.6,38.67,Farmacia Pasteur
2026,2,Quilmes-Centro,TANVIMIL A,50.000 UI – cápsulas,OTC,166,2063164.09,-16.58,Farmacia Alsina
2026,2,Quilmes-Centro,TANVIMIL ACD FLUOR,solución oral,OTC,276,4062016.34,9.09,Farmacia Pasteur
2026,2,Quilmes-Centro,TACNA,250 mg – comprimido,RX,72,800877.17,-22.58,Farmacia Alsina
2026,2,Flores-Norte,AEROGAL,64 g/170 g – polvo efervescente en frasco,OTC,64,802700.59,-18.99,Farmacia Mitre
2026,2,Flores-Norte,ALACIR,30 mg – comprimido recubierto gastrorresistente,RX,276,3522467.15,-30.83,Farmacia Castelli
2026,2,Flores-Norte,TANVIMIL AMINOÁCIDOS,comprimido recubierto,OTC,237,2267870.34,55.92,Farmacia Mitre
2026,2,Flores-Norte,CO‑TIOCTAN,115 mg/50 mg – comprimido recubierto,OTC,272,1071971.12,39.49,Farmacia Castelli
2026,2,Flores-Norte,TANVIMIL PLUS,cápsula,OTC,311,2866203.48,65.43,Farmacia Mitre
2026,2,Flores-Norte,TRICOFIN,500 mg – comprimido,RX,152,3838196.14,-39.2,Farmacia Mitre
2026,2,Flores-Norte,APSICO,"2,5 mg – comprimido recubierto",RX,163,4695227.0,-10.93,Farmacia Mitre
2026,2,Flores-Norte,TANVIMIL ACD FLUOR,solución oral,OTC,251,3688271.43,10.09,Farmacia Castelli
2026,2,Flores-Norte,TACNA,250 mg – comprimido,RX,136,1550680.42,-17.58,Farmacia Castelli
2026,2,Flores-Norte,TIOCTAN,600 mg – comprimido recubierto,RX,366,10036142.39,67.12,Farmacia Castelli
2026,2,Flores-Norte,TRIMACREM PLUS,"0,01 g/4 g/0,05 g/100 g – crema tópica",OTC,102,1138032.23,24.39,Farmacia Mitre
2026,2,Flores-Norte,SUTRICO TAR,9 ml/100 ml – champú,OTC,253,1578352.27,-10.6,Farmacia Castelli
2026,2,Flores-Norte,ALACIR,60 mg – comprimido recubierto gastrorresistente,RX,196,3356790.12,-1.01,Farmacia Castelli
2026,2,La Plata-Centro,TIOCTAN,600 mg – comprimido recubierto,RX,118,3234424.79,-17.48,Farmacia Del Sur
2026,2,La Plata-Centro,AEROGAL,64 g/170 g – polvo efervescente en frasco,OTC,53,663540.57,-15.87,Farmacia Roca
2026,2,La Plata-Centro,ONEFIN,10 mg – comprimido,RX,240,6058113.88,-9.43,Farmacia Del Sur
2026,2,La Plata-Centro,ONEFIN,5 mg – comprimido,RX,295,9270498.51,-5.75,Farmacia Roca
2026,2,La Plata-Centro,CO‑TIOCTAN,115 mg/50 mg – comprimido recubierto,OTC,215,845688.12,-19.17,Farmacia Roca
2026,2,La Plata-Centro,TRICOFIN,500 mg – comprimido,RX,162,4001496.09,42.11,Farmacia Roca
2026,2,La Plata-Centro,TANVIMIL ACD FLUOR,solución oral,OTC,64,898450.35,-32.63,Farmacia Roca
2026,2,La Plata-Centro,PAMOXET,20 mg – comprimido recubierto,RX,276,8113625.92,36.63,Farmacia Roca
2026,2,La Plata-Centro,TANDIUR,50 mg – comprimido,RX,212,2145122.67,-6.19,Farmacia Roca
2026,2,La Plata-Centro,MENCOGRIN AP,champú,OTC,205,2654936.46,15.82,Farmacia Roca
2026,2,La Plata-Centro,TRIMACREM PLUS,"0,01 g/4 g/0,05 g/100 g – crema tópica",OTC,74,826851.98,72.09,Farmacia Roca
2026,2,La Plata-Centro,TACNA,250 mg – comprimido,RX,238,2636977.82,28.65,Farmacia Del Sur
2026,2,La Plata-Centro,TRICOFIN,500 mg – óvulo vaginal,RX,311,2078997.52,9.51,Farmacia Del Sur
2026,2,La Plata-Centro,SUTRICO TAR,9 ml/100 ml – champú,OTC,277,1708631.22,-26.13,Farmacia Del Sur
2026,2,La Plata-Centro,TANVIMIL AMINOÁCIDOS,comprimido recubierto,OTC,282,2674697.58,28.77,Farmacia Del Sur
2026,2,La Plata-Centro,ALACIR,30 mg – comprimido recubierto gastrorresistente,RX,219,2857023.47,2.34,Farmacia Del Sur
2026,2,Villa Urquiza-Centro,ALACIR,30 mg – comprimido recubierto gastrorresistente,RX,180,2404580.17,-13.88,Farmacia Italia
2026,2,Villa Urquiza-Centro,TANVIMIL B1 B6 B12,comprimido recubierto,OTC,268,3063218.68,6.35,Farmacia Italia
2026,2,Villa Urquiza-Centro,PANCUTAN NF,"0,2 g/600.000 UI/600.000 UI/100 g – gel tópico",RX,478,9661063.03,73.19,Farmacia San José
2026,2,Villa Urquiza-Centro,APSICO,5 mg – comprimido recubierto,RX,93,1278059.55,5.68,Farmacia San José
2026,2,Villa Urquiza-Centro,SUTRICO TAR,9 ml/100 ml – champú,OTC,43,266528.7,43.33,Farmacia San José
2026,2,Villa Urquiza-Centro,TRICOFIN,500 mg – comprimido,RX,97,2381751.68,0.0,Farmacia San José
2026,2,Villa Urquiza-Centro,TRICOPLUS,5 g/100 ml – loción capilar,RX,365,11262492.96,-8.98,Farmacia San José
2026,2,Villa Urquiza-Centro,ALACIR,60 mg – comprimido recubierto gastrorresistente,RX,315,5472852.85,6.06,Farmacia Italia
2026,2,Villa Urquiza-Centro,ONEFIN,5 mg – comprimido,RX,346,10355438.01,9.84,Farmacia Italia
2026,2,Villa Urquiza-Centro,TANDIUR,50 mg – comprimido,RX,124,1249685.46,15.89,Farmacia San José
2026,2,Villa Urquiza-Centro,TANVIMIL A,100.000 UI – cápsulas,OTC,25,71216.81,38.89,Farmacia San José
2026,2,Villa Urquiza-Centro,TRIMACREM PLUS,"0,01 g/4 g/0,05 g/100 g – crema tópica",OTC,378,4308782.44,2.72,Farmacia Italia
2026,2,Palermo-Norte,TANVIMIL B1 B6 B12,comprimido recubierto,OTC,167,1955117.97,-18.93,Farmacia Del Ángel
2026,2,Palermo-Norte,TANVIMIL ACD FLUOR,solución oral,OTC,85,1221437.94,8.97,Farmacia Del Pueblo
2026,2,Palermo-Norte,PAMOXET,20 mg – comprimido recubierto,RX,248,7208403.72,62.09,Farmacia Del Ángel
2026,2,Palermo-Norte,ALACIR,60 mg – comprimido recubierto gastrorresistente,RX,256,4239992.94,28.64,Farmacia Del Ángel
2026,2,Palermo-Norte,PAMOXET,40 mg – comprimido recubierto,RX,310,6825020.28,48.33,Farmacia Del Ángel
2026,2,Palermo-Norte,TANVIMIL AMINOÁCIDOS,comprimido recubierto,OTC,21,205237.87,-32.26,Farmacia Del Pueblo
2026,2,Palermo-Norte,APSICO,5 mg – comprimido recubierto,RX,182,2375898.47,11.66,Farmacia Del Pueblo
2026,2,Palermo-Norte,TRICOFIN,500 mg – comprimido,RX,43,1043918.1,53.57,Farmacia Del Pueblo
2026,2,Palermo-Norte,TANVIMIL A,100.000 UI – cápsulas,OTC,204,577234.62,44.68,Farmacia Del Ángel
2026,2,Palermo-Norte,CO‑TIOCTAN,115 mg/50 mg – comprimido recubierto,OTC,234,916224.62,-14.29,Farmacia Del Ángel
2026,2,Palermo-Norte,APSICO,10 mg – comprimido recubierto,RX,202,5775775.21,-29.12,Farmacia Del Ángel
2026,2,Palermo-Norte,TANVIMIL PLUS,cápsula,OTC,30,260799.35,-23.08,Farmacia Del Ángel
2026,2,Palermo-Norte,APSICO,"2,5 mg – comprimido recubierto",RX,178,5172588.72,53.45,Farmacia Del Pueblo
2026,2,Palermo-Norte,AEROGAL,64 g/170 g – polvo efervescente en frasco,OTC,65,836311.92,-35.0,Farmacia Del Ángel
2026,2,Belgrano-Centro,TANVIMIL AMINOÁCIDOS,comprimido recubierto,OTC,40,384380.67,-18.37,Farmacia Del Centro
2026,2,Belgrano-Centro,TANVIMIL ACD FLUOR,solución oral,OTC,25,352339.95,-30.56,Farmacia Del Centro
2026,2,Belgrano-Centro,TANVIMIL B1 B6 B12,comprimido recubierto,OTC,214,2544706.03,-30.52,Farmacia San Martín
2026,2,Belgrano-Centro,TRIMACREM PLUS,"0,01 g/4 g/0,05 g/100 g – crema tópica",OTC,512,5888723.91,6.22,Farmacia Del Centro
2026,2,Belgrano-Centro,TRICOFIN,500 mg – óvulo vaginal,RX,282,1909795.49,12.8,Farmacia San Martín
2026,2,Belgrano-Centro,ALACIR,30 mg – comprimido recubierto gastrorresistente,RX,179,2251787.37,-1.1,Farmacia Del Centro
2026,2,Belgrano-Centro,SUTRICO TAR,9 ml/100 ml – champú,OTC,535,3436118.07,-10.54,Farmacia Del Centro
2026,2,Belgrano-Centro,AEROGAL,64 g/170 g – polvo efervescente en frasco,OTC,140,1719131.2,-33.65,Farmacia San Martín
2026,2,Belgrano-Centro,TANVIMIL A,50.000 UI – cápsulas,OTC,54,687702.24,-38.64,Farmacia Del Centro
2026,2,Belgrano-Centro,APSICO,10 mg – comprimido recubierto,RX,46,1314852.22,64.29,Farmacia Del Centro
2026,2,Belgrano-Centro,APSICO,5 mg – comprimido recubierto,RX,217,2887845.47,18.58,Farmacia San Martín
2026,2,Belgrano-Centro,CIRUELAX MINITABS,75 mg – comprimido recubierto,OTC,36,92202.34,-41.94,Farmacia San Martín
2026,2,Núñez-Centro,ONEFIN,10 mg – comprimido,RX,107,2756931.03,-3.6,Farmacia Sarmiento
2026,2,Núñez-Centro,MENCOGRIN AP,champú,OTC,180,2232270.62,38.46,Farmacia Sarmiento
2026,2,Núñez-Centro,TANVIMIL A,50.000 UI – cápsulas,OTC,89,1141476.9,25.35,Farmacia Del Lago
2026,2,Núñez-Centro,TANDIUR,50 mg – comprimido,RX,58,559838.64,28.89,Farmacia Sarmiento
2026,2,Núñez-Centro,TANVIMIL PLUS,cápsula,OTC,205,1850429.79,12.02,Farmacia Del Lago
2026,2,Núñez-Centro,TACNA,250 mg – comprimido,RX,95,1063859.75,-1.04,Farmacia Del Lago
2026,2,Núñez-Centro,TRICOFIN,500 mg – óvulo vaginal,RX,35,250317.0,-20.45,Farmacia Del Lago
2026,2,Núñez-Centro,PANCUTAN NF,"0,2 g/600.000 UI/600.000 UI/100 g – gel tópico",RX,544,11078234.11,15.74,Farmacia Del Lago
2026,2,Núñez-Centro,ALACIR,30 mg – comprimido recubierto gastrorresistente,RX,81,1096354.91,28.57,Farmacia Del Lago
2026,2,Núñez-Centro,CO‑TIOCTAN,115 mg/50 mg – comprimido recubierto,OTC,215,801659.35,-6.52,Farmacia Del Lago
2026,2,Núñez-Centro,PAMOXET,40 mg – comprimido recubierto,RX,88,1941551.72,62.96,Farmacia Sarmiento
2026,2,Núñez-Centro,TRICOPLUS,2 g/100 ml – loción capilar,RX,462,12788190.0,5.96,Farmacia Sarmiento
2026,2,Núñez-Centro,TRIMACREM PLUS,"0,01 g/4 g/0,05 g/100 g – crema tópica",OTC,269,2958354.94,22.27,Farmacia Sarmiento
2026,2,Núñez-Centro,APSICO,5 mg – comprimido recubierto,RX,102,1346665.58,-25.55,Farmacia Del Lago
2026,2,Núñez-Centro,SUTRICO TAR,9 ml/100 ml – champú,OTC,48,298842.3,-11.11,Farmacia Del Lago
2026,2,Núñez-Centro,TANVIMIL B1 B6 B12,comprimido recubierto,OTC,223,2686862.12,1.36,Farmacia Del Lago
2026,2,Núñez-Centro,TANVIMIL A,100.000 UI – cápsulas,OTC,190,516697.82,25.0,Farmacia Del Lago
2026,2,Núñez-Centro,PAMOXET,20 mg – comprimido recubierto,RX,99,2952315.28,6.45,Farmacia Sarmiento
2026,2,Núñez-Centro,AEROGAL,64 g/170 g – polvo efervescente en frasco,OTC,114,1427729.64,-12.98,Farmacia Del Lago
2026,2,Caballito-Centro,APSICO,"2,5 mg – comprimido recubierto",RX,358,10168809.65,70.48,Farmacia Pellegrini
2026,2,Caballito-Centro,PAMOXET,20 mg – comprimido recubierto,RX,33,988696.2,0.0,Farmacia Pellegrini
2026,2,Caballito-Centro,TRICOFIN,500 mg – óvulo vaginal,RX,173,1219394.65,-17.22,Farmacia Pellegrini
2026,2,Caballito-Centro,AEROGAL,64 g/170 g – polvo efervescente en frasco,OTC,161,1951891.86,53.33,Farmacia Pellegrini
2026,2,Caballito-Centro,PAMOXET,40 mg – comprimido recubierto,RX,39,876787.49,-37.1,Farmacia Belgrano
2026,2,Caballito-Centro,TRICOPLUS,5 g/100 ml – loción capilar,RX,73,2262047.45,-29.13,Farmacia Belgrano
2026,2,Caballito-Centro,TANDIUR,50 mg – comprimido,RX,138,1376755.3,56.82,Farmacia Pellegrini
2026,2,Caballito-Centro,TANVIMIL ACD FLUOR,solución oral,OTC,282,4110407.95,21.03,Farmacia Belgrano
2026,2,Caballito-Centro,MENCOGRIN AP,champú,OTC,154,1999141.17,-31.86,Farmacia Belgrano
2026,2,Caballito-Centro,PANCUTAN NF,"0,2 g/600.000 UI/600.000 UI/100 g – gel tópico",RX,262,5160922.94,40.11,Farmacia Pellegrini
2026,2,Caballito-Centro,CO‑TIOCTAN,115 mg/50 mg – comprimido recubierto,OTC,79,298955.92,6.76,Farmacia Belgrano
2026,2,Caballito-Centro,TRICOFIN,500 mg – comprimido,RX,89,2197182.17,-33.58,Farmacia Pellegrini
2026,2,Caballito-Centro,ALACIR,30 mg – comprimido recubierto gastrorresistente,RX,374,4739011.82,1.63,Farmacia Belgrano
2026,2,Caballito-Centro,TANVIMIL B1 B6 B12,comprimido recubierto,OTC,44,517680.65,41.94,Farmacia Belgrano
2026,3,Recoleta-Norte,TRICOPLUS,2 g/100 ml – loción capilar,RX,341,9706809.06,12.17,Farmacia Güemes
2026,3,Recoleta-Norte,CO‑TIOCTAN,115 mg/50 mg – comprimido recubierto,OTC,188,709334.92,51.61,Farmacia La Estrella
2026,3,Recoleta-Norte,TRICOFIN,500 mg – óvulo vaginal,RX,58,397289.17,13.73,Farmacia La Estrella
2026,3,Recoleta-Norte,TRICOPLUS,5 g/100 ml – loción capilar,RX,117,3658819.17,15.84,Farmacia La Estrella
2026,3,Recoleta-Norte,PAMOXET,40 mg – comprimido recubierto,RX,247,5509754.48,-15.7,Farmacia La Estrella
2026,3,Recoleta-Norte,APSICO,"2,5 mg – comprimido recubierto",RX,324,9278147.06,19.56,Farmacia Güemes
2026,3,Recoleta-Norte,APSICO,10 mg – comprimido recubierto,RX,278,7877813.36,-8.85,Farmacia Güemes
2026,3,Recoleta-Norte,TANVIMIL PLUS,cápsula,OTC,210,1825220.99,59.09,Farmacia Güemes
2026,3,Recoleta-Norte,TANVIMIL ACD,gotas orales en solución,OTC,80,395791.3,17.65,Farmacia La Estrella
2026,3,Recoleta-Norte,APSICO,5 mg – comprimido recubierto,RX,216,2877832.07,-13.25,Farmacia La Estrella
2026,3,Recoleta-Norte,TIOCTAN,600 mg – comprimido recubierto,RX,179,4928170.87,1.13,Farmacia La Estrella
2026,3,Recoleta-Norte,TANVIMIL B1 B6 B12,comprimido recubierto,OTC,354,4061658.44,16.83,Farmacia La Estrella
2026,3,Recoleta-Norte,PAMOXET,20 mg – comprimido recubierto,RX,140,4037484.96,-24.73,Farmacia Güemes
2026,3,Recoleta-Norte,CIRUELAX MINITABS,75 mg – comprimido recubierto,OTC,137,360431.2,-43.39,Farmacia Güemes
2026,3,Recoleta-Norte,TACNA,250 mg – comprimido,RX,76,860347.63,-28.3,Farmacia Güemes
2026,3,Recoleta-Norte,PANCUTAN NF,"0,2 g/600.000 UI/600.000 UI/100 g – gel tópico",RX,46,913705.52,48.39,Farmacia La Estrella
2026,3,Recoleta-Norte,TANVIMIL ACD FLUOR,solución oral,OTC,204,3026172.49,4.62,Farmacia Güemes
2026,3,Recoleta-Norte,ONEFIN,5 mg – comprimido,RX,268,8091183.65,34.67,Farmacia La Estrella
2026,3,Recoleta-Norte,TANVIMIL AMINOÁCIDOS,comprimido recubierto,OTC,26,253549.68,-27.78,Farmacia La Estrella
2026,3,Microcentro-Este,TANVIMIL AMINOÁCIDOS,comprimido recubierto,OTC,166,1604464.71,-19.02,Farmacia Del Parque
2026,3,Microcentro-Este,PANCUTAN NF,"0,2 g/600.000 UI/600.000 UI/100 g – gel tópico",RX,91,1768899.89,-44.17,Farmacia Pueyrredón
2026,3,Microcentro-Este,TANVIMIL ACD,gotas orales en solución,OTC,282,1369943.05,-16.81,Farmacia Del Parque
2026,3,Microcentro-Este,TANVIMIL B1 B6 B12,comprimido recubierto,OTC,325,3845518.69,-25.29,Farmacia Del Parque
2026,3,Microcentro-Este,APSICO,"2,5 mg – comprimido recubierto",RX,201,5901370.12,-36.99,Farmacia Del Parque
2026,3,Microcentro-Este,TANVIMIL ACD FLUOR,solución oral,OTC,176,2570737.8,-18.14,Farmacia Pueyrredón
2026,3,Microcentro-Este,MENCOGRIN AP,champú,OTC,173,2214298.55,8.12,Farmacia Del Parque
2026,3,Microcentro-Este,TACNA,250 mg – comprimido,RX,136,1535918.2,-36.74,Farmacia Pueyrredón
2026,3,Microcentro-Este,ALACIR,60 mg – comprimido recubierto gastrorresistente,RX,267,4629196.15,-13.31,Farmacia Del Parque
2026,3,Microcentro-Este,TRICOFIN,500 mg – óvulo vaginal,RX,241,1667798.1,0.42,Farmacia Pueyrredón
2026,3,Microcentro-Este,APSICO,5 mg – comprimido recubierto,RX,203,2644409.28,-19.12,Farmacia Del Parque
2026,3,Microcentro-Este,CO‑TIOCTAN,115 mg/50 mg – comprimido recubierto,OTC,47,188524.51,2.17,Farmacia Del Parque
2026,3,Microcentro-Este,TRIMACREM PLUS,"0,01 g/4 g/0,05 g/100 g – crema tópica",OTC,52,587289.89,-34.18,Farmacia Pueyrredón
2026,3,Microcentro-Este,ONEFIN,10 mg – comprimido,RX,178,4555687.19,-29.92,Farmacia Del Parque
2026,3,Microcentro-Este,SUTRICO TAR,9 ml/100 ml – champú,OTC,64,385553.17,-5.88,Farmacia Del Parque
2026,3,Microcentro-Este,AEROGAL,64 g/170 g – polvo efervescente en frasco,OTC,162,2029518.99,-10.99,Farmacia Pueyrredón
2026,3,San Isidro-Centro,PAMOXET,20 mg – comprimido recubierto,RX,88,2634217.42,14.29,Farmacia Del Oeste
2026,3,San Isidro-Centro,APSICO,10 mg – comprimido recubierto,RX,31,916189.83,-3.12,Farmacia Del Oeste
2026,3,San Isidro-Centro,CIRUELAX MINITABS,75 mg – comprimido recubierto,OTC,80,200381.56,-38.46,Farmacia Del Oeste
2026,3,San Isidro-Centro,TRICOFIN,500 mg – comprimido,RX,254,6596333.59,25.74,Farmacia Del Oeste
2026,3,San Isidro-Centro,TRIMACREM PLUS,"0,01 g/4 g/0,05 g/100 g – crema tópica",OTC,93,1078240.67,8.14,Farmacia Del Oeste
2026,3,San Isidro-Centro,TANVIMIL ACD,gotas orales en solución,OTC,106,547312.59,-37.65,Farmacia Del Norte
2026,3,San Isidro-Centro,ONEFIN,10 mg – comprimido,RX,119,2867409.36,-7.75,Farmacia Del Oeste
2026,3,San Isidro-Centro,PAMOXET,40 mg – comprimido recubierto,RX,215,4889206.44,8.04,Farmacia Del Norte
2026,3,San Isidro-Centro,TRICOPLUS,5 g/100 ml – loción capilar,RX,93,2871329.67,6.9,Farmacia Del Oeste
2026,3,San Isidro-Centro,CO‑TIOCTAN,115 mg/50 mg – comprimido recubierto,OTC,47,188165.93,0.0,Farmacia Del Norte
2026,3,San Isidro-Centro,TANVIMIL B1 B6 B12,comprimido recubierto,OTC,255,3006197.84,-32.0,Farmacia Del Norte
2026,3,San Isidro-Centro,ONEFIN,5 mg – comprimido,RX,214,6458517.22,0.94,Farmacia Del Oeste
2026,3,San Isidro-Centro,TANVIMIL A,50.000 UI – cápsulas,OTC,163,2142867.73,35.83,Farmacia Del Norte
2026,3,San Isidro-Centro,TANDIUR,50 mg – comprimido,RX,302,2906041.79,-1.63,Farmacia Del Oeste
2026,3,San Isidro-Centro,TANVIMIL A,100.000 UI – cápsulas,OTC,442,1215513.42,37.27,Farmacia Del Norte
2026,3,San Isidro-Centro,APSICO,5 mg – comprimido recubierto,RX,75,984013.69,-2.6,Farmacia Del Oeste
2026,3,San Isidro-Centro,TACNA,250 mg – comprimido,RX,266,2971084.59,-19.39,Farmacia Del Norte
2026,3,Belgrano-R,PANCUTAN NF,"0,2 g/600.000 UI/600.000 UI/100 g – gel tópico",RX,229,4369445.38,37.13,Farmacia Lavalle
2026,3,Belgrano-R,SUTRICO TAR,9 ml/100 ml – champú,OTC,237,1442818.09,-11.57,Farmacia Del Sol
2026,3,Belgrano-R,TANVIMIL AMINOÁCIDOS,comprimido recubierto,OTC,43,406885.92,65.38,Farmacia Lavalle
2026,3,Belgrano-R,CO‑TIOCTAN,115 mg/50 mg – comprimido recubierto,OTC,204,780618.19,52.24,Farmacia Lavalle
2026,3,Belgrano-R,ONEFIN,10 mg – comprimido,RX,61,1473615.06,-8.96,Farmacia Del Sol
2026,3,Belgrano-R,ALACIR,30 mg – comprimido recubierto gastrorresistente,RX,184,2441976.7,-37.2,Farmacia Lavalle
2026,3,Belgrano-R,TRICOFIN,500 mg – óvulo vaginal,RX,216,1502126.05,5.88,Farmacia Del Sol
2026,3,Belgrano-R,APSICO,"2,5 mg – comprimido recubierto",RX,126,3556283.76,-22.7,Farmacia Lavalle
2026,3,Belgrano-R,TRICOPLUS,5 g/100 ml – loción capilar,RX,371,11403761.43,36.9,Farmacia Lavalle
2026,3,Belgrano-R,AEROGAL,64 g/170 g – polvo efervescente en frasco,OTC,157,1969305.35,-21.11,Farmacia Lavalle
2026,3,Belgrano-R,TANVIMIL A,50.000 UI – cápsulas,OTC,225,3019871.45,-35.16,Farmacia Del Sol
2026,3,Belgrano-R,TANVIMIL PLUS,cápsula,OTC,140,1257142.62,-15.15,Farmacia Del Sol
2026,3,Belgrano-R,ONEFIN,5 mg – comprimido,RX,92,2787873.2,9.52,Farmacia Del Sol
2026,3,Belgrano-R,ALACIR,60 mg – comprimido recubierto gastrorresistente,RX,216,3603942.2,44.97,Farmacia Del Sol
2026,3,Belgrano-R,MENCOGRIN AP,champú,OTC,285,3708249.52,33.18,Farmacia Del Sol
2026,3,Belgrano-R,TIOCTAN,600 mg – comprimido recubierto,RX,93,2491090.82,-15.45,Farmacia Del Sol
2026,3,Belgrano-R,APSICO,10 mg – comprimido recubierto,RX,197,5859914.3,-20.24,Farmacia Del Sol
2026,3,Belgrano-R,TANDIUR,50 mg – comprimido,RX,266,2696261.36,23.15,Farmacia Del Sol
2026,3,Belgrano-R,CIRUELAX MINITABS,75 mg – comprimido recubierto,OTC,177,467687.0,17.22,Farmacia Del Sol
2026,3,Devoto-Centro,PAMOXET,20 mg – comprimido recubierto,RX,226,6513390.07,-26.86,Farmacia España
2026,3,Devoto-Centro,TANVIMIL A,100.000 UI – cápsulas,OTC,327,888833.65,-21.58,Farmacia La Botica
2026,3,Devoto-Centro,TIOCTAN,600 mg – comprimido recubierto,RX,97,2655964.22,-21.77,Farmacia España
2026,3,Devoto-Centro,TRICOPLUS,5 g/100 ml – loción capilar,RX,168,5053629.89,-8.7,Farmacia La Botica
2026,3,Devoto-Centro,PANCUTAN NF,"0,2 g/600.000 UI/600.000 UI/100 g – gel tópico",RX,100,1897127.55,13.64,Farmacia La Botica
2026,3,Devoto-Centro,TANVIMIL ACD,gotas orales en solución,OTC,180,923528.91,59.29,Farmacia La Botica
2026,3,Devoto-Centro,ONEFIN,5 mg – comprimido,RX,351,10748141.98,17.79,Farmacia España
2026,3,Devoto-Centro,TANDIUR,50 mg – comprimido,RX,183,1747071.1,-43.52,Farmacia La Botica
2026,3,Devoto-Centro,TRIMACREM PLUS,"0,01 g/4 g/0,05 g/100 g – crema tópica",OTC,17,185207.41,-43.33,Farmacia España
2026,3,Devoto-Centro,TANVIMIL ACD FLUOR,solución oral,OTC,209,3034112.3,14.21,Farmacia España
2026,3,Devoto-Centro,MENCOGRIN AP,champú,OTC,226,2934526.0,-6.61,Farmacia La Botica
2026,3,Devoto-Centro,TANVIMIL A,50.000 UI – cápsulas,OTC,108,1423778.35,-37.93,Farmacia La Botica
2026,3,Devoto-Centro,TRICOFIN,500 mg – comprimido,RX,74,1802353.53,-40.32,Farmacia La Botica
2026,3,Devoto-Centro,SUTRICO TAR,9 ml/100 ml – champú,OTC,185,1186210.08,-35.09,Farmacia La Botica
2026,3,Devoto-Centro,CIRUELAX MINITABS,75 mg – comprimido recubierto,OTC,50,131779.61,-9.09,Farmacia La Botica
2026,3,Devoto-Centro,APSICO,10 mg – comprimido recubierto,RX,26,737072.24,36.84,Farmacia España
2026,3,Devoto-Centro,ALACIR,60 mg – comprimido recubierto gastrorresistente,RX,146,2505844.16,4.29,Farmacia España
2026,3,Almagro-Centro,CO‑TIOCTAN,115 mg/50 mg – comprimido recubierto,OTC,132,515678.16,-6.38,Farmacia Brown
2026,3,Almagro-Centro,TRIMACREM PLUS,"0,01 g/4 g/0,05 g/100 g – crema tópica",OTC,86,997301.75,-37.23,Farmacia Brown
2026,3,Almagro-Centro,TANVIMIL B1 B6 B12,comprimido recubierto,OTC,88,1062286.95,-14.56,Farmacia Brown
2026,3,Almagro-Centro,SUTRICO TAR,9 ml/100 ml – champú,OTC,291,1765498.62,-7.62,Farmacia Avenida
2026,3,Almagro-Centro,TANDIUR,50 mg – comprimido,RX,183,1720584.89,-36.68,Farmacia Brown
2026,3,Almagro-Centro,TRICOFIN,500 mg – óvulo vaginal,RX,209,1420059.52,30.63,Farmacia Avenida
2026,3,Almagro-Centro,TRICOPLUS,2 g/100 ml – loción capilar,RX,83,2434190.79,2.47,Farmacia Avenida
2026,3,Almagro-Centro,TACNA,250 mg – comprimido,RX,52,574058.92,-5.45,Farmacia Avenida
2026,3,Almagro-Centro,PAMOXET,20 mg – comprimido recubierto,RX,262,7437769.85,-10.88,Farmacia Avenida
2026,3,Almagro-Centro,MENCOGRIN AP,champú,OTC,109,1411003.61,45.33,Farmacia Brown
2026,3,Almagro-Centro,APSICO,5 mg – comprimido recubierto,RX,60,796715.83,7.14,Farmacia Avenida
2026,3,Almagro-Centro,ONEFIN,5 mg – comprimido,RX,229,7354771.6,-2.55,Farmacia Brown
2026,3,Almagro-Centro,TANVIMIL AMINOÁCIDOS,comprimido recubierto,OTC,113,1101115.03,-43.22,Farmacia Avenida
2026,3,Vicente López-Centro,TANVIMIL ACD,gotas orales en solución,OTC,194,998157.76,-9.77,Farmacia Urquiza
2026,3,Vicente López-Centro,APSICO,5 mg – comprimido recubierto,RX,25,323894.35,-16.67,Farmacia Urquiza
2026,3,Vicente López-Centro,TIOCTAN,600 mg – comprimido recubierto,RX,109,2984696.11,-6.84,Farmacia Urquiza
2026,3,Vicente López-Centro,TANVIMIL ACD FLUOR,solución oral,OTC,205,2872823.11,12.02,Farmacia Urquiza
2026,3,Vicente López-Centro,TRICOFIN,500 mg – comprimido,RX,158,3857527.37,-25.82,Farmacia Rivadavia
2026,3,Vicente López-Centro,MENCOGRIN AP,champú,OTC,180,2329214.4,-16.28,Farmacia Urquiza
2026,3,Vicente López-Centro,APSICO,10 mg – comprimido recubierto,RX,216,6417033.13,21.35,Farmacia Rivadavia
2026,3,Vicente López-Centro,TRICOPLUS,5 g/100 ml – loción capilar,RX,233,7069444.25,-8.63,Farmacia Rivadavia
2026,3,Vicente López-Centro,TANVIMIL B1 B6 B12,comprimido recubierto,OTC,333,3767390.33,-12.6,Farmacia Rivadavia
2026,3,Vicente López-Centro,TANVIMIL A,50.000 UI – cápsulas,OTC,214,2820956.21,46.58,Farmacia Rivadavia
2026,3,Vicente López-Centro,TRICOFIN,500 mg – óvulo vaginal,RX,234,1673208.06,12.5,Farmacia Rivadavia
2026,3,Vicente López-Centro,PAMOXET,20 mg – comprimido recubierto,RX,88,2552235.61,-18.52,Farmacia Rivadavia
2026,3,Vicente López-Centro,ALACIR,30 mg – comprimido recubierto gastrorresistente,RX,58,771054.68,-18.31,Farmacia Rivadavia
2026,3,Vicente López-Centro,TANDIUR,50 mg – comprimido,RX,96,960153.37,21.52,Farmacia Urquiza
2026,3,Vicente López-Centro,PAMOXET,40 mg – comprimido recubierto,RX,77,1720758.43,32.76,Farmacia Urquiza
2026,3,Vicente López-Centro,TRIMACREM PLUS,"0,01 g/4 g/0,05 g/100 g – crema tópica",OTC,103,1207082.12,-38.32,Farmacia Urquiza
2026,3,Vicente López-Centro,CO‑TIOCTAN,115 mg/50 mg – comprimido recubierto,OTC,211,785081.69,6.03,Farmacia Urquiza
2026,3,Vicente López-Centro,TANVIMIL PLUS,cápsula,OTC,118,1105212.58,-28.48,Farmacia Rivadavia
2026,3,Vicente López-Centro,ONEFIN,10 mg – comprimido,RX,158,3910435.32,-8.67,Farmacia Rivadavia
2026,3,Vicente López-Centro,AEROGAL,64 g/170 g – polvo efervescente en frasco,OTC,80,1034018.11,11.11,Farmacia Rivadavia
2026,3,Palermo-Sur,TACNA,250 mg – comprimido,RX,98,1161757.39,63.33,Farmacia Moreno
2026,3,Palermo-Sur,PAMOXET,40 mg – comprimido recubierto,RX,298,6711016.27,-17.45,Farmacia Moreno
2026,3,Palermo-Sur,TANVIMIL ACD,gotas orales en solución,OTC,216,1085402.33,-37.75,Farmacia Central
2026,3,Palermo-Sur,TRIMACREM PLUS,"0,01 g/4 g/0,05 g/100 g – crema tópica",OTC,157,1745147.34,9.03,Farmacia Moreno
2026,3,Palermo-Sur,TRICOFIN,500 mg – óvulo vaginal,RX,114,764220.64,-32.54,Farmacia Central
2026,3,Palermo-Sur,TRICOFIN,500 mg – comprimido,RX,265,6635008.81,-18.21,Farmacia Central
2026,3,Palermo-Sur,TRICOPLUS,2 g/100 ml – loción capilar,RX,95,2820275.91,-7.77,Farmacia Central
2026,3,Palermo-Sur,TANVIMIL PLUS,cápsula,OTC,127,1150626.4,-37.44,Farmacia Moreno
2026,3,Palermo-Sur,TANVIMIL B1 B6 B12,comprimido recubierto,OTC,19,213036.34,-47.22,Farmacia Moreno
2026,3,Palermo-Sur,CO‑TIOCTAN,115 mg/50 mg – comprimido recubierto,OTC,174,685013.11,8.07,Farmacia Central
2026,3,Palermo-Sur,ALACIR,60 mg – comprimido recubierto gastrorresistente,RX,129,2209204.25,-9.79,Farmacia Moreno
2026,3,Palermo-Sur,TANVIMIL A,100.000 UI – cápsulas,OTC,80,232843.02,-1.23,Farmacia Moreno
2026,3,Palermo-Sur,TRICOPLUS,5 g/100 ml – loción capilar,RX,84,2586513.77,-30.58,Farmacia Moreno
2026,3,Palermo-Sur,PAMOXET,20 mg – comprimido recubierto,RX,101,3059090.81,34.67,Farmacia Moreno
2026,3,Palermo-Sur,MENCOGRIN AP,champú,OTC,98,1234604.88,30.67,Farmacia Moreno
2026,3,Palermo-Sur,AEROGAL,64 g/170 g – polvo efervescente en frasco,OTC,244,3160610.75,-25.61,Farmacia Central
2026,3,Palermo-Sur,TANVIMIL ACD FLUOR,solución oral,OTC,28,383865.61,-17.65,Farmacia Moreno
2026,3,Quilmes-Centro,TRICOPLUS,2 g/100 ml – loción capilar,RX,209,6165859.28,-6.28,Farmacia Pasteur
2026,3,Quilmes-Centro,TRICOFIN,500 mg – óvulo vaginal,RX,61,416500.26,-4.69,Farmacia Pasteur
2026,3,Quilmes-Centro,PAMOXET,20 mg – comprimido recubierto,RX,39,1131385.82,-31.58,Farmacia Alsina
2026,3,Quilmes-Centro,CIRUELAX MINITABS,75 mg – comprimido recubierto,OTC,67,179993.77,-34.95,Farmacia Pasteur
2026,3,Quilmes-Centro,ONEFIN,5 mg – comprimido,RX,224,6836220.48,-8.2,Farmacia Pasteur
2026,3,Quilmes-Centro,AEROGAL,64 g/170 g – polvo efervescente en frasco,OTC,281,3404032.42,18.57,Farmacia Alsina
2026,3,Quilmes-Centro,ONEFIN,10 mg – comprimido,RX,260,6357279.06,25.6,Farmacia Alsina
2026,3,Quilmes-Centro,TANVIMIL A,100.000 UI – cápsulas,OTC,472,1369095.36,39.64,Farmacia Alsina
2026,3,Quilmes-Centro,APSICO,5 mg – comprimido recubierto,RX,235,3272867.12,76.69,Farmacia Alsina
2026,3,Quilmes-Centro,TANVIMIL A,50.000 UI – cápsulas,OTC,325,4119402.0,50.46,Farmacia Pasteur
2026,3,Quilmes-Centro,TANVIMIL ACD FLUOR,solución oral,OTC,499,7088928.78,37.09,Farmacia Alsina
2026,3,Quilmes-Centro,TACNA,250 mg – comprimido,RX,96,1091335.61,3.23,Farmacia Alsina
2026,3,Flores-Norte,AEROGAL,64 g/170 g – polvo efervescente en frasco,OTC,167,2050937.02,15.17,Farmacia Castelli
2026,3,Flores-Norte,ALACIR,30 mg – comprimido recubierto gastrorresistente,RX,264,3502316.28,47.49,Farmacia Mitre
2026,3,Flores-Norte,TANVIMIL AMINOÁCIDOS,comprimido recubierto,OTC,315,2923870.03,18.42,Farmacia Mitre
2026,3,Flores-Norte,CO‑TIOCTAN,115 mg/50 mg – comprimido recubierto,OTC,256,975177.91,8.94,Farmacia Castelli
2026,3,Flores-Norte,TANVIMIL PLUS,cápsula,OTC,506,4423067.02,44.99,Farmacia Castelli
2026,3,Flores-Norte,TRICOFIN,500 mg – comprimido,RX,244,6282520.55,30.48,Farmacia Castelli
2026,3,Flores-Norte,APSICO,"2,5 mg – comprimido recubierto",RX,131,3785511.57,-42.54,Farmacia Castelli
2026,3,Flores-Norte,TANVIMIL ACD FLUOR,solución oral,OTC,439,6090630.9,-10.59,Farmacia Castelli
2026,3,Flores-Norte,TACNA,250 mg – comprimido,RX,213,2419615.44,2.4,Farmacia Castelli
2026,3,Flores-Norte,TIOCTAN,600 mg – comprimido recubierto,RX,309,8579934.95,5.82,Farmacia Mitre
2026,3,Flores-Norte,TRIMACREM PLUS,"0,01 g/4 g/0,05 g/100 g – crema tópica",OTC,54,615429.73,-27.03,Farmacia Mitre
2026,3,Flores-Norte,SUTRICO TAR,9 ml/100 ml – champú,OTC,91,558477.66,-27.2,Farmacia Castelli
2026,3,Flores-Norte,ALACIR,60 mg – comprimido recubierto gastrorresistente,RX,123,2142622.11,-4.65,Farmacia Mitre
2026,3,La Plata-Centro,TIOCTAN,600 mg – comprimido recubierto,RX,187,4927648.16,55.83,Farmacia Roca
2026,3,La Plata-Centro,AEROGAL,64 g/170 g – polvo efervescente en frasco,OTC,108,1353677.93,17.39,Farmacia Del Sur
2026,3,La Plata-Centro,ONEFIN,10 mg – comprimido,RX,247,6178376.76,40.34,Farmacia Del Sur
2026,3,La Plata-Centro,ONEFIN,5 mg – comprimido,RX,298,9176705.15,47.52,Farmacia Roca
2026,3,La Plata-Centro,CO‑TIOCTAN,115 mg/50 mg – comprimido recubierto,OTC,225,883134.32,-33.43,Farmacia Roca
2026,3,La Plata-Centro,TRICOFIN,500 mg – comprimido,RX,148,3826266.79,-19.13,Farmacia Del Sur
2026,3,La Plata-Centro,TANVIMIL ACD FLUOR,solución oral,OTC,127,1780312.92,-18.06,Farmacia Roca
2026,3,La Plata-Centro,PAMOXET,20 mg – comprimido recubierto,RX,247,7538722.3,10.76,Farmacia Roca
2026,3,La Plata-Centro,TANDIUR,50 mg – comprimido,RX,169,1688216.62,18.18,Farmacia Roca
2026,3,La Plata-Centro,MENCOGRIN AP,champú,OTC,134,1770724.11,14.53,Farmacia Del Sur
2026,3,La Plata-Centro,TRIMACREM PLUS,"0,01 g/4 g/0,05 g/100 g – crema tópica",OTC,25,275544.5,-35.9,Farmacia Roca
2026,3,La Plata-Centro,TACNA,250 mg – comprimido,RX,183,2116226.16,-20.09,Farmacia Roca
2026,3,La Plata-Centro,TRICOFIN,500 mg – óvulo vaginal,RX,193,1362430.86,-8.96,Farmacia Del Sur
2026,3,La Plata-Centro,SUTRICO TAR,9 ml/100 ml – champú,OTC,239,1433506.88,28.49,Farmacia Roca
2026,3,La Plata-Centro,TANVIMIL AMINOÁCIDOS,comprimido recubierto,OTC,246,2456901.78,-20.9,Farmacia Roca
2026,3,La Plata-Centro,ALACIR,30 mg – comprimido recubierto gastrorresistente,RX,90,1220710.67,-41.94,Farmacia Roca
2026,3,Villa Urquiza-Centro,ALACIR,30 mg – comprimido recubierto gastrorresistente,RX,91,1212113.38,-34.53,Farmacia Italia
2026,3,Villa Urquiza-Centro,TANVIMIL B1 B6 B12,comprimido recubierto,OTC,205,2324114.44,-13.87,Farmacia San José
2026,3,Villa Urquiza-Centro,PANCUTAN NF,"0,2 g/600.000 UI/600.000 UI/100 g – gel tópico",RX,160,3145852.18,5.26,Farmacia San José
2026,3,Villa Urquiza-Centro,APSICO,5 mg – comprimido recubierto,RX,68,937939.92,-20.93,Farmacia San José
2026,3,Villa Urquiza-Centro,SUTRICO TAR,9 ml/100 ml – champú,OTC,31,187338.3,72.22,Farmacia Italia
2026,3,Villa Urquiza-Centro,TRICOFIN,500 mg – comprimido,RX,142,3493270.08,54.35,Farmacia Italia
2026,3,Villa Urquiza-Centro,TRICOPLUS,5 g/100 ml – loción capilar,RX,282,8590691.84,54.95,Farmacia Italia
2026,3,Villa Urquiza-Centro,ALACIR,60 mg – comprimido recubierto gastrorresistente,RX,193,3338588.21,18.4,Farmacia San José
2026,3,Villa Urquiza-Centro,ONEFIN,5 mg – comprimido,RX,337,10107097.66,-8.17,Farmacia Italia
2026,3,Villa Urquiza-Centro,TANDIUR,50 mg – comprimido,RX,146,1387838.45,41.75,Farmacia Italia
2026,3,Villa Urquiza-Centro,TANVIMIL A,100.000 UI – cápsulas,OTC,34,97883.97,30.77,Farmacia San José
2026,3,Villa Urquiza-Centro,TRIMACREM PLUS,"0,01 g/4 g/0,05 g/100 g – crema tópica",OTC,201,2233116.21,-1.95,Farmacia Italia
2026,3,Palermo-Norte,TANVIMIL B1 B6 B12,comprimido recubierto,OTC,322,3848143.55,-2.42,Farmacia Del Ángel
2026,3,Palermo-Norte,TANVIMIL ACD FLUOR,solución oral,OTC,121,1744760.69,24.74,Farmacia Del Pueblo
2026,3,Palermo-Norte,PAMOXET,20 mg – comprimido recubierto,RX,171,4995970.51,-18.57,Farmacia Del Pueblo
2026,3,Palermo-Norte,ALACIR,60 mg – comprimido recubierto gastrorresistente,RX,134,2246139.08,-8.22,Farmacia Del Pueblo
2026,3,Palermo-Norte,PAMOXET,40 mg – comprimido recubierto,RX,161,3813357.62,-24.06,Farmacia Del Ángel
2026,3,Palermo-Norte,TANVIMIL AMINOÁCIDOS,comprimido recubierto,OTC,33,308883.09,-19.51,Farmacia Del Ángel
2026,3,Palermo-Norte,APSICO,5 mg – comprimido recubierto,RX,168,2181322.43,25.37,Farmacia Del Pueblo
2026,3,Palermo-Norte,TRICOFIN,500 mg – comprimido,RX,36,936609.61,2.86,Farmacia Del Pueblo
2026,3,Palermo-Norte,TANVIMIL A,100.000 UI – cápsulas,OTC,214,604532.58,-4.04,Farmacia Del Ángel
2026,3,Palermo-Norte,CO‑TIOCTAN,115 mg/50 mg – comprimido recubierto,OTC,340,1279506.83,10.75,Farmacia Del Pueblo
2026,3,Palermo-Norte,APSICO,10 mg – comprimido recubierto,RX,246,7399115.55,52.8,Farmacia Del Ángel
2026,3,Palermo-Norte,TANVIMIL PLUS,cápsula,OTC,48,419408.56,-33.33,Farmacia Del Pueblo
2026,3,Palermo-Norte,APSICO,"2,5 mg – comprimido recubierto",RX,147,4285063.0,-20.97,Farmacia Del Pueblo
2026,3,Palermo-Norte,AEROGAL,64 g/170 g – polvo efervescente en frasco,OTC,154,1910632.84,-1.28,Farmacia Del Pueblo
2026,3,Belgrano-Centro,TANVIMIL AMINOÁCIDOS,comprimido recubierto,OTC,78,769827.01,32.2,Farmacia San Martín
2026,3,Belgrano-Centro,TANVIMIL ACD FLUOR,solución oral,OTC,54,762477.68,14.89,Farmacia Del Centro
2026,3,Belgrano-Centro,TANVIMIL B1 B6 B12,comprimido recubierto,OTC,380,4261475.09,12.09,Farmacia San Martín
2026,3,Belgrano-Centro,TRIMACREM PLUS,"0,01 g/4 g/0,05 g/100 g – crema tópica",OTC,274,3146153.2,-11.04,Farmacia Del Centro
2026,3,Belgrano-Centro,TRICOFIN,500 mg – óvulo vaginal,RX,221,1565216.49,-32.21,Farmacia San Martín
2026,3,Belgrano-Centro,ALACIR,30 mg – comprimido recubierto gastrorresistente,RX,132,1792870.61,18.92,Farmacia San Martín
2026,3,Belgrano-Centro,SUTRICO TAR,9 ml/100 ml – champú,OTC,335,2009819.13,24.54,Farmacia San Martín
2026,3,Belgrano-Centro,AEROGAL,64 g/170 g – polvo efervescente en frasco,OTC,350,4330188.89,59.82,Farmacia Del Centro
2026,3,Belgrano-Centro,TANVIMIL A,50.000 UI – cápsulas,OTC,110,1392387.37,13.4,Farmacia Del Centro
2026,3,Belgrano-Centro,APSICO,10 mg – comprimido recubierto,RX,27,807162.81,-38.64,Farmacia Del Centro
2026,3,Belgrano-Centro,APSICO,5 mg – comprimido recubierto,RX,154,2093003.83,-19.79,Farmacia San Martín
2026,3,Belgrano-Centro,CIRUELAX MINITABS,75 mg – comprimido recubierto,OTC,28,74356.36,-33.33,Farmacia Del Centro
2026,3,Núñez-Centro,ONEFIN,10 mg – comprimido,RX,109,2830618.94,60.29,Farmacia Sarmiento
2026,3,Núñez-Centro,MENCOGRIN AP,champú,OTC,82,1019184.5,-28.07,Farmacia Sarmiento
2026,3,Núñez-Centro,TANVIMIL A,50.000 UI – cápsulas,OTC,153,2025760.53,15.04,Farmacia Del Lago
2026,3,Núñez-Centro,TANDIUR,50 mg – comprimido,RX,46,448946.33,-35.21,Farmacia Sarmiento
2026,3,Núñez-Centro,TANVIMIL PLUS,cápsula,OTC,266,2488867.71,-16.35,Farmacia Del Lago
2026,3,Núñez-Centro,TACNA,250 mg – comprimido,RX,100,1110726.11,-1.96,Farmacia Sarmiento
2026,3,Núñez-Centro,TRICOFIN,500 mg – óvulo vaginal,RX,53,373216.82,29.27,Farmacia Sarmiento
2026,3,Núñez-Centro,PANCUTAN NF,"0,2 g/600.000 UI/600.000 UI/100 g – gel tópico",RX,258,5008226.82,7.95,Farmacia Del Lago
2026,3,Núñez-Centro,ALACIR,30 mg – comprimido recubierto gastrorresistente,RX,51,652966.6,-8.93,Farmacia Sarmiento
2026,3,Núñez-Centro,CO‑TIOCTAN,115 mg/50 mg – comprimido recubierto,OTC,158,592271.09,-3.07,Farmacia Del Lago
2026,3,Núñez-Centro,PAMOXET,40 mg – comprimido recubierto,RX,73,1713900.62,7.35,Farmacia Sarmiento
2026,3,Núñez-Centro,TRICOPLUS,2 g/100 ml – loción capilar,RX,265,7469823.82,-8.3,Farmacia Sarmiento
2026,3,Núñez-Centro,TRIMACREM PLUS,"0,01 g/4 g/0,05 g/100 g – crema tópica",OTC,123,1439353.36,-8.89,Farmacia Del Lago
2026,3,Núñez-Centro,APSICO,5 mg – comprimido recubierto,RX,117,1558006.3,-8.59,Farmacia Del Lago
2026,3,Núñez-Centro,SUTRICO TAR,9 ml/100 ml – champú,OTC,31,190321.37,-11.43,Farmacia Sarmiento
2026,3,Núñez-Centro,TANVIMIL B1 B6 B12,comprimido recubierto,OTC,234,2751326.04,-35.54,Farmacia Del Lago
2026,3,Núñez-Centro,TANVIMIL A,100.000 UI – cápsulas,OTC,214,584311.57,-25.69,Farmacia Del Lago
2026,3,Núñez-Centro,PAMOXET,20 mg – comprimido recubierto,RX,75,2135004.33,-9.64,Farmacia Del Lago
2026,3,Núñez-Centro,AEROGAL,64 g/170 g – polvo efervescente en frasco,OTC,258,3201287.51,32.31,Farmacia Sarmiento
2026,3,Caballito-Centro,APSICO,"2,5 mg – comprimido recubierto",RX,282,8209286.58,-23.16,Farmacia Pellegrini
2026,3,Caballito-Centro,PAMOXET,20 mg – comprimido recubierto,RX,32,911219.92,0.0,Farmacia Pellegrini
2026,3,Caballito-Centro,TRICOFIN,500 mg – óvulo vaginal,RX,191,1307072.54,2.69,Farmacia Belgrano
2026,3,Caballito-Centro,AEROGAL,64 g/170 g – polvo efervescente en frasco,OTC,182,2321875.16,-17.65,Farmacia Pellegrini
2026,3,Caballito-Centro,PAMOXET,40 mg – comprimido recubierto,RX,63,1423696.85,28.57,Farmacia Belgrano
2026,3,Caballito-Centro,TRICOPLUS,5 g/100 ml – loción capilar,RX,41,1249257.39,-19.61,Farmacia Pellegrini
2026,3,Caballito-Centro,TANDIUR,50 mg – comprimido,RX,118,1138820.64,2.61,Farmacia Pellegrini
2026,3,Caballito-Centro,TANVIMIL ACD FLUOR,solución oral,OTC,262,3781144.07,-22.94,Farmacia Pellegrini
2026,3,Caballito-Centro,MENCOGRIN AP,champú,OTC,75,984720.06,-6.25,Farmacia Belgrano
2026,3,Caballito-Centro,PANCUTAN NF,"0,2 g/600.000 UI/600.000 UI/100 g – gel tópico",RX,123,2484444.16,-24.07,Farmacia Pellegrini
2026,3,Caballito-Centro,CO‑TIOCTAN,115 mg/50 mg – comprimido recubierto,OTC,71,282314.04,-6.58,Farmacia Pellegrini
2026,3,Caballito-Centro,TRICOFIN,500 mg – comprimido,RX,125,3120820.62,26.26,Farmacia Pellegrini
2026,3,Caballito-Centro,ALACIR,30 mg – comprimido recubierto gastrorresistente,RX,242,3051811.64,18.63,Farmacia Belgrano
2026,3,Caballito-Centro,TANVIMIL B1 B6 B12,comprimido recubierto,OTC,52,591490.5,-8.77,Farmacia Pellegrini
2026,4,Recoleta-Norte,TRICOPLUS,2 g/100 ml – loción capilar,RX,208,5937730.17,-12.24,Farmacia Güemes
2026,4,Recoleta-Norte,CO‑TIOCTAN,115 mg/50 mg – comprimido recubierto,OTC,169,653051.0,57.94,Farmacia La Estrella
2026,4,Recoleta-Norte,TRICOFIN,500 mg – óvulo vaginal,RX,61,430492.83,10.91,Farmacia La Estrella
2026,4,Recoleta-Norte,TRICOPLUS,5 g/100 ml – loción capilar,RX,69,2056624.08,-31.0,Farmacia La Estrella
2026,4,Recoleta-Norte,PAMOXET,40 mg – comprimido recubierto,RX,230,5385976.53,26.37,Farmacia Güemes
2026,4,Recoleta-Norte,APSICO,"2,5 mg – comprimido recubierto",RX,230,6305197.17,22.99,Farmacia Güemes
2026,4,Recoleta-Norte,APSICO,10 mg – comprimido recubierto,RX,287,8260445.15,7.49,Farmacia Güemes
2026,4,Recoleta-Norte,TANVIMIL PLUS,cápsula,OTC,210,1841177.34,21.39,Farmacia La Estrella
2026,4,Recoleta-Norte,TANVIMIL ACD,gotas orales en solución,OTC,63,314792.21,-17.11,Farmacia Güemes
2026,4,Recoleta-Norte,APSICO,5 mg – comprimido recubierto,RX,350,4860016.4,63.55,Farmacia La Estrella
2026,4,Recoleta-Norte,TIOCTAN,600 mg – comprimido recubierto,RX,153,4275868.95,4.79,Farmacia La Estrella
2026,4,Recoleta-Norte,TANVIMIL B1 B6 B12,comprimido recubierto,OTC,307,3472763.0,-17.25,Farmacia Güemes
2026,4,Recoleta-Norte,PAMOXET,20 mg – comprimido recubierto,RX,195,5669537.09,-1.02,Farmacia La Estrella
2026,4,Recoleta-Norte,CIRUELAX MINITABS,75 mg – comprimido recubierto,OTC,150,401310.22,4.17,Farmacia La Estrella
2026,4,Recoleta-Norte,TACNA,250 mg – comprimido,RX,122,1360849.4,0.83,Farmacia Güemes
2026,4,Recoleta-Norte,PANCUTAN NF,"0,2 g/600.000 UI/600.000 UI/100 g – gel tópico",RX,37,741792.47,8.82,Farmacia Güemes
2026,4,Recoleta-Norte,TANVIMIL ACD FLUOR,solución oral,OTC,261,3733788.52,8.3,Farmacia Güemes
2026,4,Recoleta-Norte,ONEFIN,5 mg – comprimido,RX,242,7438674.58,-7.28,Farmacia La Estrella
2026,4,Recoleta-Norte,TANVIMIL AMINOÁCIDOS,comprimido recubierto,OTC,35,349156.08,45.83,Farmacia Güemes
2026,4,Microcentro-Este,TANVIMIL AMINOÁCIDOS,comprimido recubierto,OTC,222,2064233.37,-7.5,Farmacia Pueyrredón
2026,4,Microcentro-Este,PANCUTAN NF,"0,2 g/600.000 UI/600.000 UI/100 g – gel tópico",RX,148,2987227.22,29.82,Farmacia Pueyrredón
2026,4,Microcentro-Este,TANVIMIL ACD,gotas orales en solución,OTC,275,1406562.43,-11.29,Farmacia Del Parque
2026,4,Microcentro-Este,TANVIMIL B1 B6 B12,comprimido recubierto,OTC,416,4940777.05,-15.45,Farmacia Pueyrredón
2026,4,Microcentro-Este,APSICO,"2,5 mg – comprimido recubierto",RX,290,8197941.61,36.79,Farmacia Pueyrredón
2026,4,Microcentro-Este,TANVIMIL ACD FLUOR,solución oral,OTC,284,4112367.83,41.29,Farmacia Pueyrredón
2026,4,Microcentro-Este,MENCOGRIN AP,champú,OTC,132,1641026.93,-15.38,Farmacia Pueyrredón
2026,4,Microcentro-Este,TACNA,250 mg – comprimido,RX,184,2165671.37,-9.8,Farmacia Pueyrredón
2026,4,Microcentro-Este,ALACIR,60 mg – comprimido recubierto gastrorresistente,RX,218,3707816.25,-33.74,Farmacia Del Parque
2026,4,Microcentro-Este,TRICOFIN,500 mg – óvulo vaginal,RX,256,1714969.02,-22.89,Farmacia Del Parque
2026,4,Microcentro-Este,APSICO,5 mg – comprimido recubierto,RX,239,3289805.42,-26.69,Farmacia Pueyrredón
2026,4,Microcentro-Este,CO‑TIOCTAN,115 mg/50 mg – comprimido recubierto,OTC,48,181027.1,-35.14,Farmacia Del Parque
2026,4,Microcentro-Este,TRIMACREM PLUS,"0,01 g/4 g/0,05 g/100 g – crema tópica",OTC,88,1016859.72,31.34,Farmacia Del Parque
2026,4,Microcentro-Este,ONEFIN,10 mg – comprimido,RX,230,5634349.33,-16.06,Farmacia Del Parque
2026,4,Microcentro-Este,SUTRICO TAR,9 ml/100 ml – champú,OTC,66,397725.06,-10.81,Farmacia Del Parque
2026,4,Microcentro-Este,AEROGAL,64 g/170 g – polvo efervescente en frasco,OTC,209,2527690.64,1.95,Farmacia Del Parque
2026,4,San Isidro-Centro,PAMOXET,20 mg – comprimido recubierto,RX,102,3074115.91,-5.56,Farmacia Del Oeste
2026,4,San Isidro-Centro,APSICO,10 mg – comprimido recubierto,RX,24,679355.87,-25.0,Farmacia Del Oeste
2026,4,San Isidro-Centro,CIRUELAX MINITABS,75 mg – comprimido recubierto,OTC,77,193574.3,-38.4,Farmacia Del Oeste
2026,4,San Isidro-Centro,TRICOFIN,500 mg – comprimido,RX,227,5877352.54,-1.3,Farmacia Del Oeste
2026,4,San Isidro-Centro,TRIMACREM PLUS,"0,01 g/4 g/0,05 g/100 g – crema tópica",OTC,63,700493.47,-30.0,Farmacia Del Oeste
2026,4,San Isidro-Centro,TANVIMIL ACD,gotas orales en solución,OTC,146,728363.05,23.73,Farmacia Del Norte
2026,4,San Isidro-Centro,ONEFIN,10 mg – comprimido,RX,145,3770085.85,-5.84,Farmacia Del Norte
2026,4,San Isidro-Centro,PAMOXET,40 mg – comprimido recubierto,RX,201,4736407.03,-5.63,Farmacia Del Norte
2026,4,San Isidro-Centro,TRICOPLUS,5 g/100 ml – loción capilar,RX,63,1966270.38,-11.27,Farmacia Del Oeste
2026,4,San Isidro-Centro,CO‑TIOCTAN,115 mg/50 mg – comprimido recubierto,OTC,50,201001.24,85.19,Farmacia Del Norte
2026,4,San Isidro-Centro,TANVIMIL B1 B6 B12,comprimido recubierto,OTC,267,3052647.09,-36.43,Farmacia Del Oeste
2026,4,San Isidro-Centro,ONEFIN,5 mg – comprimido,RX,235,7469437.07,5.86,Farmacia Del Norte
2026,4,San Isidro-Centro,TANVIMIL A,50.000 UI – cápsulas,OTC,133,1657688.51,-34.16,Farmacia Del Oeste
2026,4,San Isidro-Centro,TANDIUR,50 mg – comprimido,RX,354,3532206.55,23.78,Farmacia Del Norte
2026,4,San Isidro-Centro,TANVIMIL A,100.000 UI – cápsulas,OTC,418,1219685.66,58.33,Farmacia Del Oeste
2026,4,San Isidro-Centro,APSICO,5 mg – comprimido recubierto,RX,112,1452176.43,43.59,Farmacia Del Oeste
2026,4,San Isidro-Centro,TACNA,250 mg – comprimido,RX,333,3937505.74,23.33,Farmacia Del Oeste
2026,4,Belgrano-R,PANCUTAN NF,"0,2 g/600.000 UI/600.000 UI/100 g – gel tópico",RX,245,4724959.5,-8.92,Farmacia Lavalle
2026,4,Belgrano-R,SUTRICO TAR,9 ml/100 ml – champú,OTC,269,1622109.16,9.8,Farmacia Lavalle
2026,4,Belgrano-R,TANVIMIL AMINOÁCIDOS,comprimido recubierto,OTC,29,270895.49,-6.45,Farmacia Lavalle
2026,4,Belgrano-R,CO‑TIOCTAN,115 mg/50 mg – comprimido recubierto,OTC,136,517024.43,-30.26,Farmacia Lavalle
2026,4,Belgrano-R,ONEFIN,10 mg – comprimido,RX,76,1867188.11,8.57,Farmacia Del Sol
2026,4,Belgrano-R,ALACIR,30 mg – comprimido recubierto gastrorresistente,RX,247,3353261.08,-17.67,Farmacia Del Sol
2026,4,Belgrano-R,TRICOFIN,500 mg – óvulo vaginal,RX,194,1372721.1,22.78,Farmacia Lavalle
2026,4,Belgrano-R,APSICO,"2,5 mg – comprimido recubierto",RX,135,3726435.58,-23.3,Farmacia Lavalle
2026,4,Belgrano-R,TRICOPLUS,5 g/100 ml – loción capilar,RX,306,9338884.6,15.91,Farmacia Lavalle
2026,4,Belgrano-R,AEROGAL,64 g/170 g – polvo efervescente en frasco,OTC,141,1775319.54,-18.97,Farmacia Del Sol
2026,4,Belgrano-R,TANVIMIL A,50.000 UI – cápsulas,OTC,234,3138776.76,4.93,Farmacia Lavalle
2026,4,Belgrano-R,TANVIMIL PLUS,cápsula,OTC,123,1078232.53,-17.45,Farmacia Del Sol
2026,4,Belgrano-R,ONEFIN,5 mg – comprimido,RX,109,3300724.77,60.29,Farmacia Del Sol
2026,4,Belgrano-R,ALACIR,60 mg – comprimido recubierto gastrorresistente,RX,147,2586941.26,-30.0,Farmacia Lavalle
2026,4,Belgrano-R,MENCOGRIN AP,champú,OTC,211,2791250.75,-37.76,Farmacia Lavalle
2026,4,Belgrano-R,TIOCTAN,600 mg – comprimido recubierto,RX,120,3304490.28,-20.0,Farmacia Del Sol
2026,4,Belgrano-R,APSICO,10 mg – comprimido recubierto,RX,204,5796207.84,36.91,Farmacia Lavalle
2026,4,Belgrano-R,TANDIUR,50 mg – comprimido,RX,260,2481622.8,-22.85,Farmacia Lavalle
2026,4,Belgrano-R,CIRUELAX MINITABS,75 mg – comprimido recubierto,OTC,127,334613.92,1.6,Farmacia Lavalle
2026,4,Devoto-Centro,PAMOXET,20 mg – comprimido recubierto,RX,186,5558839.03,-22.82,Farmacia España
2026,4,Devoto-Centro,TANVIMIL A,100.000 UI – cápsulas,OTC,292,840448.03,-18.66,Farmacia España
2026,4,Devoto-Centro,TIOCTAN,600 mg – comprimido recubierto,RX,146,4084241.13,-5.19,Farmacia La Botica
2026,4,Devoto-Centro,TRICOPLUS,5 g/100 ml – loción capilar,RX,151,4583884.18,-29.44,Farmacia La Botica
2026,4,Devoto-Centro,PANCUTAN NF,"0,2 g/600.000 UI/600.000 UI/100 g – gel tópico",RX,92,1866369.05,-14.81,Farmacia La Botica
2026,4,Devoto-Centro,TANVIMIL ACD,gotas orales en solución,OTC,145,746572.32,25.0,Farmacia España
2026,4,Devoto-Centro,ONEFIN,5 mg – comprimido,RX,335,10743928.0,8.06,Farmacia La Botica
2026,4,Devoto-Centro,TANDIUR,50 mg – comprimido,RX,280,2688738.38,-8.5,Farmacia La Botica
2026,4,Devoto-Centro,TRIMACREM PLUS,"0,01 g/4 g/0,05 g/100 g – crema tópica",OTC,26,286857.41,0.0,Farmacia La Botica
2026,4,Devoto-Centro,TANVIMIL ACD FLUOR,solución oral,OTC,220,3066187.33,-19.41,Farmacia La Botica
2026,4,Devoto-Centro,MENCOGRIN AP,champú,OTC,296,3736919.74,56.61,Farmacia La Botica
2026,4,Devoto-Centro,TANVIMIL A,50.000 UI – cápsulas,OTC,116,1545741.82,3.57,Farmacia España
2026,4,Devoto-Centro,TRICOFIN,500 mg – comprimido,RX,87,2268357.03,10.13,Farmacia La Botica
2026,4,Devoto-Centro,SUTRICO TAR,9 ml/100 ml – champú,OTC,278,1751485.48,14.88,Farmacia España
2026,4,Devoto-Centro,CIRUELAX MINITABS,75 mg – comprimido recubierto,OTC,46,121648.37,-13.21,Farmacia La Botica
2026,4,Devoto-Centro,APSICO,10 mg – comprimido recubierto,RX,18,521460.78,-25.0,Farmacia España
2026,4,Devoto-Centro,ALACIR,60 mg – comprimido recubierto gastrorresistente,RX,199,3347337.94,4.74,Farmacia La Botica
2026,4,Almagro-Centro,CO‑TIOCTAN,115 mg/50 mg – comprimido recubierto,OTC,133,504259.19,17.7,Farmacia Avenida
2026,4,Almagro-Centro,TRIMACREM PLUS,"0,01 g/4 g/0,05 g/100 g – crema tópica",OTC,106,1176502.68,-9.4,Farmacia Avenida
2026,4,Almagro-Centro,TANVIMIL B1 B6 B12,comprimido recubierto,OTC,94,1122527.36,27.03,Farmacia Avenida
2026,4,Almagro-Centro,SUTRICO TAR,9 ml/100 ml – champú,OTC,267,1684459.78,15.58,Farmacia Avenida
2026,4,Almagro-Centro,TANDIUR,50 mg – comprimido,RX,196,1966748.25,-30.99,Farmacia Brown
2026,4,Almagro-Centro,TRICOFIN,500 mg – óvulo vaginal,RX,217,1455328.17,41.83,Farmacia Avenida
2026,4,Almagro-Centro,TRICOPLUS,2 g/100 ml – loción capilar,RX,65,1847909.17,-16.67,Farmacia Brown
2026,4,Almagro-Centro,TACNA,250 mg – comprimido,RX,34,399952.56,-15.0,Farmacia Avenida
2026,4,Almagro-Centro,PAMOXET,20 mg – comprimido recubierto,RX,329,9365098.57,20.07,Farmacia Avenida
2026,4,Almagro-Centro,MENCOGRIN AP,champú,OTC,128,1636659.96,54.22,Farmacia Avenida
2026,4,Almagro-Centro,APSICO,5 mg – comprimido recubierto,RX,53,702582.06,-17.19,Farmacia Brown
2026,4,Almagro-Centro,ONEFIN,5 mg – comprimido,RX,172,5141730.22,-14.85,Farmacia Avenida
2026,4,Almagro-Centro,TANVIMIL AMINOÁCIDOS,comprimido recubierto,OTC,134,1329622.03,-13.55,Farmacia Avenida
2026,4,Vicente López-Centro,TANVIMIL ACD,gotas orales en solución,OTC,300,1492657.51,52.28,Farmacia Rivadavia
2026,4,Vicente López-Centro,APSICO,5 mg – comprimido recubierto,RX,28,367310.23,0.0,Farmacia Urquiza
2026,4,Vicente López-Centro,TIOCTAN,600 mg – comprimido recubierto,RX,87,2316792.6,-1.14,Farmacia Urquiza
2026,4,Vicente López-Centro,TANVIMIL ACD FLUOR,solución oral,OTC,212,2935764.86,30.06,Farmacia Urquiza
2026,4,Vicente López-Centro,TRICOFIN,500 mg – comprimido,RX,200,4933510.68,36.05,Farmacia Urquiza
2026,4,Vicente López-Centro,MENCOGRIN AP,champú,OTC,188,2491372.22,-29.32,Farmacia Urquiza
2026,4,Vicente López-Centro,APSICO,10 mg – comprimido recubierto,RX,149,4211471.54,-18.58,Farmacia Rivadavia
2026,4,Vicente López-Centro,TRICOPLUS,5 g/100 ml – loción capilar,RX,233,7267494.27,15.92,Farmacia Urquiza
2026,4,Vicente López-Centro,TANVIMIL B1 B6 B12,comprimido recubierto,OTC,254,2895121.03,-9.93,Farmacia Rivadavia
2026,4,Vicente López-Centro,TANVIMIL A,50.000 UI – cápsulas,OTC,207,2723289.32,4.02,Farmacia Urquiza
2026,4,Vicente López-Centro,TRICOFIN,500 mg – óvulo vaginal,RX,264,1777414.75,6.45,Farmacia Rivadavia
2026,4,Vicente López-Centro,PAMOXET,20 mg – comprimido recubierto,RX,100,2984480.52,12.36,Farmacia Rivadavia
2026,4,Vicente López-Centro,ALACIR,30 mg – comprimido recubierto gastrorresistente,RX,53,679121.81,-3.64,Farmacia Urquiza
2026,4,Vicente López-Centro,TANDIUR,50 mg – comprimido,RX,89,857300.48,2.3,Farmacia Urquiza
2026,4,Vicente López-Centro,PAMOXET,40 mg – comprimido recubierto,RX,59,1381141.7,-15.71,Farmacia Rivadavia
2026,4,Vicente López-Centro,TRIMACREM PLUS,"0,01 g/4 g/0,05 g/100 g – crema tópica",OTC,136,1492068.1,7.94,Farmacia Rivadavia
2026,4,Vicente López-Centro,CO‑TIOCTAN,115 mg/50 mg – comprimido recubierto,OTC,179,667789.12,-3.76,Farmacia Urquiza
2026,4,Vicente López-Centro,TANVIMIL PLUS,cápsula,OTC,156,1421230.23,13.87,Farmacia Urquiza
2026,4,Vicente López-Centro,ONEFIN,10 mg – comprimido,RX,150,3905649.29,-16.67,Farmacia Urquiza
2026,4,Vicente López-Centro,AEROGAL,64 g/170 g – polvo efervescente en frasco,OTC,80,979118.0,-13.98,Farmacia Rivadavia
2026,4,Palermo-Sur,TACNA,250 mg – comprimido,RX,66,729273.1,-15.38,Farmacia Central
2026,4,Palermo-Sur,PAMOXET,40 mg – comprimido recubierto,RX,322,7232324.36,17.09,Farmacia Moreno
2026,4,Palermo-Sur,TANVIMIL ACD,gotas orales en solución,OTC,339,1654937.1,33.99,Farmacia Central
2026,4,Palermo-Sur,TRIMACREM PLUS,"0,01 g/4 g/0,05 g/100 g – crema tópica",OTC,215,2527154.13,50.35,Farmacia Moreno
2026,4,Palermo-Sur,TRICOFIN,500 mg – óvulo vaginal,RX,187,1294858.49,18.35,Farmacia Central
2026,4,Palermo-Sur,TRICOFIN,500 mg – comprimido,RX,251,6373143.85,6.36,Farmacia Central
2026,4,Palermo-Sur,TRICOPLUS,2 g/100 ml – loción capilar,RX,162,4809928.35,28.57,Farmacia Central
2026,4,Palermo-Sur,TANVIMIL PLUS,cápsula,OTC,166,1487478.07,20.29,Farmacia Central
2026,4,Palermo-Sur,TANVIMIL B1 B6 B12,comprimido recubierto,OTC,27,303435.34,17.39,Farmacia Moreno
2026,4,Palermo-Sur,CO‑TIOCTAN,115 mg/50 mg – comprimido recubierto,OTC,135,524268.52,2.27,Farmacia Moreno
2026,4,Palermo-Sur,ALACIR,60 mg – comprimido recubierto gastrorresistente,RX,165,2790614.22,27.91,Farmacia Moreno
2026,4,Palermo-Sur,TANVIMIL A,100.000 UI – cápsulas,OTC,103,287415.38,30.38,Farmacia Central
2026,4,Palermo-Sur,TRICOPLUS,5 g/100 ml – loción capilar,RX,113,3429187.99,6.6,Farmacia Moreno
2026,4,Palermo-Sur,PAMOXET,20 mg – comprimido recubierto,RX,104,3105191.4,44.44,Farmacia Moreno
2026,4,Palermo-Sur,MENCOGRIN AP,champú,OTC,81,1068022.8,-33.61,Farmacia Central
2026,4,Palermo-Sur,AEROGAL,64 g/170 g – polvo efervescente en frasco,OTC,300,3676128.37,14.94,Farmacia Moreno
2026,4,Palermo-Sur,TANVIMIL ACD FLUOR,solución oral,OTC,21,291770.16,-25.0,Farmacia Moreno
2026,4,Quilmes-Centro,TRICOPLUS,2 g/100 ml – loción capilar,RX,232,6878471.72,13.17,Farmacia Alsina
2026,4,Quilmes-Centro,TRICOFIN,500 mg – óvulo vaginal,RX,50,335043.05,-19.35,Farmacia Alsina
2026,4,Quilmes-Centro,PAMOXET,20 mg – comprimido recubierto,RX,36,1028229.71,-21.74,Farmacia Pasteur
2026,4,Quilmes-Centro,CIRUELAX MINITABS,75 mg – comprimido recubierto,OTC,109,270512.06,6.86,Farmacia Pasteur
2026,4,Quilmes-Centro,ONEFIN,5 mg – comprimido,RX,286,8753060.88,10.42,Farmacia Alsina
2026,4,Quilmes-Centro,AEROGAL,64 g/170 g – polvo efervescente en frasco,OTC,196,2522507.65,8.89,Farmacia Alsina
2026,4,Quilmes-Centro,ONEFIN,10 mg – comprimido,RX,229,5768974.94,5.05,Farmacia Pasteur
2026,4,Quilmes-Centro,TANVIMIL A,100.000 UI – cápsulas,OTC,370,1017510.03,26.28,Farmacia Pasteur
2026,4,Quilmes-Centro,APSICO,5 mg – comprimido recubierto,RX,141,1965828.22,-39.48,Farmacia Pasteur
2026,4,Quilmes-Centro,TANVIMIL A,50.000 UI – cápsulas,OTC,199,2524686.24,-27.9,Farmacia Pasteur
2026,4,Quilmes-Centro,TANVIMIL ACD FLUOR,solución oral,OTC,424,6102639.58,-6.81,Farmacia Alsina
2026,4,Quilmes-Centro,TACNA,250 mg – comprimido,RX,74,867571.51,-16.85,Farmacia Alsina
2026,4,Flores-Norte,AEROGAL,64 g/170 g – polvo efervescente en frasco,OTC,103,1276932.22,-43.41,Farmacia Mitre
2026,4,Flores-Norte,ALACIR,30 mg – comprimido recubierto gastrorresistente,RX,189,2540735.78,-23.79,Farmacia Castelli
2026,4,Flores-Norte,TANVIMIL AMINOÁCIDOS,comprimido recubierto,OTC,332,3220999.3,-2.64,Farmacia Castelli
2026,4,Flores-Norte,CO‑TIOCTAN,115 mg/50 mg – comprimido recubierto,OTC,177,661280.47,-33.71,Farmacia Castelli
2026,4,Flores-Norte,TANVIMIL PLUS,cápsula,OTC,371,3271361.71,7.23,Farmacia Mitre
2026,4,Flores-Norte,TRICOFIN,500 mg – comprimido,RX,146,3744120.5,-32.09,Farmacia Mitre
2026,4,Flores-Norte,APSICO,"2,5 mg – comprimido recubierto",RX,151,4376124.03,-17.03,Farmacia Mitre
2026,4,Flores-Norte,TANVIMIL ACD FLUOR,solución oral,OTC,304,4326255.92,-32.29,Farmacia Mitre
2026,4,Flores-Norte,TACNA,250 mg – comprimido,RX,231,2579633.93,72.39,Farmacia Mitre
2026,4,Flores-Norte,TIOCTAN,600 mg – comprimido recubierto,RX,325,8789711.1,-4.13,Farmacia Mitre
2026,4,Flores-Norte,TRIMACREM PLUS,"0,01 g/4 g/0,05 g/100 g – crema tópica",OTC,75,825448.59,11.94,Farmacia Castelli
2026,4,Flores-Norte,SUTRICO TAR,9 ml/100 ml – champú,OTC,141,859799.52,-9.03,Farmacia Castelli
2026,4,Flores-Norte,ALACIR,60 mg – comprimido recubierto gastrorresistente,RX,98,1745025.43,-4.85,Farmacia Castelli
2026,4,La Plata-Centro,TIOCTAN,600 mg – comprimido recubierto,RX,194,5092595.77,11.49,Farmacia Roca
2026,4,La Plata-Centro,AEROGAL,64 g/170 g – polvo efervescente en frasco,OTC,113,1398762.85,34.52,Farmacia Del Sur
2026,4,La Plata-Centro,ONEFIN,10 mg – comprimido,RX,273,6965502.41,8.33,Farmacia Roca
2026,4,La Plata-Centro,ONEFIN,5 mg – comprimido,RX,173,5388884.75,-44.73,Farmacia Del Sur
2026,4,La Plata-Centro,CO‑TIOCTAN,115 mg/50 mg – comprimido recubierto,OTC,264,997198.61,-24.14,Farmacia Roca
2026,4,La Plata-Centro,TRICOFIN,500 mg – comprimido,RX,111,2861259.26,-36.93,Farmacia Del Sur
2026,4,La Plata-Centro,TANVIMIL ACD FLUOR,solución oral,OTC,140,1951097.59,-4.11,Farmacia Del Sur
2026,4,La Plata-Centro,PAMOXET,20 mg – comprimido recubierto,RX,283,8053540.01,33.49,Farmacia Roca
2026,4,La Plata-Centro,TANDIUR,50 mg – comprimido,RX,172,1626590.0,-23.56,Farmacia Roca
2026,4,La Plata-Centro,MENCOGRIN AP,champú,OTC,97,1294007.39,-13.39,Farmacia Del Sur
2026,4,La Plata-Centro,TRIMACREM PLUS,"0,01 g/4 g/0,05 g/100 g – crema tópica",OTC,29,322654.83,7.41,Farmacia Roca
2026,4,La Plata-Centro,TACNA,250 mg – comprimido,RX,159,1852105.17,-19.29,Farmacia Roca
2026,4,La Plata-Centro,TRICOFIN,500 mg – óvulo vaginal,RX,208,1438743.48,-7.96,Farmacia Roca
2026,4,La Plata-Centro,SUTRICO TAR,9 ml/100 ml – champú,OTC,199,1228864.34,29.22,Farmacia Roca
2026,4,La Plata-Centro,TANVIMIL AMINOÁCIDOS,comprimido recubierto,OTC,424,4061667.21,75.93,Farmacia Del Sur
2026,4,La Plata-Centro,ALACIR,30 mg – comprimido recubierto gastrorresistente,RX,151,1994045.22,57.29,Farmacia Del Sur
2026,4,Villa Urquiza-Centro,ALACIR,30 mg – comprimido recubierto gastrorresistente,RX,125,1577439.18,-8.09,Farmacia Italia
2026,4,Villa Urquiza-Centro,TANVIMIL B1 B6 B12,comprimido recubierto,OTC,385,4476126.14,34.62,Farmacia Italia
2026,4,Villa Urquiza-Centro,PANCUTAN NF,"0,2 g/600.000 UI/600.000 UI/100 g – gel tópico",RX,160,3172076.34,-27.93,Farmacia San José
2026,4,Villa Urquiza-Centro,APSICO,5 mg – comprimido recubierto,RX,109,1506785.28,29.76,Farmacia Italia
2026,4,Villa Urquiza-Centro,SUTRICO TAR,9 ml/100 ml – champú,OTC,26,161687.87,8.33,Farmacia San José
2026,4,Villa Urquiza-Centro,TRICOFIN,500 mg – comprimido,RX,105,2570823.17,-21.64,Farmacia San José
2026,4,Villa Urquiza-Centro,TRICOPLUS,5 g/100 ml – loción capilar,RX,214,6327325.03,0.0,Farmacia Italia
2026,4,Villa Urquiza-Centro,ALACIR,60 mg – comprimido recubierto gastrorresistente,RX,133,2248008.17,-26.92,Farmacia Italia
2026,4,Villa Urquiza-Centro,ONEFIN,5 mg – comprimido,RX,231,7021704.08,3.59,Farmacia Italia
2026,4,Villa Urquiza-Centro,TANDIUR,50 mg – comprimido,RX,139,1390924.47,13.93,Farmacia Italia
2026,4,Villa Urquiza-Centro,TANVIMIL A,100.000 UI – cápsulas,OTC,30,86433.23,25.0,Farmacia San José
2026,4,Villa Urquiza-Centro,TRIMACREM PLUS,"0,01 g/4 g/0,05 g/100 g – crema tópica",OTC,142,1656873.35,-22.4,Farmacia Italia
2026,4,Palermo-Norte,TANVIMIL B1 B6 B12,comprimido recubierto,OTC,295,3508862.29,4.98,Farmacia Del Ángel
2026,4,Palermo-Norte,TANVIMIL ACD FLUOR,solución oral,OTC,91,1318360.62,-12.5,Farmacia Del Pueblo
2026,4,Palermo-Norte,PAMOXET,20 mg – comprimido recubierto,RX,170,4965286.32,-8.6,Farmacia Del Ángel
2026,4,Palermo-Norte,ALACIR,60 mg – comprimido recubierto gastrorresistente,RX,109,1804020.98,-40.44,Farmacia Del Pueblo
2026,4,Palermo-Norte,PAMOXET,40 mg – comprimido recubierto,RX,221,4952768.02,-29.62,Farmacia Del Ángel
2026,4,Palermo-Norte,TANVIMIL AMINOÁCIDOS,comprimido recubierto,OTC,36,353740.38,-2.7,Farmacia Del Ángel
2026,4,Palermo-Norte,APSICO,5 mg – comprimido recubierto,RX,127,1694737.17,1.6,Farmacia Del Ángel
2026,4,Palermo-Norte,TRICOFIN,500 mg – comprimido,RX,31,796228.76,-32.61,Farmacia Del Pueblo
2026,4,Palermo-Norte,TANVIMIL A,100.000 UI – cápsulas,OTC,250,721414.67,52.44,Farmacia Del Ángel
2026,4,Palermo-Norte,CO‑TIOCTAN,115 mg/50 mg – comprimido recubierto,OTC,270,1025042.25,12.97,Farmacia Del Ángel
2026,4,Palermo-Norte,APSICO,10 mg – comprimido recubierto,RX,162,4724892.37,-19.8,Farmacia Del Ángel
2026,4,Palermo-Norte,TANVIMIL PLUS,cápsula,OTC,63,565688.03,10.53,Farmacia Del Ángel
2026,4,Palermo-Norte,APSICO,"2,5 mg – comprimido recubierto",RX,128,3620629.47,-20.5,Farmacia Del Ángel
2026,4,Palermo-Norte,AEROGAL,64 g/170 g – polvo efervescente en frasco,OTC,181,2184701.74,1.69,Farmacia Del Ángel
2026,4,Belgrano-Centro,TANVIMIL AMINOÁCIDOS,comprimido recubierto,OTC,88,838197.31,10.0,Farmacia Del Centro
2026,4,Belgrano-Centro,TANVIMIL ACD FLUOR,solución oral,OTC,40,569411.98,-31.03,Farmacia Del Centro
2026,4,Belgrano-Centro,TANVIMIL B1 B6 B12,comprimido recubierto,OTC,414,4987413.57,31.85,Farmacia San Martín
2026,4,Belgrano-Centro,TRIMACREM PLUS,"0,01 g/4 g/0,05 g/100 g – crema tópica",OTC,232,2585635.91,26.09,Farmacia San Martín
2026,4,Belgrano-Centro,TRICOFIN,500 mg – óvulo vaginal,RX,274,1947948.06,2.62,Farmacia San Martín
2026,4,Belgrano-Centro,ALACIR,30 mg – comprimido recubierto gastrorresistente,RX,136,1731093.8,52.81,Farmacia Del Centro
2026,4,Belgrano-Centro,SUTRICO TAR,9 ml/100 ml – champú,OTC,328,1975192.45,-1.2,Farmacia San Martín
2026,4,Belgrano-Centro,AEROGAL,64 g/170 g – polvo efervescente en frasco,OTC,211,2638429.67,-29.43,Farmacia Del Centro
2026,4,Belgrano-Centro,TANVIMIL A,50.000 UI – cápsulas,OTC,72,954622.79,-25.77,Farmacia Del Centro
2026,4,Belgrano-Centro,APSICO,10 mg – comprimido recubierto,RX,27,818225.63,0.0,Farmacia Del Centro
2026,4,Belgrano-Centro,APSICO,5 mg – comprimido recubierto,RX,197,2733118.64,-5.29,Farmacia San Martín
2026,4,Belgrano-Centro,CIRUELAX MINITABS,75 mg – comprimido recubierto,OTC,30,74625.73,-14.29,Farmacia San Martín
2026,4,Núñez-Centro,ONEFIN,10 mg – comprimido,RX,94,2436413.91,17.5,Farmacia Sarmiento
2026,4,Núñez-Centro,MENCOGRIN AP,champú,OTC,90,1150300.46,0.0,Farmacia Del Lago
2026,4,Núñez-Centro,TANVIMIL A,50.000 UI – cápsulas,OTC,123,1575353.13,41.38,Farmacia Sarmiento
2026,4,Núñez-Centro,TANDIUR,50 mg – comprimido,RX,63,597878.99,1.61,Farmacia Sarmiento
2026,4,Núñez-Centro,TANVIMIL PLUS,cápsula,OTC,328,2949842.71,12.71,Farmacia Del Lago
2026,4,Núñez-Centro,TACNA,250 mg – comprimido,RX,94,1083398.59,-6.93,Farmacia Del Lago
2026,4,Núñez-Centro,TRICOFIN,500 mg – óvulo vaginal,RX,48,333008.16,17.07,Farmacia Del Lago
2026,4,Núñez-Centro,PANCUTAN NF,"0,2 g/600.000 UI/600.000 UI/100 g – gel tópico",RX,205,4132048.54,-17.34,Farmacia Sarmiento
2026,4,Núñez-Centro,ALACIR,30 mg – comprimido recubierto gastrorresistente,RX,47,627902.84,-22.95,Farmacia Del Lago
2026,4,Núñez-Centro,CO‑TIOCTAN,115 mg/50 mg – comprimido recubierto,OTC,148,581023.86,-8.64,Farmacia Sarmiento
2026,4,Núñez-Centro,PAMOXET,40 mg – comprimido recubierto,RX,77,1791457.33,-9.41,Farmacia Del Lago
2026,4,Núñez-Centro,TRICOPLUS,2 g/100 ml – loción capilar,RX,385,10670844.9,68.12,Farmacia Del Lago
2026,4,Núñez-Centro,TRIMACREM PLUS,"0,01 g/4 g/0,05 g/100 g – crema tópica",OTC,191,2187677.3,21.66,Farmacia Sarmiento
2026,4,Núñez-Centro,APSICO,5 mg – comprimido recubierto,RX,143,1946130.4,13.49,Farmacia Sarmiento
2026,4,Núñez-Centro,SUTRICO TAR,9 ml/100 ml – champú,OTC,21,125951.31,-8.7,Farmacia Del Lago
2026,4,Núñez-Centro,TANVIMIL B1 B6 B12,comprimido recubierto,OTC,198,2318184.4,-1.0,Farmacia Sarmiento
2026,4,Núñez-Centro,TANVIMIL A,100.000 UI – cápsulas,OTC,256,735392.23,21.9,Farmacia Sarmiento
2026,4,Núñez-Centro,PAMOXET,20 mg – comprimido recubierto,RX,100,2867212.66,-21.26,Farmacia Sarmiento
2026,4,Núñez-Centro,AEROGAL,64 g/170 g – polvo efervescente en frasco,OTC,239,2961142.53,-6.27,Farmacia Sarmiento
2026,4,Caballito-Centro,APSICO,"2,5 mg – comprimido recubierto",RX,297,8741643.98,14.23,Farmacia Belgrano
2026,4,Caballito-Centro,PAMOXET,20 mg – comprimido recubierto,RX,26,790522.42,-10.34,Farmacia Belgrano
2026,4,Caballito-Centro,TRICOFIN,500 mg – óvulo vaginal,RX,262,1817946.15,11.49,Farmacia Belgrano
2026,4,Caballito-Centro,AEROGAL,64 g/170 g – polvo efervescente en frasco,OTC,257,3226373.67,33.16,Farmacia Belgrano
2026,4,Caballito-Centro,PAMOXET,40 mg – comprimido recubierto,RX,50,1151210.23,11.11,Farmacia Pellegrini
2026,4,Caballito-Centro,TRICOPLUS,5 g/100 ml – loción capilar,RX,59,1851033.88,-6.35,Farmacia Belgrano
2026,4,Caballito-Centro,TANDIUR,50 mg – comprimido,RX,137,1310621.03,41.24,Farmacia Belgrano
2026,4,Caballito-Centro,TANVIMIL ACD FLUOR,solución oral,OTC,301,4126291.43,-30.65,Farmacia Pellegrini
2026,4,Caballito-Centro,MENCOGRIN AP,champú,OTC,113,1433967.23,13.0,Farmacia Pellegrini
2026,4,Caballito-Centro,PANCUTAN NF,"0,2 g/600.000 UI/600.000 UI/100 g – gel tópico",RX,125,2485457.64,-35.9,Farmacia Belgrano
2026,4,Caballito-Centro,CO‑TIOCTAN,115 mg/50 mg – comprimido recubierto,OTC,44,173257.58,-31.25,Farmacia Belgrano
2026,4,Caballito-Centro,TRICOFIN,500 mg – comprimido,RX,138,3352267.22,8.66,Farmacia Belgrano
2026,4,Caballito-Centro,ALACIR,30 mg – comprimido recubierto gastrorresistente,RX,314,4047233.48,70.65,Farmacia Belgrano
2026,4,Caballito-Centro,TANVIMIL B1 B6 B12,comprimido recubierto,OTC,43,503626.3,-41.89,Farmacia Pellegrini
2026,5,Recoleta-Norte,TRICOPLUS,2 g/100 ml – loción capilar,RX,261,7817467.01,-20.18,Farmacia La Estrella
2026,5,Recoleta-Norte,CO‑TIOCTAN,115 mg/50 mg – comprimido recubierto,OTC,108,412629.39,-41.3,Farmacia Güemes
2026,5,Recoleta-Norte,TRICOFIN,500 mg – óvulo vaginal,RX,50,343022.72,-15.25,Farmacia La Estrella
2026,5,Recoleta-Norte,TRICOPLUS,5 g/100 ml – loción capilar,RX,117,3474155.84,69.57,Farmacia Güemes
2026,5,Recoleta-Norte,PAMOXET,40 mg – comprimido recubierto,RX,247,5543695.65,32.09,Farmacia La Estrella
2026,5,Recoleta-Norte,APSICO,"2,5 mg – comprimido recubierto",RX,293,8504589.02,-12.8,Farmacia La Estrella
2026,5,Recoleta-Norte,APSICO,10 mg – comprimido recubierto,RX,281,8228490.61,31.31,Farmacia Güemes
2026,5,Recoleta-Norte,TANVIMIL PLUS,cápsula,OTC,200,1730950.17,-2.44,Farmacia Güemes
2026,5,Recoleta-Norte,TANVIMIL ACD,gotas orales en solución,OTC,85,418804.03,3.66,Farmacia La Estrella
2026,5,Recoleta-Norte,APSICO,5 mg – comprimido recubierto,RX,246,3350113.89,-6.82,Farmacia La Estrella
2026,5,Recoleta-Norte,TIOCTAN,600 mg – comprimido recubierto,RX,113,3112862.64,-1.74,Farmacia Güemes
2026,5,Recoleta-Norte,TANVIMIL B1 B6 B12,comprimido recubierto,OTC,399,4731621.67,-4.77,Farmacia La Estrella
2026,5,Recoleta-Norte,PAMOXET,20 mg – comprimido recubierto,RX,222,6598898.03,76.19,Farmacia La Estrella
2026,5,Recoleta-Norte,CIRUELAX MINITABS,75 mg – comprimido recubierto,OTC,172,433655.64,-20.74,Farmacia Güemes
2026,5,Recoleta-Norte,TACNA,250 mg – comprimido,RX,112,1239704.71,-5.08,Farmacia La Estrella
2026,5,Recoleta-Norte,PANCUTAN NF,"0,2 g/600.000 UI/600.000 UI/100 g – gel tópico",RX,47,963488.28,46.88,Farmacia Güemes
2026,5,Recoleta-Norte,TANVIMIL ACD FLUOR,solución oral,OTC,259,3808924.82,33.51,Farmacia La Estrella
2026,5,Recoleta-Norte,ONEFIN,5 mg – comprimido,RX,163,5100271.09,-2.98,Farmacia La Estrella
2026,5,Recoleta-Norte,TANVIMIL AMINOÁCIDOS,comprimido recubierto,OTC,32,319840.74,60.0,Farmacia La Estrella
2026,5,Microcentro-Este,TANVIMIL AMINOÁCIDOS,comprimido recubierto,OTC,209,2019292.97,-5.43,Farmacia Pueyrredón
2026,5,Microcentro-Este,PANCUTAN NF,"0,2 g/600.000 UI/600.000 UI/100 g – gel tópico",RX,130,2598012.49,-5.8,Farmacia Pueyrredón
2026,5,Microcentro-Este,TANVIMIL ACD,gotas orales en solución,OTC,474,2355408.55,8.22,Farmacia Del Parque
2026,5,Microcentro-Este,TANVIMIL B1 B6 B12,comprimido recubierto,OTC,426,4823329.42,-7.39,Farmacia Pueyrredón
2026,5,Microcentro-Este,APSICO,"2,5 mg – comprimido recubierto",RX,349,9655380.06,-0.57,Farmacia Pueyrredón
2026,5,Microcentro-Este,TANVIMIL ACD FLUOR,solución oral,OTC,255,3615907.59,22.01,Farmacia Del Parque
2026,5,Microcentro-Este,MENCOGRIN AP,champú,OTC,133,1726762.57,-26.52,Farmacia Del Parque
2026,5,Microcentro-Este,TACNA,250 mg – comprimido,RX,208,2448667.63,-7.56,Farmacia Pueyrredón
2026,5,Microcentro-Este,ALACIR,60 mg – comprimido recubierto gastrorresistente,RX,217,3639151.04,-18.11,Farmacia Pueyrredón
2026,5,Microcentro-Este,TRICOFIN,500 mg – óvulo vaginal,RX,251,1689194.83,-19.81,Farmacia Del Parque
2026,5,Microcentro-Este,APSICO,5 mg – comprimido recubierto,RX,288,3982712.93,17.07,Farmacia Del Parque
2026,5,Microcentro-Este,CO‑TIOCTAN,115 mg/50 mg – comprimido recubierto,OTC,65,250682.51,1.56,Farmacia Del Parque
2026,5,Microcentro-Este,TRIMACREM PLUS,"0,01 g/4 g/0,05 g/100 g – crema tópica",OTC,94,1058221.79,8.05,Farmacia Pueyrredón
2026,5,Microcentro-Este,ONEFIN,10 mg – comprimido,RX,205,5026898.26,-5.96,Farmacia Pueyrredón
2026,5,Microcentro-Este,SUTRICO TAR,9 ml/100 ml – champú,OTC,63,379909.79,-5.97,Farmacia Pueyrredón
2026,5,Microcentro-Este,AEROGAL,64 g/170 g – polvo efervescente en frasco,OTC,190,2376766.73,0.53,Farmacia Pueyrredón
2026,5,San Isidro-Centro,PAMOXET,20 mg – comprimido recubierto,RX,105,2979813.84,31.25,Farmacia Del Norte
2026,5,San Isidro-Centro,APSICO,10 mg – comprimido recubierto,RX,29,832709.48,20.83,Farmacia Del Norte
2026,5,San Isidro-Centro,CIRUELAX MINITABS,75 mg – comprimido recubierto,OTC,89,232814.12,-24.58,Farmacia Del Oeste
2026,5,San Isidro-Centro,TRICOFIN,500 mg – comprimido,RX,237,5999867.0,-30.09,Farmacia Del Norte
2026,5,San Isidro-Centro,TRIMACREM PLUS,"0,01 g/4 g/0,05 g/100 g – crema tópica",OTC,103,1134796.39,14.44,Farmacia Del Norte
2026,5,San Isidro-Centro,TANVIMIL ACD,gotas orales en solución,OTC,137,672851.05,3.01,Farmacia Del Oeste
2026,5,San Isidro-Centro,ONEFIN,10 mg – comprimido,RX,126,3136921.76,-14.86,Farmacia Del Norte
2026,5,San Isidro-Centro,PAMOXET,40 mg – comprimido recubierto,RX,207,4695771.46,-32.35,Farmacia Del Oeste
2026,5,San Isidro-Centro,TRICOPLUS,5 g/100 ml – loción capilar,RX,54,1687962.03,-28.0,Farmacia Del Oeste
2026,5,San Isidro-Centro,CO‑TIOCTAN,115 mg/50 mg – comprimido recubierto,OTC,32,122045.23,-33.33,Farmacia Del Oeste
2026,5,San Isidro-Centro,TANVIMIL B1 B6 B12,comprimido recubierto,OTC,234,2769633.38,-32.76,Farmacia Del Oeste
2026,5,San Isidro-Centro,ONEFIN,5 mg – comprimido,RX,233,7362613.84,-19.38,Farmacia Del Oeste
2026,5,San Isidro-Centro,TANVIMIL A,50.000 UI – cápsulas,OTC,181,2294623.49,-0.55,Farmacia Del Norte
2026,5,San Isidro-Centro,TANDIUR,50 mg – comprimido,RX,369,3714838.77,7.27,Farmacia Del Oeste
2026,5,San Isidro-Centro,TANVIMIL A,100.000 UI – cápsulas,OTC,477,1351233.83,71.58,Farmacia Del Norte
2026,5,San Isidro-Centro,APSICO,5 mg – comprimido recubierto,RX,82,1123032.06,-29.91,Farmacia Del Oeste
2026,5,San Isidro-Centro,TACNA,250 mg – comprimido,RX,389,4353504.93,28.38,Farmacia Del Oeste
2026,5,Belgrano-R,PANCUTAN NF,"0,2 g/600.000 UI/600.000 UI/100 g – gel tópico",RX,202,4056382.08,1.51,Farmacia Lavalle
2026,5,Belgrano-R,SUTRICO TAR,9 ml/100 ml – champú,OTC,177,1068566.23,-30.86,Farmacia Del Sol
2026,5,Belgrano-R,TANVIMIL AMINOÁCIDOS,comprimido recubierto,OTC,26,248688.4,-16.13,Farmacia Lavalle
2026,5,Belgrano-R,CO‑TIOCTAN,115 mg/50 mg – comprimido recubierto,OTC,181,707505.02,3.43,Farmacia Lavalle
2026,5,Belgrano-R,ONEFIN,10 mg – comprimido,RX,69,1671949.18,-14.81,Farmacia Lavalle
2026,5,Belgrano-R,ALACIR,30 mg – comprimido recubierto gastrorresistente,RX,253,3331087.39,25.87,Farmacia Lavalle
2026,5,Belgrano-R,TRICOFIN,500 mg – óvulo vaginal,RX,217,1547393.52,11.28,Farmacia Del Sol
2026,5,Belgrano-R,APSICO,"2,5 mg – comprimido recubierto",RX,123,3365654.05,-6.82,Farmacia Lavalle
2026,5,Belgrano-R,TRICOPLUS,5 g/100 ml – loción capilar,RX,232,7030884.78,2.2,Farmacia Del Sol
2026,5,Belgrano-R,AEROGAL,64 g/170 g – polvo efervescente en frasco,OTC,147,1822538.19,-29.33,Farmacia Del Sol
2026,5,Belgrano-R,TANVIMIL A,50.000 UI – cápsulas,OTC,204,2542876.64,-33.98,Farmacia Lavalle
2026,5,Belgrano-R,TANVIMIL PLUS,cápsula,OTC,185,1654821.95,54.17,Farmacia Del Sol
2026,5,Belgrano-R,ONEFIN,5 mg – comprimido,RX,113,3465176.72,20.21,Farmacia Del Sol
2026,5,Belgrano-R,ALACIR,60 mg – comprimido recubierto gastrorresistente,RX,176,3088762.23,-17.37,Farmacia Del Sol
2026,5,Belgrano-R,MENCOGRIN AP,champú,OTC,237,3115904.55,16.18,Farmacia Lavalle
2026,5,Belgrano-R,TIOCTAN,600 mg – comprimido recubierto,RX,151,4077240.7,39.81,Farmacia Lavalle
2026,5,Belgrano-R,APSICO,10 mg – comprimido recubierto,RX,236,6862349.12,38.82,Farmacia Del Sol
2026,5,Belgrano-R,TANDIUR,50 mg – comprimido,RX,263,2628635.04,25.24,Farmacia Del Sol
2026,5,Belgrano-R,CIRUELAX MINITABS,75 mg – comprimido recubierto,OTC,130,329035.0,-30.85,Farmacia Del Sol
2026,5,Devoto-Centro,PAMOXET,20 mg – comprimido recubierto,RX,190,5778689.55,-42.42,Farmacia España
2026,5,Devoto-Centro,TANVIMIL A,100.000 UI – cápsulas,OTC,462,1261684.39,81.18,Farmacia La Botica
2026,5,Devoto-Centro,TIOCTAN,600 mg – comprimido recubierto,RX,134,3719238.65,13.56,Farmacia La Botica
2026,5,Devoto-Centro,TRICOPLUS,5 g/100 ml – loción capilar,RX,149,4371894.27,-10.24,Farmacia La Botica
2026,5,Devoto-Centro,PANCUTAN NF,"0,2 g/600.000 UI/600.000 UI/100 g – gel tópico",RX,63,1283470.89,-34.38,Farmacia España
2026,5,Devoto-Centro,TANVIMIL ACD,gotas orales en solución,OTC,130,663396.4,-23.98,Farmacia España
2026,5,Devoto-Centro,ONEFIN,5 mg – comprimido,RX,362,10894401.11,41.41,Farmacia La Botica
2026,5,Devoto-Centro,TANDIUR,50 mg – comprimido,RX,333,3204309.91,49.33,Farmacia La Botica
2026,5,Devoto-Centro,TRIMACREM PLUS,"0,01 g/4 g/0,05 g/100 g – crema tópica",OTC,30,349950.37,0.0,Farmacia La Botica
2026,5,Devoto-Centro,TANVIMIL ACD FLUOR,solución oral,OTC,199,2773013.94,-34.32,Farmacia España
2026,5,Devoto-Centro,MENCOGRIN AP,champú,OTC,208,2766724.21,-19.69,Farmacia España
2026,5,Devoto-Centro,TANVIMIL A,50.000 UI – cápsulas,OTC,121,1566677.88,-39.8,Farmacia España
2026,5,Devoto-Centro,TRICOFIN,500 mg – comprimido,RX,115,2862116.59,29.21,Farmacia La Botica
2026,5,Devoto-Centro,SUTRICO TAR,9 ml/100 ml – champú,OTC,297,1862039.81,-1.0,Farmacia La Botica
2026,5,Devoto-Centro,CIRUELAX MINITABS,75 mg – comprimido recubierto,OTC,47,116669.37,-11.32,Farmacia La Botica
2026,5,Devoto-Centro,APSICO,10 mg – comprimido recubierto,RX,16,455219.1,0.0,Farmacia España
2026,5,Devoto-Centro,ALACIR,60 mg – comprimido recubierto gastrorresistente,RX,214,3547409.86,22.99,Farmacia España
2026,5,Almagro-Centro,CO‑TIOCTAN,115 mg/50 mg – comprimido recubierto,OTC,150,577189.26,54.64,Farmacia Avenida
2026,5,Almagro-Centro,TRIMACREM PLUS,"0,01 g/4 g/0,05 g/100 g – crema tópica",OTC,130,1444616.04,49.43,Farmacia Brown
2026,5,Almagro-Centro,TANVIMIL B1 B6 B12,comprimido recubierto,OTC,77,928726.69,-23.0,Farmacia Avenida
2026,5,Almagro-Centro,SUTRICO TAR,9 ml/100 ml – champú,OTC,321,2042722.34,31.56,Farmacia Brown
2026,5,Almagro-Centro,TANDIUR,50 mg – comprimido,RX,259,2608577.15,34.9,Farmacia Avenida
2026,5,Almagro-Centro,TRICOFIN,500 mg – óvulo vaginal,RX,186,1275696.92,-6.53,Farmacia Avenida
2026,5,Almagro-Centro,TRICOPLUS,2 g/100 ml – loción capilar,RX,65,1859169.14,-23.53,Farmacia Avenida
2026,5,Almagro-Centro,TACNA,250 mg – comprimido,RX,44,499737.81,18.92,Farmacia Brown
2026,5,Almagro-Centro,PAMOXET,20 mg – comprimido recubierto,RX,333,9506362.01,31.62,Farmacia Brown
2026,5,Almagro-Centro,MENCOGRIN AP,champú,OTC,120,1485527.08,1.69,Farmacia Avenida
2026,5,Almagro-Centro,APSICO,5 mg – comprimido recubierto,RX,63,835033.69,36.96,Farmacia Brown
2026,5,Almagro-Centro,ONEFIN,5 mg – comprimido,RX,153,4610821.98,-31.08,Farmacia Avenida
2026,5,Almagro-Centro,TANVIMIL AMINOÁCIDOS,comprimido recubierto,OTC,172,1655638.69,14.67,Farmacia Brown
2026,5,Vicente López-Centro,TANVIMIL ACD,gotas orales en solución,OTC,312,1515879.06,56.0,Farmacia Urquiza
2026,5,Vicente López-Centro,APSICO,5 mg – comprimido recubierto,RX,26,353997.66,30.0,Farmacia Rivadavia
2026,5,Vicente López-Centro,TIOCTAN,600 mg – comprimido recubierto,RX,117,3304629.53,-22.52,Farmacia Rivadavia
2026,5,Vicente López-Centro,TANVIMIL ACD FLUOR,solución oral,OTC,175,2512806.47,-4.37,Farmacia Rivadavia
2026,5,Vicente López-Centro,TRICOFIN,500 mg – comprimido,RX,211,5150805.38,37.91,Farmacia Urquiza
2026,5,Vicente López-Centro,MENCOGRIN AP,champú,OTC,285,3744833.21,3.26,Farmacia Rivadavia
2026,5,Vicente López-Centro,APSICO,10 mg – comprimido recubierto,RX,185,5407335.78,19.35,Farmacia Rivadavia
2026,5,Vicente López-Centro,TRICOPLUS,5 g/100 ml – loción capilar,RX,171,4981932.16,-9.04,Farmacia Urquiza
2026,5,Vicente López-Centro,TANVIMIL B1 B6 B12,comprimido recubierto,OTC,375,4492127.48,43.13,Farmacia Urquiza
2026,5,Vicente López-Centro,TANVIMIL A,50.000 UI – cápsulas,OTC,179,2319459.4,18.54,Farmacia Rivadavia
2026,5,Vicente López-Centro,TRICOFIN,500 mg – óvulo vaginal,RX,346,2397807.39,21.4,Farmacia Rivadavia
2026,5,Vicente López-Centro,PAMOXET,20 mg – comprimido recubierto,RX,118,3591986.44,-18.06,Farmacia Urquiza
2026,5,Vicente López-Centro,ALACIR,30 mg – comprimido recubierto gastrorresistente,RX,71,950247.71,69.05,Farmacia Urquiza
2026,5,Vicente López-Centro,TANDIUR,50 mg – comprimido,RX,126,1273339.3,20.0,Farmacia Rivadavia
2026,5,Vicente López-Centro,PAMOXET,40 mg – comprimido recubierto,RX,80,1828532.05,17.65,Farmacia Urquiza
2026,5,Vicente López-Centro,TRIMACREM PLUS,"0,01 g/4 g/0,05 g/100 g – crema tópica",OTC,96,1109952.01,-14.29,Farmacia Rivadavia
2026,5,Vicente López-Centro,CO‑TIOCTAN,115 mg/50 mg – comprimido recubierto,OTC,191,746886.16,59.17,Farmacia Urquiza
2026,5,Vicente López-Centro,TANVIMIL PLUS,cápsula,OTC,119,1111878.52,-15.6,Farmacia Rivadavia
2026,5,Vicente López-Centro,ONEFIN,10 mg – comprimido,RX,187,4726153.82,23.84,Farmacia Rivadavia
2026,5,Vicente López-Centro,AEROGAL,64 g/170 g – polvo efervescente en frasco,OTC,61,754633.69,-31.46,Farmacia Urquiza
2026,5,Palermo-Sur,TACNA,250 mg – comprimido,RX,60,702475.22,-6.25,Farmacia Moreno
2026,5,Palermo-Sur,PAMOXET,40 mg – comprimido recubierto,RX,288,6516139.46,33.95,Farmacia Central
2026,5,Palermo-Sur,TANVIMIL ACD,gotas orales en solución,OTC,358,1778216.26,8.81,Farmacia Moreno
2026,5,Palermo-Sur,TRIMACREM PLUS,"0,01 g/4 g/0,05 g/100 g – crema tópica",OTC,161,1855828.82,-17.44,Farmacia Moreno
2026,5,Palermo-Sur,TRICOFIN,500 mg – óvulo vaginal,RX,177,1202617.95,48.74,Farmacia Central
2026,5,Palermo-Sur,TRICOFIN,500 mg – comprimido,RX,328,7941203.48,19.71,Farmacia Moreno
2026,5,Palermo-Sur,TRICOPLUS,2 g/100 ml – loción capilar,RX,151,4177747.69,15.27,Farmacia Moreno
2026,5,Palermo-Sur,TANVIMIL PLUS,cápsula,OTC,99,915577.61,-16.1,Farmacia Central
2026,5,Palermo-Sur,TANVIMIL B1 B6 B12,comprimido recubierto,OTC,31,355745.29,72.22,Farmacia Moreno
2026,5,Palermo-Sur,CO‑TIOCTAN,115 mg/50 mg – comprimido recubierto,OTC,178,716143.85,69.52,Farmacia Central
2026,5,Palermo-Sur,ALACIR,60 mg – comprimido recubierto gastrorresistente,RX,138,2431610.39,1.47,Farmacia Central
2026,5,Palermo-Sur,TANVIMIL A,100.000 UI – cápsulas,OTC,77,209037.51,-8.33,Farmacia Central
2026,5,Palermo-Sur,TRICOPLUS,5 g/100 ml – loción capilar,RX,100,2998909.11,-15.25,Farmacia Central
2026,5,Palermo-Sur,PAMOXET,20 mg – comprimido recubierto,RX,107,3201755.21,-1.83,Farmacia Central
2026,5,Palermo-Sur,MENCOGRIN AP,champú,OTC,87,1109749.47,-23.68,Farmacia Moreno
2026,5,Palermo-Sur,AEROGAL,64 g/170 g – polvo efervescente en frasco,OTC,292,3581766.68,12.74,Farmacia Central
2026,5,Palermo-Sur,TANVIMIL ACD FLUOR,solución oral,OTC,29,397760.66,31.82,Farmacia Moreno
2026,5,Quilmes-Centro,TRICOPLUS,2 g/100 ml – loción capilar,RX,165,4795340.88,13.79,Farmacia Alsina
2026,5,Quilmes-Centro,TRICOFIN,500 mg – óvulo vaginal,RX,30,214690.46,-57.75,Farmacia Alsina
2026,5,Quilmes-Centro,PAMOXET,20 mg – comprimido recubierto,RX,51,1522581.45,-7.27,Farmacia Pasteur
2026,5,Quilmes-Centro,CIRUELAX MINITABS,75 mg – comprimido recubierto,OTC,109,286590.39,23.86,Farmacia Alsina
2026,5,Quilmes-Centro,ONEFIN,5 mg – comprimido,RX,318,9558682.86,8.9,Farmacia Pasteur
2026,5,Quilmes-Centro,AEROGAL,64 g/170 g – polvo efervescente en frasco,OTC,308,3878396.26,17.11,Farmacia Alsina
2026,5,Quilmes-Centro,ONEFIN,10 mg – comprimido,RX,208,5364145.64,-27.02,Farmacia Pasteur
2026,5,Quilmes-Centro,TANVIMIL A,100.000 UI – cápsulas,OTC,443,1248978.1,-8.09,Farmacia Alsina
2026,5,Quilmes-Centro,APSICO,5 mg – comprimido recubierto,RX,242,3138578.21,76.64,Farmacia Pasteur
2026,5,Quilmes-Centro,TANVIMIL A,50.000 UI – cápsulas,OTC,180,2252043.21,5.26,Farmacia Pasteur
2026,5,Quilmes-Centro,TANVIMIL ACD FLUOR,solución oral,OTC,407,5898514.48,44.33,Farmacia Alsina
2026,5,Quilmes-Centro,TACNA,250 mg – comprimido,RX,97,1070519.74,31.08,Farmacia Pasteur
2026,5,Flores-Norte,AEROGAL,64 g/170 g – polvo efervescente en frasco,OTC,158,2037797.86,-3.66,Farmacia Castelli
2026,5,Flores-Norte,ALACIR,30 mg – comprimido recubierto gastrorresistente,RX,204,2585333.47,-6.42,Farmacia Castelli
2026,5,Flores-Norte,TANVIMIL AMINOÁCIDOS,comprimido recubierto,OTC,309,2941191.89,-7.76,Farmacia Castelli
2026,5,Flores-Norte,CO‑TIOCTAN,115 mg/50 mg – comprimido recubierto,OTC,183,717204.43,0.0,Farmacia Mitre
2026,5,Flores-Norte,TANVIMIL PLUS,cápsula,OTC,381,3377026.03,11.08,Farmacia Castelli
2026,5,Flores-Norte,TRICOFIN,500 mg – comprimido,RX,237,6035859.05,24.08,Farmacia Mitre
2026,5,Flores-Norte,APSICO,"2,5 mg – comprimido recubierto",RX,141,3942406.44,-29.5,Farmacia Castelli
2026,5,Flores-Norte,TANVIMIL ACD FLUOR,solución oral,OTC,442,6536579.08,1.61,Farmacia Castelli
2026,5,Flores-Norte,TACNA,250 mg – comprimido,RX,205,2303159.83,20.59,Farmacia Mitre
2026,5,Flores-Norte,TIOCTAN,600 mg – comprimido recubierto,RX,354,9773695.94,11.67,Farmacia Mitre
2026,5,Flores-Norte,TRIMACREM PLUS,"0,01 g/4 g/0,05 g/100 g – crema tópica",OTC,75,876553.85,44.23,Farmacia Mitre
2026,5,Flores-Norte,SUTRICO TAR,9 ml/100 ml – champú,OTC,124,740372.31,-22.98,Farmacia Castelli
2026,5,Flores-Norte,ALACIR,60 mg – comprimido recubierto gastrorresistente,RX,120,2120133.52,14.29,Farmacia Castelli
2026,5,La Plata-Centro,TIOCTAN,600 mg – comprimido recubierto,RX,184,5039117.3,-1.6,Farmacia Roca
2026,5,La Plata-Centro,AEROGAL,64 g/170 g – polvo efervescente en frasco,OTC,114,1421959.82,25.27,Farmacia Roca
2026,5,La Plata-Centro,ONEFIN,10 mg – comprimido,RX,315,7669845.14,16.67,Farmacia Roca
2026,5,La Plata-Centro,ONEFIN,5 mg – comprimido,RX,198,6047080.24,-20.8,Farmacia Roca
2026,5,La Plata-Centro,CO‑TIOCTAN,115 mg/50 mg – comprimido recubierto,OTC,338,1293817.96,47.6,Farmacia Del Sur
2026,5,La Plata-Centro,TRICOFIN,500 mg – comprimido,RX,115,2862260.54,-38.17,Farmacia Roca
2026,5,La Plata-Centro,TANVIMIL ACD FLUOR,solución oral,OTC,78,1141132.85,-31.58,Farmacia Roca
2026,5,La Plata-Centro,PAMOXET,20 mg – comprimido recubierto,RX,170,5154162.43,-43.52,Farmacia Roca
2026,5,La Plata-Centro,TANDIUR,50 mg – comprimido,RX,144,1455821.62,-20.0,Farmacia Del Sur
2026,5,La Plata-Centro,MENCOGRIN AP,champú,OTC,103,1278773.32,14.44,Farmacia Roca
2026,5,La Plata-Centro,TRIMACREM PLUS,"0,01 g/4 g/0,05 g/100 g – crema tópica",OTC,26,302312.87,-18.75,Farmacia Roca
2026,5,La Plata-Centro,TACNA,250 mg – comprimido,RX,150,1744811.43,-16.2,Farmacia Del Sur
2026,5,La Plata-Centro,TRICOFIN,500 mg – óvulo vaginal,RX,280,1930412.44,-1.41,Farmacia Del Sur
2026,5,La Plata-Centro,SUTRICO TAR,9 ml/100 ml – champú,OTC,211,1314575.42,-7.46,Farmacia Del Sur
2026,5,La Plata-Centro,TANVIMIL AMINOÁCIDOS,comprimido recubierto,OTC,408,3962002.85,1.75,Farmacia Del Sur
2026,5,La Plata-Centro,ALACIR,30 mg – comprimido recubierto gastrorresistente,RX,94,1254756.83,-34.27,Farmacia Del Sur
2026,5,Villa Urquiza-Centro,ALACIR,30 mg – comprimido recubierto gastrorresistente,RX,91,1156980.45,-30.53,Farmacia Italia
2026,5,Villa Urquiza-Centro,TANVIMIL B1 B6 B12,comprimido recubierto,OTC,278,3308296.24,13.47,Farmacia Italia
2026,5,Villa Urquiza-Centro,PANCUTAN NF,"0,2 g/600.000 UI/600.000 UI/100 g – gel tópico",RX,243,4824479.14,50.0,Farmacia Italia
2026,5,Villa Urquiza-Centro,APSICO,5 mg – comprimido recubierto,RX,65,847875.47,-45.83,Farmacia San José
2026,5,Villa Urquiza-Centro,SUTRICO TAR,9 ml/100 ml – champú,OTC,32,190717.55,23.08,Farmacia Italia
2026,5,Villa Urquiza-Centro,TRICOFIN,500 mg – comprimido,RX,87,2249056.57,-10.31,Farmacia Italia
2026,5,Villa Urquiza-Centro,TRICOPLUS,5 g/100 ml – loción capilar,RX,223,6914775.72,-1.76,Farmacia Italia
2026,5,Villa Urquiza-Centro,ALACIR,60 mg – comprimido recubierto gastrorresistente,RX,179,3122753.69,-11.39,Farmacia Italia
2026,5,Villa Urquiza-Centro,ONEFIN,5 mg – comprimido,RX,342,10999767.78,-5.79,Farmacia San José
2026,5,Villa Urquiza-Centro,TANDIUR,50 mg – comprimido,RX,86,826252.98,-28.93,Farmacia Italia
2026,5,Villa Urquiza-Centro,TANVIMIL A,100.000 UI – cápsulas,OTC,35,96605.35,52.17,Farmacia San José
2026,5,Villa Urquiza-Centro,TRIMACREM PLUS,"0,01 g/4 g/0,05 g/100 g – crema tópica",OTC,137,1492016.03,-39.65,Farmacia San José
2026,5,Palermo-Norte,TANVIMIL B1 B6 B12,comprimido recubierto,OTC,300,3452791.56,71.43,Farmacia Del Ángel
2026,5,Palermo-Norte,TANVIMIL ACD FLUOR,solución oral,OTC,93,1363343.76,-21.19,Farmacia Del Ángel
2026,5,Palermo-Norte,PAMOXET,20 mg – comprimido recubierto,RX,240,6989668.88,14.83,Farmacia Del Ángel
2026,5,Palermo-Norte,ALACIR,60 mg – comprimido recubierto gastrorresistente,RX,118,1978305.2,-3.28,Farmacia Del Ángel
2026,5,Palermo-Norte,PAMOXET,40 mg – comprimido recubierto,RX,152,3480587.24,-57.42,Farmacia Del Ángel
2026,5,Palermo-Norte,TANVIMIL AMINOÁCIDOS,comprimido recubierto,OTC,27,257767.24,-27.03,Farmacia Del Pueblo
2026,5,Palermo-Norte,APSICO,5 mg – comprimido recubierto,RX,203,2712752.66,43.97,Farmacia Del Ángel
2026,5,Palermo-Norte,TRICOFIN,500 mg – comprimido,RX,44,1088513.97,51.72,Farmacia Del Ángel
2026,5,Palermo-Norte,TANVIMIL A,100.000 UI – cápsulas,OTC,148,415980.27,-46.18,Farmacia Del Pueblo
2026,5,Palermo-Norte,CO‑TIOCTAN,115 mg/50 mg – comprimido recubierto,OTC,305,1218349.97,-4.69,Farmacia Del Ángel
2026,5,Palermo-Norte,APSICO,10 mg – comprimido recubierto,RX,158,4500487.27,-7.06,Farmacia Del Pueblo
2026,5,Palermo-Norte,TANVIMIL PLUS,cápsula,OTC,52,452499.63,23.81,Farmacia Del Pueblo
2026,5,Palermo-Norte,APSICO,"2,5 mg – comprimido recubierto",RX,165,4521403.65,35.25,Farmacia Del Pueblo
2026,5,Palermo-Norte,AEROGAL,64 g/170 g – polvo efervescente en frasco,OTC,177,2234106.83,58.04,Farmacia Del Pueblo
2026,5,Belgrano-Centro,TANVIMIL AMINOÁCIDOS,comprimido recubierto,OTC,67,636345.49,-25.56,Farmacia San Martín
2026,5,Belgrano-Centro,TANVIMIL ACD FLUOR,solución oral,OTC,43,592208.02,-2.27,Farmacia San Martín
2026,5,Belgrano-Centro,TANVIMIL B1 B6 B12,comprimido recubierto,OTC,285,3243314.42,-36.53,Farmacia Del Centro
2026,5,Belgrano-Centro,TRIMACREM PLUS,"0,01 g/4 g/0,05 g/100 g – crema tópica",OTC,222,2528557.91,11.56,Farmacia San Martín
2026,5,Belgrano-Centro,TRICOFIN,500 mg – óvulo vaginal,RX,305,2194078.07,-2.56,Farmacia Del Centro
2026,5,Belgrano-Centro,ALACIR,30 mg – comprimido recubierto gastrorresistente,RX,89,1182347.9,-29.92,Farmacia Del Centro
2026,5,Belgrano-Centro,SUTRICO TAR,9 ml/100 ml – champú,OTC,292,1876995.31,35.81,Farmacia Del Centro
2026,5,Belgrano-Centro,AEROGAL,64 g/170 g – polvo efervescente en frasco,OTC,313,3852059.71,-17.63,Farmacia Del Centro
2026,5,Belgrano-Centro,TANVIMIL A,50.000 UI – cápsulas,OTC,83,1035225.69,-23.15,Farmacia Del Centro
2026,5,Belgrano-Centro,APSICO,10 mg – comprimido recubierto,RX,37,1101164.84,-19.57,Farmacia Del Centro
2026,5,Belgrano-Centro,APSICO,5 mg – comprimido recubierto,RX,252,3366531.04,59.49,Farmacia San Martín
2026,5,Belgrano-Centro,CIRUELAX MINITABS,75 mg – comprimido recubierto,OTC,32,81927.58,14.29,Farmacia San Martín
2026,5,Núñez-Centro,ONEFIN,10 mg – comprimido,RX,101,2471896.64,-2.88,Farmacia Del Lago
2026,5,Núñez-Centro,MENCOGRIN AP,champú,OTC,124,1597456.38,-9.49,Farmacia Del Lago
2026,5,Núñez-Centro,TANVIMIL A,50.000 UI – cápsulas,OTC,120,1533176.17,36.36,Farmacia Del Lago
2026,5,Núñez-Centro,TANDIUR,50 mg – comprimido,RX,45,428819.32,-23.73,Farmacia Sarmiento
2026,5,Núñez-Centro,TANVIMIL PLUS,cápsula,OTC,435,4028853.64,43.09,Farmacia Sarmiento
2026,5,Núñez-Centro,TACNA,250 mg – comprimido,RX,83,928562.58,9.21,Farmacia Sarmiento
2026,5,Núñez-Centro,TRICOFIN,500 mg – óvulo vaginal,RX,56,375872.85,21.74,Farmacia Sarmiento
2026,5,Núñez-Centro,PANCUTAN NF,"0,2 g/600.000 UI/600.000 UI/100 g – gel tópico",RX,197,3922109.41,-33.89,Farmacia Del Lago
2026,5,Núñez-Centro,ALACIR,30 mg – comprimido recubierto gastrorresistente,RX,50,639986.44,38.89,Farmacia Sarmiento
2026,5,Núñez-Centro,CO‑TIOCTAN,115 mg/50 mg – comprimido recubierto,OTC,200,780459.19,35.14,Farmacia Del Lago
2026,5,Núñez-Centro,PAMOXET,40 mg – comprimido recubierto,RX,57,1324995.87,-13.64,Farmacia Sarmiento
2026,5,Núñez-Centro,TRICOPLUS,2 g/100 ml – loción capilar,RX,309,9160235.7,16.17,Farmacia Del Lago
2026,5,Núñez-Centro,TRIMACREM PLUS,"0,01 g/4 g/0,05 g/100 g – crema tópica",OTC,138,1524138.12,-14.81,Farmacia Sarmiento
2026,5,Núñez-Centro,APSICO,5 mg – comprimido recubierto,RX,106,1457002.67,-25.87,Farmacia Del Lago
2026,5,Núñez-Centro,SUTRICO TAR,9 ml/100 ml – champú,OTC,35,223393.03,40.0,Farmacia Del Lago
2026,5,Núñez-Centro,TANVIMIL B1 B6 B12,comprimido recubierto,OTC,257,3030924.5,-11.07,Farmacia Del Lago
2026,5,Núñez-Centro,TANVIMIL A,100.000 UI – cápsulas,OTC,202,558081.22,1.0,Farmacia Sarmiento
2026,5,Núñez-Centro,PAMOXET,20 mg – comprimido recubierto,RX,88,2591153.16,-6.38,Farmacia Del Lago
2026,5,Núñez-Centro,AEROGAL,64 g/170 g – polvo efervescente en frasco,OTC,225,2707782.97,26.4,Farmacia Sarmiento
2026,5,Caballito-Centro,APSICO,"2,5 mg – comprimido recubierto",RX,315,8598753.42,-10.26,Farmacia Belgrano
2026,5,Caballito-Centro,PAMOXET,20 mg – comprimido recubierto,RX,22,671387.77,-21.43,Farmacia Belgrano
2026,5,Caballito-Centro,TRICOFIN,500 mg – óvulo vaginal,RX,215,1453654.17,-25.35,Farmacia Belgrano
2026,5,Caballito-Centro,AEROGAL,64 g/170 g – polvo efervescente en frasco,OTC,235,2886021.7,-7.11,Farmacia Belgrano
2026,5,Caballito-Centro,PAMOXET,40 mg – comprimido recubierto,RX,65,1488566.35,32.65,Farmacia Belgrano
2026,5,Caballito-Centro,TRICOPLUS,5 g/100 ml – loción capilar,RX,56,1697223.45,14.29,Farmacia Belgrano
2026,5,Caballito-Centro,TANDIUR,50 mg – comprimido,RX,139,1356917.05,28.7,Farmacia Pellegrini
2026,5,Caballito-Centro,TANVIMIL ACD FLUOR,solución oral,OTC,319,4468714.18,-19.24,Farmacia Pellegrini
2026,5,Caballito-Centro,MENCOGRIN AP,champú,OTC,73,932467.98,2.82,Farmacia Pellegrini
2026,5,Caballito-Centro,PANCUTAN NF,"0,2 g/600.000 UI/600.000 UI/100 g – gel tópico",RX,139,2759674.96,-1.42,Farmacia Belgrano
2026,5,Caballito-Centro,CO‑TIOCTAN,115 mg/50 mg – comprimido recubierto,OTC,50,200621.21,-12.28,Farmacia Belgrano
2026,5,Caballito-Centro,TRICOFIN,500 mg – comprimido,RX,77,1967886.07,-27.36,Farmacia Pellegrini
2026,5,Caballito-Centro,ALACIR,30 mg – comprimido recubierto gastrorresistente,RX,289,3931559.37,40.98,Farmacia Belgrano
2026,5,Caballito-Centro,TANVIMIL B1 B6 B12,comprimido recubierto,OTC,61,725408.01,-17.57,Farmacia Belgrano
2026,6,Recoleta-Norte,TRICOPLUS,2 g/100 ml – loción capilar,RX,235,6753543.42,86.51,Farmacia La Estrella
2026,6,Recoleta-Norte,CO‑TIOCTAN,115 mg/50 mg – comprimido recubierto,OTC,120,448648.19,8.11,Farmacia La Estrella
2026,6,Recoleta-Norte,TRICOFIN,500 mg – óvulo vaginal,RX,78,536584.11,50.0,Farmacia Güemes
2026,6,Recoleta-Norte,TRICOPLUS,5 g/100 ml – loción capilar,RX,62,1920682.55,6.9,Farmacia La Estrella
2026,6,Recoleta-Norte,PAMOXET,40 mg – comprimido recubierto,RX,186,4214201.41,-4.62,Farmacia La Estrella
2026,6,Recoleta-Norte,APSICO,"2,5 mg – comprimido recubierto",RX,242,6613094.28,10.5,Farmacia Güemes
2026,6,Recoleta-Norte,APSICO,10 mg – comprimido recubierto,RX,230,6716073.57,0.44,Farmacia Güemes
2026,6,Recoleta-Norte,TANVIMIL PLUS,cápsula,OTC,108,956675.15,-6.9,Farmacia La Estrella
2026,6,Recoleta-Norte,TANVIMIL ACD,gotas orales en solución,OTC,54,278456.99,1.89,Farmacia Güemes
2026,6,Recoleta-Norte,APSICO,5 mg – comprimido recubierto,RX,309,4037379.21,30.38,Farmacia Güemes
2026,6,Recoleta-Norte,TIOCTAN,600 mg – comprimido recubierto,RX,128,3533016.59,-31.91,Farmacia Güemes
2026,6,Recoleta-Norte,TANVIMIL B1 B6 B12,comprimido recubierto,OTC,226,2687628.33,17.1,Farmacia La Estrella
2026,6,Recoleta-Norte,PAMOXET,20 mg – comprimido recubierto,RX,171,4989020.76,-10.0,Farmacia Güemes
2026,6,Recoleta-Norte,CIRUELAX MINITABS,75 mg – comprimido recubierto,OTC,199,493615.56,40.14,Farmacia Güemes
2026,6,Recoleta-Norte,TACNA,250 mg – comprimido,RX,116,1273312.84,39.76,Farmacia La Estrella
2026,6,Recoleta-Norte,PANCUTAN NF,"0,2 g/600.000 UI/600.000 UI/100 g – gel tópico",RX,21,424773.24,-25.0,Farmacia Güemes
2026,6,Recoleta-Norte,TANVIMIL ACD FLUOR,solución oral,OTC,198,2892405.08,-4.81,Farmacia Güemes
2026,6,Recoleta-Norte,ONEFIN,5 mg – comprimido,RX,280,8876610.73,20.69,Farmacia Güemes
2026,6,Recoleta-Norte,TANVIMIL AMINOÁCIDOS,comprimido recubierto,OTC,25,236800.18,38.89,Farmacia Güemes
2026,6,Microcentro-Este,TANVIMIL AMINOÁCIDOS,comprimido recubierto,OTC,135,1311232.44,-3.57,Farmacia Del Parque
2026,6,Microcentro-Este,PANCUTAN NF,"0,2 g/600.000 UI/600.000 UI/100 g – gel tópico",RX,75,1537909.42,-27.18,Farmacia Pueyrredón
2026,6,Microcentro-Este,TANVIMIL ACD,gotas orales en solución,OTC,310,1604492.83,14.81,Farmacia Pueyrredón
2026,6,Microcentro-Este,TANVIMIL B1 B6 B12,comprimido recubierto,OTC,360,4227337.25,29.03,Farmacia Del Parque
2026,6,Microcentro-Este,APSICO,"2,5 mg – comprimido recubierto",RX,235,6891035.46,17.5,Farmacia Pueyrredón
2026,6,Microcentro-Este,TANVIMIL ACD FLUOR,solución oral,OTC,129,1876526.16,-40.55,Farmacia Pueyrredón
2026,6,Microcentro-Este,MENCOGRIN AP,champú,OTC,100,1266330.73,-23.08,Farmacia Del Parque
2026,6,Microcentro-Este,TACNA,250 mg – comprimido,RX,144,1633707.31,-19.55,Farmacia Pueyrredón
2026,6,Microcentro-Este,ALACIR,60 mg – comprimido recubierto gastrorresistente,RX,143,2389494.39,-30.58,Farmacia Del Parque
2026,6,Microcentro-Este,TRICOFIN,500 mg – óvulo vaginal,RX,343,2332092.01,13.95,Farmacia Pueyrredón
2026,6,Microcentro-Este,APSICO,5 mg – comprimido recubierto,RX,215,2801901.73,-29.74,Farmacia Del Parque
2026,6,Microcentro-Este,CO‑TIOCTAN,115 mg/50 mg – comprimido recubierto,OTC,66,263815.25,46.67,Farmacia Pueyrredón
2026,6,Microcentro-Este,TRIMACREM PLUS,"0,01 g/4 g/0,05 g/100 g – crema tópica",OTC,55,615092.54,48.65,Farmacia Pueyrredón
2026,6,Microcentro-Este,ONEFIN,10 mg – comprimido,RX,168,4281936.58,-35.88,Farmacia Del Parque
2026,6,Microcentro-Este,SUTRICO TAR,9 ml/100 ml – champú,OTC,44,276552.07,0.0,Farmacia Del Parque
2026,6,Microcentro-Este,AEROGAL,64 g/170 g – polvo efervescente en frasco,OTC,309,3886875.8,-47.36,Farmacia Pueyrredón
2026,6,San Isidro-Centro,PAMOXET,20 mg – comprimido recubierto,RX,107,3091604.05,8.08,Farmacia Del Norte
2026,6,San Isidro-Centro,APSICO,10 mg – comprimido recubierto,RX,23,682979.07,-20.69,Farmacia Del Oeste
2026,6,San Isidro-Centro,CIRUELAX MINITABS,75 mg – comprimido recubierto,OTC,75,193956.01,-7.41,Farmacia Del Norte
2026,6,San Isidro-Centro,TRICOFIN,500 mg – comprimido,RX,356,8677691.0,61.09,Farmacia Del Oeste
2026,6,San Isidro-Centro,TRIMACREM PLUS,"0,01 g/4 g/0,05 g/100 g – crema tópica",OTC,58,656193.96,20.83,Farmacia Del Oeste
2026,6,San Isidro-Centro,TANVIMIL ACD,gotas orales en solución,OTC,114,596192.55,-9.52,Farmacia Del Oeste
2026,6,San Isidro-Centro,ONEFIN,10 mg – comprimido,RX,89,2236676.07,-30.47,Farmacia Del Oeste
2026,6,San Isidro-Centro,PAMOXET,40 mg – comprimido recubierto,RX,272,6474760.85,20.35,Farmacia Del Norte
2026,6,San Isidro-Centro,TRICOPLUS,5 g/100 ml – loción capilar,RX,56,1713099.44,19.15,Farmacia Del Oeste
2026,6,San Isidro-Centro,CO‑TIOCTAN,115 mg/50 mg – comprimido recubierto,OTC,34,134192.77,-22.73,Farmacia Del Oeste
2026,6,San Isidro-Centro,TANVIMIL B1 B6 B12,comprimido recubierto,OTC,221,2627019.65,-2.64,Farmacia Del Oeste
2026,6,San Isidro-Centro,ONEFIN,5 mg – comprimido,RX,275,8643993.55,4.17,Farmacia Del Oeste
2026,6,San Isidro-Centro,TANVIMIL A,50.000 UI – cápsulas,OTC,111,1466612.62,-4.31,Farmacia Del Norte
2026,6,San Isidro-Centro,TANDIUR,50 mg – comprimido,RX,354,3471886.21,31.11,Farmacia Del Norte
2026,6,San Isidro-Centro,TANVIMIL A,100.000 UI – cápsulas,OTC,326,946397.15,71.58,Farmacia Del Oeste
2026,6,San Isidro-Centro,APSICO,5 mg – comprimido recubierto,RX,72,961118.18,-36.28,Farmacia Del Norte
2026,6,San Isidro-Centro,TACNA,250 mg – comprimido,RX,219,2509820.26,-26.26,Farmacia Del Norte
2026,6,Belgrano-R,PANCUTAN NF,"0,2 g/600.000 UI/600.000 UI/100 g – gel tópico",RX,150,2874760.23,-15.25,Farmacia Del Sol
2026,6,Belgrano-R,SUTRICO TAR,9 ml/100 ml – champú,OTC,142,865776.87,-4.7,Farmacia Lavalle
2026,6,Belgrano-R,TANVIMIL AMINOÁCIDOS,comprimido recubierto,OTC,26,248750.96,30.0,Farmacia Lavalle
2026,6,Belgrano-R,CO‑TIOCTAN,115 mg/50 mg – comprimido recubierto,OTC,153,599979.06,-27.49,Farmacia Lavalle
2026,6,Belgrano-R,ONEFIN,10 mg – comprimido,RX,71,1817009.74,1.43,Farmacia Lavalle
2026,6,Belgrano-R,ALACIR,30 mg – comprimido recubierto gastrorresistente,RX,298,3856484.01,35.45,Farmacia Del Sol
2026,6,Belgrano-R,TRICOFIN,500 mg – óvulo vaginal,RX,144,992944.78,-31.1,Farmacia Del Sol
2026,6,Belgrano-R,APSICO,"2,5 mg – comprimido recubierto",RX,111,3121964.62,-5.93,Farmacia Lavalle
2026,6,Belgrano-R,TRICOPLUS,5 g/100 ml – loción capilar,RX,196,5887948.82,7.1,Farmacia Del Sol
2026,6,Belgrano-R,AEROGAL,64 g/170 g – polvo efervescente en frasco,OTC,293,3533323.11,0.69,Farmacia Lavalle
2026,6,Belgrano-R,TANVIMIL A,50.000 UI – cápsulas,OTC,191,2430610.81,23.23,Farmacia Del Sol
2026,6,Belgrano-R,TANVIMIL PLUS,cápsula,OTC,83,733369.13,-1.19,Farmacia Lavalle
2026,6,Belgrano-R,ONEFIN,5 mg – comprimido,RX,78,2467818.34,20.0,Farmacia Lavalle
2026,6,Belgrano-R,ALACIR,60 mg – comprimido recubierto gastrorresistente,RX,211,3490108.83,59.85,Farmacia Del Sol
2026,6,Belgrano-R,MENCOGRIN AP,champú,OTC,160,2067752.59,8.11,Farmacia Lavalle
2026,6,Belgrano-R,TIOCTAN,600 mg – comprimido recubierto,RX,88,2448137.29,0.0,Farmacia Lavalle
2026,6,Belgrano-R,APSICO,10 mg – comprimido recubierto,RX,250,7512506.45,32.28,Farmacia Del Sol
2026,6,Belgrano-R,TANDIUR,50 mg – comprimido,RX,276,2796844.06,6.98,Farmacia Lavalle
2026,6,Belgrano-R,CIRUELAX MINITABS,75 mg – comprimido recubierto,OTC,120,319468.47,-6.25,Farmacia Lavalle
2026,6,Devoto-Centro,PAMOXET,20 mg – comprimido recubierto,RX,309,8904579.85,0.32,Farmacia La Botica
2026,6,Devoto-Centro,TANVIMIL A,100.000 UI – cápsulas,OTC,257,720156.73,-18.15,Farmacia La Botica
2026,6,Devoto-Centro,TIOCTAN,600 mg – comprimido recubierto,RX,92,2543019.64,-23.97,Farmacia La Botica
2026,6,Devoto-Centro,TRICOPLUS,5 g/100 ml – loción capilar,RX,144,4259083.95,-1.37,Farmacia España
2026,6,Devoto-Centro,PANCUTAN NF,"0,2 g/600.000 UI/600.000 UI/100 g – gel tópico",RX,65,1300720.09,-9.72,Farmacia La Botica
2026,6,Devoto-Centro,TANVIMIL ACD,gotas orales en solución,OTC,109,546346.83,17.2,Farmacia La Botica
2026,6,Devoto-Centro,ONEFIN,5 mg – comprimido,RX,343,10602047.37,4.89,Farmacia España
2026,6,Devoto-Centro,TANDIUR,50 mg – comprimido,RX,319,3222846.51,54.85,Farmacia España
2026,6,Devoto-Centro,TRIMACREM PLUS,"0,01 g/4 g/0,05 g/100 g – crema tópica",OTC,12,141277.83,0.0,Farmacia España
2026,6,Devoto-Centro,TANVIMIL ACD FLUOR,solución oral,OTC,139,1962077.62,-7.95,Farmacia España
2026,6,Devoto-Centro,MENCOGRIN AP,champú,OTC,155,2063857.44,-4.32,Farmacia España
2026,6,Devoto-Centro,TANVIMIL A,50.000 UI – cápsulas,OTC,91,1198292.65,-13.33,Farmacia España
2026,6,Devoto-Centro,TRICOFIN,500 mg – comprimido,RX,110,2761640.42,20.88,Farmacia La Botica
2026,6,Devoto-Centro,SUTRICO TAR,9 ml/100 ml – champú,OTC,189,1182317.9,7.39,Farmacia La Botica
2026,6,Devoto-Centro,CIRUELAX MINITABS,75 mg – comprimido recubierto,OTC,56,146712.0,51.35,Farmacia España
2026,6,Devoto-Centro,APSICO,10 mg – comprimido recubierto,RX,23,678295.48,35.29,Farmacia La Botica
2026,6,Devoto-Centro,ALACIR,60 mg – comprimido recubierto gastrorresistente,RX,140,2504297.93,-8.5,Farmacia La Botica
2026,6,Almagro-Centro,CO‑TIOCTAN,115 mg/50 mg – comprimido recubierto,OTC,92,359389.7,-31.85,Farmacia Brown
2026,6,Almagro-Centro,TRIMACREM PLUS,"0,01 g/4 g/0,05 g/100 g – crema tópica",OTC,74,862265.14,-21.28,Farmacia Avenida
2026,6,Almagro-Centro,TANVIMIL B1 B6 B12,comprimido recubierto,OTC,87,1001789.09,67.31,Farmacia Avenida
2026,6,Almagro-Centro,SUTRICO TAR,9 ml/100 ml – champú,OTC,173,1099555.71,-25.75,Farmacia Avenida
2026,6,Almagro-Centro,TANDIUR,50 mg – comprimido,RX,249,2501051.96,-18.89,Farmacia Avenida
2026,6,Almagro-Centro,TRICOFIN,500 mg – óvulo vaginal,RX,136,912540.4,-30.96,Farmacia Brown
2026,6,Almagro-Centro,TRICOPLUS,2 g/100 ml – loción capilar,RX,51,1473321.71,6.25,Farmacia Brown
2026,6,Almagro-Centro,TACNA,250 mg – comprimido,RX,29,327642.03,-48.21,Farmacia Avenida
2026,6,Almagro-Centro,PAMOXET,20 mg – comprimido recubierto,RX,283,8021649.04,-7.52,Farmacia Brown
2026,6,Almagro-Centro,MENCOGRIN AP,champú,OTC,91,1190326.11,82.0,Farmacia Avenida
2026,6,Almagro-Centro,APSICO,5 mg – comprimido recubierto,RX,44,592367.66,-4.35,Farmacia Avenida
2026,6,Almagro-Centro,ONEFIN,5 mg – comprimido,RX,239,7295276.04,20.71,Farmacia Brown
2026,6,Almagro-Centro,TANVIMIL AMINOÁCIDOS,comprimido recubierto,OTC,96,948050.33,-2.04,Farmacia Brown
2026,6,Vicente López-Centro,TANVIMIL ACD,gotas orales en solución,OTC,149,746061.77,-35.5,Farmacia Rivadavia
2026,6,Vicente López-Centro,APSICO,5 mg – comprimido recubierto,RX,29,381645.6,45.0,Farmacia Urquiza
2026,6,Vicente López-Centro,TIOCTAN,600 mg – comprimido recubierto,RX,84,2312584.09,-30.58,Farmacia Urquiza
2026,6,Vicente López-Centro,TANVIMIL ACD FLUOR,solución oral,OTC,180,2621830.83,-8.16,Farmacia Rivadavia
2026,6,Vicente López-Centro,TRICOFIN,500 mg – comprimido,RX,160,4128351.11,-0.62,Farmacia Urquiza
2026,6,Vicente López-Centro,MENCOGRIN AP,champú,OTC,191,2530391.55,-13.18,Farmacia Urquiza
2026,6,Vicente López-Centro,APSICO,10 mg – comprimido recubierto,RX,143,4008353.22,-13.86,Farmacia Urquiza
2026,6,Vicente López-Centro,TRICOPLUS,5 g/100 ml – loción capilar,RX,120,3675215.91,-8.4,Farmacia Rivadavia
2026,6,Vicente López-Centro,TANVIMIL B1 B6 B12,comprimido recubierto,OTC,208,2516825.8,8.9,Farmacia Rivadavia
2026,6,Vicente López-Centro,TANVIMIL A,50.000 UI – cápsulas,OTC,147,1897325.17,-22.63,Farmacia Urquiza
2026,6,Vicente López-Centro,TRICOFIN,500 mg – óvulo vaginal,RX,346,2473228.95,0.29,Farmacia Urquiza
2026,6,Vicente López-Centro,PAMOXET,20 mg – comprimido recubierto,RX,146,4308633.15,23.73,Farmacia Urquiza
2026,6,Vicente López-Centro,ALACIR,30 mg – comprimido recubierto gastrorresistente,RX,63,831247.35,36.96,Farmacia Rivadavia
2026,6,Vicente López-Centro,TANDIUR,50 mg – comprimido,RX,123,1243487.82,-2.38,Farmacia Rivadavia
2026,6,Vicente López-Centro,PAMOXET,40 mg – comprimido recubierto,RX,56,1306094.12,-37.78,Farmacia Rivadavia
2026,6,Vicente López-Centro,TRIMACREM PLUS,"0,01 g/4 g/0,05 g/100 g – crema tópica",OTC,87,995455.71,8.75,Farmacia Rivadavia
2026,6,Vicente López-Centro,CO‑TIOCTAN,115 mg/50 mg – comprimido recubierto,OTC,210,837700.45,2.94,Farmacia Rivadavia
2026,6,Vicente López-Centro,TANVIMIL PLUS,cápsula,OTC,109,1007954.12,-6.03,Farmacia Rivadavia
2026,6,Vicente López-Centro,ONEFIN,10 mg – comprimido,RX,111,2854253.59,-24.49,Farmacia Urquiza
2026,6,Vicente López-Centro,AEROGAL,64 g/170 g – polvo efervescente en frasco,OTC,122,1559959.27,-3.17,Farmacia Urquiza
2026,6,Palermo-Sur,TACNA,250 mg – comprimido,RX,61,718342.57,-18.67,Farmacia Moreno
2026,6,Palermo-Sur,PAMOXET,40 mg – comprimido recubierto,RX,340,8091569.77,12.21,Farmacia Moreno
2026,6,Palermo-Sur,TANVIMIL ACD,gotas orales en solución,OTC,242,1177609.34,47.56,Farmacia Moreno
2026,6,Palermo-Sur,TRIMACREM PLUS,"0,01 g/4 g/0,05 g/100 g – crema tópica",OTC,119,1316070.61,-10.53,Farmacia Central
2026,6,Palermo-Sur,TRICOFIN,500 mg – óvulo vaginal,RX,208,1485893.62,30.0,Farmacia Central
2026,6,Palermo-Sur,TRICOFIN,500 mg – comprimido,RX,315,8070907.46,-4.55,Farmacia Moreno
2026,6,Palermo-Sur,TRICOPLUS,2 g/100 ml – loción capilar,RX,85,2363881.44,-13.27,Farmacia Moreno
2026,6,Palermo-Sur,TANVIMIL PLUS,cápsula,OTC,112,1013920.51,47.37,Farmacia Moreno
2026,6,Palermo-Sur,TANVIMIL B1 B6 B12,comprimido recubierto,OTC,19,230005.78,-29.63,Farmacia Moreno
2026,6,Palermo-Sur,CO‑TIOCTAN,115 mg/50 mg – comprimido recubierto,OTC,110,436849.79,-27.63,Farmacia Central
2026,6,Palermo-Sur,ALACIR,60 mg – comprimido recubierto gastrorresistente,RX,130,2248023.03,-8.45,Farmacia Moreno
2026,6,Palermo-Sur,TANVIMIL A,100.000 UI – cápsulas,OTC,62,175328.86,31.91,Farmacia Central
2026,6,Palermo-Sur,TRICOPLUS,5 g/100 ml – loción capilar,RX,89,2670092.41,74.51,Farmacia Central
2026,6,Palermo-Sur,PAMOXET,20 mg – comprimido recubierto,RX,78,2271827.66,-35.0,Farmacia Central
2026,6,Palermo-Sur,MENCOGRIN AP,champú,OTC,66,870092.13,-16.46,Farmacia Central
2026,6,Palermo-Sur,AEROGAL,64 g/170 g – polvo efervescente en frasco,OTC,547,6605588.87,-20.95,Farmacia Central
2026,6,Palermo-Sur,TANVIMIL ACD FLUOR,solución oral,OTC,15,215237.38,0.0,Farmacia Moreno
2026,6,Quilmes-Centro,TRICOPLUS,2 g/100 ml – loción capilar,RX,168,4685111.08,21.74,Farmacia Pasteur
2026,6,Quilmes-Centro,TRICOFIN,500 mg – óvulo vaginal,RX,44,293529.67,-4.35,Farmacia Alsina
2026,6,Quilmes-Centro,PAMOXET,20 mg – comprimido recubierto,RX,32,932230.45,-33.33,Farmacia Pasteur
2026,6,Quilmes-Centro,CIRUELAX MINITABS,75 mg – comprimido recubierto,OTC,110,273867.97,54.93,Farmacia Pasteur
2026,6,Quilmes-Centro,ONEFIN,5 mg – comprimido,RX,233,7377297.93,-16.79,Farmacia Pasteur
2026,6,Quilmes-Centro,AEROGAL,64 g/170 g – polvo efervescente en frasco,OTC,465,5681667.11,-5.68,Farmacia Alsina
2026,6,Quilmes-Centro,ONEFIN,10 mg – comprimido,RX,294,7382212.33,13.08,Farmacia Alsina
2026,6,Quilmes-Centro,TANVIMIL A,100.000 UI – cápsulas,OTC,286,814092.48,-7.44,Farmacia Alsina
2026,6,Quilmes-Centro,APSICO,5 mg – comprimido recubierto,RX,234,3085237.87,-1.27,Farmacia Alsina
2026,6,Quilmes-Centro,TANVIMIL A,50.000 UI – cápsulas,OTC,126,1625000.8,-17.11,Farmacia Alsina
2026,6,Quilmes-Centro,TANVIMIL ACD FLUOR,solución oral,OTC,277,3926229.07,5.73,Farmacia Pasteur
2026,6,Quilmes-Centro,TACNA,250 mg – comprimido,RX,103,1147291.68,9.57,Farmacia Alsina
2026,6,Flores-Norte,AEROGAL,64 g/170 g – polvo efervescente en frasco,OTC,287,3580110.23,-2.71,Farmacia Mitre
2026,6,Flores-Norte,ALACIR,30 mg – comprimido recubierto gastrorresistente,RX,252,3370459.5,44.83,Farmacia Mitre
2026,6,Flores-Norte,TANVIMIL AMINOÁCIDOS,comprimido recubierto,OTC,161,1530772.09,5.23,Farmacia Mitre
2026,6,Flores-Norte,CO‑TIOCTAN,115 mg/50 mg – comprimido recubierto,OTC,240,948732.07,5.26,Farmacia Castelli
2026,6,Flores-Norte,TANVIMIL PLUS,cápsula,OTC,289,2506880.26,40.29,Farmacia Mitre
2026,6,Flores-Norte,TRICOFIN,500 mg – comprimido,RX,218,5487375.88,40.65,Farmacia Mitre
2026,6,Flores-Norte,APSICO,"2,5 mg – comprimido recubierto",RX,180,5195274.15,16.13,Farmacia Castelli
2026,6,Flores-Norte,TANVIMIL ACD FLUOR,solución oral,OTC,246,3458016.78,-22.88,Farmacia Mitre
2026,6,Flores-Norte,TACNA,250 mg – comprimido,RX,138,1522690.87,-32.68,Farmacia Mitre
2026,6,Flores-Norte,TIOCTAN,600 mg – comprimido recubierto,RX,257,6986184.23,-6.55,Farmacia Mitre
2026,6,Flores-Norte,TRIMACREM PLUS,"0,01 g/4 g/0,05 g/100 g – crema tópica",OTC,48,554779.68,0.0,Farmacia Mitre
2026,6,Flores-Norte,SUTRICO TAR,9 ml/100 ml – champú,OTC,125,795052.05,32.98,Farmacia Mitre
2026,6,Flores-Norte,ALACIR,60 mg – comprimido recubierto gastrorresistente,RX,98,1754073.8,15.29,Farmacia Mitre
2026,6,La Plata-Centro,TIOCTAN,600 mg – comprimido recubierto,RX,144,3998053.18,22.03,Farmacia Del Sur
2026,6,La Plata-Centro,AEROGAL,64 g/170 g – polvo efervescente en frasco,OTC,215,2671455.23,18.13,Farmacia Roca
2026,6,La Plata-Centro,ONEFIN,10 mg – comprimido,RX,260,6542234.51,-2.26,Farmacia Del Sur
2026,6,La Plata-Centro,ONEFIN,5 mg – comprimido,RX,206,6621528.58,-28.22,Farmacia Roca
2026,6,La Plata-Centro,CO‑TIOCTAN,115 mg/50 mg – comprimido recubierto,OTC,246,953008.91,-5.75,Farmacia Roca
2026,6,La Plata-Centro,TRICOFIN,500 mg – comprimido,RX,140,3509437.05,-17.16,Farmacia Roca
2026,6,La Plata-Centro,TANVIMIL ACD FLUOR,solución oral,OTC,57,830541.81,-35.23,Farmacia Del Sur
2026,6,La Plata-Centro,PAMOXET,20 mg – comprimido recubierto,RX,288,8404597.9,69.41,Farmacia Roca
2026,6,La Plata-Centro,TANDIUR,50 mg – comprimido,RX,251,2515256.05,0.0,Farmacia Del Sur
2026,6,La Plata-Centro,MENCOGRIN AP,champú,OTC,83,1079385.38,29.69,Farmacia Roca
2026,6,La Plata-Centro,TRIMACREM PLUS,"0,01 g/4 g/0,05 g/100 g – crema tópica",OTC,18,206563.74,-5.26,Farmacia Del Sur
2026,6,La Plata-Centro,TACNA,250 mg – comprimido,RX,188,2223584.46,-9.62,Farmacia Roca
2026,6,La Plata-Centro,TRICOFIN,500 mg – óvulo vaginal,RX,250,1791264.49,-23.78,Farmacia Del Sur
2026,6,La Plata-Centro,SUTRICO TAR,9 ml/100 ml – champú,OTC,139,860583.92,-8.55,Farmacia Del Sur
2026,6,La Plata-Centro,TANVIMIL AMINOÁCIDOS,comprimido recubierto,OTC,266,2489600.99,4.31,Farmacia Del Sur
2026,6,La Plata-Centro,ALACIR,30 mg – comprimido recubierto gastrorresistente,RX,115,1490195.19,-24.34,Farmacia Roca
2026,6,Villa Urquiza-Centro,ALACIR,30 mg – comprimido recubierto gastrorresistente,RX,127,1729206.17,20.95,Farmacia San José
2026,6,Villa Urquiza-Centro,TANVIMIL B1 B6 B12,comprimido recubierto,OTC,179,2052194.68,-15.57,Farmacia Italia
2026,6,Villa Urquiza-Centro,PANCUTAN NF,"0,2 g/600.000 UI/600.000 UI/100 g – gel tópico",RX,190,3622323.62,65.22,Farmacia Italia
2026,6,Villa Urquiza-Centro,APSICO,5 mg – comprimido recubierto,RX,76,1002998.99,-32.74,Farmacia San José
2026,6,Villa Urquiza-Centro,SUTRICO TAR,9 ml/100 ml – champú,OTC,19,113072.15,5.56,Farmacia Italia
2026,6,Villa Urquiza-Centro,TRICOFIN,500 mg – comprimido,RX,149,3683197.73,28.45,Farmacia Italia
2026,6,Villa Urquiza-Centro,TRICOPLUS,5 g/100 ml – loción capilar,RX,220,6595002.23,17.02,Farmacia San José
2026,6,Villa Urquiza-Centro,ALACIR,60 mg – comprimido recubierto gastrorresistente,RX,118,2053795.61,-33.33,Farmacia Italia
2026,6,Villa Urquiza-Centro,ONEFIN,5 mg – comprimido,RX,296,9277387.92,8.82,Farmacia Italia
2026,6,Villa Urquiza-Centro,TANDIUR,50 mg – comprimido,RX,102,1031507.29,-12.82,Farmacia San José
2026,6,Villa Urquiza-Centro,TANVIMIL A,100.000 UI – cápsulas,OTC,21,58991.25,-22.22,Farmacia Italia
2026,6,Villa Urquiza-Centro,TRIMACREM PLUS,"0,01 g/4 g/0,05 g/100 g – crema tópica",OTC,79,871049.04,-53.8,Farmacia San José
2026,6,Palermo-Norte,TANVIMIL B1 B6 B12,comprimido recubierto,OTC,177,2070794.74,-2.75,Farmacia Del Ángel
2026,6,Palermo-Norte,TANVIMIL ACD FLUOR,solución oral,OTC,83,1146609.8,0.0,Farmacia Del Ángel
2026,6,Palermo-Norte,PAMOXET,20 mg – comprimido recubierto,RX,250,7439176.65,1.21,Farmacia Del Ángel
2026,6,Palermo-Norte,ALACIR,60 mg – comprimido recubierto gastrorresistente,RX,166,2758040.31,19.42,Farmacia Del Ángel
2026,6,Palermo-Norte,PAMOXET,40 mg – comprimido recubierto,RX,210,4697112.25,-25.53,Farmacia Del Ángel
2026,6,Palermo-Norte,TANVIMIL AMINOÁCIDOS,comprimido recubierto,OTC,30,284277.67,42.86,Farmacia Del Pueblo
2026,6,Palermo-Norte,APSICO,5 mg – comprimido recubierto,RX,167,2287531.22,24.63,Farmacia Del Pueblo
2026,6,Palermo-Norte,TRICOFIN,500 mg – comprimido,RX,37,913781.12,5.71,Farmacia Del Pueblo
2026,6,Palermo-Norte,TANVIMIL A,100.000 UI – cápsulas,OTC,205,591080.43,8.47,Farmacia Del Pueblo
2026,6,Palermo-Norte,CO‑TIOCTAN,115 mg/50 mg – comprimido recubierto,OTC,314,1207923.37,16.3,Farmacia Del Ángel
2026,6,Palermo-Norte,APSICO,10 mg – comprimido recubierto,RX,285,8485610.71,80.38,Farmacia Del Ángel
2026,6,Palermo-Norte,TANVIMIL PLUS,cápsula,OTC,47,412925.73,-2.08,Farmacia Del Pueblo
2026,6,Palermo-Norte,APSICO,"2,5 mg – comprimido recubierto",RX,141,3986871.58,-4.73,Farmacia Del Pueblo
2026,6,Palermo-Norte,AEROGAL,64 g/170 g – polvo efervescente en frasco,OTC,329,4080578.14,0.0,Farmacia Del Ángel
2026,6,Belgrano-Centro,TANVIMIL AMINOÁCIDOS,comprimido recubierto,OTC,62,573818.27,5.08,Farmacia Del Centro
2026,6,Belgrano-Centro,TANVIMIL ACD FLUOR,solución oral,OTC,40,589869.34,11.11,Farmacia Del Centro
2026,6,Belgrano-Centro,TANVIMIL B1 B6 B12,comprimido recubierto,OTC,209,2522770.79,-0.48,Farmacia San Martín
2026,6,Belgrano-Centro,TRIMACREM PLUS,"0,01 g/4 g/0,05 g/100 g – crema tópica",OTC,150,1648781.79,22.95,Farmacia San Martín
2026,6,Belgrano-Centro,TRICOFIN,500 mg – óvulo vaginal,RX,233,1626986.83,-20.75,Farmacia San Martín
2026,6,Belgrano-Centro,ALACIR,30 mg – comprimido recubierto gastrorresistente,RX,80,1088646.67,5.26,Farmacia Del Centro
2026,6,Belgrano-Centro,SUTRICO TAR,9 ml/100 ml – champú,OTC,238,1518522.93,-2.86,Farmacia Del Centro
2026,6,Belgrano-Centro,AEROGAL,64 g/170 g – polvo efervescente en frasco,OTC,572,6910673.37,-15.38,Farmacia Del Centro
2026,6,Belgrano-Centro,TANVIMIL A,50.000 UI – cápsulas,OTC,78,992790.83,34.48,Farmacia Del Centro
2026,6,Belgrano-Centro,APSICO,10 mg – comprimido recubierto,RX,33,955917.81,3.12,Farmacia Del Centro
2026,6,Belgrano-Centro,APSICO,5 mg – comprimido recubierto,RX,183,2486557.09,-4.19,Farmacia San Martín
2026,6,Belgrano-Centro,CIRUELAX MINITABS,75 mg – comprimido recubierto,OTC,28,74406.37,-6.67,Farmacia San Martín
2026,6,Núñez-Centro,ONEFIN,10 mg – comprimido,RX,95,2450249.1,30.14,Farmacia Del Lago
2026,6,Núñez-Centro,MENCOGRIN AP,champú,OTC,69,915489.78,-33.01,Farmacia Del Lago
2026,6,Núñez-Centro,TANVIMIL A,50.000 UI – cápsulas,OTC,103,1287877.86,-6.36,Farmacia Del Lago
2026,6,Núñez-Centro,TANDIUR,50 mg – comprimido,RX,52,518535.36,-27.78,Farmacia Del Lago
2026,6,Núñez-Centro,TANVIMIL PLUS,cápsula,OTC,194,1757623.67,-35.12,Farmacia Del Lago
2026,6,Núñez-Centro,TACNA,250 mg – comprimido,RX,92,1062746.4,-1.08,Farmacia Del Lago
2026,6,Núñez-Centro,TRICOFIN,500 mg – óvulo vaginal,RX,43,304303.51,16.22,Farmacia Sarmiento
2026,6,Núñez-Centro,PANCUTAN NF,"0,2 g/600.000 UI/600.000 UI/100 g – gel tópico",RX,167,3390082.35,-2.91,Farmacia Del Lago
2026,6,Núñez-Centro,ALACIR,30 mg – comprimido recubierto gastrorresistente,RX,60,773114.3,1.69,Farmacia Sarmiento
2026,6,Núñez-Centro,CO‑TIOCTAN,115 mg/50 mg – comprimido recubierto,OTC,128,512317.97,-39.34,Farmacia Del Lago
2026,6,Núñez-Centro,PAMOXET,40 mg – comprimido recubierto,RX,48,1071470.64,-12.73,Farmacia Del Lago
2026,6,Núñez-Centro,TRICOPLUS,2 g/100 ml – loción capilar,RX,200,5983428.3,1.01,Farmacia Del Lago
2026,6,Núñez-Centro,TRIMACREM PLUS,"0,01 g/4 g/0,05 g/100 g – crema tópica",OTC,148,1643942.19,2.07,Farmacia Del Lago
2026,6,Núñez-Centro,APSICO,5 mg – comprimido recubierto,RX,117,1534801.33,-24.03,Farmacia Sarmiento
2026,6,Núñez-Centro,SUTRICO TAR,9 ml/100 ml – champú,OTC,19,119946.99,46.15,Farmacia Sarmiento
2026,6,Núñez-Centro,TANVIMIL B1 B6 B12,comprimido recubierto,OTC,140,1686634.81,-25.13,Farmacia Del Lago
2026,6,Núñez-Centro,TANVIMIL A,100.000 UI – cápsulas,OTC,168,483194.71,29.23,Farmacia Sarmiento
2026,6,Núñez-Centro,PAMOXET,20 mg – comprimido recubierto,RX,97,2844145.86,-21.77,Farmacia Sarmiento
2026,6,Núñez-Centro,AEROGAL,64 g/170 g – polvo efervescente en frasco,OTC,299,3662258.31,-4.78,Farmacia Del Lago
2026,6,Caballito-Centro,APSICO,"2,5 mg – comprimido recubierto",RX,288,8152642.2,23.08,Farmacia Pellegrini
2026,6,Caballito-Centro,PAMOXET,20 mg – comprimido recubierto,RX,22,627070.07,-21.43,Farmacia Belgrano
2026,6,Caballito-Centro,TRICOFIN,500 mg – óvulo vaginal,RX,197,1375036.45,-25.1,Farmacia Pellegrini
2026,6,Caballito-Centro,AEROGAL,64 g/170 g – polvo efervescente en frasco,OTC,393,4882204.34,-37.32,Farmacia Belgrano
2026,6,Caballito-Centro,PAMOXET,40 mg – comprimido recubierto,RX,51,1126553.64,-1.92,Farmacia Pellegrini
2026,6,Caballito-Centro,TRICOPLUS,5 g/100 ml – loción capilar,RX,32,985158.98,-8.57,Farmacia Pellegrini
2026,6,Caballito-Centro,TANDIUR,50 mg – comprimido,RX,150,1417672.18,2.74,Farmacia Belgrano
2026,6,Caballito-Centro,TANVIMIL ACD FLUOR,solución oral,OTC,184,2589297.83,-31.34,Farmacia Belgrano
2026,6,Caballito-Centro,MENCOGRIN AP,champú,OTC,54,697891.55,-8.47,Farmacia Belgrano
2026,6,Caballito-Centro,PANCUTAN NF,"0,2 g/600.000 UI/600.000 UI/100 g – gel tópico",RX,132,2505262.15,14.78,Farmacia Belgrano
2026,6,Caballito-Centro,CO‑TIOCTAN,115 mg/50 mg – comprimido recubierto,OTC,63,235967.2,-20.25,Farmacia Pellegrini
2026,6,Caballito-Centro,TRICOFIN,500 mg – comprimido,RX,116,2872163.38,43.21,Farmacia Pellegrini
2026,6,Caballito-Centro,ALACIR,30 mg – comprimido recubierto gastrorresistente,RX,191,2553602.55,-26.82,Farmacia Belgrano
2026,6,Caballito-Centro,TANVIMIL B1 B6 B12,comprimido recubierto,OTC,39,456135.2,-11.36,Farmacia Belgrano
2026,7,Recoleta-Norte,TRICOPLUS,2 g/100 ml – loción capilar,RX,145,4204095.61,-32.24,Farmacia La Estrella
2026,7,Recoleta-Norte,CO‑TIOCTAN,115 mg/50 mg – comprimido recubierto,OTC,178,665311.29,57.52,Farmacia Güemes
2026,7,Recoleta-Norte,TRICOFIN,500 mg – óvulo vaginal,RX,50,353428.38,-30.56,Farmacia La Estrella
2026,7,Recoleta-Norte,TRICOPLUS,5 g/100 ml – loción capilar,RX,52,1534466.71,-3.7,Farmacia La Estrella
2026,7,Recoleta-Norte,PAMOXET,40 mg – comprimido recubierto,RX,288,6562287.62,46.19,Farmacia Güemes
2026,7,Recoleta-Norte,APSICO,"2,5 mg – comprimido recubierto",RX,472,13220423.3,145.83,Farmacia La Estrella
2026,7,Recoleta-Norte,APSICO,10 mg – comprimido recubierto,RX,467,13238124.38,48.25,Farmacia Güemes
2026,7,Recoleta-Norte,TANVIMIL PLUS,cápsula,OTC,195,1797701.27,25.81,Farmacia La Estrella
2026,7,Recoleta-Norte,TANVIMIL ACD,gotas orales en solución,OTC,47,236473.96,-26.56,Farmacia La Estrella
2026,7,Recoleta-Norte,APSICO,5 mg – comprimido recubierto,RX,307,4211692.34,25.31,Farmacia La Estrella
2026,7,Recoleta-Norte,TIOCTAN,600 mg – comprimido recubierto,RX,106,2996805.23,-44.79,Farmacia Güemes
2026,7,Recoleta-Norte,TANVIMIL B1 B6 B12,comprimido recubierto,OTC,219,2500530.89,28.07,Farmacia La Estrella
2026,7,Recoleta-Norte,PAMOXET,20 mg – comprimido recubierto,RX,139,4196664.05,-31.86,Farmacia Güemes
2026,7,Recoleta-Norte,CIRUELAX MINITABS,75 mg – comprimido recubierto,OTC,206,520757.38,50.36,Farmacia La Estrella
2026,7,Recoleta-Norte,TACNA,250 mg – comprimido,RX,97,1096538.79,12.79,Farmacia La Estrella
2026,7,Recoleta-Norte,PANCUTAN NF,"0,2 g/600.000 UI/600.000 UI/100 g – gel tópico",RX,25,500090.61,-30.56,Farmacia La Estrella
2026,7,Recoleta-Norte,TANVIMIL ACD FLUOR,solución oral,OTC,222,3070635.51,32.14,Farmacia La Estrella
2026,7,Recoleta-Norte,ONEFIN,5 mg – comprimido,RX,250,7571348.28,-14.38,Farmacia La Estrella
2026,7,Recoleta-Norte,TANVIMIL AMINOÁCIDOS,comprimido recubierto,OTC,17,165730.78,-10.53,Farmacia Güemes
2026,7,Microcentro-Este,TANVIMIL AMINOÁCIDOS,comprimido recubierto,OTC,127,1212357.53,0.0,Farmacia Del Parque
2026,7,Microcentro-Este,PANCUTAN NF,"0,2 g/600.000 UI/600.000 UI/100 g – gel tópico",RX,94,1890687.72,16.05,Farmacia Pueyrredón
2026,7,Microcentro-Este,TANVIMIL ACD,gotas orales en solución,OTC,243,1259799.57,4.29,Farmacia Pueyrredón
2026,7,Microcentro-Este,TANVIMIL B1 B6 B12,comprimido recubierto,OTC,269,3063086.4,-24.01,Farmacia Del Parque
2026,7,Microcentro-Este,APSICO,"2,5 mg – comprimido recubierto",RX,354,10292328.48,3.51,Farmacia Pueyrredón
2026,7,Microcentro-Este,TANVIMIL ACD FLUOR,solución oral,OTC,172,2357664.93,26.47,Farmacia Pueyrredón
2026,7,Microcentro-Este,MENCOGRIN AP,champú,OTC,125,1568965.02,28.87,Farmacia Del Parque
2026,7,Microcentro-Este,TACNA,250 mg – comprimido,RX,287,3240247.47,106.47,Farmacia Pueyrredón
2026,7,Microcentro-Este,ALACIR,60 mg – comprimido recubierto gastrorresistente,RX,170,2959904.61,-22.73,Farmacia Pueyrredón
2026,7,Microcentro-Este,TRICOFIN,500 mg – óvulo vaginal,RX,287,2048407.41,37.98,Farmacia Del Parque
2026,7,Microcentro-Este,APSICO,5 mg – comprimido recubierto,RX,336,4572789.53,-6.41,Farmacia Pueyrredón
2026,7,Microcentro-Este,CO‑TIOCTAN,115 mg/50 mg – comprimido recubierto,OTC,65,246169.77,41.3,Farmacia Pueyrredón
2026,7,Microcentro-Este,TRIMACREM PLUS,"0,01 g/4 g/0,05 g/100 g – crema tópica",OTC,53,609486.11,35.9,Farmacia Pueyrredón
2026,7,Microcentro-Este,ONEFIN,10 mg – comprimido,RX,402,10338255.02,66.12,Farmacia Del Parque
2026,7,Microcentro-Este,SUTRICO TAR,9 ml/100 ml – champú,OTC,37,226897.85,2.78,Farmacia Del Parque
2026,7,Microcentro-Este,AEROGAL,64 g/170 g – polvo efervescente en frasco,OTC,370,4671930.88,25.42,Farmacia Del Parque
2026,7,San Isidro-Centro,PAMOXET,20 mg – comprimido recubierto,RX,91,2654186.68,0.0,Farmacia Del Oeste
2026,7,San Isidro-Centro,APSICO,10 mg – comprimido recubierto,RX,25,758569.52,0.0,Farmacia Del Norte
2026,7,San Isidro-Centro,CIRUELAX MINITABS,75 mg – comprimido recubierto,OTC,125,328028.23,54.32,Farmacia Del Norte
2026,7,San Isidro-Centro,TRICOFIN,500 mg – comprimido,RX,249,6226022.53,-32.7,Farmacia Del Oeste
2026,7,San Isidro-Centro,TRIMACREM PLUS,"0,01 g/4 g/0,05 g/100 g – crema tópica",OTC,69,795440.63,0.0,Farmacia Del Norte
2026,7,San Isidro-Centro,TANVIMIL ACD,gotas orales en solución,OTC,94,476009.6,-9.62,Farmacia Del Oeste
2026,7,San Isidro-Centro,ONEFIN,10 mg – comprimido,RX,129,3305020.56,44.94,Farmacia Del Oeste
2026,7,San Isidro-Centro,PAMOXET,40 mg – comprimido recubierto,RX,280,6237515.6,7.69,Farmacia Del Norte
2026,7,San Isidro-Centro,TRICOPLUS,5 g/100 ml – loción capilar,RX,70,2200225.76,59.09,Farmacia Del Oeste
2026,7,San Isidro-Centro,CO‑TIOCTAN,115 mg/50 mg – comprimido recubierto,OTC,59,221093.66,96.67,Farmacia Del Oeste
2026,7,San Isidro-Centro,TANVIMIL B1 B6 B12,comprimido recubierto,OTC,177,2085501.41,-40.0,Farmacia Del Oeste
2026,7,San Isidro-Centro,ONEFIN,5 mg – comprimido,RX,492,15294663.66,109.36,Farmacia Del Norte
2026,7,San Isidro-Centro,TANVIMIL A,50.000 UI – cápsulas,OTC,95,1197898.48,-20.83,Farmacia Del Oeste
2026,7,San Isidro-Centro,TANDIUR,50 mg – comprimido,RX,272,2622346.41,-13.1,Farmacia Del Oeste
2026,7,San Isidro-Centro,TANVIMIL A,100.000 UI – cápsulas,OTC,228,647466.86,21.28,Farmacia Del Oeste
2026,7,San Isidro-Centro,APSICO,5 mg – comprimido recubierto,RX,139,1876962.88,63.53,Farmacia Del Oeste
2026,7,San Isidro-Centro,TACNA,250 mg – comprimido,RX,428,4785123.32,24.42,Farmacia Del Norte
2026,7,Belgrano-R,PANCUTAN NF,"0,2 g/600.000 UI/600.000 UI/100 g – gel tópico",RX,148,2857984.31,-20.43,Farmacia Del Sol
2026,7,Belgrano-R,SUTRICO TAR,9 ml/100 ml – champú,OTC,132,817651.86,-28.65,Farmacia Del Sol
2026,7,Belgrano-R,TANVIMIL AMINOÁCIDOS,comprimido recubierto,OTC,26,242375.61,30.0,Farmacia Del Sol
2026,7,Belgrano-R,CO‑TIOCTAN,115 mg/50 mg – comprimido recubierto,OTC,175,675873.19,-10.71,Farmacia Lavalle
2026,7,Belgrano-R,ONEFIN,10 mg – comprimido,RX,81,2076731.8,-7.95,Farmacia Del Sol
2026,7,Belgrano-R,ALACIR,30 mg – comprimido recubierto gastrorresistente,RX,306,3934944.71,-0.97,Farmacia Lavalle
2026,7,Belgrano-R,TRICOFIN,500 mg – óvulo vaginal,RX,202,1452039.87,-6.48,Farmacia Del Sol
2026,7,Belgrano-R,APSICO,"2,5 mg – comprimido recubierto",RX,202,5839887.68,17.44,Farmacia Del Sol
2026,7,Belgrano-R,TRICOPLUS,5 g/100 ml – loción capilar,RX,175,5495974.0,-15.05,Farmacia Lavalle
2026,7,Belgrano-R,AEROGAL,64 g/170 g – polvo efervescente en frasco,OTC,439,5393314.3,33.03,Farmacia Lavalle
2026,7,Belgrano-R,TANVIMIL A,50.000 UI – cápsulas,OTC,197,2506602.74,-17.23,Farmacia Lavalle
2026,7,Belgrano-R,TANVIMIL PLUS,cápsula,OTC,178,1667057.37,40.16,Farmacia Del Sol
2026,7,Belgrano-R,ONEFIN,5 mg – comprimido,RX,119,3639591.35,0.85,Farmacia Lavalle
2026,7,Belgrano-R,ALACIR,60 mg – comprimido recubierto gastrorresistente,RX,138,2436835.95,-25.0,Farmacia Del Sol
2026,7,Belgrano-R,MENCOGRIN AP,champú,OTC,287,3789552.22,62.15,Farmacia Lavalle
2026,7,Belgrano-R,TIOCTAN,600 mg – comprimido recubierto,RX,87,2348304.04,-14.71,Farmacia Lavalle
2026,7,Belgrano-R,APSICO,10 mg – comprimido recubierto,RX,293,8891021.01,72.35,Farmacia Del Sol
2026,7,Belgrano-R,TANDIUR,50 mg – comprimido,RX,230,2232729.29,-18.73,Farmacia Lavalle
2026,7,Belgrano-R,CIRUELAX MINITABS,75 mg – comprimido recubierto,OTC,228,569602.28,60.56,Farmacia Lavalle
2026,7,Devoto-Centro,PAMOXET,20 mg – comprimido recubierto,RX,253,7531173.8,38.25,Farmacia España
2026,7,Devoto-Centro,TANVIMIL A,100.000 UI – cápsulas,OTC,283,801925.86,39.41,Farmacia La Botica
2026,7,Devoto-Centro,TIOCTAN,600 mg – comprimido recubierto,RX,113,3100458.67,-22.07,Farmacia La Botica
2026,7,Devoto-Centro,TRICOPLUS,5 g/100 ml – loción capilar,RX,97,2856402.0,1.04,Farmacia La Botica
2026,7,Devoto-Centro,PANCUTAN NF,"0,2 g/600.000 UI/600.000 UI/100 g – gel tópico",RX,51,986642.1,13.33,Farmacia España
2026,7,Devoto-Centro,TANVIMIL ACD,gotas orales en solución,OTC,118,572459.7,-1.67,Farmacia La Botica
2026,7,Devoto-Centro,ONEFIN,5 mg – comprimido,RX,298,9577638.2,-11.57,Farmacia La Botica
2026,7,Devoto-Centro,TANDIUR,50 mg – comprimido,RX,258,2555437.61,-6.18,Farmacia España
2026,7,Devoto-Centro,TRIMACREM PLUS,"0,01 g/4 g/0,05 g/100 g – crema tópica",OTC,17,195453.84,21.43,Farmacia La Botica
2026,7,Devoto-Centro,TANVIMIL ACD FLUOR,solución oral,OTC,158,2313793.23,-21.78,Farmacia España
2026,7,Devoto-Centro,MENCOGRIN AP,champú,OTC,130,1666611.94,-41.18,Farmacia La Botica
2026,7,Devoto-Centro,TANVIMIL A,50.000 UI – cápsulas,OTC,80,1073306.54,-9.09,Farmacia La Botica
2026,7,Devoto-Centro,TRICOFIN,500 mg – comprimido,RX,73,1762051.61,-20.65,Farmacia España
2026,7,Devoto-Centro,SUTRICO TAR,9 ml/100 ml – champú,OTC,201,1259749.28,68.91,Farmacia La Botica
2026,7,Devoto-Centro,CIRUELAX MINITABS,75 mg – comprimido recubierto,OTC,75,190827.49,50.0,Farmacia La Botica
2026,7,Devoto-Centro,APSICO,10 mg – comprimido recubierto,RX,32,936369.23,100.0,Farmacia España
2026,7,Devoto-Centro,ALACIR,60 mg – comprimido recubierto gastrorresistente,RX,216,3846881.07,19.34,Farmacia España
2026,7,Almagro-Centro,CO‑TIOCTAN,115 mg/50 mg – comprimido recubierto,OTC,215,848598.3,115.0,Farmacia Avenida
2026,7,Almagro-Centro,TRIMACREM PLUS,"0,01 g/4 g/0,05 g/100 g – crema tópica",OTC,107,1187617.08,27.38,Farmacia Avenida
2026,7,Almagro-Centro,TANVIMIL B1 B6 B12,comprimido recubierto,OTC,52,622610.16,-8.77,Farmacia Avenida
2026,7,Almagro-Centro,SUTRICO TAR,9 ml/100 ml – champú,OTC,196,1254761.54,20.99,Farmacia Brown
2026,7,Almagro-Centro,TANDIUR,50 mg – comprimido,RX,262,2640597.04,-4.03,Farmacia Avenida
2026,7,Almagro-Centro,TRICOFIN,500 mg – óvulo vaginal,RX,156,1055487.13,4.7,Farmacia Brown
2026,7,Almagro-Centro,TRICOPLUS,2 g/100 ml – loción capilar,RX,34,1017621.71,-22.73,Farmacia Avenida
2026,7,Almagro-Centro,TACNA,250 mg – comprimido,RX,42,483203.29,-20.75,Farmacia Avenida
2026,7,Almagro-Centro,PAMOXET,20 mg – comprimido recubierto,RX,324,9423891.34,26.56,Farmacia Avenida
2026,7,Almagro-Centro,MENCOGRIN AP,champú,OTC,88,1168960.83,76.0,Farmacia Brown
2026,7,Almagro-Centro,APSICO,5 mg – comprimido recubierto,RX,59,812218.85,31.11,Farmacia Avenida
2026,7,Almagro-Centro,ONEFIN,5 mg – comprimido,RX,268,8530800.42,28.23,Farmacia Avenida
2026,7,Almagro-Centro,TANVIMIL AMINOÁCIDOS,comprimido recubierto,OTC,101,958287.39,-31.76,Farmacia Brown
2026,7,Vicente López-Centro,TANVIMIL ACD,gotas orales en solución,OTC,215,1040477.19,45.27,Farmacia Rivadavia
2026,7,Vicente López-Centro,APSICO,5 mg – comprimido recubierto,RX,28,387199.48,-3.45,Farmacia Urquiza
2026,7,Vicente López-Centro,TIOCTAN,600 mg – comprimido recubierto,RX,142,3803074.88,35.24,Farmacia Rivadavia
2026,7,Vicente López-Centro,TANVIMIL ACD FLUOR,solución oral,OTC,199,2938829.88,36.3,Farmacia Rivadavia
2026,7,Vicente López-Centro,TRICOFIN,500 mg – comprimido,RX,191,4839520.38,13.69,Farmacia Urquiza
2026,7,Vicente López-Centro,MENCOGRIN AP,champú,OTC,220,2788755.8,40.13,Farmacia Urquiza
2026,7,Vicente López-Centro,APSICO,10 mg – comprimido recubierto,RX,174,5101451.62,-11.22,Farmacia Rivadavia
2026,7,Vicente López-Centro,TRICOPLUS,5 g/100 ml – loción capilar,RX,109,3244548.48,-19.26,Farmacia Rivadavia
2026,7,Vicente López-Centro,TANVIMIL B1 B6 B12,comprimido recubierto,OTC,247,2849956.12,-10.18,Farmacia Urquiza
2026,7,Vicente López-Centro,TANVIMIL A,50.000 UI – cápsulas,OTC,120,1566277.45,-18.37,Farmacia Rivadavia
2026,7,Vicente López-Centro,TRICOFIN,500 mg – óvulo vaginal,RX,269,1921429.34,19.03,Farmacia Rivadavia
2026,7,Vicente López-Centro,PAMOXET,20 mg – comprimido recubierto,RX,138,3916708.68,-0.72,Farmacia Urquiza
2026,7,Vicente López-Centro,ALACIR,30 mg – comprimido recubierto gastrorresistente,RX,49,618684.52,-26.87,Farmacia Urquiza
2026,7,Vicente López-Centro,TANDIUR,50 mg – comprimido,RX,125,1191146.27,38.89,Farmacia Rivadavia
2026,7,Vicente López-Centro,PAMOXET,40 mg – comprimido recubierto,RX,67,1504727.26,9.84,Farmacia Urquiza
2026,7,Vicente López-Centro,TRIMACREM PLUS,"0,01 g/4 g/0,05 g/100 g – crema tópica",OTC,93,1026247.92,43.08,Farmacia Urquiza
2026,7,Vicente López-Centro,CO‑TIOCTAN,115 mg/50 mg – comprimido recubierto,OTC,273,1014469.19,35.82,Farmacia Urquiza
2026,7,Vicente López-Centro,TANVIMIL PLUS,cápsula,OTC,135,1174174.57,35.0,Farmacia Urquiza
2026,7,Vicente López-Centro,ONEFIN,10 mg – comprimido,RX,222,5619858.18,35.37,Farmacia Urquiza
2026,7,Vicente López-Centro,AEROGAL,64 g/170 g – polvo efervescente en frasco,OTC,138,1724182.6,-22.91,Farmacia Rivadavia
2026,7,Palermo-Sur,TACNA,250 mg – comprimido,RX,130,1437936.82,113.11,Farmacia Moreno
2026,7,Palermo-Sur,PAMOXET,40 mg – comprimido recubierto,RX,275,6223799.99,-6.46,Farmacia Moreno
2026,7,Palermo-Sur,TANVIMIL ACD,gotas orales en solución,OTC,178,887233.91,-34.32,Farmacia Moreno
2026,7,Palermo-Sur,TRIMACREM PLUS,"0,01 g/4 g/0,05 g/100 g – crema tópica",OTC,178,1965624.98,23.61,Farmacia Central
2026,7,Palermo-Sur,TRICOFIN,500 mg – óvulo vaginal,RX,156,1072121.8,-21.21,Farmacia Central
2026,7,Palermo-Sur,TRICOFIN,500 mg – comprimido,RX,302,7502742.09,53.3,Farmacia Moreno
2026,7,Palermo-Sur,TRICOPLUS,2 g/100 ml – loción capilar,RX,60,1660765.5,-42.31,Farmacia Central
2026,7,Palermo-Sur,TANVIMIL PLUS,cápsula,OTC,142,1316338.78,20.34,Farmacia Moreno
2026,7,Palermo-Sur,TANVIMIL B1 B6 B12,comprimido recubierto,OTC,16,182279.06,-33.33,Farmacia Moreno
2026,7,Palermo-Sur,CO‑TIOCTAN,115 mg/50 mg – comprimido recubierto,OTC,205,788372.91,109.18,Farmacia Central
2026,7,Palermo-Sur,ALACIR,60 mg – comprimido recubierto gastrorresistente,RX,111,1955706.24,-33.53,Farmacia Moreno
2026,7,Palermo-Sur,TANVIMIL A,100.000 UI – cápsulas,OTC,77,210401.76,6.94,Farmacia Central
2026,7,Palermo-Sur,TRICOPLUS,5 g/100 ml – loción capilar,RX,48,1488150.3,2.13,Farmacia Moreno
2026,7,Palermo-Sur,PAMOXET,20 mg – comprimido recubierto,RX,95,2691061.57,-9.52,Farmacia Moreno
2026,7,Palermo-Sur,MENCOGRIN AP,champú,OTC,124,1551517.71,56.96,Farmacia Central
2026,7,Palermo-Sur,AEROGAL,64 g/170 g – polvo efervescente en frasco,OTC,363,4421297.99,-31.25,Farmacia Central
2026,7,Palermo-Sur,TANVIMIL ACD FLUOR,solución oral,OTC,15,220428.76,-28.57,Farmacia Central
2026,7,Quilmes-Centro,TRICOPLUS,2 g/100 ml – loción capilar,RX,91,2548212.95,-18.02,Farmacia Pasteur
2026,7,Quilmes-Centro,TRICOFIN,500 mg – óvulo vaginal,RX,34,231672.06,-37.04,Farmacia Alsina
2026,7,Quilmes-Centro,PAMOXET,20 mg – comprimido recubierto,RX,45,1360053.75,-18.18,Farmacia Pasteur
2026,7,Quilmes-Centro,CIRUELAX MINITABS,75 mg – comprimido recubierto,OTC,113,294144.43,59.15,Farmacia Pasteur
2026,7,Quilmes-Centro,ONEFIN,5 mg – comprimido,RX,240,7567391.0,-28.78,Farmacia Alsina
2026,7,Quilmes-Centro,AEROGAL,64 g/170 g – polvo efervescente en frasco,OTC,502,6132355.21,15.67,Farmacia Pasteur
2026,7,Quilmes-Centro,ONEFIN,10 mg – comprimido,RX,393,9738430.84,131.18,Farmacia Pasteur
2026,7,Quilmes-Centro,TANVIMIL A,100.000 UI – cápsulas,OTC,312,911925.98,7.96,Farmacia Alsina
2026,7,Quilmes-Centro,APSICO,5 mg – comprimido recubierto,RX,226,3150394.51,58.04,Farmacia Pasteur
2026,7,Quilmes-Centro,TANVIMIL A,50.000 UI – cápsulas,OTC,138,1801463.14,-3.5,Farmacia Pasteur
2026,7,Quilmes-Centro,TANVIMIL ACD FLUOR,solución oral,OTC,346,4743803.05,32.57,Farmacia Alsina
2026,7,Quilmes-Centro,TACNA,250 mg – comprimido,RX,96,1134667.16,43.28,Farmacia Alsina
2026,7,Flores-Norte,AEROGAL,64 g/170 g – polvo efervescente en frasco,OTC,368,4426597.52,50.82,Farmacia Castelli
2026,7,Flores-Norte,ALACIR,30 mg – comprimido recubierto gastrorresistente,RX,224,2823064.81,-17.65,Farmacia Mitre
2026,7,Flores-Norte,TANVIMIL AMINOÁCIDOS,comprimido recubierto,OTC,257,2382975.82,0.78,Farmacia Castelli
2026,7,Flores-Norte,CO‑TIOCTAN,115 mg/50 mg – comprimido recubierto,OTC,212,844550.78,-23.19,Farmacia Castelli
2026,7,Flores-Norte,TANVIMIL PLUS,cápsula,OTC,270,2400495.86,28.57,Farmacia Mitre
2026,7,Flores-Norte,TRICOFIN,500 mg – comprimido,RX,235,5908556.17,35.06,Farmacia Mitre
2026,7,Flores-Norte,APSICO,"2,5 mg – comprimido recubierto",RX,287,8126272.71,51.05,Farmacia Castelli
2026,7,Flores-Norte,TANVIMIL ACD FLUOR,solución oral,OTC,338,4742250.21,44.44,Farmacia Mitre
2026,7,Flores-Norte,TACNA,250 mg – comprimido,RX,234,2702797.31,39.29,Farmacia Mitre
2026,7,Flores-Norte,TIOCTAN,600 mg – comprimido recubierto,RX,207,5509183.1,-43.29,Farmacia Castelli
2026,7,Flores-Norte,TRIMACREM PLUS,"0,01 g/4 g/0,05 g/100 g – crema tópica",OTC,46,527075.07,6.98,Farmacia Mitre
2026,7,Flores-Norte,SUTRICO TAR,9 ml/100 ml – champú,OTC,91,565622.84,15.19,Farmacia Mitre
2026,7,Flores-Norte,ALACIR,60 mg – comprimido recubierto gastrorresistente,RX,115,1916834.23,6.48,Farmacia Castelli
2026,7,La Plata-Centro,TIOCTAN,600 mg – comprimido recubierto,RX,137,3853721.22,-31.84,Farmacia Del Sur
2026,7,La Plata-Centro,AEROGAL,64 g/170 g – polvo efervescente en frasco,OTC,215,2701052.02,69.29,Farmacia Roca
2026,7,La Plata-Centro,ONEFIN,10 mg – comprimido,RX,393,10220179.05,37.41,Farmacia Roca
2026,7,La Plata-Centro,ONEFIN,5 mg – comprimido,RX,395,12043404.74,29.08,Farmacia Del Sur
2026,7,La Plata-Centro,CO‑TIOCTAN,115 mg/50 mg – comprimido recubierto,OTC,355,1382260.36,55.7,Farmacia Del Sur
2026,7,La Plata-Centro,TRICOFIN,500 mg – comprimido,RX,177,4483073.3,33.08,Farmacia Roca
2026,7,La Plata-Centro,TANVIMIL ACD FLUOR,solución oral,OTC,84,1155624.67,21.74,Farmacia Roca
2026,7,La Plata-Centro,PAMOXET,20 mg – comprimido recubierto,RX,221,6309178.11,-11.24,Farmacia Roca
2026,7,La Plata-Centro,TANDIUR,50 mg – comprimido,RX,140,1321070.0,-2.1,Farmacia Del Sur
2026,7,La Plata-Centro,MENCOGRIN AP,champú,OTC,89,1142657.03,4.71,Farmacia Roca
2026,7,La Plata-Centro,TRIMACREM PLUS,"0,01 g/4 g/0,05 g/100 g – crema tópica",OTC,22,240923.84,4.76,Farmacia Roca
2026,7,La Plata-Centro,TACNA,250 mg – comprimido,RX,214,2527492.03,-3.6,Farmacia Roca
2026,7,La Plata-Centro,TRICOFIN,500 mg – óvulo vaginal,RX,283,1894610.43,15.51,Farmacia Del Sur
2026,7,La Plata-Centro,SUTRICO TAR,9 ml/100 ml – champú,OTC,99,588995.37,-33.56,Farmacia Roca
2026,7,La Plata-Centro,TANVIMIL AMINOÁCIDOS,comprimido recubierto,OTC,193,1893608.76,-26.34,Farmacia Del Sur
2026,7,La Plata-Centro,ALACIR,30 mg – comprimido recubierto gastrorresistente,RX,139,1871180.82,51.09,Farmacia Roca
2026,7,Villa Urquiza-Centro,ALACIR,30 mg – comprimido recubierto gastrorresistente,RX,100,1305412.86,-26.47,Farmacia Italia
2026,7,Villa Urquiza-Centro,TANVIMIL B1 B6 B12,comprimido recubierto,OTC,261,2963177.44,0.0,Farmacia San José
2026,7,Villa Urquiza-Centro,PANCUTAN NF,"0,2 g/600.000 UI/600.000 UI/100 g – gel tópico",RX,157,3035695.4,57.0,Farmacia San José
2026,7,Villa Urquiza-Centro,APSICO,5 mg – comprimido recubierto,RX,98,1298321.54,18.07,Farmacia San José
2026,7,Villa Urquiza-Centro,SUTRICO TAR,9 ml/100 ml – champú,OTC,18,110955.43,0.0,Farmacia San José
2026,7,Villa Urquiza-Centro,TRICOFIN,500 mg – comprimido,RX,106,2709788.97,-24.29,Farmacia Italia
2026,7,Villa Urquiza-Centro,TRICOPLUS,5 g/100 ml – loción capilar,RX,161,4908767.15,23.85,Farmacia Italia
2026,7,Villa Urquiza-Centro,ALACIR,60 mg – comprimido recubierto gastrorresistente,RX,120,2036215.39,-47.83,Farmacia Italia
2026,7,Villa Urquiza-Centro,ONEFIN,5 mg – comprimido,RX,478,14245677.68,86.72,Farmacia San José
2026,7,Villa Urquiza-Centro,TANDIUR,50 mg – comprimido,RX,142,1395067.53,1.43,Farmacia Italia
2026,7,Villa Urquiza-Centro,TANVIMIL A,100.000 UI – cápsulas,OTC,15,41579.83,-40.0,Farmacia Italia
2026,7,Villa Urquiza-Centro,TRIMACREM PLUS,"0,01 g/4 g/0,05 g/100 g – crema tópica",OTC,111,1283968.86,12.12,Farmacia San José
2026,7,Palermo-Norte,TANVIMIL B1 B6 B12,comprimido recubierto,OTC,205,2411518.78,3.02,Farmacia Del Ángel
2026,7,Palermo-Norte,TANVIMIL ACD FLUOR,solución oral,OTC,75,1052555.31,27.12,Farmacia Del Pueblo
2026,7,Palermo-Norte,PAMOXET,20 mg – comprimido recubierto,RX,261,7877273.1,59.15,Farmacia Del Ángel
2026,7,Palermo-Norte,ALACIR,60 mg – comprimido recubierto gastrorresistente,RX,161,2866417.92,8.05,Farmacia Del Pueblo
2026,7,Palermo-Norte,PAMOXET,40 mg – comprimido recubierto,RX,162,3630305.21,-34.15,Farmacia Del Ángel
2026,7,Palermo-Norte,TANVIMIL AMINOÁCIDOS,comprimido recubierto,OTC,18,178067.02,0.0,Farmacia Del Ángel
2026,7,Palermo-Norte,APSICO,5 mg – comprimido recubierto,RX,217,2965688.61,40.0,Farmacia Del Pueblo
2026,7,Palermo-Norte,TRICOFIN,500 mg – comprimido,RX,35,851064.58,-10.26,Farmacia Del Ángel
2026,7,Palermo-Norte,TANVIMIL A,100.000 UI – cápsulas,OTC,203,577503.35,16.0,Farmacia Del Pueblo
2026,7,Palermo-Norte,CO‑TIOCTAN,115 mg/50 mg – comprimido recubierto,OTC,231,891439.32,-5.71,Farmacia Del Pueblo
2026,7,Palermo-Norte,APSICO,10 mg – comprimido recubierto,RX,362,10348438.97,116.77,Farmacia Del Pueblo
2026,7,Palermo-Norte,TANVIMIL PLUS,cápsula,OTC,68,598539.76,61.9,Farmacia Del Pueblo
2026,7,Palermo-Norte,APSICO,"2,5 mg – comprimido recubierto",RX,207,6025563.25,50.0,Farmacia Del Pueblo
2026,7,Palermo-Norte,AEROGAL,64 g/170 g – polvo efervescente en frasco,OTC,378,4618517.27,51.81,Farmacia Del Pueblo
2026,7,Belgrano-Centro,TANVIMIL AMINOÁCIDOS,comprimido recubierto,OTC,49,464859.38,0.0,Farmacia Del Centro
2026,7,Belgrano-Centro,TANVIMIL ACD FLUOR,solución oral,OTC,24,332984.16,-25.0,Farmacia Del Centro
2026,7,Belgrano-Centro,TANVIMIL B1 B6 B12,comprimido recubierto,OTC,197,2310884.09,-17.92,Farmacia San Martín
2026,7,Belgrano-Centro,TRIMACREM PLUS,"0,01 g/4 g/0,05 g/100 g – crema tópica",OTC,191,2113927.61,-4.02,Farmacia San Martín
2026,7,Belgrano-Centro,TRICOFIN,500 mg – óvulo vaginal,RX,269,1863270.83,-3.58,Farmacia San Martín
2026,7,Belgrano-Centro,ALACIR,30 mg – comprimido recubierto gastrorresistente,RX,75,993698.25,-35.34,Farmacia San Martín
2026,7,Belgrano-Centro,SUTRICO TAR,9 ml/100 ml – champú,OTC,214,1316586.01,33.75,Farmacia Del Centro
2026,7,Belgrano-Centro,AEROGAL,64 g/170 g – polvo efervescente en frasco,OTC,502,6206776.87,-25.74,Farmacia Del Centro
2026,7,Belgrano-Centro,TANVIMIL A,50.000 UI – cápsulas,OTC,81,1008945.58,-3.57,Farmacia Del Centro
2026,7,Belgrano-Centro,APSICO,10 mg – comprimido recubierto,RX,48,1345457.8,60.0,Farmacia Del Centro
2026,7,Belgrano-Centro,APSICO,5 mg – comprimido recubierto,RX,302,4195131.02,68.72,Farmacia San Martín
2026,7,Belgrano-Centro,CIRUELAX MINITABS,75 mg – comprimido recubierto,OTC,33,84186.28,-21.43,Farmacia San Martín
2026,7,Núñez-Centro,ONEFIN,10 mg – comprimido,RX,96,2497409.21,15.66,Farmacia Del Lago
2026,7,Núñez-Centro,MENCOGRIN AP,champú,OTC,114,1443942.4,8.57,Farmacia Del Lago
2026,7,Núñez-Centro,TANVIMIL A,50.000 UI – cápsulas,OTC,76,999234.33,2.7,Farmacia Sarmiento
2026,7,Núñez-Centro,TANDIUR,50 mg – comprimido,RX,59,589757.57,-25.32,Farmacia Sarmiento
2026,7,Núñez-Centro,TANVIMIL PLUS,cápsula,OTC,370,3294856.98,54.17,Farmacia Sarmiento
2026,7,Núñez-Centro,TACNA,250 mg – comprimido,RX,141,1671441.37,76.25,Farmacia Del Lago
2026,7,Núñez-Centro,TRICOFIN,500 mg – óvulo vaginal,RX,61,430115.16,27.08,Farmacia Del Lago
2026,7,Núñez-Centro,PANCUTAN NF,"0,2 g/600.000 UI/600.000 UI/100 g – gel tópico",RX,114,2245779.37,-35.59,Farmacia Del Lago
2026,7,Núñez-Centro,ALACIR,30 mg – comprimido recubierto gastrorresistente,RX,37,466204.84,-21.28,Farmacia Sarmiento
2026,7,Núñez-Centro,CO‑TIOCTAN,115 mg/50 mg – comprimido recubierto,OTC,267,1045575.06,88.03,Farmacia Del Lago
2026,7,Núñez-Centro,PAMOXET,40 mg – comprimido recubierto,RX,70,1591798.37,29.63,Farmacia Sarmiento
2026,7,Núñez-Centro,TRICOPLUS,2 g/100 ml – loción capilar,RX,254,7117159.14,20.95,Farmacia Sarmiento
2026,7,Núñez-Centro,TRIMACREM PLUS,"0,01 g/4 g/0,05 g/100 g – crema tópica",OTC,74,836903.24,-37.82,Farmacia Del Lago
2026,7,Núñez-Centro,APSICO,5 mg – comprimido recubierto,RX,118,1585694.82,5.36,Farmacia Del Lago
2026,7,Núñez-Centro,SUTRICO TAR,9 ml/100 ml – champú,OTC,14,84197.73,0.0,Farmacia Del Lago
2026,7,Núñez-Centro,TANVIMIL B1 B6 B12,comprimido recubierto,OTC,147,1692946.87,-15.52,Farmacia Sarmiento
2026,7,Núñez-Centro,TANVIMIL A,100.000 UI – cápsulas,OTC,135,369966.78,-10.0,Farmacia Del Lago
2026,7,Núñez-Centro,PAMOXET,20 mg – comprimido recubierto,RX,115,3340976.4,-14.81,Farmacia Sarmiento
2026,7,Núñez-Centro,AEROGAL,64 g/170 g – polvo efervescente en frasco,OTC,473,5805451.89,42.04,Farmacia Sarmiento
2026,7,Caballito-Centro,APSICO,"2,5 mg – comprimido recubierto",RX,379,10361594.77,52.82,Farmacia Belgrano
2026,7,Caballito-Centro,PAMOXET,20 mg – comprimido recubierto,RX,26,753458.95,23.81,Farmacia Belgrano
2026,7,Caballito-Centro,TRICOFIN,500 mg – óvulo vaginal,RX,235,1634368.3,-9.62,Farmacia Belgrano
2026,7,Caballito-Centro,AEROGAL,64 g/170 g – polvo efervescente en frasco,OTC,593,7152161.05,48.62,Farmacia Belgrano
2026,7,Caballito-Centro,PAMOXET,40 mg – comprimido recubierto,RX,43,972916.82,-6.52,Farmacia Pellegrini
2026,7,Caballito-Centro,TRICOPLUS,5 g/100 ml – loción capilar,RX,31,972961.43,-13.89,Farmacia Pellegrini
2026,7,Caballito-Centro,TANDIUR,50 mg – comprimido,RX,89,881055.56,-31.01,Farmacia Belgrano
2026,7,Caballito-Centro,TANVIMIL ACD FLUOR,solución oral,OTC,188,2682585.59,-26.27,Farmacia Pellegrini
2026,7,Caballito-Centro,MENCOGRIN AP,champú,OTC,98,1233750.7,15.29,Farmacia Belgrano
2026,7,Caballito-Centro,PANCUTAN NF,"0,2 g/600.000 UI/600.000 UI/100 g – gel tópico",RX,70,1357298.87,-48.15,Farmacia Belgrano
2026,7,Caballito-Centro,CO‑TIOCTAN,115 mg/50 mg – comprimido recubierto,OTC,105,395435.66,101.92,Farmacia Pellegrini
2026,7,Caballito-Centro,TRICOFIN,500 mg – comprimido,RX,101,2473138.14,-21.71,Farmacia Pellegrini
2026,7,Caballito-Centro,ALACIR,30 mg – comprimido recubierto gastrorresistente,RX,301,4060794.09,35.59,Farmacia Pellegrini
2026,7,Caballito-Centro,TANVIMIL B1 B6 B12,comprimido recubierto,OTC,31,350912.4,-24.39,Farmacia Belgrano
2026,8,Recoleta-Norte,TRICOPLUS,2 g/100 ml – loción capilar,RX,231,6573620.62,16.08,Farmacia La Estrella
2026,8,Recoleta-Norte,CO‑TIOCTAN,115 mg/50 mg – comprimido recubierto,OTC,211,827888.0,29.45,Farmacia Güemes
2026,8,Recoleta-Norte,TRICOFIN,500 mg – óvulo vaginal,RX,78,535895.9,-2.5,Farmacia Güemes
2026,8,Recoleta-Norte,TRICOPLUS,5 g/100 ml – loción capilar,RX,76,2287930.1,26.67,Farmacia Güemes
2026,8,Recoleta-Norte,PAMOXET,40 mg – comprimido recubierto,RX,238,5304351.5,-17.65,Farmacia Güemes
2026,8,Recoleta-Norte,APSICO,"2,5 mg – comprimido recubierto",RX,427,12321677.89,100.47,Farmacia La Estrella
2026,8,Recoleta-Norte,APSICO,10 mg – comprimido recubierto,RX,269,7625376.62,-10.93,Farmacia La Estrella
2026,8,Recoleta-Norte,TANVIMIL PLUS,cápsula,OTC,243,2272170.52,86.92,Farmacia Güemes
2026,8,Recoleta-Norte,TANVIMIL ACD,gotas orales en solución,OTC,44,222327.67,-25.42,Farmacia Güemes
2026,8,Recoleta-Norte,APSICO,5 mg – comprimido recubierto,RX,410,5595430.93,100.0,Farmacia Güemes
2026,8,Recoleta-Norte,TIOCTAN,600 mg – comprimido recubierto,RX,172,4775692.8,13.91,Farmacia Güemes
2026,8,Recoleta-Norte,TANVIMIL B1 B6 B12,comprimido recubierto,OTC,259,2940223.19,9.75,Farmacia La Estrella
2026,8,Recoleta-Norte,PAMOXET,20 mg – comprimido recubierto,RX,204,6086904.0,35.1,Farmacia Güemes
2026,8,Recoleta-Norte,CIRUELAX MINITABS,75 mg – comprimido recubierto,OTC,254,665862.84,22.71,Farmacia Güemes
2026,8,Recoleta-Norte,TACNA,250 mg – comprimido,RX,144,1654572.08,50.0,Farmacia Güemes
2026,8,Recoleta-Norte,PANCUTAN NF,"0,2 g/600.000 UI/600.000 UI/100 g – gel tópico",RX,27,527643.54,17.39,Farmacia La Estrella
2026,8,Recoleta-Norte,TANVIMIL ACD FLUOR,solución oral,OTC,149,2175512.54,12.03,Farmacia Güemes
2026,8,Recoleta-Norte,ONEFIN,5 mg – comprimido,RX,376,12095625.59,36.23,Farmacia La Estrella
2026,8,Recoleta-Norte,TANVIMIL AMINOÁCIDOS,comprimido recubierto,OTC,19,180878.98,-32.14,Farmacia Güemes
2026,8,Microcentro-Este,TANVIMIL AMINOÁCIDOS,comprimido recubierto,OTC,178,1710851.23,-1.66,Farmacia Del Parque
2026,8,Microcentro-Este,PANCUTAN NF,"0,2 g/600.000 UI/600.000 UI/100 g – gel tópico",RX,90,1747446.59,-10.89,Farmacia Del Parque
2026,8,Microcentro-Este,TANVIMIL ACD,gotas orales en solución,OTC,263,1293901.16,-16.51,Farmacia Del Parque
2026,8,Microcentro-Este,TANVIMIL B1 B6 B12,comprimido recubierto,OTC,226,2623205.18,7.11,Farmacia Del Parque
2026,8,Microcentro-Este,APSICO,"2,5 mg – comprimido recubierto",RX,402,11542714.73,77.88,Farmacia Del Parque
2026,8,Microcentro-Este,TANVIMIL ACD FLUOR,solución oral,OTC,200,2951903.02,-14.16,Farmacia Pueyrredón
2026,8,Microcentro-Este,MENCOGRIN AP,champú,OTC,121,1546994.5,23.47,Farmacia Pueyrredón
2026,8,Microcentro-Este,TACNA,250 mg – comprimido,RX,163,1881017.11,15.6,Farmacia Del Parque
2026,8,Microcentro-Este,ALACIR,60 mg – comprimido recubierto gastrorresistente,RX,160,2818235.78,-47.88,Farmacia Pueyrredón
2026,8,Microcentro-Este,TRICOFIN,500 mg – óvulo vaginal,RX,219,1471457.35,-3.1,Farmacia Del Parque
2026,8,Microcentro-Este,APSICO,5 mg – comprimido recubierto,RX,503,6515180.75,98.03,Farmacia Del Parque
2026,8,Microcentro-Este,CO‑TIOCTAN,115 mg/50 mg – comprimido recubierto,OTC,106,410830.37,103.85,Farmacia Pueyrredón
2026,8,Microcentro-Este,TRIMACREM PLUS,"0,01 g/4 g/0,05 g/100 g – crema tópica",OTC,42,486219.88,-32.26,Farmacia Del Parque
2026,8,Microcentro-Este,ONEFIN,10 mg – comprimido,RX,276,6881206.89,-6.76,Farmacia Pueyrredón
2026,8,Microcentro-Este,SUTRICO TAR,9 ml/100 ml – champú,OTC,43,275544.53,10.26,Farmacia Del Parque
2026,8,Microcentro-Este,AEROGAL,64 g/170 g – polvo efervescente en frasco,OTC,554,6976270.44,84.67,Farmacia Pueyrredón
2026,8,San Isidro-Centro,PAMOXET,20 mg – comprimido recubierto,RX,96,2849989.37,6.67,Farmacia Del Norte
2026,8,San Isidro-Centro,APSICO,10 mg – comprimido recubierto,RX,34,1003664.62,9.68,Farmacia Del Oeste
2026,8,San Isidro-Centro,CIRUELAX MINITABS,75 mg – comprimido recubierto,OTC,138,354639.52,76.92,Farmacia Del Norte
2026,8,San Isidro-Centro,TRICOFIN,500 mg – comprimido,RX,204,5323803.92,-14.29,Farmacia Del Oeste
2026,8,San Isidro-Centro,TRIMACREM PLUS,"0,01 g/4 g/0,05 g/100 g – crema tópica",OTC,52,567995.56,-5.45,Farmacia Del Norte
2026,8,San Isidro-Centro,TANVIMIL ACD,gotas orales en solución,OTC,82,417240.37,-25.45,Farmacia Del Norte
2026,8,San Isidro-Centro,ONEFIN,10 mg – comprimido,RX,221,5488369.92,125.51,Farmacia Del Norte
2026,8,San Isidro-Centro,PAMOXET,40 mg – comprimido recubierto,RX,182,4302845.54,-40.91,Farmacia Del Oeste
2026,8,San Isidro-Centro,TRICOPLUS,5 g/100 ml – loción capilar,RX,50,1547053.57,25.0,Farmacia Del Norte
2026,8,San Isidro-Centro,CO‑TIOCTAN,115 mg/50 mg – comprimido recubierto,OTC,47,188471.31,34.29,Farmacia Del Norte
2026,8,San Isidro-Centro,TANVIMIL B1 B6 B12,comprimido recubierto,OTC,206,2426637.62,15.08,Farmacia Del Norte
2026,8,San Isidro-Centro,ONEFIN,5 mg – comprimido,RX,303,9056545.12,-0.66,Farmacia Del Oeste
2026,8,San Isidro-Centro,TANVIMIL A,50.000 UI – cápsulas,OTC,99,1278640.72,19.28,Farmacia Del Norte
2026,8,San Isidro-Centro,TANDIUR,50 mg – comprimido,RX,320,3211514.17,-12.09,Farmacia Del Norte
2026,8,San Isidro-Centro,TANVIMIL A,100.000 UI – cápsulas,OTC,272,777131.7,-15.53,Farmacia Del Oeste
2026,8,San Isidro-Centro,APSICO,5 mg – comprimido recubierto,RX,115,1524632.04,8.49,Farmacia Del Oeste
2026,8,San Isidro-Centro,TACNA,250 mg – comprimido,RX,331,3641881.84,31.35,Farmacia Del Norte
2026,8,Belgrano-R,PANCUTAN NF,"0,2 g/600.000 UI/600.000 UI/100 g – gel tópico",RX,121,2471690.9,-31.25,Farmacia Lavalle
2026,8,Belgrano-R,SUTRICO TAR,9 ml/100 ml – champú,OTC,120,762653.85,-13.67,Farmacia Lavalle
2026,8,Belgrano-R,TANVIMIL AMINOÁCIDOS,comprimido recubierto,OTC,24,222763.5,9.09,Farmacia Del Sol
2026,8,Belgrano-R,CO‑TIOCTAN,115 mg/50 mg – comprimido recubierto,OTC,180,719589.07,-16.67,Farmacia Del Sol
2026,8,Belgrano-R,ONEFIN,10 mg – comprimido,RX,103,2624017.71,6.19,Farmacia Del Sol
2026,8,Belgrano-R,ALACIR,30 mg – comprimido recubierto gastrorresistente,RX,239,3030543.76,-2.05,Farmacia Del Sol
2026,8,Belgrano-R,TRICOFIN,500 mg – óvulo vaginal,RX,129,895595.57,-16.77,Farmacia Lavalle
2026,8,Belgrano-R,APSICO,"2,5 mg – comprimido recubierto",RX,215,6335746.27,10.82,Farmacia Del Sol
2026,8,Belgrano-R,TRICOPLUS,5 g/100 ml – loción capilar,RX,153,4748614.33,-40.23,Farmacia Lavalle
2026,8,Belgrano-R,AEROGAL,64 g/170 g – polvo efervescente en frasco,OTC,361,4584697.21,24.91,Farmacia Del Sol
2026,8,Belgrano-R,TANVIMIL A,50.000 UI – cápsulas,OTC,230,2887667.14,-13.21,Farmacia Del Sol
2026,8,Belgrano-R,TANVIMIL PLUS,cápsula,OTC,123,1092489.09,55.7,Farmacia Del Sol
2026,8,Belgrano-R,ONEFIN,5 mg – comprimido,RX,122,3689906.76,15.09,Farmacia Del Sol
2026,8,Belgrano-R,ALACIR,60 mg – comprimido recubierto gastrorresistente,RX,143,2491174.71,-31.25,Farmacia Del Sol
2026,8,Belgrano-R,MENCOGRIN AP,champú,OTC,274,3432414.81,91.61,Farmacia Lavalle
2026,8,Belgrano-R,TIOCTAN,600 mg – comprimido recubierto,RX,105,2961388.62,-11.76,Farmacia Del Sol
2026,8,Belgrano-R,APSICO,10 mg – comprimido recubierto,RX,301,8970419.54,44.71,Farmacia Del Sol
2026,8,Belgrano-R,TANDIUR,50 mg – comprimido,RX,247,2392790.08,-9.19,Farmacia Del Sol
2026,8,Belgrano-R,CIRUELAX MINITABS,75 mg – comprimido recubierto,OTC,163,427830.66,3.16,Farmacia Lavalle
2026,8,Devoto-Centro,PAMOXET,20 mg – comprimido recubierto,RX,270,7653063.28,18.42,Farmacia España
2026,8,Devoto-Centro,TANVIMIL A,100.000 UI – cápsulas,OTC,262,725677.39,33.67,Farmacia España
2026,8,Devoto-Centro,TIOCTAN,600 mg – comprimido recubierto,RX,121,3289605.14,-22.93,Farmacia La Botica
2026,8,Devoto-Centro,TRICOPLUS,5 g/100 ml – loción capilar,RX,102,3011681.66,-42.05,Farmacia La Botica
2026,8,Devoto-Centro,PANCUTAN NF,"0,2 g/600.000 UI/600.000 UI/100 g – gel tópico",RX,69,1325134.44,35.29,Farmacia España
2026,8,Devoto-Centro,TANVIMIL ACD,gotas orales en solución,OTC,83,426756.13,-15.31,Farmacia España
2026,8,Devoto-Centro,ONEFIN,5 mg – comprimido,RX,437,13232931.83,81.33,Farmacia España
2026,8,Devoto-Centro,TANDIUR,50 mg – comprimido,RX,194,1876790.32,-30.71,Farmacia La Botica
2026,8,Devoto-Centro,TRIMACREM PLUS,"0,01 g/4 g/0,05 g/100 g – crema tópica",OTC,11,124797.32,-15.38,Farmacia España
2026,8,Devoto-Centro,TANVIMIL ACD FLUOR,solución oral,OTC,173,2561656.13,-14.36,Farmacia La Botica
2026,8,Devoto-Centro,MENCOGRIN AP,champú,OTC,238,3169239.0,58.67,Farmacia España
2026,8,Devoto-Centro,TANVIMIL A,50.000 UI – cápsulas,OTC,86,1129659.72,-39.86,Farmacia La Botica
2026,8,Devoto-Centro,TRICOFIN,500 mg – comprimido,RX,104,2668145.71,-7.96,Farmacia La Botica
2026,8,Devoto-Centro,SUTRICO TAR,9 ml/100 ml – champú,OTC,199,1198361.75,-6.57,Farmacia España
2026,8,Devoto-Centro,CIRUELAX MINITABS,75 mg – comprimido recubierto,OTC,84,224286.85,21.74,Farmacia La Botica
2026,8,Devoto-Centro,APSICO,10 mg – comprimido recubierto,RX,22,631569.57,10.0,Farmacia España
2026,8,Devoto-Centro,ALACIR,60 mg – comprimido recubierto gastrorresistente,RX,139,2438510.61,-32.85,Farmacia España
2026,8,Almagro-Centro,CO‑TIOCTAN,115 mg/50 mg – comprimido recubierto,OTC,136,507880.4,-3.55,Farmacia Brown
2026,8,Almagro-Centro,TRIMACREM PLUS,"0,01 g/4 g/0,05 g/100 g – crema tópica",OTC,95,1037344.21,-10.38,Farmacia Avenida
2026,8,Almagro-Centro,TANVIMIL B1 B6 B12,comprimido recubierto,OTC,76,869804.96,49.02,Farmacia Avenida
2026,8,Almagro-Centro,SUTRICO TAR,9 ml/100 ml – champú,OTC,169,1021860.46,-3.43,Farmacia Avenida
2026,8,Almagro-Centro,TANDIUR,50 mg – comprimido,RX,230,2276801.69,-16.06,Farmacia Brown
2026,8,Almagro-Centro,TRICOFIN,500 mg – óvulo vaginal,RX,244,1636875.49,64.86,Farmacia Brown
2026,8,Almagro-Centro,TRICOPLUS,2 g/100 ml – loción capilar,RX,62,1798239.0,40.91,Farmacia Brown
2026,8,Almagro-Centro,TACNA,250 mg – comprimido,RX,26,299559.05,-50.94,Farmacia Brown
2026,8,Almagro-Centro,PAMOXET,20 mg – comprimido recubierto,RX,301,8769390.76,-8.51,Farmacia Brown
2026,8,Almagro-Centro,MENCOGRIN AP,champú,OTC,78,1019839.27,34.48,Farmacia Avenida
2026,8,Almagro-Centro,APSICO,5 mg – comprimido recubierto,RX,63,815271.1,34.04,Farmacia Brown
2026,8,Almagro-Centro,ONEFIN,5 mg – comprimido,RX,232,7380290.89,0.43,Farmacia Avenida
2026,8,Almagro-Centro,TANVIMIL AMINOÁCIDOS,comprimido recubierto,OTC,90,859222.46,-29.13,Farmacia Brown
2026,8,Vicente López-Centro,TANVIMIL ACD,gotas orales en solución,OTC,160,803630.5,-13.51,Farmacia Rivadavia
2026,8,Vicente López-Centro,APSICO,5 mg – comprimido recubierto,RX,42,580681.88,23.53,Farmacia Rivadavia
2026,8,Vicente López-Centro,TIOCTAN,600 mg – comprimido recubierto,RX,136,3626035.02,46.24,Farmacia Rivadavia
2026,8,Vicente López-Centro,TANVIMIL ACD FLUOR,solución oral,OTC,156,2201913.43,0.65,Farmacia Urquiza
2026,8,Vicente López-Centro,TRICOFIN,500 mg – comprimido,RX,162,3986108.48,-23.22,Farmacia Rivadavia
2026,8,Vicente López-Centro,MENCOGRIN AP,champú,OTC,262,3400081.73,60.74,Farmacia Rivadavia
2026,8,Vicente López-Centro,APSICO,10 mg – comprimido recubierto,RX,284,8453263.45,83.23,Farmacia Rivadavia
2026,8,Vicente López-Centro,TRICOPLUS,5 g/100 ml – loción capilar,RX,102,3166286.44,-24.44,Farmacia Rivadavia
2026,8,Vicente López-Centro,TANVIMIL B1 B6 B12,comprimido recubierto,OTC,215,2410947.89,-12.6,Farmacia Rivadavia
2026,8,Vicente López-Centro,TANVIMIL A,50.000 UI – cápsulas,OTC,117,1491753.46,-28.66,Farmacia Rivadavia
2026,8,Vicente López-Centro,TRICOFIN,500 mg – óvulo vaginal,RX,327,2329859.5,-8.15,Farmacia Urquiza
2026,8,Vicente López-Centro,PAMOXET,20 mg – comprimido recubierto,RX,130,3928185.71,-11.56,Farmacia Rivadavia
2026,8,Vicente López-Centro,ALACIR,30 mg – comprimido recubierto gastrorresistente,RX,49,630883.42,-34.67,Farmacia Rivadavia
2026,8,Vicente López-Centro,TANDIUR,50 mg – comprimido,RX,89,897433.49,-29.37,Farmacia Rivadavia
2026,8,Vicente López-Centro,PAMOXET,40 mg – comprimido recubierto,RX,55,1267198.47,-15.38,Farmacia Urquiza
2026,8,Vicente López-Centro,TRIMACREM PLUS,"0,01 g/4 g/0,05 g/100 g – crema tópica",OTC,103,1156098.54,13.19,Farmacia Urquiza
2026,8,Vicente López-Centro,CO‑TIOCTAN,115 mg/50 mg – comprimido recubierto,OTC,276,1049682.22,76.92,Farmacia Rivadavia
2026,8,Vicente López-Centro,TANVIMIL PLUS,cápsula,OTC,158,1390468.72,90.36,Farmacia Urquiza
2026,8,Vicente López-Centro,ONEFIN,10 mg – comprimido,RX,247,6150650.92,54.37,Farmacia Urquiza
2026,8,Vicente López-Centro,AEROGAL,64 g/170 g – polvo efervescente en frasco,OTC,112,1377372.54,-8.2,Farmacia Urquiza
2026,8,Palermo-Sur,TACNA,250 mg – comprimido,RX,105,1237745.19,77.97,Farmacia Moreno
2026,8,Palermo-Sur,PAMOXET,40 mg – comprimido recubierto,RX,316,7118252.5,-7.06,Farmacia Central
2026,8,Palermo-Sur,TANVIMIL ACD,gotas orales en solución,OTC,256,1309578.04,7.56,Farmacia Central
2026,8,Palermo-Sur,TRIMACREM PLUS,"0,01 g/4 g/0,05 g/100 g – crema tópica",OTC,90,982875.99,-45.78,Farmacia Moreno
2026,8,Palermo-Sur,TRICOFIN,500 mg – óvulo vaginal,RX,177,1215196.43,5.99,Farmacia Central
2026,8,Palermo-Sur,TRICOFIN,500 mg – comprimido,RX,233,5895118.36,4.48,Farmacia Moreno
2026,8,Palermo-Sur,TRICOPLUS,2 g/100 ml – loción capilar,RX,84,2419467.24,-16.0,Farmacia Central
2026,8,Palermo-Sur,TANVIMIL PLUS,cápsula,OTC,138,1266386.83,55.06,Farmacia Central
2026,8,Palermo-Sur,TANVIMIL B1 B6 B12,comprimido recubierto,OTC,27,310056.84,8.0,Farmacia Moreno
2026,8,Palermo-Sur,CO‑TIOCTAN,115 mg/50 mg – comprimido recubierto,OTC,244,935365.19,64.86,Farmacia Central
2026,8,Palermo-Sur,ALACIR,60 mg – comprimido recubierto gastrorresistente,RX,154,2565206.78,-1.91,Farmacia Central
2026,8,Palermo-Sur,TANVIMIL A,100.000 UI – cápsulas,OTC,48,130456.29,-26.15,Farmacia Central
2026,8,Palermo-Sur,TRICOPLUS,5 g/100 ml – loción capilar,RX,69,2042723.97,43.75,Farmacia Moreno
2026,8,Palermo-Sur,PAMOXET,20 mg – comprimido recubierto,RX,94,2810262.4,-4.08,Farmacia Moreno
2026,8,Palermo-Sur,MENCOGRIN AP,champú,OTC,106,1369046.38,130.43,Farmacia Central
2026,8,Palermo-Sur,AEROGAL,64 g/170 g – polvo efervescente en frasco,OTC,516,6218990.92,7.28,Farmacia Central
2026,8,Palermo-Sur,TANVIMIL ACD FLUOR,solución oral,OTC,21,288947.73,-8.7,Farmacia Central
2026,8,Quilmes-Centro,TRICOPLUS,2 g/100 ml – loción capilar,RX,87,2450751.3,-48.21,Farmacia Alsina
2026,8,Quilmes-Centro,TRICOFIN,500 mg – óvulo vaginal,RX,29,194459.57,-30.95,Farmacia Alsina
2026,8,Quilmes-Centro,PAMOXET,20 mg – comprimido recubierto,RX,43,1266017.73,2.38,Farmacia Pasteur
2026,8,Quilmes-Centro,CIRUELAX MINITABS,75 mg – comprimido recubierto,OTC,129,323658.6,34.38,Farmacia Pasteur
2026,8,Quilmes-Centro,ONEFIN,5 mg – comprimido,RX,411,12287579.22,95.71,Farmacia Alsina
2026,8,Quilmes-Centro,AEROGAL,64 g/170 g – polvo efervescente en frasco,OTC,617,8001445.71,7.87,Farmacia Alsina
2026,8,Quilmes-Centro,ONEFIN,10 mg – comprimido,RX,418,10831341.47,87.44,Farmacia Pasteur
2026,8,Quilmes-Centro,TANVIMIL A,100.000 UI – cápsulas,OTC,194,561885.01,-38.8,Farmacia Pasteur
2026,8,Quilmes-Centro,APSICO,5 mg – comprimido recubierto,RX,174,2351468.38,-23.68,Farmacia Pasteur
2026,8,Quilmes-Centro,TANVIMIL A,50.000 UI – cápsulas,OTC,192,2525920.8,2.13,Farmacia Pasteur
2026,8,Quilmes-Centro,TANVIMIL ACD FLUOR,solución oral,OTC,335,4755551.06,66.67,Farmacia Pasteur
2026,8,Quilmes-Centro,TACNA,250 mg – comprimido,RX,117,1313839.59,77.27,Farmacia Pasteur
2026,8,Flores-Norte,AEROGAL,64 g/170 g – polvo efervescente en frasco,OTC,219,2652652.87,-17.36,Farmacia Castelli
2026,8,Flores-Norte,ALACIR,30 mg – comprimido recubierto gastrorresistente,RX,173,2251541.71,-18.78,Farmacia Mitre
2026,8,Flores-Norte,TANVIMIL AMINOÁCIDOS,comprimido recubierto,OTC,209,1999871.53,5.03,Farmacia Castelli
2026,8,Flores-Norte,CO‑TIOCTAN,115 mg/50 mg – comprimido recubierto,OTC,336,1259170.83,37.7,Farmacia Castelli
2026,8,Flores-Norte,TANVIMIL PLUS,cápsula,OTC,351,3061277.13,9.01,Farmacia Castelli
2026,8,Flores-Norte,TRICOFIN,500 mg – comprimido,RX,198,5121205.78,-14.66,Farmacia Mitre
2026,8,Flores-Norte,APSICO,"2,5 mg – comprimido recubierto",RX,265,7797396.43,34.52,Farmacia Castelli
2026,8,Flores-Norte,TANVIMIL ACD FLUOR,solución oral,OTC,360,5110357.36,38.46,Farmacia Castelli
2026,8,Flores-Norte,TACNA,250 mg – comprimido,RX,184,2084079.63,-11.54,Farmacia Mitre
2026,8,Flores-Norte,TIOCTAN,600 mg – comprimido recubierto,RX,283,7642499.29,-14.24,Farmacia Mitre
2026,8,Flores-Norte,TRIMACREM PLUS,"0,01 g/4 g/0,05 g/100 g – crema tópica",OTC,32,360900.41,-44.83,Farmacia Mitre
2026,8,Flores-Norte,SUTRICO TAR,9 ml/100 ml – champú,OTC,98,603759.72,-6.67,Farmacia Castelli
2026,8,Flores-Norte,ALACIR,60 mg – comprimido recubierto gastrorresistente,RX,78,1332121.37,-35.54,Farmacia Castelli
2026,8,La Plata-Centro,TIOCTAN,600 mg – comprimido recubierto,RX,129,3525476.55,12.17,Farmacia Del Sur
2026,8,La Plata-Centro,AEROGAL,64 g/170 g – polvo efervescente en frasco,OTC,182,2225768.59,43.31,Farmacia Roca
2026,8,La Plata-Centro,ONEFIN,10 mg – comprimido,RX,310,7667049.53,31.36,Farmacia Roca
2026,8,La Plata-Centro,ONEFIN,5 mg – comprimido,RX,302,9220330.86,-2.58,Farmacia Roca
2026,8,La Plata-Centro,CO‑TIOCTAN,115 mg/50 mg – comprimido recubierto,OTC,301,1196482.39,22.36,Farmacia Roca
2026,8,La Plata-Centro,TRICOFIN,500 mg – comprimido,RX,188,4735029.66,55.37,Farmacia Roca
2026,8,La Plata-Centro,TANVIMIL ACD FLUOR,solución oral,OTC,58,799494.29,-4.92,Farmacia Roca
2026,8,La Plata-Centro,PAMOXET,20 mg – comprimido recubierto,RX,187,5464864.93,-20.76,Farmacia Roca
2026,8,La Plata-Centro,TANDIUR,50 mg – comprimido,RX,177,1737307.8,-25.94,Farmacia Del Sur
2026,8,La Plata-Centro,MENCOGRIN AP,champú,OTC,111,1482897.15,48.0,Farmacia Roca
2026,8,La Plata-Centro,TRIMACREM PLUS,"0,01 g/4 g/0,05 g/100 g – crema tópica",OTC,26,284959.53,100.0,Farmacia Roca
2026,8,La Plata-Centro,TACNA,250 mg – comprimido,RX,190,2252810.85,9.2,Farmacia Roca
2026,8,La Plata-Centro,TRICOFIN,500 mg – óvulo vaginal,RX,186,1328165.34,-7.46,Farmacia Roca
2026,8,La Plata-Centro,SUTRICO TAR,9 ml/100 ml – champú,OTC,137,854604.11,-14.37,Farmacia Roca
2026,8,La Plata-Centro,TANVIMIL AMINOÁCIDOS,comprimido recubierto,OTC,204,1998564.5,11.48,Farmacia Del Sur
2026,8,La Plata-Centro,ALACIR,30 mg – comprimido recubierto gastrorresistente,RX,130,1695317.01,4.84,Farmacia Roca
2026,8,Villa Urquiza-Centro,ALACIR,30 mg – comprimido recubierto gastrorresistente,RX,106,1384095.62,2.91,Farmacia San José
2026,8,Villa Urquiza-Centro,TANVIMIL B1 B6 B12,comprimido recubierto,OTC,231,2722102.04,-5.33,Farmacia San José
2026,8,Villa Urquiza-Centro,PANCUTAN NF,"0,2 g/600.000 UI/600.000 UI/100 g – gel tópico",RX,133,2542497.21,-21.76,Farmacia San José
2026,8,Villa Urquiza-Centro,APSICO,5 mg – comprimido recubierto,RX,62,844240.57,-54.07,Farmacia Italia
2026,8,Villa Urquiza-Centro,SUTRICO TAR,9 ml/100 ml – champú,OTC,18,109359.55,-5.26,Farmacia San José
2026,8,Villa Urquiza-Centro,TRICOFIN,500 mg – comprimido,RX,112,2845837.23,-2.61,Farmacia Italia
2026,8,Villa Urquiza-Centro,TRICOPLUS,5 g/100 ml – loción capilar,RX,123,3639075.63,-40.29,Farmacia San José
2026,8,Villa Urquiza-Centro,ALACIR,60 mg – comprimido recubierto gastrorresistente,RX,99,1665622.69,-56.19,Farmacia San José
2026,8,Villa Urquiza-Centro,ONEFIN,5 mg – comprimido,RX,375,11305476.68,38.38,Farmacia San José
2026,8,Villa Urquiza-Centro,TANDIUR,50 mg – comprimido,RX,84,850812.32,-43.62,Farmacia San José
2026,8,Villa Urquiza-Centro,TANVIMIL A,100.000 UI – cápsulas,OTC,15,41100.79,-40.0,Farmacia Italia
2026,8,Villa Urquiza-Centro,TRIMACREM PLUS,"0,01 g/4 g/0,05 g/100 g – crema tópica",OTC,162,1857503.08,31.71,Farmacia Italia
2026,8,Palermo-Norte,TANVIMIL B1 B6 B12,comprimido recubierto,OTC,147,1740356.6,5.0,Farmacia Del Ángel
2026,8,Palermo-Norte,TANVIMIL ACD FLUOR,solución oral,OTC,62,882745.7,-15.07,Farmacia Del Ángel
2026,8,Palermo-Norte,PAMOXET,20 mg – comprimido recubierto,RX,269,8023283.19,4.67,Farmacia Del Ángel
2026,8,Palermo-Norte,ALACIR,60 mg – comprimido recubierto gastrorresistente,RX,148,2606474.8,30.97,Farmacia Del Pueblo
2026,8,Palermo-Norte,PAMOXET,40 mg – comprimido recubierto,RX,170,3976677.74,-28.27,Farmacia Del Ángel
2026,8,Palermo-Norte,TANVIMIL AMINOÁCIDOS,comprimido recubierto,OTC,24,234372.69,20.0,Farmacia Del Ángel
2026,8,Palermo-Norte,APSICO,5 mg – comprimido recubierto,RX,276,3836873.47,52.49,Farmacia Del Ángel
2026,8,Palermo-Norte,TRICOFIN,500 mg – comprimido,RX,27,671795.32,-37.21,Farmacia Del Ángel
2026,8,Palermo-Norte,TANVIMIL A,100.000 UI – cápsulas,OTC,187,521922.57,39.55,Farmacia Del Ángel
2026,8,Palermo-Norte,CO‑TIOCTAN,115 mg/50 mg – comprimido recubierto,OTC,295,1119271.8,-8.67,Farmacia Del Pueblo
2026,8,Palermo-Norte,APSICO,10 mg – comprimido recubierto,RX,269,8101713.28,-1.47,Farmacia Del Ángel
2026,8,Palermo-Norte,TANVIMIL PLUS,cápsula,OTC,55,483665.42,7.84,Farmacia Del Ángel
2026,8,Palermo-Norte,APSICO,"2,5 mg – comprimido recubierto",RX,213,6075509.55,40.13,Farmacia Del Pueblo
2026,8,Palermo-Norte,AEROGAL,64 g/170 g – polvo efervescente en frasco,OTC,379,4791377.88,29.79,Farmacia Del Ángel
2026,8,Belgrano-Centro,TANVIMIL AMINOÁCIDOS,comprimido recubierto,OTC,52,515479.96,-16.13,Farmacia Del Centro
2026,8,Belgrano-Centro,TANVIMIL ACD FLUOR,solución oral,OTC,29,429753.5,-14.71,Farmacia Del Centro
2026,8,Belgrano-Centro,TANVIMIL B1 B6 B12,comprimido recubierto,OTC,263,3000589.09,7.35,Farmacia San Martín
2026,8,Belgrano-Centro,TRIMACREM PLUS,"0,01 g/4 g/0,05 g/100 g – crema tópica",OTC,233,2633910.95,29.44,Farmacia Del Centro
2026,8,Belgrano-Centro,TRICOFIN,500 mg – óvulo vaginal,RX,190,1318244.32,-42.25,Farmacia Del Centro
2026,8,Belgrano-Centro,ALACIR,30 mg – comprimido recubierto gastrorresistente,RX,91,1217796.58,1.11,Farmacia Del Centro
2026,8,Belgrano-Centro,SUTRICO TAR,9 ml/100 ml – champú,OTC,219,1324385.12,8.96,Farmacia Del Centro
2026,8,Belgrano-Centro,AEROGAL,64 g/170 g – polvo efervescente en frasco,OTC,565,7184522.8,14.6,Farmacia Del Centro
2026,8,Belgrano-Centro,TANVIMIL A,50.000 UI – cápsulas,OTC,89,1105624.86,64.81,Farmacia San Martín
2026,8,Belgrano-Centro,APSICO,10 mg – comprimido recubierto,RX,64,1841274.71,106.45,Farmacia San Martín
2026,8,Belgrano-Centro,APSICO,5 mg – comprimido recubierto,RX,270,3662613.31,44.39,Farmacia Del Centro
2026,8,Belgrano-Centro,CIRUELAX MINITABS,75 mg – comprimido recubierto,OTC,38,100700.37,52.0,Farmacia San Martín
2026,8,Núñez-Centro,ONEFIN,10 mg – comprimido,RX,121,3136943.8,12.04,Farmacia Sarmiento
2026,8,Núñez-Centro,MENCOGRIN AP,champú,OTC,112,1491338.7,119.61,Farmacia Del Lago
2026,8,Núñez-Centro,TANVIMIL A,50.000 UI – cápsulas,OTC,108,1432299.8,-0.92,Farmacia Del Lago
2026,8,Núñez-Centro,TANDIUR,50 mg – comprimido,RX,53,530034.95,-8.62,Farmacia Del Lago
2026,8,Núñez-Centro,TANVIMIL PLUS,cápsula,OTC,383,3314550.58,43.98,Farmacia Sarmiento
2026,8,Núñez-Centro,TACNA,250 mg – comprimido,RX,73,837680.03,21.67,Farmacia Del Lago
2026,8,Núñez-Centro,TRICOFIN,500 mg – óvulo vaginal,RX,36,240398.25,-16.28,Farmacia Sarmiento
2026,8,Núñez-Centro,PANCUTAN NF,"0,2 g/600.000 UI/600.000 UI/100 g – gel tópico",RX,199,3866499.07,-16.03,Farmacia Del Lago
2026,8,Núñez-Centro,ALACIR,30 mg – comprimido recubierto gastrorresistente,RX,36,459582.44,-30.77,Farmacia Sarmiento
2026,8,Núñez-Centro,CO‑TIOCTAN,115 mg/50 mg – comprimido recubierto,OTC,207,825785.53,37.09,Farmacia Sarmiento
2026,8,Núñez-Centro,PAMOXET,40 mg – comprimido recubierto,RX,85,1962474.76,6.25,Farmacia Sarmiento
2026,8,Núñez-Centro,TRICOPLUS,2 g/100 ml – loción capilar,RX,266,7738249.34,12.24,Farmacia Del Lago
2026,8,Núñez-Centro,TRIMACREM PLUS,"0,01 g/4 g/0,05 g/100 g – crema tópica",OTC,99,1141751.34,-33.11,Farmacia Sarmiento
2026,8,Núñez-Centro,APSICO,5 mg – comprimido recubierto,RX,115,1529870.72,-11.54,Farmacia Sarmiento
2026,8,Núñez-Centro,SUTRICO TAR,9 ml/100 ml – champú,OTC,18,110480.9,-28.0,Farmacia Sarmiento
2026,8,Núñez-Centro,TANVIMIL B1 B6 B12,comprimido recubierto,OTC,233,2783579.22,22.63,Farmacia Sarmiento
2026,8,Núñez-Centro,TANVIMIL A,100.000 UI – cápsulas,OTC,187,542129.44,-5.56,Farmacia Del Lago
2026,8,Núñez-Centro,PAMOXET,20 mg – comprimido recubierto,RX,131,3940741.46,0.77,Farmacia Del Lago
2026,8,Núñez-Centro,AEROGAL,64 g/170 g – polvo efervescente en frasco,OTC,287,3544741.3,-43.5,Farmacia Sarmiento
2026,8,Caballito-Centro,APSICO,"2,5 mg – comprimido recubierto",RX,393,11312664.1,27.18,Farmacia Pellegrini
2026,8,Caballito-Centro,PAMOXET,20 mg – comprimido recubierto,RX,23,699905.54,-4.17,Farmacia Pellegrini
2026,8,Caballito-Centro,TRICOFIN,500 mg – óvulo vaginal,RX,243,1675653.01,-15.62,Farmacia Belgrano
2026,8,Caballito-Centro,AEROGAL,64 g/170 g – polvo efervescente en frasco,OTC,583,7353427.28,13.65,Farmacia Belgrano
2026,8,Caballito-Centro,PAMOXET,40 mg – comprimido recubierto,RX,45,996213.91,-28.57,Farmacia Pellegrini
2026,8,Caballito-Centro,TRICOPLUS,5 g/100 ml – loción capilar,RX,32,987691.92,-27.27,Farmacia Belgrano
2026,8,Caballito-Centro,TANDIUR,50 mg – comprimido,RX,131,1300873.57,12.93,Farmacia Pellegrini
2026,8,Caballito-Centro,TANVIMIL ACD FLUOR,solución oral,OTC,111,1544519.77,-43.65,Farmacia Belgrano
2026,8,Caballito-Centro,MENCOGRIN AP,champú,OTC,75,957726.4,22.95,Farmacia Belgrano
2026,8,Caballito-Centro,PANCUTAN NF,"0,2 g/600.000 UI/600.000 UI/100 g – gel tópico",RX,137,2776680.96,7.03,Farmacia Pellegrini
2026,8,Caballito-Centro,CO‑TIOCTAN,115 mg/50 mg – comprimido recubierto,OTC,111,438612.1,81.97,Farmacia Belgrano
2026,8,Caballito-Centro,TRICOFIN,500 mg – comprimido,RX,124,3054604.57,24.0,Farmacia Belgrano
2026,8,Caballito-Centro,ALACIR,30 mg – comprimido recubierto gastrorresistente,RX,198,2577349.66,-33.78,Farmacia Pellegrini
2026,8,Caballito-Centro,TANVIMIL B1 B6 B12,comprimido recubierto,OTC,42,489783.77,0.0,Farmacia Pellegrini
2026,9,Recoleta-Norte,TRICOPLUS,2 g/100 ml – loción capilar,RX,252,6978770.48,-22.22,Farmacia La Estrella
2026,9,Recoleta-Norte,CO‑TIOCTAN,115 mg/50 mg – comprimido recubierto,OTC,177,690695.58,35.11,Farmacia Güemes
2026,9,Recoleta-Norte,TRICOFIN,500 mg – óvulo vaginal,RX,52,368922.75,-14.75,Farmacia La Estrella
2026,9,Recoleta-Norte,TRICOPLUS,5 g/100 ml – loción capilar,RX,115,3505527.71,6.48,Farmacia La Estrella
2026,9,Recoleta-Norte,PAMOXET,40 mg – comprimido recubierto,RX,217,4969293.91,-13.2,Farmacia La Estrella
2026,9,Recoleta-Norte,APSICO,"2,5 mg – comprimido recubierto",RX,280,7839313.36,13.82,Farmacia La Estrella
2026,9,Recoleta-Norte,APSICO,10 mg – comprimido recubierto,RX,443,13115505.76,39.31,Farmacia Güemes
2026,9,Recoleta-Norte,TANVIMIL PLUS,cápsula,OTC,188,1639884.01,46.88,Farmacia La Estrella
2026,9,Recoleta-Norte,TANVIMIL ACD,gotas orales en solución,OTC,63,310243.09,3.28,Farmacia La Estrella
2026,9,Recoleta-Norte,APSICO,5 mg – comprimido recubierto,RX,441,5963352.91,40.89,Farmacia La Estrella
2026,9,Recoleta-Norte,TIOCTAN,600 mg – comprimido recubierto,RX,131,3521330.81,-5.07,Farmacia La Estrella
2026,9,Recoleta-Norte,TANVIMIL B1 B6 B12,comprimido recubierto,OTC,251,2959572.2,-1.57,Farmacia La Estrella
2026,9,Recoleta-Norte,PAMOXET,20 mg – comprimido recubierto,RX,140,4146259.8,9.38,Farmacia La Estrella
2026,9,Recoleta-Norte,CIRUELAX MINITABS,75 mg – comprimido recubierto,OTC,235,624514.75,53.59,Farmacia La Estrella
2026,9,Recoleta-Norte,TACNA,250 mg – comprimido,RX,143,1598922.3,26.55,Farmacia La Estrella
2026,9,Recoleta-Norte,PANCUTAN NF,"0,2 g/600.000 UI/600.000 UI/100 g – gel tópico",RX,32,630416.92,-30.43,Farmacia Güemes
2026,9,Recoleta-Norte,TANVIMIL ACD FLUOR,solución oral,OTC,177,2519487.21,13.46,Farmacia La Estrella
2026,9,Recoleta-Norte,ONEFIN,5 mg – comprimido,RX,226,7049908.9,1.8,Farmacia Güemes
2026,9,Recoleta-Norte,TANVIMIL AMINOÁCIDOS,comprimido recubierto,OTC,23,216283.94,35.29,Farmacia La Estrella
2026,9,Microcentro-Este,TANVIMIL AMINOÁCIDOS,comprimido recubierto,OTC,159,1558102.19,-14.97,Farmacia Pueyrredón
2026,9,Microcentro-Este,PANCUTAN NF,"0,2 g/600.000 UI/600.000 UI/100 g – gel tópico",RX,107,2177518.49,3.88,Farmacia Pueyrredón
2026,9,Microcentro-Este,TANVIMIL ACD,gotas orales en solución,OTC,225,1160642.02,-22.68,Farmacia Del Parque
2026,9,Microcentro-Este,TANVIMIL B1 B6 B12,comprimido recubierto,OTC,332,3978258.6,0.3,Farmacia Pueyrredón
2026,9,Microcentro-Este,APSICO,"2,5 mg – comprimido recubierto",RX,381,10474376.48,18.32,Farmacia Del Parque
2026,9,Microcentro-Este,TANVIMIL ACD FLUOR,solución oral,OTC,170,2461921.44,-22.37,Farmacia Del Parque
2026,9,Microcentro-Este,MENCOGRIN AP,champú,OTC,262,3405001.59,83.22,Farmacia Pueyrredón
2026,9,Microcentro-Este,TACNA,250 mg – comprimido,RX,339,3967422.31,104.22,Farmacia Pueyrredón
2026,9,Microcentro-Este,ALACIR,60 mg – comprimido recubierto gastrorresistente,RX,97,1625411.95,-55.71,Farmacia Del Parque
2026,9,Microcentro-Este,TRICOFIN,500 mg – óvulo vaginal,RX,321,2161856.01,48.61,Farmacia Del Parque
2026,9,Microcentro-Este,APSICO,5 mg – comprimido recubierto,RX,459,6173693.88,43.44,Farmacia Del Parque
2026,9,Microcentro-Este,CO‑TIOCTAN,115 mg/50 mg – comprimido recubierto,OTC,66,250245.78,34.69,Farmacia Del Parque
2026,9,Microcentro-Este,TRIMACREM PLUS,"0,01 g/4 g/0,05 g/100 g – crema tópica",OTC,85,958549.31,25.0,Farmacia Pueyrredón
2026,9,Microcentro-Este,ONEFIN,10 mg – comprimido,RX,305,7818482.95,36.77,Farmacia Pueyrredón
2026,9,Microcentro-Este,SUTRICO TAR,9 ml/100 ml – champú,OTC,46,284906.86,-36.11,Farmacia Pueyrredón
2026,9,Microcentro-Este,AEROGAL,64 g/170 g – polvo efervescente en frasco,OTC,210,2610201.16,9.38,Farmacia Pueyrredón
2026,9,San Isidro-Centro,PAMOXET,20 mg – comprimido recubierto,RX,77,2278100.58,20.31,Farmacia Del Norte
2026,9,San Isidro-Centro,APSICO,10 mg – comprimido recubierto,RX,30,858555.31,15.38,Farmacia Del Oeste
2026,9,San Isidro-Centro,CIRUELAX MINITABS,75 mg – comprimido recubierto,OTC,106,266768.07,13.98,Farmacia Del Norte
2026,9,San Isidro-Centro,TRICOFIN,500 mg – comprimido,RX,333,8283370.35,-8.26,Farmacia Del Norte
2026,9,San Isidro-Centro,TRIMACREM PLUS,"0,01 g/4 g/0,05 g/100 g – crema tópica",OTC,84,955821.62,2.44,Farmacia Del Norte
2026,9,San Isidro-Centro,TANVIMIL ACD,gotas orales en solución,OTC,129,662794.49,-3.01,Farmacia Del Oeste
2026,9,San Isidro-Centro,ONEFIN,10 mg – comprimido,RX,191,4665105.89,124.71,Farmacia Del Oeste
2026,9,San Isidro-Centro,PAMOXET,40 mg – comprimido recubierto,RX,244,5569041.27,-13.17,Farmacia Del Oeste
2026,9,San Isidro-Centro,TRICOPLUS,5 g/100 ml – loción capilar,RX,56,1713931.46,-39.78,Farmacia Del Norte
2026,9,San Isidro-Centro,CO‑TIOCTAN,115 mg/50 mg – comprimido recubierto,OTC,45,177207.28,66.67,Farmacia Del Norte
2026,9,San Isidro-Centro,TANVIMIL B1 B6 B12,comprimido recubierto,OTC,204,2411974.34,-20.0,Farmacia Del Oeste
2026,9,San Isidro-Centro,ONEFIN,5 mg – comprimido,RX,389,11631804.08,16.47,Farmacia Del Norte
2026,9,San Isidro-Centro,TANVIMIL A,50.000 UI – cápsulas,OTC,90,1154501.34,-32.84,Farmacia Del Norte
2026,9,San Isidro-Centro,TANDIUR,50 mg – comprimido,RX,209,2106513.93,-41.78,Farmacia Del Norte
2026,9,San Isidro-Centro,TANVIMIL A,100.000 UI – cápsulas,OTC,260,708631.47,21.5,Farmacia Del Oeste
2026,9,San Isidro-Centro,APSICO,5 mg – comprimido recubierto,RX,87,1159507.73,-5.43,Farmacia Del Norte
2026,9,San Isidro-Centro,TACNA,250 mg – comprimido,RX,384,4211290.29,22.29,Farmacia Del Norte
2026,9,Belgrano-R,PANCUTAN NF,"0,2 g/600.000 UI/600.000 UI/100 g – gel tópico",RX,238,4717119.84,-13.45,Farmacia Lavalle
2026,9,Belgrano-R,SUTRICO TAR,9 ml/100 ml – champú,OTC,263,1584662.1,-2.23,Farmacia Del Sol
2026,9,Belgrano-R,TANVIMIL AMINOÁCIDOS,comprimido recubierto,OTC,26,242143.29,18.18,Farmacia Lavalle
2026,9,Belgrano-R,CO‑TIOCTAN,115 mg/50 mg – comprimido recubierto,OTC,245,958601.43,60.13,Farmacia Del Sol
2026,9,Belgrano-R,ONEFIN,10 mg – comprimido,RX,90,2264573.43,47.54,Farmacia Del Sol
2026,9,Belgrano-R,ALACIR,30 mg – comprimido recubierto gastrorresistente,RX,263,3499802.3,32.83,Farmacia Del Sol
2026,9,Belgrano-R,TRICOFIN,500 mg – óvulo vaginal,RX,194,1355933.72,0.52,Farmacia Lavalle
2026,9,Belgrano-R,APSICO,"2,5 mg – comprimido recubierto",RX,249,6958004.24,47.34,Farmacia Lavalle
2026,9,Belgrano-R,TRICOPLUS,5 g/100 ml – loción capilar,RX,274,8078132.74,-19.65,Farmacia Del Sol
2026,9,Belgrano-R,AEROGAL,64 g/170 g – polvo efervescente en frasco,OTC,132,1599467.11,-37.14,Farmacia Lavalle
2026,9,Belgrano-R,TANVIMIL A,50.000 UI – cápsulas,OTC,235,2935857.95,32.77,Farmacia Del Sol
2026,9,Belgrano-R,TANVIMIL PLUS,cápsula,OTC,196,1760079.57,96.0,Farmacia Lavalle
2026,9,Belgrano-R,ONEFIN,5 mg – comprimido,RX,105,3348473.82,59.09,Farmacia Del Sol
2026,9,Belgrano-R,ALACIR,60 mg – comprimido recubierto gastrorresistente,RX,197,3439408.04,-7.51,Farmacia Lavalle
2026,9,Belgrano-R,MENCOGRIN AP,champú,OTC,275,3404245.63,-14.06,Farmacia Lavalle
2026,9,Belgrano-R,TIOCTAN,600 mg – comprimido recubierto,RX,92,2426111.31,-14.02,Farmacia Del Sol
2026,9,Belgrano-R,APSICO,10 mg – comprimido recubierto,RX,323,9281221.21,113.91,Farmacia Lavalle
2026,9,Belgrano-R,TANDIUR,50 mg – comprimido,RX,359,3486881.35,56.77,Farmacia Lavalle
2026,9,Belgrano-R,CIRUELAX MINITABS,75 mg – comprimido recubierto,OTC,152,387588.14,-3.8,Farmacia Del Sol
2026,9,Devoto-Centro,PAMOXET,20 mg – comprimido recubierto,RX,276,8074025.58,-5.15,Farmacia España
2026,9,Devoto-Centro,TANVIMIL A,100.000 UI – cápsulas,OTC,191,536420.29,-27.92,Farmacia La Botica
2026,9,Devoto-Centro,TIOCTAN,600 mg – comprimido recubierto,RX,141,3891940.57,-3.42,Farmacia España
2026,9,Devoto-Centro,TRICOPLUS,5 g/100 ml – loción capilar,RX,217,6745388.55,33.13,Farmacia La Botica
2026,9,Devoto-Centro,PANCUTAN NF,"0,2 g/600.000 UI/600.000 UI/100 g – gel tópico",RX,93,1821779.11,25.68,Farmacia La Botica
2026,9,Devoto-Centro,TANVIMIL ACD,gotas orales en solución,OTC,119,612381.09,22.68,Farmacia España
2026,9,Devoto-Centro,ONEFIN,5 mg – comprimido,RX,480,14531198.85,32.23,Farmacia La Botica
2026,9,Devoto-Centro,TANDIUR,50 mg – comprimido,RX,241,2354741.24,-2.82,Farmacia España
2026,9,Devoto-Centro,TRIMACREM PLUS,"0,01 g/4 g/0,05 g/100 g – crema tópica",OTC,18,204647.93,-40.0,Farmacia España
2026,9,Devoto-Centro,TANVIMIL ACD FLUOR,solución oral,OTC,209,3060087.28,-1.88,Farmacia La Botica
2026,9,Devoto-Centro,MENCOGRIN AP,champú,OTC,231,3021753.0,-2.94,Farmacia España
2026,9,Devoto-Centro,TANVIMIL A,50.000 UI – cápsulas,OTC,122,1632690.94,25.77,Farmacia España
2026,9,Devoto-Centro,TRICOFIN,500 mg – comprimido,RX,84,2091811.38,12.0,Farmacia España
2026,9,Devoto-Centro,SUTRICO TAR,9 ml/100 ml – champú,OTC,209,1285201.51,-19.92,Farmacia La Botica
2026,9,Devoto-Centro,CIRUELAX MINITABS,75 mg – comprimido recubierto,OTC,54,135151.53,-1.82,Farmacia España
2026,9,Devoto-Centro,APSICO,10 mg – comprimido recubierto,RX,24,689304.51,-4.0,Farmacia La Botica
2026,9,Devoto-Centro,ALACIR,60 mg – comprimido recubierto gastrorresistente,RX,165,2795293.94,-27.63,Farmacia La Botica
2026,9,Almagro-Centro,CO‑TIOCTAN,115 mg/50 mg – comprimido recubierto,OTC,117,453966.22,-13.97,Farmacia Brown
2026,9,Almagro-Centro,TRIMACREM PLUS,"0,01 g/4 g/0,05 g/100 g – crema tópica",OTC,100,1171247.34,2.04,Farmacia Brown
2026,9,Almagro-Centro,TANVIMIL B1 B6 B12,comprimido recubierto,OTC,67,801964.87,11.67,Farmacia Brown
2026,9,Almagro-Centro,SUTRICO TAR,9 ml/100 ml – champú,OTC,261,1619740.8,-30.77,Farmacia Brown
2026,9,Almagro-Centro,TANDIUR,50 mg – comprimido,RX,268,2704052.88,-18.04,Farmacia Avenida
2026,9,Almagro-Centro,TRICOFIN,500 mg – óvulo vaginal,RX,156,1086096.06,6.12,Farmacia Avenida
2026,9,Almagro-Centro,TRICOPLUS,2 g/100 ml – loción capilar,RX,47,1330217.96,-43.37,Farmacia Avenida
2026,9,Almagro-Centro,TACNA,250 mg – comprimido,RX,31,358038.45,-22.5,Farmacia Brown
2026,9,Almagro-Centro,PAMOXET,20 mg – comprimido recubierto,RX,294,8763975.31,23.01,Farmacia Avenida
2026,9,Almagro-Centro,MENCOGRIN AP,champú,OTC,157,1971794.83,49.52,Farmacia Avenida
2026,9,Almagro-Centro,APSICO,5 mg – comprimido recubierto,RX,88,1227115.59,120.0,Farmacia Avenida
2026,9,Almagro-Centro,ONEFIN,5 mg – comprimido,RX,272,8717056.76,76.62,Farmacia Brown
2026,9,Almagro-Centro,TANVIMIL AMINOÁCIDOS,comprimido recubierto,OTC,55,518429.54,-65.41,Farmacia Avenida
2026,9,Vicente López-Centro,TANVIMIL ACD,gotas orales en solución,OTC,142,702077.95,-2.07,Farmacia Urquiza
2026,9,Vicente López-Centro,APSICO,5 mg – comprimido recubierto,RX,42,568976.72,75.0,Farmacia Rivadavia
2026,9,Vicente López-Centro,TIOCTAN,600 mg – comprimido recubierto,RX,121,3206728.27,44.05,Farmacia Rivadavia
2026,9,Vicente López-Centro,TANVIMIL ACD FLUOR,solución oral,OTC,138,1910381.49,-19.77,Farmacia Rivadavia
2026,9,Vicente López-Centro,TRICOFIN,500 mg – comprimido,RX,117,2947804.99,-31.18,Farmacia Urquiza
2026,9,Vicente López-Centro,MENCOGRIN AP,champú,OTC,380,5072170.92,44.49,Farmacia Rivadavia
2026,9,Vicente López-Centro,APSICO,10 mg – comprimido recubierto,RX,284,8408111.78,83.23,Farmacia Urquiza
2026,9,Vicente López-Centro,TRICOPLUS,5 g/100 ml – loción capilar,RX,249,7517537.76,29.02,Farmacia Urquiza
2026,9,Vicente López-Centro,TANVIMIL B1 B6 B12,comprimido recubierto,OTC,237,2750002.37,33.9,Farmacia Rivadavia
2026,9,Vicente López-Centro,TANVIMIL A,50.000 UI – cápsulas,OTC,133,1775567.37,-6.99,Farmacia Rivadavia
2026,9,Vicente López-Centro,TRICOFIN,500 mg – óvulo vaginal,RX,226,1519921.25,-32.74,Farmacia Urquiza
2026,9,Vicente López-Centro,PAMOXET,20 mg – comprimido recubierto,RX,126,3672856.21,-5.26,Farmacia Urquiza
2026,9,Vicente López-Centro,ALACIR,30 mg – comprimido recubierto gastrorresistente,RX,76,983841.87,13.43,Farmacia Rivadavia
2026,9,Vicente López-Centro,TANDIUR,50 mg – comprimido,RX,101,990010.41,12.22,Farmacia Rivadavia
2026,9,Vicente López-Centro,PAMOXET,40 mg – comprimido recubierto,RX,93,2197422.2,3.33,Farmacia Rivadavia
2026,9,Vicente López-Centro,TRIMACREM PLUS,"0,01 g/4 g/0,05 g/100 g – crema tópica",OTC,124,1403958.02,15.89,Farmacia Urquiza
2026,9,Vicente López-Centro,CO‑TIOCTAN,115 mg/50 mg – comprimido recubierto,OTC,194,780437.79,17.58,Farmacia Rivadavia
2026,9,Vicente López-Centro,TANVIMIL PLUS,cápsula,OTC,165,1482204.73,33.06,Farmacia Urquiza
2026,9,Vicente López-Centro,ONEFIN,10 mg – comprimido,RX,245,5987924.45,40.0,Farmacia Urquiza
2026,9,Vicente López-Centro,AEROGAL,64 g/170 g – polvo efervescente en frasco,OTC,54,679535.25,-37.21,Farmacia Urquiza
2026,9,Palermo-Sur,TACNA,250 mg – comprimido,RX,101,1154185.31,48.53,Farmacia Central
2026,9,Palermo-Sur,PAMOXET,40 mg – comprimido recubierto,RX,299,7064968.14,-15.06,Farmacia Central
2026,9,Palermo-Sur,TANVIMIL ACD,gotas orales en solución,OTC,201,1051627.16,-13.36,Farmacia Central
2026,9,Palermo-Sur,TRIMACREM PLUS,"0,01 g/4 g/0,05 g/100 g – crema tópica",OTC,211,2316575.21,52.9,Farmacia Central
2026,9,Palermo-Sur,TRICOFIN,500 mg – óvulo vaginal,RX,174,1159465.25,-12.12,Farmacia Central
2026,9,Palermo-Sur,TRICOFIN,500 mg – comprimido,RX,250,6277263.74,0.81,Farmacia Central
2026,9,Palermo-Sur,TRICOPLUS,2 g/100 ml – loción capilar,RX,149,4360399.87,47.52,Farmacia Central
2026,9,Palermo-Sur,TANVIMIL PLUS,cápsula,OTC,141,1289995.47,46.88,Farmacia Moreno
2026,9,Palermo-Sur,TANVIMIL B1 B6 B12,comprimido recubierto,OTC,26,310255.7,8.33,Farmacia Central
2026,9,Palermo-Sur,CO‑TIOCTAN,115 mg/50 mg – comprimido recubierto,OTC,141,546870.05,1.44,Farmacia Moreno
2026,9,Palermo-Sur,ALACIR,60 mg – comprimido recubierto gastrorresistente,RX,136,2389970.61,-4.23,Farmacia Central
2026,9,Palermo-Sur,TANVIMIL A,100.000 UI – cápsulas,OTC,58,165024.69,-24.68,Farmacia Central
2026,9,Palermo-Sur,TRICOPLUS,5 g/100 ml – loción capilar,RX,80,2453115.76,-13.98,Farmacia Moreno
2026,9,Palermo-Sur,PAMOXET,20 mg – comprimido recubierto,RX,106,3080489.04,34.18,Farmacia Moreno
2026,9,Palermo-Sur,MENCOGRIN AP,champú,OTC,135,1728894.24,26.17,Farmacia Central
2026,9,Palermo-Sur,AEROGAL,64 g/170 g – polvo efervescente en frasco,OTC,291,3755078.22,11.92,Farmacia Central
2026,9,Palermo-Sur,TANVIMIL ACD FLUOR,solución oral,OTC,15,220093.58,0.0,Farmacia Central
2026,9,Quilmes-Centro,TRICOPLUS,2 g/100 ml – loción capilar,RX,196,5491189.29,18.79,Farmacia Alsina
2026,9,Quilmes-Centro,TRICOFIN,500 mg – óvulo vaginal,RX,31,221686.55,-47.46,Farmacia Pasteur
2026,9,Quilmes-Centro,PAMOXET,20 mg – comprimido recubierto,RX,44,1268436.12,4.76,Farmacia Pasteur
2026,9,Quilmes-Centro,CIRUELAX MINITABS,75 mg – comprimido recubierto,OTC,117,291772.12,14.71,Farmacia Alsina
2026,9,Quilmes-Centro,ONEFIN,5 mg – comprimido,RX,490,15658587.85,139.02,Farmacia Pasteur
2026,9,Quilmes-Centro,AEROGAL,64 g/170 g – polvo efervescente en frasco,OTC,291,3776703.44,5.05,Farmacia Pasteur
2026,9,Quilmes-Centro,ONEFIN,10 mg – comprimido,RX,270,6879738.6,5.06,Farmacia Alsina
2026,9,Quilmes-Centro,TANVIMIL A,100.000 UI – cápsulas,OTC,219,622921.74,14.06,Farmacia Alsina
2026,9,Quilmes-Centro,APSICO,5 mg – comprimido recubierto,RX,230,3151572.64,50.33,Farmacia Alsina
2026,9,Quilmes-Centro,TANVIMIL A,50.000 UI – cápsulas,OTC,155,1935471.58,-28.9,Farmacia Alsina
2026,9,Quilmes-Centro,TANVIMIL ACD FLUOR,solución oral,OTC,229,3151468.11,-34.76,Farmacia Pasteur
2026,9,Quilmes-Centro,TACNA,250 mg – comprimido,RX,80,911514.6,12.68,Farmacia Alsina
2026,9,Flores-Norte,AEROGAL,64 g/170 g – polvo efervescente en frasco,OTC,144,1832261.7,27.43,Farmacia Mitre
2026,9,Flores-Norte,ALACIR,30 mg – comprimido recubierto gastrorresistente,RX,240,3125149.99,-4.76,Farmacia Castelli
2026,9,Flores-Norte,TANVIMIL AMINOÁCIDOS,comprimido recubierto,OTC,195,1923062.4,-28.04,Farmacia Castelli
2026,9,Flores-Norte,CO‑TIOCTAN,115 mg/50 mg – comprimido recubierto,OTC,216,851300.7,-15.29,Farmacia Mitre
2026,9,Flores-Norte,TANVIMIL PLUS,cápsula,OTC,392,3570827.36,38.03,Farmacia Mitre
2026,9,Flores-Norte,TRICOFIN,500 mg – comprimido,RX,180,4683125.68,-13.04,Farmacia Mitre
2026,9,Flores-Norte,APSICO,"2,5 mg – comprimido recubierto",RX,229,6274479.56,52.67,Farmacia Mitre
2026,9,Flores-Norte,TANVIMIL ACD FLUOR,solución oral,OTC,238,3429944.82,-7.03,Farmacia Mitre
2026,9,Flores-Norte,TACNA,250 mg – comprimido,RX,305,3477358.09,49.51,Farmacia Mitre
2026,9,Flores-Norte,TIOCTAN,600 mg – comprimido recubierto,RX,224,6173737.98,-34.31,Farmacia Castelli
2026,9,Flores-Norte,TRIMACREM PLUS,"0,01 g/4 g/0,05 g/100 g – crema tópica",OTC,77,886735.23,45.28,Farmacia Mitre
2026,9,Flores-Norte,SUTRICO TAR,9 ml/100 ml – champú,OTC,113,707520.36,2.73,Farmacia Mitre
2026,9,Flores-Norte,ALACIR,60 mg – comprimido recubierto gastrorresistente,RX,119,2122505.54,14.42,Farmacia Mitre
2026,9,La Plata-Centro,TIOCTAN,600 mg – comprimido recubierto,RX,180,4909436.64,-2.7,Farmacia Del Sur
2026,9,La Plata-Centro,AEROGAL,64 g/170 g – polvo efervescente en frasco,OTC,110,1325409.04,42.86,Farmacia Del Sur
2026,9,La Plata-Centro,ONEFIN,10 mg – comprimido,RX,250,6177691.96,17.92,Farmacia Del Sur
2026,9,La Plata-Centro,ONEFIN,5 mg – comprimido,RX,253,7928726.39,-1.17,Farmacia Roca
2026,9,La Plata-Centro,CO‑TIOCTAN,115 mg/50 mg – comprimido recubierto,OTC,295,1165523.96,-10.33,Farmacia Roca
2026,9,La Plata-Centro,TRICOFIN,500 mg – comprimido,RX,117,3053329.46,-25.48,Farmacia Del Sur
2026,9,La Plata-Centro,TANVIMIL ACD FLUOR,solución oral,OTC,64,897332.41,-1.54,Farmacia Roca
2026,9,La Plata-Centro,PAMOXET,20 mg – comprimido recubierto,RX,170,5031995.12,-33.85,Farmacia Roca
2026,9,La Plata-Centro,TANDIUR,50 mg – comprimido,RX,187,1857412.97,35.51,Farmacia Del Sur
2026,9,La Plata-Centro,MENCOGRIN AP,champú,OTC,120,1537376.23,12.15,Farmacia Del Sur
2026,9,La Plata-Centro,TRIMACREM PLUS,"0,01 g/4 g/0,05 g/100 g – crema tópica",OTC,41,461388.29,78.26,Farmacia Roca
2026,9,La Plata-Centro,TACNA,250 mg – comprimido,RX,208,2334724.92,-8.37,Farmacia Roca
2026,9,La Plata-Centro,TRICOFIN,500 mg – óvulo vaginal,RX,257,1738123.73,-13.76,Farmacia Del Sur
2026,9,La Plata-Centro,SUTRICO TAR,9 ml/100 ml – champú,OTC,243,1499472.48,9.46,Farmacia Roca
2026,9,La Plata-Centro,TANVIMIL AMINOÁCIDOS,comprimido recubierto,OTC,210,2046379.15,-10.64,Farmacia Roca
2026,9,La Plata-Centro,ALACIR,30 mg – comprimido recubierto gastrorresistente,RX,155,2109504.73,53.47,Farmacia Del Sur
2026,9,Villa Urquiza-Centro,ALACIR,30 mg – comprimido recubierto gastrorresistente,RX,117,1572052.87,28.57,Farmacia Italia
2026,9,Villa Urquiza-Centro,TANVIMIL B1 B6 B12,comprimido recubierto,OTC,261,3081663.97,2.35,Farmacia San José
2026,9,Villa Urquiza-Centro,PANCUTAN NF,"0,2 g/600.000 UI/600.000 UI/100 g – gel tópico",RX,151,2909960.51,-7.93,Farmacia Italia
2026,9,Villa Urquiza-Centro,APSICO,5 mg – comprimido recubierto,RX,57,782639.26,-45.19,Farmacia San José
2026,9,Villa Urquiza-Centro,SUTRICO TAR,9 ml/100 ml – champú,OTC,18,115431.65,-28.0,Farmacia San José
2026,9,Villa Urquiza-Centro,TRICOFIN,500 mg – comprimido,RX,118,3014418.15,37.21,Farmacia Italia
2026,9,Villa Urquiza-Centro,TRICOPLUS,5 g/100 ml – loción capilar,RX,258,8076101.12,22.27,Farmacia Italia
2026,9,Villa Urquiza-Centro,ALACIR,60 mg – comprimido recubierto gastrorresistente,RX,99,1742630.0,-54.38,Farmacia Italia
2026,9,Villa Urquiza-Centro,ONEFIN,5 mg – comprimido,RX,329,9857636.21,12.67,Farmacia Italia
2026,9,Villa Urquiza-Centro,TANDIUR,50 mg – comprimido,RX,89,839735.89,-17.59,Farmacia San José
2026,9,Villa Urquiza-Centro,TANVIMIL A,100.000 UI – cápsulas,OTC,23,62398.8,-4.17,Farmacia San José
2026,9,Villa Urquiza-Centro,TRIMACREM PLUS,"0,01 g/4 g/0,05 g/100 g – crema tópica",OTC,208,2319779.28,6.67,Farmacia Italia
2026,9,Palermo-Norte,TANVIMIL B1 B6 B12,comprimido recubierto,OTC,205,2457010.52,34.87,Farmacia Del Ángel
2026,9,Palermo-Norte,TANVIMIL ACD FLUOR,solución oral,OTC,47,666766.83,-44.71,Farmacia Del Pueblo
2026,9,Palermo-Norte,PAMOXET,20 mg – comprimido recubierto,RX,209,5983582.38,22.94,Farmacia Del Ángel
2026,9,Palermo-Norte,ALACIR,60 mg – comprimido recubierto gastrorresistente,RX,121,2134980.29,-36.65,Farmacia Del Pueblo
2026,9,Palermo-Norte,PAMOXET,40 mg – comprimido recubierto,RX,161,3617042.12,-53.6,Farmacia Del Ángel
2026,9,Palermo-Norte,TANVIMIL AMINOÁCIDOS,comprimido recubierto,OTC,23,229497.65,-23.33,Farmacia Del Ángel
2026,9,Palermo-Norte,APSICO,5 mg – comprimido recubierto,RX,210,2879406.06,73.55,Farmacia Del Ángel
2026,9,Palermo-Norte,TRICOFIN,500 mg – comprimido,RX,43,1068301.13,30.3,Farmacia Del Ángel
2026,9,Palermo-Norte,TANVIMIL A,100.000 UI – cápsulas,OTC,128,353992.02,-36.95,Farmacia Del Pueblo
2026,9,Palermo-Norte,CO‑TIOCTAN,115 mg/50 mg – comprimido recubierto,OTC,340,1277287.97,79.89,Farmacia Del Ángel
2026,9,Palermo-Norte,APSICO,10 mg – comprimido recubierto,RX,269,7666909.82,11.16,Farmacia Del Pueblo
2026,9,Palermo-Norte,TANVIMIL PLUS,cápsula,OTC,56,523764.49,14.29,Farmacia Del Ángel
2026,9,Palermo-Norte,APSICO,"2,5 mg – comprimido recubierto",RX,231,6777553.76,41.72,Farmacia Del Pueblo
2026,9,Palermo-Norte,AEROGAL,64 g/170 g – polvo efervescente en frasco,OTC,135,1675943.15,-4.26,Farmacia Del Ángel
2026,9,Belgrano-Centro,TANVIMIL AMINOÁCIDOS,comprimido recubierto,OTC,42,395453.59,0.0,Farmacia San Martín
2026,9,Belgrano-Centro,TANVIMIL ACD FLUOR,solución oral,OTC,42,598025.02,68.0,Farmacia Del Centro
2026,9,Belgrano-Centro,TANVIMIL B1 B6 B12,comprimido recubierto,OTC,189,2194644.93,-41.85,Farmacia San Martín
2026,9,Belgrano-Centro,TRIMACREM PLUS,"0,01 g/4 g/0,05 g/100 g – crema tópica",OTC,177,2047270.75,-45.71,Farmacia Del Centro
2026,9,Belgrano-Centro,TRICOFIN,500 mg – óvulo vaginal,RX,234,1629049.63,4.93,Farmacia Del Centro
2026,9,Belgrano-Centro,ALACIR,30 mg – comprimido recubierto gastrorresistente,RX,89,1144561.49,9.88,Farmacia Del Centro
2026,9,Belgrano-Centro,SUTRICO TAR,9 ml/100 ml – champú,OTC,299,1866201.41,45.15,Farmacia Del Centro
2026,9,Belgrano-Centro,AEROGAL,64 g/170 g – polvo efervescente en frasco,OTC,328,4101222.89,1.86,Farmacia Del Centro
2026,9,Belgrano-Centro,TANVIMIL A,50.000 UI – cápsulas,OTC,69,896878.36,23.21,Farmacia Del Centro
2026,9,Belgrano-Centro,APSICO,10 mg – comprimido recubierto,RX,48,1357119.9,60.0,Farmacia San Martín
2026,9,Belgrano-Centro,APSICO,5 mg – comprimido recubierto,RX,372,4981104.85,88.83,Farmacia San Martín
2026,9,Belgrano-Centro,CIRUELAX MINITABS,75 mg – comprimido recubierto,OTC,31,79700.31,29.17,Farmacia San Martín
2026,9,Núñez-Centro,ONEFIN,10 mg – comprimido,RX,108,2647569.51,44.0,Farmacia Del Lago
2026,9,Núñez-Centro,MENCOGRIN AP,champú,OTC,191,2546743.62,85.44,Farmacia Del Lago
2026,9,Núñez-Centro,TANVIMIL A,50.000 UI – cápsulas,OTC,66,844468.99,-38.89,Farmacia Del Lago
2026,9,Núñez-Centro,TANDIUR,50 mg – comprimido,RX,58,577290.86,23.4,Farmacia Sarmiento
2026,9,Núñez-Centro,TANVIMIL PLUS,cápsula,OTC,311,2853586.15,37.61,Farmacia Del Lago
2026,9,Núñez-Centro,TACNA,250 mg – comprimido,RX,143,1618104.47,62.5,Farmacia Del Lago
2026,9,Núñez-Centro,TRICOFIN,500 mg – óvulo vaginal,RX,41,293081.05,-31.67,Farmacia Sarmiento
2026,9,Núñez-Centro,PANCUTAN NF,"0,2 g/600.000 UI/600.000 UI/100 g – gel tópico",RX,203,4070689.2,-34.52,Farmacia Del Lago
2026,9,Núñez-Centro,ALACIR,30 mg – comprimido recubierto gastrorresistente,RX,54,715096.9,50.0,Farmacia Del Lago
2026,9,Núñez-Centro,CO‑TIOCTAN,115 mg/50 mg – comprimido recubierto,OTC,244,973255.62,41.86,Farmacia Del Lago
2026,9,Núñez-Centro,PAMOXET,40 mg – comprimido recubierto,RX,61,1443326.3,8.93,Farmacia Del Lago
2026,9,Núñez-Centro,TRICOPLUS,2 g/100 ml – loción capilar,RX,348,9953735.45,6.75,Farmacia Sarmiento
2026,9,Núñez-Centro,TRIMACREM PLUS,"0,01 g/4 g/0,05 g/100 g – crema tópica",OTC,160,1785217.49,-9.09,Farmacia Sarmiento
2026,9,Núñez-Centro,APSICO,5 mg – comprimido recubierto,RX,202,2668042.06,46.38,Farmacia Sarmiento
2026,9,Núñez-Centro,SUTRICO TAR,9 ml/100 ml – champú,OTC,32,196941.52,45.45,Farmacia Del Lago
2026,9,Núñez-Centro,TANVIMIL B1 B6 B12,comprimido recubierto,OTC,227,2652643.72,48.37,Farmacia Sarmiento
2026,9,Núñez-Centro,TANVIMIL A,100.000 UI – cápsulas,OTC,225,650315.85,42.41,Farmacia Sarmiento
2026,9,Núñez-Centro,PAMOXET,20 mg – comprimido recubierto,RX,93,2628792.8,-17.7,Farmacia Sarmiento
2026,9,Núñez-Centro,AEROGAL,64 g/170 g – polvo efervescente en frasco,OTC,185,2398941.89,-28.57,Farmacia Sarmiento
2026,9,Caballito-Centro,APSICO,"2,5 mg – comprimido recubierto",RX,423,12485600.07,42.42,Farmacia Pellegrini
2026,9,Caballito-Centro,PAMOXET,20 mg – comprimido recubierto,RX,30,898897.26,-11.76,Farmacia Pellegrini
2026,9,Caballito-Centro,TRICOFIN,500 mg – óvulo vaginal,RX,227,1610424.96,-5.02,Farmacia Pellegrini
2026,9,Caballito-Centro,AEROGAL,64 g/170 g – polvo efervescente en frasco,OTC,269,3291758.59,48.62,Farmacia Pellegrini
2026,9,Caballito-Centro,PAMOXET,40 mg – comprimido recubierto,RX,53,1239408.99,-7.02,Farmacia Pellegrini
2026,9,Caballito-Centro,TRICOPLUS,5 g/100 ml – loción capilar,RX,64,1992786.18,-5.88,Farmacia Pellegrini
2026,9,Caballito-Centro,TANDIUR,50 mg – comprimido,RX,96,939319.25,-27.82,Farmacia Belgrano
2026,9,Caballito-Centro,TANVIMIL ACD FLUOR,solución oral,OTC,90,1319460.58,-72.48,Farmacia Belgrano
2026,9,Caballito-Centro,MENCOGRIN AP,champú,OTC,160,2002903.02,42.86,Farmacia Pellegrini
2026,9,Caballito-Centro,PANCUTAN NF,"0,2 g/600.000 UI/600.000 UI/100 g – gel tópico",RX,165,3149634.31,-6.25,Farmacia Belgrano
2026,9,Caballito-Centro,CO‑TIOCTAN,115 mg/50 mg – comprimido recubierto,OTC,55,220023.67,14.58,Farmacia Pellegrini
2026,9,Caballito-Centro,TRICOFIN,500 mg – comprimido,RX,85,2198240.13,-33.59,Farmacia Pellegrini
2026,9,Caballito-Centro,ALACIR,30 mg – comprimido recubierto gastrorresistente,RX,241,3162292.76,16.99,Farmacia Pellegrini
2026,9,Caballito-Centro,TANVIMIL B1 B6 B12,comprimido recubierto,OTC,30,341598.54,-6.25,Farmacia Pellegrini
2026,10,Recoleta-Norte,TRICOPLUS,2 g/100 ml – loción capilar,RX,256,7111667.45,16.89,Farmacia La Estrella
2026,10,Recoleta-Norte,CO‑TIOCTAN,115 mg/50 mg – comprimido recubierto,OTC,91,346666.03,-39.74,Farmacia Güemes
2026,10,Recoleta-Norte,TRICOFIN,500 mg – óvulo vaginal,RX,51,356312.55,-10.53,Farmacia Güemes
2026,10,Recoleta-Norte,TRICOPLUS,5 g/100 ml – loción capilar,RX,92,2804430.29,21.05,Farmacia La Estrella
2026,10,Recoleta-Norte,PAMOXET,40 mg – comprimido recubierto,RX,189,4343040.68,-2.07,Farmacia La Estrella
2026,10,Recoleta-Norte,APSICO,"2,5 mg – comprimido recubierto",RX,122,3512575.8,-62.23,Farmacia La Estrella
2026,10,Recoleta-Norte,APSICO,10 mg – comprimido recubierto,RX,189,5694865.22,-7.8,Farmacia Güemes
2026,10,Recoleta-Norte,TANVIMIL PLUS,cápsula,OTC,113,1049699.3,-35.06,Farmacia Güemes
2026,10,Recoleta-Norte,TANVIMIL ACD,gotas orales en solución,OTC,43,214215.06,13.16,Farmacia Güemes
2026,10,Recoleta-Norte,APSICO,5 mg – comprimido recubierto,RX,179,2393013.9,-33.21,Farmacia La Estrella
2026,10,Recoleta-Norte,TIOCTAN,600 mg – comprimido recubierto,RX,138,3889510.06,6.98,Farmacia Güemes
2026,10,Recoleta-Norte,TANVIMIL B1 B6 B12,comprimido recubierto,OTC,235,2781079.35,-3.29,Farmacia Güemes
2026,10,Recoleta-Norte,PAMOXET,20 mg – comprimido recubierto,RX,212,6107889.15,23.26,Farmacia Güemes
2026,10,Recoleta-Norte,CIRUELAX MINITABS,75 mg – comprimido recubierto,OTC,164,427502.51,-10.87,Farmacia Güemes
2026,10,Recoleta-Norte,TACNA,250 mg – comprimido,RX,72,844639.09,-20.88,Farmacia Güemes
2026,10,Recoleta-Norte,PANCUTAN NF,"0,2 g/600.000 UI/600.000 UI/100 g – gel tópico",RX,29,565944.6,0.0,Farmacia La Estrella
2026,10,Recoleta-Norte,TANVIMIL ACD FLUOR,solución oral,OTC,178,2532326.87,-4.81,Farmacia Güemes
2026,10,Recoleta-Norte,ONEFIN,5 mg – comprimido,RX,188,6037722.4,-8.74,Farmacia La Estrella
2026,10,Recoleta-Norte,TANVIMIL AMINOÁCIDOS,comprimido recubierto,OTC,21,201875.84,-22.22,Farmacia Güemes
2026,10,Microcentro-Este,TANVIMIL AMINOÁCIDOS,comprimido recubierto,OTC,136,1286348.58,-27.27,Farmacia Del Parque
2026,10,Microcentro-Este,PANCUTAN NF,"0,2 g/600.000 UI/600.000 UI/100 g – gel tópico",RX,90,1829232.29,-14.29,Farmacia Pueyrredón
2026,10,Microcentro-Este,TANVIMIL ACD,gotas orales en solución,OTC,264,1285720.06,36.08,Farmacia Pueyrredón
2026,10,Microcentro-Este,TANVIMIL B1 B6 B12,comprimido recubierto,OTC,272,3117901.96,17.75,Farmacia Del Parque
2026,10,Microcentro-Este,APSICO,"2,5 mg – comprimido recubierto",RX,144,3991679.06,-57.89,Farmacia Del Parque
2026,10,Microcentro-Este,TANVIMIL ACD FLUOR,solución oral,OTC,132,1897297.46,-42.36,Farmacia Del Parque
2026,10,Microcentro-Este,MENCOGRIN AP,champú,OTC,77,1020248.34,-39.84,Farmacia Del Parque
2026,10,Microcentro-Este,TACNA,250 mg – comprimido,RX,124,1400019.56,-37.06,Farmacia Del Parque
2026,10,Microcentro-Este,ALACIR,60 mg – comprimido recubierto gastrorresistente,RX,86,1456346.62,-65.18,Farmacia Pueyrredón
2026,10,Microcentro-Este,TRICOFIN,500 mg – óvulo vaginal,RX,241,1674420.43,-2.03,Farmacia Pueyrredón
2026,10,Microcentro-Este,APSICO,5 mg – comprimido recubierto,RX,180,2373917.33,-47.21,Farmacia Del Parque
2026,10,Microcentro-Este,CO‑TIOCTAN,115 mg/50 mg – comprimido recubierto,OTC,51,191539.24,0.0,Farmacia Pueyrredón
2026,10,Microcentro-Este,TRIMACREM PLUS,"0,01 g/4 g/0,05 g/100 g – crema tópica",OTC,69,752429.0,21.05,Farmacia Del Parque
2026,10,Microcentro-Este,ONEFIN,10 mg – comprimido,RX,146,3652821.02,-36.8,Farmacia Del Parque
2026,10,Microcentro-Este,SUTRICO TAR,9 ml/100 ml – champú,OTC,43,271045.74,-4.44,Farmacia Pueyrredón
2026,10,Microcentro-Este,AEROGAL,64 g/170 g – polvo efervescente en frasco,OTC,222,2828415.16,-9.76,Farmacia Pueyrredón
2026,10,San Isidro-Centro,PAMOXET,20 mg – comprimido recubierto,RX,101,2865484.21,65.57,Farmacia Del Oeste
2026,10,San Isidro-Centro,APSICO,10 mg – comprimido recubierto,RX,21,592772.43,-30.0,Farmacia Del Norte
2026,10,San Isidro-Centro,CIRUELAX MINITABS,75 mg – comprimido recubierto,OTC,63,159038.49,-40.0,Farmacia Del Oeste
2026,10,San Isidro-Centro,TRICOFIN,500 mg – comprimido,RX,335,8265389.17,20.94,Farmacia Del Oeste
2026,10,San Isidro-Centro,TRIMACREM PLUS,"0,01 g/4 g/0,05 g/100 g – crema tópica",OTC,61,703795.41,-35.11,Farmacia Del Oeste
2026,10,San Isidro-Centro,TANVIMIL ACD,gotas orales en solución,OTC,101,526201.81,-2.88,Farmacia Del Oeste
2026,10,San Isidro-Centro,ONEFIN,10 mg – comprimido,RX,76,1873136.4,-37.7,Farmacia Del Oeste
2026,10,San Isidro-Centro,PAMOXET,40 mg – comprimido recubierto,RX,278,6324174.21,13.01,Farmacia Del Oeste
2026,10,San Isidro-Centro,TRICOPLUS,5 g/100 ml – loción capilar,RX,80,2351430.87,6.67,Farmacia Del Norte
2026,10,San Isidro-Centro,CO‑TIOCTAN,115 mg/50 mg – comprimido recubierto,OTC,28,107228.37,-31.71,Farmacia Del Oeste
2026,10,San Isidro-Centro,TANVIMIL B1 B6 B12,comprimido recubierto,OTC,304,3566354.03,0.0,Farmacia Del Norte
2026,10,San Isidro-Centro,ONEFIN,5 mg – comprimido,RX,172,5231502.73,-35.58,Farmacia Del Norte
2026,10,San Isidro-Centro,TANVIMIL A,50.000 UI – cápsulas,OTC,119,1559398.01,11.21,Farmacia Del Norte
2026,10,San Isidro-Centro,TANDIUR,50 mg – comprimido,RX,327,3215436.83,17.2,Farmacia Del Norte
2026,10,San Isidro-Centro,TANVIMIL A,100.000 UI – cápsulas,OTC,268,781056.54,36.73,Farmacia Del Norte
2026,10,San Isidro-Centro,APSICO,5 mg – comprimido recubierto,RX,53,723782.21,-34.57,Farmacia Del Oeste
2026,10,San Isidro-Centro,TACNA,250 mg – comprimido,RX,127,1421858.84,-64.33,Farmacia Del Oeste
2026,10,Belgrano-R,PANCUTAN NF,"0,2 g/600.000 UI/600.000 UI/100 g – gel tópico",RX,173,3518676.23,-19.16,Farmacia Lavalle
2026,10,Belgrano-R,SUTRICO TAR,9 ml/100 ml – champú,OTC,207,1261024.95,-6.76,Farmacia Lavalle
2026,10,Belgrano-R,TANVIMIL AMINOÁCIDOS,comprimido recubierto,OTC,23,217162.86,-17.86,Farmacia Del Sol
2026,10,Belgrano-R,CO‑TIOCTAN,115 mg/50 mg – comprimido recubierto,OTC,93,359937.31,-29.01,Farmacia Del Sol
2026,10,Belgrano-R,ONEFIN,10 mg – comprimido,RX,38,938229.33,-33.33,Farmacia Del Sol
2026,10,Belgrano-R,ALACIR,30 mg – comprimido recubierto gastrorresistente,RX,169,2182684.06,-13.33,Farmacia Lavalle
2026,10,Belgrano-R,TRICOFIN,500 mg – óvulo vaginal,RX,147,979851.47,-10.37,Farmacia Del Sol
2026,10,Belgrano-R,APSICO,"2,5 mg – comprimido recubierto",RX,107,3038163.65,-35.93,Farmacia Del Sol
2026,10,Belgrano-R,TRICOPLUS,5 g/100 ml – loción capilar,RX,345,10845828.05,67.48,Farmacia Lavalle
2026,10,Belgrano-R,AEROGAL,64 g/170 g – polvo efervescente en frasco,OTC,175,2259712.37,-8.38,Farmacia Lavalle
2026,10,Belgrano-R,TANVIMIL A,50.000 UI – cápsulas,OTC,207,2585153.56,20.35,Farmacia Del Sol
2026,10,Belgrano-R,TANVIMIL PLUS,cápsula,OTC,90,783519.46,-18.18,Farmacia Del Sol
2026,10,Belgrano-R,ONEFIN,5 mg – comprimido,RX,36,1103676.52,-66.97,Farmacia Lavalle
2026,10,Belgrano-R,ALACIR,60 mg – comprimido recubierto gastrorresistente,RX,208,3717204.58,-0.95,Farmacia Lavalle
2026,10,Belgrano-R,MENCOGRIN AP,champú,OTC,150,1888351.88,-57.63,Farmacia Lavalle
2026,10,Belgrano-R,TIOCTAN,600 mg – comprimido recubierto,RX,134,3703986.72,-9.46,Farmacia Lavalle
2026,10,Belgrano-R,APSICO,10 mg – comprimido recubierto,RX,122,3668827.35,-36.13,Farmacia Del Sol
2026,10,Belgrano-R,TANDIUR,50 mg – comprimido,RX,337,3300133.65,16.61,Farmacia Del Sol
2026,10,Belgrano-R,CIRUELAX MINITABS,75 mg – comprimido recubierto,OTC,128,332092.48,-22.42,Farmacia Lavalle
2026,10,Devoto-Centro,PAMOXET,20 mg – comprimido recubierto,RX,234,7040026.24,26.49,Farmacia La Botica
2026,10,Devoto-Centro,TANVIMIL A,100.000 UI – cápsulas,OTC,237,660579.1,-27.96,Farmacia La Botica
2026,10,Devoto-Centro,TIOCTAN,600 mg – comprimido recubierto,RX,105,2790745.31,-12.5,Farmacia La Botica
2026,10,Devoto-Centro,TRICOPLUS,5 g/100 ml – loción capilar,RX,198,5898262.64,18.56,Farmacia La Botica
2026,10,Devoto-Centro,PANCUTAN NF,"0,2 g/600.000 UI/600.000 UI/100 g – gel tópico",RX,91,1827980.43,-4.21,Farmacia La Botica
2026,10,Devoto-Centro,TANVIMIL ACD,gotas orales en solución,OTC,118,618073.53,-0.84,Farmacia La Botica
2026,10,Devoto-Centro,ONEFIN,5 mg – comprimido,RX,230,6945952.9,9.52,Farmacia La Botica
2026,10,Devoto-Centro,TANDIUR,50 mg – comprimido,RX,294,2984695.36,2.08,Farmacia La Botica
2026,10,Devoto-Centro,TRIMACREM PLUS,"0,01 g/4 g/0,05 g/100 g – crema tópica",OTC,22,242399.17,-29.03,Farmacia España
2026,10,Devoto-Centro,TANVIMIL ACD FLUOR,solución oral,OTC,190,2764845.47,47.29,Farmacia La Botica
2026,10,Devoto-Centro,MENCOGRIN AP,champú,OTC,200,2647791.47,-18.03,Farmacia La Botica
2026,10,Devoto-Centro,TANVIMIL A,50.000 UI – cápsulas,OTC,89,1150040.05,-32.58,Farmacia La Botica
2026,10,Devoto-Centro,TRICOFIN,500 mg – comprimido,RX,94,2303471.08,-6.0,Farmacia La Botica
2026,10,Devoto-Centro,SUTRICO TAR,9 ml/100 ml – champú,OTC,336,2044785.02,52.73,Farmacia España
2026,10,Devoto-Centro,CIRUELAX MINITABS,75 mg – comprimido recubierto,OTC,21,53521.92,-56.25,Farmacia España
2026,10,Devoto-Centro,APSICO,10 mg – comprimido recubierto,RX,13,393231.15,-13.33,Farmacia España
2026,10,Devoto-Centro,ALACIR,60 mg – comprimido recubierto gastrorresistente,RX,149,2502532.71,-29.72,Farmacia España
2026,10,Almagro-Centro,CO‑TIOCTAN,115 mg/50 mg – comprimido recubierto,OTC,59,228940.67,-53.17,Farmacia Avenida
2026,10,Almagro-Centro,TRIMACREM PLUS,"0,01 g/4 g/0,05 g/100 g – crema tópica",OTC,150,1715210.61,-1.96,Farmacia Brown
2026,10,Almagro-Centro,TANVIMIL B1 B6 B12,comprimido recubierto,OTC,62,725202.37,-21.52,Farmacia Brown
2026,10,Almagro-Centro,SUTRICO TAR,9 ml/100 ml – champú,OTC,263,1614987.04,-17.55,Farmacia Brown
2026,10,Almagro-Centro,TANDIUR,50 mg – comprimido,RX,213,2132097.82,2.4,Farmacia Brown
2026,10,Almagro-Centro,TRICOFIN,500 mg – óvulo vaginal,RX,244,1665249.62,16.75,Farmacia Avenida
2026,10,Almagro-Centro,TRICOPLUS,2 g/100 ml – loción capilar,RX,71,1980015.39,12.7,Farmacia Brown
2026,10,Almagro-Centro,TACNA,250 mg – comprimido,RX,16,184169.15,-57.89,Farmacia Brown
2026,10,Almagro-Centro,PAMOXET,20 mg – comprimido recubierto,RX,205,5979414.18,-37.69,Farmacia Avenida
2026,10,Almagro-Centro,MENCOGRIN AP,champú,OTC,86,1135293.95,4.88,Farmacia Avenida
2026,10,Almagro-Centro,APSICO,5 mg – comprimido recubierto,RX,26,355465.22,-61.76,Farmacia Brown
2026,10,Almagro-Centro,ONEFIN,5 mg – comprimido,RX,147,4594807.26,-25.0,Farmacia Avenida
2026,10,Almagro-Centro,TANVIMIL AMINOÁCIDOS,comprimido recubierto,OTC,39,383574.74,-65.79,Farmacia Avenida
2026,10,Vicente López-Centro,TANVIMIL ACD,gotas orales en solución,OTC,156,770406.14,-30.97,Farmacia Rivadavia
2026,10,Vicente López-Centro,APSICO,5 mg – comprimido recubierto,RX,13,179545.0,-38.1,Farmacia Rivadavia
2026,10,Vicente López-Centro,TIOCTAN,600 mg – comprimido recubierto,RX,93,2447133.56,-24.39,Farmacia Urquiza
2026,10,Vicente López-Centro,TANVIMIL ACD FLUOR,solución oral,OTC,146,2106807.16,-29.47,Farmacia Rivadavia
2026,10,Vicente López-Centro,TRICOFIN,500 mg – comprimido,RX,179,4453969.78,-8.21,Farmacia Urquiza
2026,10,Vicente López-Centro,MENCOGRIN AP,champú,OTC,152,1910946.47,-43.28,Farmacia Urquiza
2026,10,Vicente López-Centro,APSICO,10 mg – comprimido recubierto,RX,115,3413091.65,-17.86,Farmacia Rivadavia
2026,10,Vicente López-Centro,TRICOPLUS,5 g/100 ml – loción capilar,RX,146,4440247.51,-41.83,Farmacia Rivadavia
2026,10,Vicente López-Centro,TANVIMIL B1 B6 B12,comprimido recubierto,OTC,247,2908708.41,53.42,Farmacia Urquiza
2026,10,Vicente López-Centro,TANVIMIL A,50.000 UI – cápsulas,OTC,149,1963047.65,36.7,Farmacia Urquiza
2026,10,Vicente López-Centro,TRICOFIN,500 mg – óvulo vaginal,RX,216,1461893.62,-38.81,Farmacia Rivadavia
2026,10,Vicente López-Centro,PAMOXET,20 mg – comprimido recubierto,RX,88,2679057.73,-5.38,Farmacia Urquiza
2026,10,Vicente López-Centro,ALACIR,30 mg – comprimido recubierto gastrorresistente,RX,73,938228.58,69.77,Farmacia Urquiza
2026,10,Vicente López-Centro,TANDIUR,50 mg – comprimido,RX,104,1035721.33,-2.8,Farmacia Urquiza
2026,10,Vicente López-Centro,PAMOXET,40 mg – comprimido recubierto,RX,85,1956223.7,10.39,Farmacia Rivadavia
2026,10,Vicente López-Centro,TRIMACREM PLUS,"0,01 g/4 g/0,05 g/100 g – crema tópica",OTC,102,1141661.3,4.08,Farmacia Urquiza
2026,10,Vicente López-Centro,CO‑TIOCTAN,115 mg/50 mg – comprimido recubierto,OTC,99,392693.62,-27.74,Farmacia Urquiza
2026,10,Vicente López-Centro,TANVIMIL PLUS,cápsula,OTC,73,680208.11,-46.72,Farmacia Rivadavia
2026,10,Vicente López-Centro,ONEFIN,10 mg – comprimido,RX,91,2306954.06,-20.87,Farmacia Urquiza
2026,10,Vicente López-Centro,AEROGAL,64 g/170 g – polvo efervescente en frasco,OTC,51,630748.83,-43.96,Farmacia Urquiza
2026,10,Palermo-Sur,TACNA,250 mg – comprimido,RX,45,531846.23,-57.14,Farmacia Central
2026,10,Palermo-Sur,PAMOXET,40 mg – comprimido recubierto,RX,246,5599322.95,-27.86,Farmacia Moreno
2026,10,Palermo-Sur,TANVIMIL ACD,gotas orales en solución,OTC,260,1350710.34,-5.8,Farmacia Moreno
2026,10,Palermo-Sur,TRIMACREM PLUS,"0,01 g/4 g/0,05 g/100 g – crema tópica",OTC,183,2123738.83,-21.46,Farmacia Moreno
2026,10,Palermo-Sur,TRICOFIN,500 mg – óvulo vaginal,RX,116,809435.06,-29.27,Farmacia Moreno
2026,10,Palermo-Sur,TRICOFIN,500 mg – comprimido,RX,320,8125456.1,5.96,Farmacia Moreno
2026,10,Palermo-Sur,TRICOPLUS,2 g/100 ml – loción capilar,RX,122,3645438.71,-24.22,Farmacia Moreno
2026,10,Palermo-Sur,TANVIMIL PLUS,cápsula,OTC,45,401899.7,-57.94,Farmacia Moreno
2026,10,Palermo-Sur,TANVIMIL B1 B6 B12,comprimido recubierto,OTC,20,226209.37,-4.76,Farmacia Moreno
2026,10,Palermo-Sur,CO‑TIOCTAN,115 mg/50 mg – comprimido recubierto,OTC,95,365985.29,-46.33,Farmacia Moreno
2026,10,Palermo-Sur,ALACIR,60 mg – comprimido recubierto gastrorresistente,RX,118,2064374.56,-5.6,Farmacia Central
2026,10,Palermo-Sur,TANVIMIL A,100.000 UI – cápsulas,OTC,49,137064.31,-26.87,Farmacia Central
2026,10,Palermo-Sur,TRICOPLUS,5 g/100 ml – loción capilar,RX,90,2641160.11,-19.64,Farmacia Central
2026,10,Palermo-Sur,PAMOXET,20 mg – comprimido recubierto,RX,112,3163158.03,17.89,Farmacia Central
2026,10,Palermo-Sur,MENCOGRIN AP,champú,OTC,88,1167543.29,-13.73,Farmacia Moreno
2026,10,Palermo-Sur,AEROGAL,64 g/170 g – polvo efervescente en frasco,OTC,185,2269406.94,-35.99,Farmacia Moreno
2026,10,Palermo-Sur,TANVIMIL ACD FLUOR,solución oral,OTC,21,298458.44,-12.5,Farmacia Central
2026,10,Quilmes-Centro,TRICOPLUS,2 g/100 ml – loción capilar,RX,213,6193942.24,10.94,Farmacia Pasteur
2026,10,Quilmes-Centro,TRICOFIN,500 mg – óvulo vaginal,RX,23,155742.14,-62.9,Farmacia Pasteur
2026,10,Quilmes-Centro,PAMOXET,20 mg – comprimido recubierto,RX,53,1584902.8,0.0,Farmacia Alsina
2026,10,Quilmes-Centro,CIRUELAX MINITABS,75 mg – comprimido recubierto,OTC,62,165940.79,-45.13,Farmacia Alsina
2026,10,Quilmes-Centro,ONEFIN,5 mg – comprimido,RX,153,4834520.96,-50.65,Farmacia Alsina
2026,10,Quilmes-Centro,AEROGAL,64 g/170 g – polvo efervescente en frasco,OTC,239,2999615.84,-16.72,Farmacia Pasteur
2026,10,Quilmes-Centro,ONEFIN,10 mg – comprimido,RX,164,4094639.12,-33.06,Farmacia Pasteur
2026,10,Quilmes-Centro,TANVIMIL A,100.000 UI – cápsulas,OTC,274,796961.46,7.45,Farmacia Alsina
2026,10,Quilmes-Centro,APSICO,5 mg – comprimido recubierto,RX,115,1587768.28,-41.03,Farmacia Alsina
2026,10,Quilmes-Centro,TANVIMIL A,50.000 UI – cápsulas,OTC,197,2466487.51,3.14,Farmacia Alsina
2026,10,Quilmes-Centro,TANVIMIL ACD FLUOR,solución oral,OTC,274,4006991.15,15.61,Farmacia Alsina
2026,10,Quilmes-Centro,TACNA,250 mg – comprimido,RX,63,714002.45,-5.97,Farmacia Alsina
2026,10,Flores-Norte,AEROGAL,64 g/170 g – polvo efervescente en frasco,OTC,171,2106600.01,40.16,Farmacia Mitre
2026,10,Flores-Norte,ALACIR,30 mg – comprimido recubierto gastrorresistente,RX,233,2970078.69,-10.04,Farmacia Mitre
2026,10,Flores-Norte,TANVIMIL AMINOÁCIDOS,comprimido recubierto,OTC,260,2437884.74,59.51,Farmacia Mitre
2026,10,Flores-Norte,CO‑TIOCTAN,115 mg/50 mg – comprimido recubierto,OTC,166,655821.13,5.73,Farmacia Mitre
2026,10,Flores-Norte,TANVIMIL PLUS,cápsula,OTC,141,1257719.14,-33.18,Farmacia Mitre
2026,10,Flores-Norte,TRICOFIN,500 mg – comprimido,RX,193,4852331.85,-13.06,Farmacia Castelli
2026,10,Flores-Norte,APSICO,"2,5 mg – comprimido recubierto",RX,110,3167546.32,-31.68,Farmacia Castelli
2026,10,Flores-Norte,TANVIMIL ACD FLUOR,solución oral,OTC,284,4024065.97,8.81,Farmacia Castelli
2026,10,Flores-Norte,TACNA,250 mg – comprimido,RX,113,1280176.67,-40.53,Farmacia Castelli
2026,10,Flores-Norte,TIOCTAN,600 mg – comprimido recubierto,RX,343,9126351.3,45.96,Farmacia Castelli
2026,10,Flores-Norte,TRIMACREM PLUS,"0,01 g/4 g/0,05 g/100 g – crema tópica",OTC,68,774967.11,-6.85,Farmacia Castelli
2026,10,Flores-Norte,SUTRICO TAR,9 ml/100 ml – champú,OTC,116,693514.97,-19.44,Farmacia Castelli
2026,10,Flores-Norte,ALACIR,60 mg – comprimido recubierto gastrorresistente,RX,113,1880977.91,-10.32,Farmacia Castelli
2026,10,La Plata-Centro,TIOCTAN,600 mg – comprimido recubierto,RX,144,3870919.04,-4.0,Farmacia Roca
2026,10,La Plata-Centro,AEROGAL,64 g/170 g – polvo efervescente en frasco,OTC,98,1190345.71,-6.67,Farmacia Roca
2026,10,La Plata-Centro,ONEFIN,10 mg – comprimido,RX,134,3486772.41,-22.54,Farmacia Del Sur
2026,10,La Plata-Centro,ONEFIN,5 mg – comprimido,RX,161,5040487.19,-34.82,Farmacia Roca
2026,10,La Plata-Centro,CO‑TIOCTAN,115 mg/50 mg – comprimido recubierto,OTC,208,782877.0,4.52,Farmacia Roca
2026,10,La Plata-Centro,TRICOFIN,500 mg – comprimido,RX,132,3215324.52,12.82,Farmacia Del Sur
2026,10,La Plata-Centro,TANVIMIL ACD FLUOR,solución oral,OTC,95,1368783.07,55.74,Farmacia Roca
2026,10,La Plata-Centro,PAMOXET,20 mg – comprimido recubierto,RX,206,5915210.39,7.29,Farmacia Roca
2026,10,La Plata-Centro,TANDIUR,50 mg – comprimido,RX,180,1733936.3,-13.04,Farmacia Roca
2026,10,La Plata-Centro,MENCOGRIN AP,champú,OTC,75,996502.4,-43.18,Farmacia Roca
2026,10,La Plata-Centro,TRIMACREM PLUS,"0,01 g/4 g/0,05 g/100 g – crema tópica",OTC,30,342558.5,11.11,Farmacia Del Sur
2026,10,La Plata-Centro,TACNA,250 mg – comprimido,RX,130,1521435.86,-9.72,Farmacia Del Sur
2026,10,La Plata-Centro,TRICOFIN,500 mg – óvulo vaginal,RX,234,1623057.82,5.88,Farmacia Del Sur
2026,10,La Plata-Centro,SUTRICO TAR,9 ml/100 ml – champú,OTC,145,869111.87,-27.5,Farmacia Del Sur
2026,10,La Plata-Centro,TANVIMIL AMINOÁCIDOS,comprimido recubierto,OTC,284,2646934.92,12.25,Farmacia Roca
2026,10,La Plata-Centro,ALACIR,30 mg – comprimido recubierto gastrorresistente,RX,134,1776261.12,34.0,Farmacia Del Sur
2026,10,Villa Urquiza-Centro,ALACIR,30 mg – comprimido recubierto gastrorresistente,RX,94,1209454.6,-13.76,Farmacia San José
2026,10,Villa Urquiza-Centro,TANVIMIL B1 B6 B12,comprimido recubierto,OTC,218,2592636.08,-21.58,Farmacia San José
2026,10,Villa Urquiza-Centro,PANCUTAN NF,"0,2 g/600.000 UI/600.000 UI/100 g – gel tópico",RX,186,3720545.95,-16.59,Farmacia San José
2026,10,Villa Urquiza-Centro,APSICO,5 mg – comprimido recubierto,RX,25,324401.82,-76.19,Farmacia Italia
2026,10,Villa Urquiza-Centro,SUTRICO TAR,9 ml/100 ml – champú,OTC,24,150788.92,33.33,Farmacia San José
2026,10,Villa Urquiza-Centro,TRICOFIN,500 mg – comprimido,RX,141,3648197.75,42.42,Farmacia San José
2026,10,Villa Urquiza-Centro,TRICOPLUS,5 g/100 ml – loción capilar,RX,212,6562867.51,-17.83,Farmacia San José
2026,10,Villa Urquiza-Centro,ALACIR,60 mg – comprimido recubierto gastrorresistente,RX,101,1746966.07,-45.7,Farmacia San José
2026,10,Villa Urquiza-Centro,ONEFIN,5 mg – comprimido,RX,196,5933774.33,-47.73,Farmacia San José
2026,10,Villa Urquiza-Centro,TANDIUR,50 mg – comprimido,RX,110,1108044.53,-17.91,Farmacia Italia
2026,10,Villa Urquiza-Centro,TANVIMIL A,100.000 UI – cápsulas,OTC,20,57559.01,11.11,Farmacia San José
2026,10,Villa Urquiza-Centro,TRIMACREM PLUS,"0,01 g/4 g/0,05 g/100 g – crema tópica",OTC,223,2491265.29,10.95,Farmacia Italia
2026,10,Palermo-Norte,TANVIMIL B1 B6 B12,comprimido recubierto,OTC,178,1993558.95,4.71,Farmacia Del Pueblo
2026,10,Palermo-Norte,TANVIMIL ACD FLUOR,solución oral,OTC,71,1045171.8,44.9,Farmacia Del Pueblo
2026,10,Palermo-Norte,PAMOXET,20 mg – comprimido recubierto,RX,222,6485928.45,20.0,Farmacia Del Ángel
2026,10,Palermo-Norte,ALACIR,60 mg – comprimido recubierto gastrorresistente,RX,187,3304343.96,33.57,Farmacia Del Ángel
2026,10,Palermo-Norte,PAMOXET,40 mg – comprimido recubierto,RX,119,2647386.77,-65.51,Farmacia Del Pueblo
2026,10,Palermo-Norte,TANVIMIL AMINOÁCIDOS,comprimido recubierto,OTC,18,171190.64,-43.75,Farmacia Del Pueblo
2026,10,Palermo-Norte,APSICO,5 mg – comprimido recubierto,RX,94,1295118.44,-48.35,Farmacia Del Pueblo
2026,10,Palermo-Norte,TRICOFIN,500 mg – comprimido,RX,28,714146.09,-3.45,Farmacia Del Ángel
2026,10,Palermo-Norte,TANVIMIL A,100.000 UI – cápsulas,OTC,151,434298.26,-11.7,Farmacia Del Pueblo
2026,10,Palermo-Norte,CO‑TIOCTAN,115 mg/50 mg – comprimido recubierto,OTC,179,667412.5,-24.15,Farmacia Del Pueblo
2026,10,Palermo-Norte,APSICO,10 mg – comprimido recubierto,RX,188,5694445.94,-30.88,Farmacia Del Pueblo
2026,10,Palermo-Norte,TANVIMIL PLUS,cápsula,OTC,28,255816.57,-22.22,Farmacia Del Ángel
2026,10,Palermo-Norte,APSICO,"2,5 mg – comprimido recubierto",RX,75,2067259.31,-46.43,Farmacia Del Pueblo
2026,10,Palermo-Norte,AEROGAL,64 g/170 g – polvo efervescente en frasco,OTC,149,1848236.06,-5.1,Farmacia Del Pueblo
2026,10,Belgrano-Centro,TANVIMIL AMINOÁCIDOS,comprimido recubierto,OTC,62,591474.6,3.33,Farmacia Del Centro
2026,10,Belgrano-Centro,TANVIMIL ACD FLUOR,solución oral,OTC,37,518241.55,-7.5,Farmacia Del Centro
2026,10,Belgrano-Centro,TANVIMIL B1 B6 B12,comprimido recubierto,OTC,183,2142588.97,-37.33,Farmacia San Martín
2026,10,Belgrano-Centro,TRIMACREM PLUS,"0,01 g/4 g/0,05 g/100 g – crema tópica",OTC,302,3511726.83,16.6,Farmacia San Martín
2026,10,Belgrano-Centro,TRICOFIN,500 mg – óvulo vaginal,RX,298,2131338.1,-9.7,Farmacia San Martín
2026,10,Belgrano-Centro,ALACIR,30 mg – comprimido recubierto gastrorresistente,RX,114,1440974.0,-11.63,Farmacia Del Centro
2026,10,Belgrano-Centro,SUTRICO TAR,9 ml/100 ml – champú,OTC,242,1445518.82,22.22,Farmacia Del Centro
2026,10,Belgrano-Centro,AEROGAL,64 g/170 g – polvo efervescente en frasco,OTC,262,3348509.24,-9.03,Farmacia San Martín
2026,10,Belgrano-Centro,TANVIMIL A,50.000 UI – cápsulas,OTC,65,850465.27,-10.96,Farmacia Del Centro
2026,10,Belgrano-Centro,APSICO,10 mg – comprimido recubierto,RX,29,824758.96,-35.56,Farmacia San Martín
2026,10,Belgrano-Centro,APSICO,5 mg – comprimido recubierto,RX,132,1800147.35,-41.07,Farmacia Del Centro
2026,10,Belgrano-Centro,CIRUELAX MINITABS,75 mg – comprimido recubierto,OTC,17,43391.09,-52.78,Farmacia Del Centro
2026,10,Núñez-Centro,ONEFIN,10 mg – comprimido,RX,51,1230164.38,-49.0,Farmacia Del Lago
2026,10,Núñez-Centro,MENCOGRIN AP,champú,OTC,59,769432.61,-52.03,Farmacia Sarmiento
2026,10,Núñez-Centro,TANVIMIL A,50.000 UI – cápsulas,OTC,94,1194355.46,-3.09,Farmacia Del Lago
2026,10,Núñez-Centro,TANDIUR,50 mg – comprimido,RX,63,623576.5,16.67,Farmacia Sarmiento
2026,10,Núñez-Centro,TANVIMIL PLUS,cápsula,OTC,122,1104963.71,-49.79,Farmacia Sarmiento
2026,10,Núñez-Centro,TACNA,250 mg – comprimido,RX,60,672416.15,-16.67,Farmacia Sarmiento
2026,10,Núñez-Centro,TRICOFIN,500 mg – óvulo vaginal,RX,47,337529.75,-22.95,Farmacia Sarmiento
2026,10,Núñez-Centro,PANCUTAN NF,"0,2 g/600.000 UI/600.000 UI/100 g – gel tópico",RX,217,4152013.73,14.81,Farmacia Sarmiento
2026,10,Núñez-Centro,ALACIR,30 mg – comprimido recubierto gastrorresistente,RX,46,600681.77,-19.3,Farmacia Sarmiento
2026,10,Núñez-Centro,CO‑TIOCTAN,115 mg/50 mg – comprimido recubierto,OTC,147,551157.77,11.36,Farmacia Del Lago
2026,10,Núñez-Centro,PAMOXET,40 mg – comprimido recubierto,RX,74,1690294.56,-16.85,Farmacia Sarmiento
2026,10,Núñez-Centro,TRICOPLUS,2 g/100 ml – loción capilar,RX,345,10031775.93,3.6,Farmacia Del Lago
2026,10,Núñez-Centro,TRIMACREM PLUS,"0,01 g/4 g/0,05 g/100 g – crema tópica",OTC,136,1487962.2,-31.66,Farmacia Del Lago
2026,10,Núñez-Centro,APSICO,5 mg – comprimido recubierto,RX,78,1022560.86,-27.78,Farmacia Del Lago
2026,10,Núñez-Centro,SUTRICO TAR,9 ml/100 ml – champú,OTC,27,167049.36,0.0,Farmacia Del Lago
2026,10,Núñez-Centro,TANVIMIL B1 B6 B12,comprimido recubierto,OTC,162,1845691.53,-22.86,Farmacia Del Lago
2026,10,Núñez-Centro,TANVIMIL A,100.000 UI – cápsulas,OTC,198,569134.89,30.26,Farmacia Del Lago
2026,10,Núñez-Centro,PAMOXET,20 mg – comprimido recubierto,RX,93,2707485.44,6.9,Farmacia Del Lago
2026,10,Núñez-Centro,AEROGAL,64 g/170 g – polvo efervescente en frasco,OTC,253,3127489.73,44.57,Farmacia Sarmiento
2026,10,Caballito-Centro,APSICO,"2,5 mg – comprimido recubierto",RX,171,4751802.56,-20.47,Farmacia Belgrano
2026,10,Caballito-Centro,PAMOXET,20 mg – comprimido recubierto,RX,27,822400.64,12.5,Farmacia Pellegrini
2026,10,Caballito-Centro,TRICOFIN,500 mg – óvulo vaginal,RX,233,1658730.3,11.48,Farmacia Pellegrini
2026,10,Caballito-Centro,AEROGAL,64 g/170 g – polvo efervescente en frasco,OTC,231,2907159.5,36.69,Farmacia Pellegrini
2026,10,Caballito-Centro,PAMOXET,40 mg – comprimido recubierto,RX,46,1054032.17,-23.33,Farmacia Pellegrini
2026,10,Caballito-Centro,TRICOPLUS,5 g/100 ml – loción capilar,RX,49,1441214.49,-7.55,Farmacia Pellegrini
2026,10,Caballito-Centro,TANDIUR,50 mg – comprimido,RX,127,1203452.37,33.68,Farmacia Belgrano
2026,10,Caballito-Centro,TANVIMIL ACD FLUOR,solución oral,OTC,104,1453275.79,-69.86,Farmacia Pellegrini
2026,10,Caballito-Centro,MENCOGRIN AP,champú,OTC,50,642595.16,-52.38,Farmacia Pellegrini
2026,10,Caballito-Centro,PANCUTAN NF,"0,2 g/600.000 UI/600.000 UI/100 g – gel tópico",RX,146,2904303.92,-19.78,Farmacia Pellegrini
2026,10,Caballito-Centro,CO‑TIOCTAN,115 mg/50 mg – comprimido recubierto,OTC,34,134002.65,-42.37,Farmacia Pellegrini
2026,10,Caballito-Centro,TRICOFIN,500 mg – comprimido,RX,118,2961774.8,51.28,Farmacia Belgrano
2026,10,Caballito-Centro,ALACIR,30 mg – comprimido recubierto gastrorresistente,RX,317,4026783.52,50.24,Farmacia Pellegrini
2026,10,Caballito-Centro,TANVIMIL B1 B6 B12,comprimido recubierto,OTC,47,550752.34,-6.0,Farmacia Belgrano
2026,11,Recoleta-Norte,TRICOPLUS,2 g/100 ml – loción capilar,RX,272,7659690.7,13.81,Farmacia Güemes
2026,11,Recoleta-Norte,CO‑TIOCTAN,115 mg/50 mg – comprimido recubierto,OTC,88,327963.72,-39.73,Farmacia Güemes
2026,11,Recoleta-Norte,TRICOFIN,500 mg – óvulo vaginal,RX,44,307732.73,-21.43,Farmacia Güemes
2026,11,Recoleta-Norte,TRICOPLUS,5 g/100 ml – loción capilar,RX,69,2016517.39,-27.37,Farmacia Güemes
2026,11,Recoleta-Norte,PAMOXET,40 mg – comprimido recubierto,RX,241,5314450.63,-8.02,Farmacia La Estrella
2026,11,Recoleta-Norte,APSICO,"2,5 mg – comprimido recubierto",RX,177,4837136.39,-16.9,Farmacia Güemes
2026,11,Recoleta-Norte,APSICO,10 mg – comprimido recubierto,RX,184,5272429.79,-32.85,Farmacia La Estrella
2026,11,Recoleta-Norte,TANVIMIL PLUS,cápsula,OTC,80,726510.19,-52.38,Farmacia Güemes
2026,11,Recoleta-Norte,TANVIMIL ACD,gotas orales en solución,OTC,44,214594.43,4.76,Farmacia La Estrella
2026,11,Recoleta-Norte,APSICO,5 mg – comprimido recubierto,RX,137,1855843.34,-58.86,Farmacia La Estrella
2026,11,Recoleta-Norte,TIOCTAN,600 mg – comprimido recubierto,RX,163,4532885.42,-9.44,Farmacia Güemes
2026,11,Recoleta-Norte,TANVIMIL B1 B6 B12,comprimido recubierto,OTC,222,2623142.67,-16.85,Farmacia Güemes
2026,11,Recoleta-Norte,PAMOXET,20 mg – comprimido recubierto,RX,232,6970555.42,16.0,Farmacia Güemes
2026,11,Recoleta-Norte,CIRUELAX MINITABS,75 mg – comprimido recubierto,OTC,142,371930.98,-2.74,Farmacia Güemes
2026,11,Recoleta-Norte,TACNA,250 mg – comprimido,RX,66,726381.63,-35.92,Farmacia La Estrella
2026,11,Recoleta-Norte,PANCUTAN NF,"0,2 g/600.000 UI/600.000 UI/100 g – gel tópico",RX,36,689966.96,16.13,Farmacia La Estrella
2026,11,Recoleta-Norte,TANVIMIL ACD FLUOR,solución oral,OTC,158,2180266.24,22.48,Farmacia La Estrella
2026,11,Recoleta-Norte,ONEFIN,5 mg – comprimido,RX,108,3239473.44,-40.33,Farmacia La Estrella
2026,11,Recoleta-Norte,TANVIMIL AMINOÁCIDOS,comprimido recubierto,OTC,23,214161.35,43.75,Farmacia La Estrella
2026,11,Microcentro-Este,TANVIMIL AMINOÁCIDOS,comprimido recubierto,OTC,114,1096105.31,-16.79,Farmacia Pueyrredón
2026,11,Microcentro-Este,PANCUTAN NF,"0,2 g/600.000 UI/600.000 UI/100 g – gel tópico",RX,101,2015898.49,-16.53,Farmacia Del Parque
2026,11,Microcentro-Este,TANVIMIL ACD,gotas orales en solución,OTC,259,1341825.01,-13.95,Farmacia Del Parque
2026,11,Microcentro-Este,TANVIMIL B1 B6 B12,comprimido recubierto,OTC,265,3139975.64,0.0,Farmacia Pueyrredón
2026,11,Microcentro-Este,APSICO,"2,5 mg – comprimido recubierto",RX,175,4793323.65,-44.97,Farmacia Pueyrredón
2026,11,Microcentro-Este,TANVIMIL ACD FLUOR,solución oral,OTC,182,2498348.14,8.33,Farmacia Del Parque
2026,11,Microcentro-Este,MENCOGRIN AP,champú,OTC,104,1358958.21,0.0,Farmacia Del Parque
2026,11,Microcentro-Este,TACNA,250 mg – comprimido,RX,142,1613612.71,-31.4,Farmacia Pueyrredón
2026,11,Microcentro-Este,ALACIR,60 mg – comprimido recubierto gastrorresistente,RX,90,1507077.99,-53.37,Farmacia Del Parque
2026,11,Microcentro-Este,TRICOFIN,500 mg – óvulo vaginal,RX,269,1935952.5,-1.1,Farmacia Pueyrredón
2026,11,Microcentro-Este,APSICO,5 mg – comprimido recubierto,RX,159,2125912.73,-56.56,Farmacia Pueyrredón
2026,11,Microcentro-Este,CO‑TIOCTAN,115 mg/50 mg – comprimido recubierto,OTC,49,192787.84,-30.0,Farmacia Del Parque
2026,11,Microcentro-Este,TRIMACREM PLUS,"0,01 g/4 g/0,05 g/100 g – crema tópica",OTC,57,646094.34,3.64,Farmacia Pueyrredón
2026,11,Microcentro-Este,ONEFIN,10 mg – comprimido,RX,139,3372249.96,-40.6,Farmacia Del Parque
2026,11,Microcentro-Este,SUTRICO TAR,9 ml/100 ml – champú,OTC,65,416839.86,-14.47,Farmacia Del Parque
2026,11,Microcentro-Este,AEROGAL,64 g/170 g – polvo efervescente en frasco,OTC,158,1992995.47,-8.67,Farmacia Del Parque
2026,11,San Isidro-Centro,PAMOXET,20 mg – comprimido recubierto,RX,75,2142152.76,10.29,Farmacia Del Oeste
2026,11,San Isidro-Centro,APSICO,10 mg – comprimido recubierto,RX,9,262504.6,-64.0,Farmacia Del Norte
2026,11,San Isidro-Centro,CIRUELAX MINITABS,75 mg – comprimido recubierto,OTC,80,212702.05,-37.5,Farmacia Del Oeste
2026,11,San Isidro-Centro,TRICOFIN,500 mg – comprimido,RX,367,9410499.62,32.97,Farmacia Del Oeste
2026,11,San Isidro-Centro,TRIMACREM PLUS,"0,01 g/4 g/0,05 g/100 g – crema tópica",OTC,104,1190394.5,8.33,Farmacia Del Oeste
2026,11,San Isidro-Centro,TANVIMIL ACD,gotas orales en solución,OTC,97,483814.86,-14.16,Farmacia Del Norte
2026,11,San Isidro-Centro,ONEFIN,10 mg – comprimido,RX,61,1507889.91,-32.22,Farmacia Del Oeste
2026,11,San Isidro-Centro,PAMOXET,40 mg – comprimido recubierto,RX,306,6791631.64,0.33,Farmacia Del Norte
2026,11,San Isidro-Centro,TRICOPLUS,5 g/100 ml – loción capilar,RX,91,2793717.06,42.19,Farmacia Del Oeste
2026,11,San Isidro-Centro,CO‑TIOCTAN,115 mg/50 mg – comprimido recubierto,OTC,16,61676.03,-50.0,Farmacia Del Norte
2026,11,San Isidro-Centro,TANVIMIL B1 B6 B12,comprimido recubierto,OTC,263,2977067.21,22.9,Farmacia Del Norte
2026,11,San Isidro-Centro,ONEFIN,5 mg – comprimido,RX,176,5468132.07,-28.74,Farmacia Del Norte
2026,11,San Isidro-Centro,TANVIMIL A,50.000 UI – cápsulas,OTC,103,1377335.17,-20.77,Farmacia Del Oeste
2026,11,San Isidro-Centro,TANDIUR,50 mg – comprimido,RX,290,2898343.88,3.2,Farmacia Del Oeste
2026,11,San Isidro-Centro,TANVIMIL A,100.000 UI – cápsulas,OTC,327,955281.81,-5.22,Farmacia Del Oeste
2026,11,San Isidro-Centro,APSICO,5 mg – comprimido recubierto,RX,44,569955.96,-46.99,Farmacia Del Norte
2026,11,San Isidro-Centro,TACNA,250 mg – comprimido,RX,154,1716397.75,-59.47,Farmacia Del Oeste
2026,11,Belgrano-R,PANCUTAN NF,"0,2 g/600.000 UI/600.000 UI/100 g – gel tópico",RX,201,3829081.84,-2.9,Farmacia Del Sol
2026,11,Belgrano-R,SUTRICO TAR,9 ml/100 ml – champú,OTC,171,1053107.21,-30.77,Farmacia Del Sol
2026,11,Belgrano-R,TANVIMIL AMINOÁCIDOS,comprimido recubierto,OTC,29,268620.77,20.83,Farmacia Del Sol
2026,11,Belgrano-R,CO‑TIOCTAN,115 mg/50 mg – comprimido recubierto,OTC,115,441329.14,-26.28,Farmacia Lavalle
2026,11,Belgrano-R,ONEFIN,10 mg – comprimido,RX,46,1175436.43,-20.69,Farmacia Del Sol
2026,11,Belgrano-R,ALACIR,30 mg – comprimido recubierto gastrorresistente,RX,313,4152042.36,51.94,Farmacia Lavalle
2026,11,Belgrano-R,TRICOFIN,500 mg – óvulo vaginal,RX,163,1172816.55,10.14,Farmacia Del Sol
2026,11,Belgrano-R,APSICO,"2,5 mg – comprimido recubierto",RX,105,3037623.01,-26.06,Farmacia Lavalle
2026,11,Belgrano-R,TRICOPLUS,5 g/100 ml – loción capilar,RX,201,6041139.23,-42.57,Farmacia Lavalle
2026,11,Belgrano-R,AEROGAL,64 g/170 g – polvo efervescente en frasco,OTC,205,2470971.24,45.39,Farmacia Lavalle
2026,11,Belgrano-R,TANVIMIL A,50.000 UI – cápsulas,OTC,170,2122774.07,2.41,Farmacia Del Sol
2026,11,Belgrano-R,TANVIMIL PLUS,cápsula,OTC,45,416712.77,-50.0,Farmacia Lavalle
2026,11,Belgrano-R,ONEFIN,5 mg – comprimido,RX,59,1769201.82,-42.16,Farmacia Lavalle
2026,11,Belgrano-R,ALACIR,60 mg – comprimido recubierto gastrorresistente,RX,199,3351236.65,22.09,Farmacia Del Sol
2026,11,Belgrano-R,MENCOGRIN AP,champú,OTC,223,2848065.5,-32.83,Farmacia Lavalle
2026,11,Belgrano-R,TIOCTAN,600 mg – comprimido recubierto,RX,135,3761636.86,-0.74,Farmacia Lavalle
2026,11,Belgrano-R,APSICO,10 mg – comprimido recubierto,RX,132,3732910.99,-36.54,Farmacia Del Sol
2026,11,Belgrano-R,TANDIUR,50 mg – comprimido,RX,268,2582604.17,15.52,Farmacia Del Sol
2026,11,Belgrano-R,CIRUELAX MINITABS,75 mg – comprimido recubierto,OTC,79,208728.67,-51.83,Farmacia Lavalle
2026,11,Devoto-Centro,PAMOXET,20 mg – comprimido recubierto,RX,307,9064262.06,-4.95,Farmacia España
2026,11,Devoto-Centro,TANVIMIL A,100.000 UI – cápsulas,OTC,278,767594.87,-3.47,Farmacia La Botica
2026,11,Devoto-Centro,TIOCTAN,600 mg – comprimido recubierto,RX,114,3143267.96,-23.49,Farmacia La Botica
2026,11,Devoto-Centro,TRICOPLUS,5 g/100 ml – loción capilar,RX,212,6461579.35,5.47,Farmacia La Botica
2026,11,Devoto-Centro,PANCUTAN NF,"0,2 g/600.000 UI/600.000 UI/100 g – gel tópico",RX,68,1296429.76,-39.82,Farmacia España
2026,11,Devoto-Centro,TANVIMIL ACD,gotas orales en solución,OTC,107,521939.8,21.59,Farmacia España
2026,11,Devoto-Centro,ONEFIN,5 mg – comprimido,RX,197,6048042.17,-4.83,Farmacia La Botica
2026,11,Devoto-Centro,TANDIUR,50 mg – comprimido,RX,256,2437386.64,9.4,Farmacia España
2026,11,Devoto-Centro,TRIMACREM PLUS,"0,01 g/4 g/0,05 g/100 g – crema tópica",OTC,31,339033.78,47.62,Farmacia La Botica
2026,11,Devoto-Centro,TANVIMIL ACD FLUOR,solución oral,OTC,197,2788747.79,20.86,Farmacia La Botica
2026,11,Devoto-Centro,MENCOGRIN AP,champú,OTC,154,1932648.08,-46.15,Farmacia La Botica
2026,11,Devoto-Centro,TANVIMIL A,50.000 UI – cápsulas,OTC,87,1088092.05,8.75,Farmacia La Botica
2026,11,Devoto-Centro,TRICOFIN,500 mg – comprimido,RX,98,2463896.24,2.08,Farmacia España
2026,11,Devoto-Centro,SUTRICO TAR,9 ml/100 ml – champú,OTC,305,1889140.02,22.0,Farmacia La Botica
2026,11,Devoto-Centro,CIRUELAX MINITABS,75 mg – comprimido recubierto,OTC,44,111227.89,-18.52,Farmacia España
2026,11,Devoto-Centro,APSICO,10 mg – comprimido recubierto,RX,14,419402.13,-46.15,Farmacia La Botica
2026,11,Devoto-Centro,ALACIR,60 mg – comprimido recubierto gastrorresistente,RX,198,3443298.92,-14.29,Farmacia La Botica
2026,11,Almagro-Centro,CO‑TIOCTAN,115 mg/50 mg – comprimido recubierto,OTC,46,174315.85,-53.06,Farmacia Brown
2026,11,Almagro-Centro,TRIMACREM PLUS,"0,01 g/4 g/0,05 g/100 g – crema tópica",OTC,147,1662704.48,41.35,Farmacia Brown
2026,11,Almagro-Centro,TANVIMIL B1 B6 B12,comprimido recubierto,OTC,85,980629.82,73.47,Farmacia Avenida
2026,11,Almagro-Centro,SUTRICO TAR,9 ml/100 ml – champú,OTC,343,2157038.57,-2.28,Farmacia Avenida
2026,11,Almagro-Centro,TANDIUR,50 mg – comprimido,RX,181,1721577.85,-35.82,Farmacia Avenida
2026,11,Almagro-Centro,TRICOFIN,500 mg – óvulo vaginal,RX,166,1188511.02,-17.0,Farmacia Avenida
2026,11,Almagro-Centro,TRICOPLUS,2 g/100 ml – loción capilar,RX,53,1532380.52,-18.46,Farmacia Avenida
2026,11,Almagro-Centro,TACNA,250 mg – comprimido,RX,6,68598.96,-83.33,Farmacia Brown
2026,11,Almagro-Centro,PAMOXET,20 mg – comprimido recubierto,RX,269,7590216.55,23.39,Farmacia Avenida
2026,11,Almagro-Centro,MENCOGRIN AP,champú,OTC,58,753655.88,-25.64,Farmacia Avenida
2026,11,Almagro-Centro,APSICO,5 mg – comprimido recubierto,RX,31,429240.6,-54.41,Farmacia Avenida
2026,11,Almagro-Centro,ONEFIN,5 mg – comprimido,RX,92,2849324.91,-62.14,Farmacia Avenida
2026,11,Almagro-Centro,TANVIMIL AMINOÁCIDOS,comprimido recubierto,OTC,56,531328.08,-64.78,Farmacia Avenida
2026,11,Vicente López-Centro,TANVIMIL ACD,gotas orales en solución,OTC,167,870698.89,-33.99,Farmacia Urquiza
2026,11,Vicente López-Centro,APSICO,5 mg – comprimido recubierto,RX,9,120112.53,-72.73,Farmacia Rivadavia
2026,11,Vicente López-Centro,TIOCTAN,600 mg – comprimido recubierto,RX,136,3740740.03,30.77,Farmacia Urquiza
2026,11,Vicente López-Centro,TANVIMIL ACD FLUOR,solución oral,OTC,132,1876175.41,-16.46,Farmacia Urquiza
2026,11,Vicente López-Centro,TRICOFIN,500 mg – comprimido,RX,126,3179846.31,-36.36,Farmacia Urquiza
2026,11,Vicente López-Centro,MENCOGRIN AP,champú,OTC,155,1987341.62,-24.39,Farmacia Rivadavia
2026,11,Vicente López-Centro,APSICO,10 mg – comprimido recubierto,RX,68,1954930.96,-65.13,Farmacia Urquiza
2026,11,Vicente López-Centro,TRICOPLUS,5 g/100 ml – loción capilar,RX,230,7050337.56,19.79,Farmacia Rivadavia
2026,11,Vicente López-Centro,TANVIMIL B1 B6 B12,comprimido recubierto,OTC,272,3204356.4,1.49,Farmacia Urquiza
2026,11,Vicente López-Centro,TANVIMIL A,50.000 UI – cápsulas,OTC,173,2151446.18,2.98,Farmacia Rivadavia
2026,11,Vicente López-Centro,TRICOFIN,500 mg – óvulo vaginal,RX,239,1667791.22,-6.27,Farmacia Urquiza
2026,11,Vicente López-Centro,PAMOXET,20 mg – comprimido recubierto,RX,141,4213884.55,-4.08,Farmacia Urquiza
2026,11,Vicente López-Centro,ALACIR,30 mg – comprimido recubierto gastrorresistente,RX,53,708255.0,-14.52,Farmacia Urquiza
2026,11,Vicente López-Centro,TANDIUR,50 mg – comprimido,RX,121,1160455.69,22.22,Farmacia Urquiza
2026,11,Vicente López-Centro,PAMOXET,40 mg – comprimido recubierto,RX,55,1209724.71,-25.68,Farmacia Urquiza
2026,11,Vicente López-Centro,TRIMACREM PLUS,"0,01 g/4 g/0,05 g/100 g – crema tópica",OTC,160,1864671.99,56.86,Farmacia Urquiza
2026,11,Vicente López-Centro,CO‑TIOCTAN,115 mg/50 mg – comprimido recubierto,OTC,126,496435.32,-40.0,Farmacia Rivadavia
2026,11,Vicente López-Centro,TANVIMIL PLUS,cápsula,OTC,80,749200.75,1.27,Farmacia Urquiza
2026,11,Vicente López-Centro,ONEFIN,10 mg – comprimido,RX,61,1504521.37,-68.56,Farmacia Urquiza
2026,11,Vicente López-Centro,AEROGAL,64 g/170 g – polvo efervescente en frasco,OTC,52,654246.13,-43.48,Farmacia Urquiza
2026,11,Palermo-Sur,TACNA,250 mg – comprimido,RX,64,719189.06,-31.91,Farmacia Moreno
2026,11,Palermo-Sur,PAMOXET,40 mg – comprimido recubierto,RX,272,6040990.02,18.78,Farmacia Central
2026,11,Palermo-Sur,TANVIMIL ACD,gotas orales en solución,OTC,157,819858.99,0.0,Farmacia Moreno
2026,11,Palermo-Sur,TRIMACREM PLUS,"0,01 g/4 g/0,05 g/100 g – crema tópica",OTC,176,2054700.73,32.33,Farmacia Moreno
2026,11,Palermo-Sur,TRICOFIN,500 mg – óvulo vaginal,RX,140,989609.85,8.53,Farmacia Moreno
2026,11,Palermo-Sur,TRICOFIN,500 mg – comprimido,RX,237,5787047.53,28.11,Farmacia Moreno
2026,11,Palermo-Sur,TRICOPLUS,2 g/100 ml – loción capilar,RX,100,2855398.78,-19.35,Farmacia Central
2026,11,Palermo-Sur,TANVIMIL PLUS,cápsula,OTC,52,485197.86,-35.8,Farmacia Central
2026,11,Palermo-Sur,TANVIMIL B1 B6 B12,comprimido recubierto,OTC,24,281415.64,14.29,Farmacia Moreno
2026,11,Palermo-Sur,CO‑TIOCTAN,115 mg/50 mg – comprimido recubierto,OTC,100,398111.37,-35.48,Farmacia Moreno
2026,11,Palermo-Sur,ALACIR,60 mg – comprimido recubierto gastrorresistente,RX,91,1558993.88,0.0,Farmacia Central
2026,11,Palermo-Sur,TANVIMIL A,100.000 UI – cápsulas,OTC,82,239824.02,5.13,Farmacia Moreno
2026,11,Palermo-Sur,TRICOPLUS,5 g/100 ml – loción capilar,RX,70,2120535.35,-19.54,Farmacia Moreno
2026,11,Palermo-Sur,PAMOXET,20 mg – comprimido recubierto,RX,108,3165195.29,33.33,Farmacia Moreno
2026,11,Palermo-Sur,MENCOGRIN AP,champú,OTC,86,1102959.94,-32.81,Farmacia Moreno
2026,11,Palermo-Sur,AEROGAL,64 g/170 g – polvo efervescente en frasco,OTC,258,3287954.56,-21.82,Farmacia Central
2026,11,Palermo-Sur,TANVIMIL ACD FLUOR,solución oral,OTC,20,294427.92,-4.76,Farmacia Moreno
2026,11,Quilmes-Centro,TRICOPLUS,2 g/100 ml – loción capilar,RX,145,4085319.49,-25.26,Farmacia Alsina
2026,11,Quilmes-Centro,TRICOFIN,500 mg – óvulo vaginal,RX,21,150027.59,-69.57,Farmacia Alsina
2026,11,Quilmes-Centro,PAMOXET,20 mg – comprimido recubierto,RX,34,1021126.64,-20.93,Farmacia Pasteur
2026,11,Quilmes-Centro,CIRUELAX MINITABS,75 mg – comprimido recubierto,OTC,74,198633.66,1.37,Farmacia Pasteur
2026,11,Quilmes-Centro,ONEFIN,5 mg – comprimido,RX,135,4071390.82,-49.06,Farmacia Pasteur
2026,11,Quilmes-Centro,AEROGAL,64 g/170 g – polvo efervescente en frasco,OTC,231,2992319.76,-21.16,Farmacia Pasteur
2026,11,Quilmes-Centro,ONEFIN,10 mg – comprimido,RX,109,2667205.69,-35.88,Farmacia Pasteur
2026,11,Quilmes-Centro,TANVIMIL A,100.000 UI – cápsulas,OTC,190,520910.1,-36.03,Farmacia Pasteur
2026,11,Quilmes-Centro,APSICO,5 mg – comprimido recubierto,RX,91,1253215.45,-50.0,Farmacia Pasteur
2026,11,Quilmes-Centro,TANVIMIL A,50.000 UI – cápsulas,OTC,208,2781567.86,-4.15,Farmacia Alsina
2026,11,Quilmes-Centro,TANVIMIL ACD FLUOR,solución oral,OTC,286,4236846.01,12.6,Farmacia Pasteur
2026,11,Quilmes-Centro,TACNA,250 mg – comprimido,RX,44,507028.82,-56.44,Farmacia Pasteur
2026,11,Flores-Norte,AEROGAL,64 g/170 g – polvo efervescente en frasco,OTC,116,1441312.63,-15.33,Farmacia Castelli
2026,11,Flores-Norte,ALACIR,30 mg – comprimido recubierto gastrorresistente,RX,197,2505769.83,-0.51,Farmacia Castelli
2026,11,Flores-Norte,TANVIMIL AMINOÁCIDOS,comprimido recubierto,OTC,160,1543051.6,-21.57,Farmacia Mitre
2026,11,Flores-Norte,CO‑TIOCTAN,115 mg/50 mg – comprimido recubierto,OTC,142,529035.09,-31.07,Farmacia Castelli
2026,11,Flores-Norte,TANVIMIL PLUS,cápsula,OTC,175,1580874.36,-10.26,Farmacia Castelli
2026,11,Flores-Norte,TRICOFIN,500 mg – comprimido,RX,175,4388852.98,-30.28,Farmacia Castelli
2026,11,Flores-Norte,APSICO,"2,5 mg – comprimido recubierto",RX,79,2256424.22,-63.76,Farmacia Mitre
2026,11,Flores-Norte,TANVIMIL ACD FLUOR,solución oral,OTC,244,3444092.05,-24.22,Farmacia Castelli
2026,11,Flores-Norte,TACNA,250 mg – comprimido,RX,136,1491938.45,-42.13,Farmacia Mitre
2026,11,Flores-Norte,TIOCTAN,600 mg – comprimido recubierto,RX,373,10080025.47,8.43,Farmacia Castelli
2026,11,Flores-Norte,TRIMACREM PLUS,"0,01 g/4 g/0,05 g/100 g – crema tópica",OTC,76,851718.3,68.89,Farmacia Mitre
2026,11,Flores-Norte,SUTRICO TAR,9 ml/100 ml – champú,OTC,127,808326.53,-15.33,Farmacia Castelli
2026,11,Flores-Norte,ALACIR,60 mg – comprimido recubierto gastrorresistente,RX,108,1880541.57,42.11,Farmacia Castelli
2026,11,La Plata-Centro,TIOCTAN,600 mg – comprimido recubierto,RX,166,4347648.57,11.41,Farmacia Del Sur
2026,11,La Plata-Centro,AEROGAL,64 g/170 g – polvo efervescente en frasco,OTC,67,851521.95,-24.72,Farmacia Del Sur
2026,11,La Plata-Centro,ONEFIN,10 mg – comprimido,RX,106,2568814.49,-50.0,Farmacia Roca
2026,11,La Plata-Centro,ONEFIN,5 mg – comprimido,RX,120,3752519.88,-47.14,Farmacia Roca
2026,11,La Plata-Centro,CO‑TIOCTAN,115 mg/50 mg – comprimido recubierto,OTC,193,772193.19,-9.81,Farmacia Del Sur
2026,11,La Plata-Centro,TRICOFIN,500 mg – comprimido,RX,151,3784858.87,-12.72,Farmacia Roca
2026,11,La Plata-Centro,TANVIMIL ACD FLUOR,solución oral,OTC,64,941618.94,-21.95,Farmacia Roca
2026,11,La Plata-Centro,PAMOXET,20 mg – comprimido recubierto,RX,198,5952261.62,-16.81,Farmacia Del Sur
2026,11,La Plata-Centro,TANDIUR,50 mg – comprimido,RX,168,1597216.69,-27.27,Farmacia Roca
2026,11,La Plata-Centro,MENCOGRIN AP,champú,OTC,75,941364.59,-25.74,Farmacia Del Sur
2026,11,La Plata-Centro,TRIMACREM PLUS,"0,01 g/4 g/0,05 g/100 g – crema tópica",OTC,31,355878.68,-16.22,Farmacia Roca
2026,11,La Plata-Centro,TACNA,250 mg – comprimido,RX,95,1042326.12,-43.11,Farmacia Del Sur
2026,11,La Plata-Centro,TRICOFIN,500 mg – óvulo vaginal,RX,298,2073183.92,-4.18,Farmacia Del Sur
2026,11,La Plata-Centro,SUTRICO TAR,9 ml/100 ml – champú,OTC,193,1148137.51,-20.58,Farmacia Del Sur
2026,11,La Plata-Centro,TANVIMIL AMINOÁCIDOS,comprimido recubierto,OTC,265,2488843.52,0.38,Farmacia Roca
2026,11,La Plata-Centro,ALACIR,30 mg – comprimido recubierto gastrorresistente,RX,114,1515037.25,14.0,Farmacia Del Sur
2026,11,Villa Urquiza-Centro,ALACIR,30 mg – comprimido recubierto gastrorresistente,RX,147,1870798.69,61.54,Farmacia San José
2026,11,Villa Urquiza-Centro,TANVIMIL B1 B6 B12,comprimido recubierto,OTC,244,2878369.49,16.75,Farmacia San José
2026,11,Villa Urquiza-Centro,PANCUTAN NF,"0,2 g/600.000 UI/600.000 UI/100 g – gel tópico",RX,158,3216527.91,-18.97,Farmacia Italia
2026,11,Villa Urquiza-Centro,APSICO,5 mg – comprimido recubierto,RX,22,285900.16,-84.51,Farmacia Italia
2026,11,Villa Urquiza-Centro,SUTRICO TAR,9 ml/100 ml – champú,OTC,25,156148.19,-10.71,Farmacia San José
2026,11,Villa Urquiza-Centro,TRICOFIN,500 mg – comprimido,RX,87,2253428.74,-42.38,Farmacia Italia
2026,11,Villa Urquiza-Centro,TRICOPLUS,5 g/100 ml – loción capilar,RX,233,7258524.28,-18.82,Farmacia Italia
2026,11,Villa Urquiza-Centro,ALACIR,60 mg – comprimido recubierto gastrorresistente,RX,75,1241900.11,-59.02,Farmacia San José
2026,11,Villa Urquiza-Centro,ONEFIN,5 mg – comprimido,RX,152,4775453.94,-58.92,Farmacia Italia
2026,11,Villa Urquiza-Centro,TANDIUR,50 mg – comprimido,RX,101,961282.31,-12.93,Farmacia San José
2026,11,Villa Urquiza-Centro,TANVIMIL A,100.000 UI – cápsulas,OTC,18,51699.23,-5.26,Farmacia San José
2026,11,Villa Urquiza-Centro,TRIMACREM PLUS,"0,01 g/4 g/0,05 g/100 g – crema tópica",OTC,176,2059076.93,-10.2,Farmacia Italia
2026,11,Palermo-Norte,TANVIMIL B1 B6 B12,comprimido recubierto,OTC,164,1917333.06,-11.83,Farmacia Del Pueblo
2026,11,Palermo-Norte,TANVIMIL ACD FLUOR,solución oral,OTC,55,789567.49,-23.61,Farmacia Del Ángel
2026,11,Palermo-Norte,PAMOXET,20 mg – comprimido recubierto,RX,208,6104263.95,32.48,Farmacia Del Pueblo
2026,11,Palermo-Norte,ALACIR,60 mg – comprimido recubierto gastrorresistente,RX,165,2777253.36,27.91,Farmacia Del Pueblo
2026,11,Palermo-Norte,PAMOXET,40 mg – comprimido recubierto,RX,89,2087287.76,-74.57,Farmacia Del Ángel
2026,11,Palermo-Norte,TANVIMIL AMINOÁCIDOS,comprimido recubierto,OTC,23,230184.99,4.55,Farmacia Del Pueblo
2026,11,Palermo-Norte,APSICO,5 mg – comprimido recubierto,RX,77,1001368.21,-37.9,Farmacia Del Ángel
2026,11,Palermo-Norte,TRICOFIN,500 mg – comprimido,RX,37,899735.08,12.12,Farmacia Del Ángel
2026,11,Palermo-Norte,TANVIMIL A,100.000 UI – cápsulas,OTC,112,312673.61,-27.74,Farmacia Del Pueblo
2026,11,Palermo-Norte,CO‑TIOCTAN,115 mg/50 mg – comprimido recubierto,OTC,164,659145.42,-45.33,Farmacia Del Ángel
2026,11,Palermo-Norte,APSICO,10 mg – comprimido recubierto,RX,123,3484121.66,-35.6,Farmacia Del Pueblo
2026,11,Palermo-Norte,TANVIMIL PLUS,cápsula,OTC,21,194508.81,-34.38,Farmacia Del Pueblo
2026,11,Palermo-Norte,APSICO,"2,5 mg – comprimido recubierto",RX,98,2698452.38,-40.61,Farmacia Del Pueblo
2026,11,Palermo-Norte,AEROGAL,64 g/170 g – polvo efervescente en frasco,OTC,179,2319206.0,13.29,Farmacia Del Ángel
2026,11,Belgrano-Centro,TANVIMIL AMINOÁCIDOS,comprimido recubierto,OTC,59,583809.77,37.21,Farmacia San Martín
2026,11,Belgrano-Centro,TANVIMIL ACD FLUOR,solución oral,OTC,40,574807.55,66.67,Farmacia San Martín
2026,11,Belgrano-Centro,TANVIMIL B1 B6 B12,comprimido recubierto,OTC,275,3102331.17,36.14,Farmacia Del Centro
2026,11,Belgrano-Centro,TRIMACREM PLUS,"0,01 g/4 g/0,05 g/100 g – crema tópica",OTC,314,3645692.92,25.1,Farmacia San Martín
2026,11,Belgrano-Centro,TRICOFIN,500 mg – óvulo vaginal,RX,259,1754323.21,-15.08,Farmacia Del Centro
2026,11,Belgrano-Centro,ALACIR,30 mg – comprimido recubierto gastrorresistente,RX,80,1056207.82,-41.18,Farmacia San Martín
2026,11,Belgrano-Centro,SUTRICO TAR,9 ml/100 ml – champú,OTC,325,2005336.6,68.39,Farmacia Del Centro
2026,11,Belgrano-Centro,AEROGAL,64 g/170 g – polvo efervescente en frasco,OTC,263,3378563.57,6.05,Farmacia Del Centro
2026,11,Belgrano-Centro,TANVIMIL A,50.000 UI – cápsulas,OTC,91,1155590.28,31.88,Farmacia Del Centro
2026,11,Belgrano-Centro,APSICO,10 mg – comprimido recubierto,RX,28,795050.96,-26.32,Farmacia San Martín
2026,11,Belgrano-Centro,APSICO,5 mg – comprimido recubierto,RX,97,1350279.8,-61.2,Farmacia San Martín
2026,11,Belgrano-Centro,CIRUELAX MINITABS,75 mg – comprimido recubierto,OTC,19,49684.24,-53.66,Farmacia Del Centro
2026,11,Núñez-Centro,ONEFIN,10 mg – comprimido,RX,60,1556260.52,-52.38,Farmacia Del Lago
2026,11,Núñez-Centro,MENCOGRIN AP,champú,OTC,72,903574.15,-47.45,Farmacia Del Lago
2026,11,Núñez-Centro,TANVIMIL A,50.000 UI – cápsulas,OTC,76,991500.26,-28.97,Farmacia Sarmiento
2026,11,Núñez-Centro,TANDIUR,50 mg – comprimido,RX,66,637031.56,53.49,Farmacia Del Lago
2026,11,Núñez-Centro,TANVIMIL PLUS,cápsula,OTC,148,1333163.9,-35.93,Farmacia Del Lago
2026,11,Núñez-Centro,TACNA,250 mg – comprimido,RX,38,448027.88,-40.62,Farmacia Del Lago
2026,11,Núñez-Centro,TRICOFIN,500 mg – óvulo vaginal,RX,40,277761.09,-25.93,Farmacia Sarmiento
2026,11,Núñez-Centro,PANCUTAN NF,"0,2 g/600.000 UI/600.000 UI/100 g – gel tópico",RX,296,5897753.97,59.14,Farmacia Sarmiento
2026,11,Núñez-Centro,ALACIR,30 mg – comprimido recubierto gastrorresistente,RX,59,755763.85,59.46,Farmacia Sarmiento
2026,11,Núñez-Centro,CO‑TIOCTAN,115 mg/50 mg – comprimido recubierto,OTC,102,393840.14,-19.05,Farmacia Del Lago
2026,11,Núñez-Centro,PAMOXET,40 mg – comprimido recubierto,RX,88,2036554.63,76.0,Farmacia Sarmiento
2026,11,Núñez-Centro,TRICOPLUS,2 g/100 ml – loción capilar,RX,310,8581685.63,-17.77,Farmacia Sarmiento
2026,11,Núñez-Centro,TRIMACREM PLUS,"0,01 g/4 g/0,05 g/100 g – crema tópica",OTC,154,1724339.1,26.23,Farmacia Sarmiento
2026,11,Núñez-Centro,APSICO,5 mg – comprimido recubierto,RX,61,846077.43,-59.87,Farmacia Del Lago
2026,11,Núñez-Centro,SUTRICO TAR,9 ml/100 ml – champú,OTC,26,164449.11,-21.21,Farmacia Sarmiento
2026,11,Núñez-Centro,TANVIMIL B1 B6 B12,comprimido recubierto,OTC,147,1680062.24,-39.75,Farmacia Sarmiento
2026,11,Núñez-Centro,TANVIMIL A,100.000 UI – cápsulas,OTC,228,629093.25,41.61,Farmacia Sarmiento
2026,11,Núñez-Centro,PAMOXET,20 mg – comprimido recubierto,RX,77,2308056.77,-2.53,Farmacia Del Lago
2026,11,Núñez-Centro,AEROGAL,64 g/170 g – polvo efervescente en frasco,OTC,259,3267750.81,9.28,Farmacia Sarmiento
2026,11,Caballito-Centro,APSICO,"2,5 mg – comprimido recubierto",RX,225,6206656.45,-37.5,Farmacia Belgrano
2026,11,Caballito-Centro,PAMOXET,20 mg – comprimido recubierto,RX,20,597158.91,5.26,Farmacia Pellegrini
2026,11,Caballito-Centro,TRICOFIN,500 mg – óvulo vaginal,RX,183,1236624.37,-1.08,Farmacia Pellegrini
2026,11,Caballito-Centro,AEROGAL,64 g/170 g – polvo efervescente en frasco,OTC,290,3551417.71,27.75,Farmacia Pellegrini
2026,11,Caballito-Centro,PAMOXET,40 mg – comprimido recubierto,RX,48,1141039.63,-9.43,Farmacia Belgrano
2026,11,Caballito-Centro,TRICOPLUS,5 g/100 ml – loción capilar,RX,65,1987113.65,75.68,Farmacia Pellegrini
2026,11,Caballito-Centro,TANDIUR,50 mg – comprimido,RX,91,897386.49,-9.0,Farmacia Belgrano
2026,11,Caballito-Centro,TANVIMIL ACD FLUOR,solución oral,OTC,77,1084038.44,-77.22,Farmacia Pellegrini
2026,11,Caballito-Centro,MENCOGRIN AP,champú,OTC,51,639298.87,-47.96,Farmacia Belgrano
2026,11,Caballito-Centro,PANCUTAN NF,"0,2 g/600.000 UI/600.000 UI/100 g – gel tópico",RX,187,3829170.32,7.47,Farmacia Pellegrini
2026,11,Caballito-Centro,CO‑TIOCTAN,115 mg/50 mg – comprimido recubierto,OTC,42,167900.17,-42.47,Farmacia Pellegrini
2026,11,Caballito-Centro,TRICOFIN,500 mg – comprimido,RX,126,3240594.65,-0.79,Farmacia Belgrano
2026,11,Caballito-Centro,ALACIR,30 mg – comprimido recubierto gastrorresistente,RX,318,4081035.9,35.9,Farmacia Belgrano
2026,11,Caballito-Centro,TANVIMIL B1 B6 B12,comprimido recubierto,OTC,49,555657.44,-3.92,Farmacia Belgrano
2026,12,Recoleta-Norte,TRICOPLUS,2 g/100 ml – loción capilar,RX,551,16231090.29,22.99,Farmacia Güemes
2026,12,Recoleta-Norte,CO‑TIOCTAN,115 mg/50 mg – comprimido recubierto,OTC,66,249359.06,-64.71,Farmacia La Estrella
2026,12,Recoleta-Norte,TRICOFIN,500 mg – óvulo vaginal,RX,64,450972.73,10.34,Farmacia La Estrella
2026,12,Recoleta-Norte,TRICOPLUS,5 g/100 ml – loción capilar,RX,170,5103461.38,-24.11,Farmacia Güemes
2026,12,Recoleta-Norte,PAMOXET,40 mg – comprimido recubierto,RX,199,4541606.9,-31.38,Farmacia Güemes
2026,12,Recoleta-Norte,APSICO,"2,5 mg – comprimido recubierto",RX,143,4002011.46,-53.72,Farmacia Güemes
2026,12,Recoleta-Norte,APSICO,10 mg – comprimido recubierto,RX,194,5516534.39,-18.14,Farmacia La Estrella
2026,12,Recoleta-Norte,TANVIMIL PLUS,cápsula,OTC,66,599433.17,-34.0,Farmacia La Estrella
2026,12,Recoleta-Norte,TANVIMIL ACD,gotas orales en solución,OTC,57,285925.28,58.33,Farmacia Güemes
2026,12,Recoleta-Norte,APSICO,5 mg – comprimido recubierto,RX,178,2409823.81,-43.67,Farmacia La Estrella
2026,12,Recoleta-Norte,TIOCTAN,600 mg – comprimido recubierto,RX,131,3489107.9,5.65,Farmacia Güemes
2026,12,Recoleta-Norte,TANVIMIL B1 B6 B12,comprimido recubierto,OTC,242,2769307.95,42.35,Farmacia La Estrella
2026,12,Recoleta-Norte,PAMOXET,20 mg – comprimido recubierto,RX,204,6072391.58,37.84,Farmacia La Estrella
2026,12,Recoleta-Norte,CIRUELAX MINITABS,75 mg – comprimido recubierto,OTC,185,476720.32,-32.97,Farmacia La Estrella
2026,12,Recoleta-Norte,TACNA,250 mg – comprimido,RX,46,539123.01,-47.13,Farmacia La Estrella
2026,12,Recoleta-Norte,PANCUTAN NF,"0,2 g/600.000 UI/600.000 UI/100 g – gel tópico",RX,78,1593673.41,34.48,Farmacia La Estrella
2026,12,Recoleta-Norte,TANVIMIL ACD FLUOR,solución oral,OTC,159,2223689.78,-32.63,Farmacia La Estrella
2026,12,Recoleta-Norte,ONEFIN,5 mg – comprimido,RX,115,3539655.23,-29.88,Farmacia La Estrella
2026,12,Recoleta-Norte,TANVIMIL AMINOÁCIDOS,comprimido recubierto,OTC,26,243661.69,23.81,Farmacia Güemes
2026,12,Microcentro-Este,TANVIMIL AMINOÁCIDOS,comprimido recubierto,OTC,197,1826321.42,-2.96,Farmacia Pueyrredón
2026,12,Microcentro-Este,PANCUTAN NF,"0,2 g/600.000 UI/600.000 UI/100 g – gel tópico",RX,198,3802463.43,-35.5,Farmacia Del Parque
2026,12,Microcentro-Este,TANVIMIL ACD,gotas orales en solución,OTC,226,1097402.15,-18.41,Farmacia Del Parque
2026,12,Microcentro-Este,TANVIMIL B1 B6 B12,comprimido recubierto,OTC,281,3175878.23,5.64,Farmacia Del Parque
2026,12,Microcentro-Este,APSICO,"2,5 mg – comprimido recubierto",RX,163,4621910.89,-36.08,Farmacia Del Parque
2026,12,Microcentro-Este,TANVIMIL ACD FLUOR,solución oral,OTC,165,2327938.77,-2.37,Farmacia Pueyrredón
2026,12,Microcentro-Este,MENCOGRIN AP,champú,OTC,129,1680377.94,-47.77,Farmacia Del Parque
2026,12,Microcentro-Este,TACNA,250 mg – comprimido,RX,83,959144.91,-53.11,Farmacia Pueyrredón
2026,12,Microcentro-Este,ALACIR,60 mg – comprimido recubierto gastrorresistente,RX,259,4494183.16,-47.57,Farmacia Del Parque
2026,12,Microcentro-Este,TRICOFIN,500 mg – óvulo vaginal,RX,246,1688271.79,0.82,Farmacia Del Parque
2026,12,Microcentro-Este,APSICO,5 mg – comprimido recubierto,RX,120,1654308.86,-53.31,Farmacia Del Parque
2026,12,Microcentro-Este,CO‑TIOCTAN,115 mg/50 mg – comprimido recubierto,OTC,50,186935.75,-35.06,Farmacia Del Parque
2026,12,Microcentro-Este,TRIMACREM PLUS,"0,01 g/4 g/0,05 g/100 g – crema tópica",OTC,169,1950256.71,69.0,Farmacia Pueyrredón
2026,12,Microcentro-Este,ONEFIN,10 mg – comprimido,RX,167,4270900.66,-33.2,Farmacia Pueyrredón
2026,12,Microcentro-Este,SUTRICO TAR,9 ml/100 ml – champú,OTC,105,663231.99,-16.67,Farmacia Del Parque
2026,12,Microcentro-Este,AEROGAL,64 g/170 g – polvo efervescente en frasco,OTC,152,1838875.97,12.59,Farmacia Pueyrredón
2026,12,San Isidro-Centro,PAMOXET,20 mg – comprimido recubierto,RX,103,2979390.21,10.75,Farmacia Del Oeste
2026,12,San Isidro-Centro,APSICO,10 mg – comprimido recubierto,RX,22,636699.32,-31.25,Farmacia Del Norte
2026,12,San Isidro-Centro,CIRUELAX MINITABS,75 mg – comprimido recubierto,OTC,77,206563.93,-62.62,Farmacia Del Oeste
2026,12,San Isidro-Centro,TRICOFIN,500 mg – comprimido,RX,242,6244739.93,-27.33,Farmacia Del Oeste
2026,12,San Isidro-Centro,TRIMACREM PLUS,"0,01 g/4 g/0,05 g/100 g – crema tópica",OTC,111,1292267.19,-9.76,Farmacia Del Norte
2026,12,San Isidro-Centro,TANVIMIL ACD,gotas orales en solución,OTC,115,596789.76,40.24,Farmacia Del Oeste
2026,12,San Isidro-Centro,ONEFIN,10 mg – comprimido,RX,95,2333180.67,-29.63,Farmacia Del Norte
2026,12,San Isidro-Centro,PAMOXET,40 mg – comprimido recubierto,RX,172,4028652.39,-36.3,Farmacia Del Oeste
2026,12,San Isidro-Centro,TRICOPLUS,5 g/100 ml – loción capilar,RX,120,3496447.21,-16.08,Farmacia Del Norte
2026,12,San Isidro-Centro,CO‑TIOCTAN,115 mg/50 mg – comprimido recubierto,OTC,17,66632.87,-52.78,Farmacia Del Oeste
2026,12,San Isidro-Centro,TANVIMIL B1 B6 B12,comprimido recubierto,OTC,260,3009908.32,-12.16,Farmacia Del Oeste
2026,12,San Isidro-Centro,ONEFIN,5 mg – comprimido,RX,137,4137632.92,-57.85,Farmacia Del Norte
2026,12,San Isidro-Centro,TANVIMIL A,50.000 UI – cápsulas,OTC,119,1526322.3,0.0,Farmacia Del Norte
2026,12,San Isidro-Centro,TANDIUR,50 mg – comprimido,RX,330,3249738.56,3.45,Farmacia Del Norte
2026,12,San Isidro-Centro,TANVIMIL A,100.000 UI – cápsulas,OTC,195,568666.75,-41.27,Farmacia Del Oeste
2026,12,San Isidro-Centro,APSICO,5 mg – comprimido recubierto,RX,69,946166.72,-5.48,Farmacia Del Norte
2026,12,San Isidro-Centro,TACNA,250 mg – comprimido,RX,178,2033087.41,-49.29,Farmacia Del Norte
2026,12,Belgrano-R,PANCUTAN NF,"0,2 g/600.000 UI/600.000 UI/100 g – gel tópico",RX,402,7798746.68,-13.36,Farmacia Lavalle
2026,12,Belgrano-R,SUTRICO TAR,9 ml/100 ml – champú,OTC,429,2599573.13,-17.02,Farmacia Del Sol
2026,12,Belgrano-R,TANVIMIL AMINOÁCIDOS,comprimido recubierto,OTC,22,212210.45,29.41,Farmacia Lavalle
2026,12,Belgrano-R,CO‑TIOCTAN,115 mg/50 mg – comprimido recubierto,OTC,84,321278.38,-45.45,Farmacia Lavalle
2026,12,Belgrano-R,ONEFIN,10 mg – comprimido,RX,50,1239336.13,-49.49,Farmacia Del Sol
2026,12,Belgrano-R,ALACIR,30 mg – comprimido recubierto gastrorresistente,RX,400,5346919.71,-15.43,Farmacia Del Sol
2026,12,Belgrano-R,TRICOFIN,500 mg – óvulo vaginal,RX,157,1060390.74,-3.68,Farmacia Del Sol
2026,12,Belgrano-R,APSICO,"2,5 mg – comprimido recubierto",RX,84,2318731.92,-25.66,Farmacia Del Sol
2026,12,Belgrano-R,TRICOPLUS,5 g/100 ml – loción capilar,RX,647,18962400.62,60.95,Farmacia Lavalle
2026,12,Belgrano-R,AEROGAL,64 g/170 g – polvo efervescente en frasco,OTC,112,1393900.89,-18.25,Farmacia Lavalle
2026,12,Belgrano-R,TANVIMIL A,50.000 UI – cápsulas,OTC,199,2469265.1,-2.93,Farmacia Del Sol
2026,12,Belgrano-R,TANVIMIL PLUS,cápsula,OTC,75,650360.56,-42.31,Farmacia Del Sol
2026,12,Belgrano-R,ONEFIN,5 mg – comprimido,RX,38,1171540.58,-61.62,Farmacia Lavalle
2026,12,Belgrano-R,ALACIR,60 mg – comprimido recubierto gastrorresistente,RX,185,3307811.02,-35.76,Farmacia Del Sol
2026,12,Belgrano-R,MENCOGRIN AP,champú,OTC,292,3757510.09,-17.51,Farmacia Del Sol
2026,12,Belgrano-R,TIOCTAN,600 mg – comprimido recubierto,RX,157,4232105.29,-0.63,Farmacia Lavalle
2026,12,Belgrano-R,APSICO,10 mg – comprimido recubierto,RX,104,3050862.84,-39.53,Farmacia Lavalle
2026,12,Belgrano-R,TANDIUR,50 mg – comprimido,RX,352,3326316.0,76.0,Farmacia Lavalle
2026,12,Belgrano-R,CIRUELAX MINITABS,75 mg – comprimido recubierto,OTC,120,317328.45,-25.0,Farmacia Lavalle
2026,12,Devoto-Centro,PAMOXET,20 mg – comprimido recubierto,RX,215,6213868.73,-13.65,Farmacia La Botica
2026,12,Devoto-Centro,TANVIMIL A,100.000 UI – cápsulas,OTC,256,746536.82,35.45,Farmacia España
2026,12,Devoto-Centro,TIOCTAN,600 mg – comprimido recubierto,RX,104,2928687.78,-23.53,Farmacia La Botica
2026,12,Devoto-Centro,TRICOPLUS,5 g/100 ml – loción capilar,RX,352,10671655.66,-26.51,Farmacia España
2026,12,Devoto-Centro,PANCUTAN NF,"0,2 g/600.000 UI/600.000 UI/100 g – gel tópico",RX,161,3106308.47,-19.9,Farmacia España
2026,12,Devoto-Centro,TANVIMIL ACD,gotas orales en solución,OTC,116,583717.88,-12.12,Farmacia La Botica
2026,12,Devoto-Centro,ONEFIN,5 mg – comprimido,RX,110,3373609.52,-57.85,Farmacia España
2026,12,Devoto-Centro,TANDIUR,50 mg – comprimido,RX,200,1999239.74,-38.65,Farmacia España
2026,12,Devoto-Centro,TRIMACREM PLUS,"0,01 g/4 g/0,05 g/100 g – crema tópica",OTC,22,242333.62,-33.33,Farmacia La Botica
2026,12,Devoto-Centro,TANVIMIL ACD FLUOR,solución oral,OTC,143,2067884.25,9.16,Farmacia La Botica
2026,12,Devoto-Centro,MENCOGRIN AP,champú,OTC,326,4141398.65,-39.85,Farmacia La Botica
2026,12,Devoto-Centro,TANVIMIL A,50.000 UI – cápsulas,OTC,144,1828144.75,20.0,Farmacia La Botica
2026,12,Devoto-Centro,TRICOFIN,500 mg – comprimido,RX,96,2458823.2,-4.0,Farmacia La Botica
2026,12,Devoto-Centro,SUTRICO TAR,9 ml/100 ml – champú,OTC,522,3242559.6,54.44,Farmacia La Botica
2026,12,Devoto-Centro,CIRUELAX MINITABS,75 mg – comprimido recubierto,OTC,51,128975.9,-31.08,Farmacia España
2026,12,Devoto-Centro,APSICO,10 mg – comprimido recubierto,RX,9,260455.21,-67.86,Farmacia La Botica
2026,12,Devoto-Centro,ALACIR,60 mg – comprimido recubierto gastrorresistente,RX,229,3875293.85,-19.08,Farmacia La Botica
2026,12,Almagro-Centro,CO‑TIOCTAN,115 mg/50 mg – comprimido recubierto,OTC,68,253275.53,-46.46,Farmacia Avenida
2026,12,Almagro-Centro,TRIMACREM PLUS,"0,01 g/4 g/0,05 g/100 g – crema tópica",OTC,182,2080866.39,-9.45,Farmacia Avenida
2026,12,Almagro-Centro,TANVIMIL B1 B6 B12,comprimido recubierto,OTC,87,1012975.23,6.1,Farmacia Brown
2026,12,Almagro-Centro,SUTRICO TAR,9 ml/100 ml – champú,OTC,449,2792616.55,21.35,Farmacia Brown
2026,12,Almagro-Centro,TANDIUR,50 mg – comprimido,RX,225,2159181.69,-23.21,Farmacia Brown
2026,12,Almagro-Centro,TRICOFIN,500 mg – óvulo vaginal,RX,149,1042980.44,-12.35,Farmacia Avenida
2026,12,Almagro-Centro,TRICOPLUS,2 g/100 ml – loción capilar,RX,80,2241787.68,-22.33,Farmacia Brown
2026,12,Almagro-Centro,TACNA,250 mg – comprimido,RX,7,80790.72,-81.08,Farmacia Avenida
2026,12,Almagro-Centro,PAMOXET,20 mg – comprimido recubierto,RX,181,5156262.54,-45.81,Farmacia Avenida
2026,12,Almagro-Centro,MENCOGRIN AP,champú,OTC,83,1058772.17,-50.0,Farmacia Brown
2026,12,Almagro-Centro,APSICO,5 mg – comprimido recubierto,RX,34,474311.08,-27.66,Farmacia Avenida
2026,12,Almagro-Centro,ONEFIN,5 mg – comprimido,RX,114,3535865.33,-43.84,Farmacia Avenida
2026,12,Almagro-Centro,TANVIMIL AMINOÁCIDOS,comprimido recubierto,OTC,48,447977.36,-65.96,Farmacia Avenida
2026,12,Vicente López-Centro,TANVIMIL ACD,gotas orales en solución,OTC,144,749351.67,-32.71,Farmacia Urquiza
2026,12,Vicente López-Centro,APSICO,5 mg – comprimido recubierto,RX,11,142673.12,-50.0,Farmacia Rivadavia
2026,12,Vicente López-Centro,TIOCTAN,600 mg – comprimido recubierto,RX,142,3777853.93,36.54,Farmacia Rivadavia
2026,12,Vicente López-Centro,TANVIMIL ACD FLUOR,solución oral,OTC,158,2264687.01,33.9,Farmacia Urquiza
2026,12,Vicente López-Centro,TRICOFIN,500 mg – comprimido,RX,163,4132236.86,-5.23,Farmacia Urquiza
2026,12,Vicente López-Centro,MENCOGRIN AP,champú,OTC,279,3588160.98,-39.61,Farmacia Urquiza
2026,12,Vicente López-Centro,APSICO,10 mg – comprimido recubierto,RX,139,4173138.09,13.01,Farmacia Urquiza
2026,12,Vicente López-Centro,TRICOPLUS,5 g/100 ml – loción capilar,RX,304,8933588.33,-14.12,Farmacia Urquiza
2026,12,Vicente López-Centro,TANVIMIL B1 B6 B12,comprimido recubierto,OTC,252,2853676.38,-9.35,Farmacia Urquiza
2026,12,Vicente López-Centro,TANVIMIL A,50.000 UI – cápsulas,OTC,122,1520465.99,8.93,Farmacia Urquiza
2026,12,Vicente López-Centro,TRICOFIN,500 mg – óvulo vaginal,RX,249,1668052.54,-13.24,Farmacia Urquiza
2026,12,Vicente López-Centro,PAMOXET,20 mg – comprimido recubierto,RX,89,2705917.97,-32.06,Farmacia Rivadavia
2026,12,Vicente López-Centro,ALACIR,30 mg – comprimido recubierto gastrorresistente,RX,102,1298678.01,30.77,Farmacia Urquiza
2026,12,Vicente López-Centro,TANDIUR,50 mg – comprimido,RX,69,697147.39,-21.59,Farmacia Rivadavia
2026,12,Vicente López-Centro,PAMOXET,40 mg – comprimido recubierto,RX,37,852702.64,-42.19,Farmacia Rivadavia
2026,12,Vicente López-Centro,TRIMACREM PLUS,"0,01 g/4 g/0,05 g/100 g – crema tópica",OTC,193,2178490.5,8.43,Farmacia Rivadavia
2026,12,Vicente López-Centro,CO‑TIOCTAN,115 mg/50 mg – comprimido recubierto,OTC,122,481392.99,-15.28,Farmacia Rivadavia
2026,12,Vicente López-Centro,TANVIMIL PLUS,cápsula,OTC,86,782130.28,7.5,Farmacia Urquiza
2026,12,Vicente López-Centro,ONEFIN,10 mg – comprimido,RX,107,2718161.09,-26.71,Farmacia Rivadavia
2026,12,Vicente López-Centro,AEROGAL,64 g/170 g – polvo efervescente en frasco,OTC,56,694215.11,0.0,Farmacia Rivadavia
2026,12,Palermo-Sur,TACNA,250 mg – comprimido,RX,50,558282.45,-38.27,Farmacia Central
2026,12,Palermo-Sur,PAMOXET,40 mg – comprimido recubierto,RX,165,3650173.85,-43.1,Farmacia Central
2026,12,Palermo-Sur,TANVIMIL ACD,gotas orales en solución,OTC,165,855282.89,-10.33,Farmacia Central
2026,12,Palermo-Sur,TRIMACREM PLUS,"0,01 g/4 g/0,05 g/100 g – crema tópica",OTC,330,3691264.61,-24.49,Farmacia Central
2026,12,Palermo-Sur,TRICOFIN,500 mg – óvulo vaginal,RX,180,1221261.94,60.71,Farmacia Moreno
2026,12,Palermo-Sur,TRICOFIN,500 mg – comprimido,RX,283,7078097.53,40.8,Farmacia Central
2026,12,Palermo-Sur,TRICOPLUS,2 g/100 ml – loción capilar,RX,199,5734961.87,-22.87,Farmacia Moreno
2026,12,Palermo-Sur,TANVIMIL PLUS,cápsula,OTC,48,442653.77,-43.53,Farmacia Moreno
2026,12,Palermo-Sur,TANVIMIL B1 B6 B12,comprimido recubierto,OTC,20,229217.69,-13.04,Farmacia Moreno
2026,12,Palermo-Sur,CO‑TIOCTAN,115 mg/50 mg – comprimido recubierto,OTC,71,268143.06,-31.73,Farmacia Moreno
2026,12,Palermo-Sur,ALACIR,60 mg – comprimido recubierto gastrorresistente,RX,226,4020180.55,49.67,Farmacia Moreno
2026,12,Palermo-Sur,TANVIMIL A,100.000 UI – cápsulas,OTC,58,158779.55,-12.12,Farmacia Central
2026,12,Palermo-Sur,TRICOPLUS,5 g/100 ml – loción capilar,RX,171,5160715.02,-14.5,Farmacia Moreno
2026,12,Palermo-Sur,PAMOXET,20 mg – comprimido recubierto,RX,109,3189032.55,22.47,Farmacia Moreno
2026,12,Palermo-Sur,MENCOGRIN AP,champú,OTC,86,1103908.77,-50.86,Farmacia Moreno
2026,12,Palermo-Sur,AEROGAL,64 g/170 g – polvo efervescente en frasco,OTC,173,2233098.3,20.98,Farmacia Moreno
2026,12,Palermo-Sur,TANVIMIL ACD FLUOR,solución oral,OTC,14,206890.63,-30.0,Farmacia Central
2026,12,Quilmes-Centro,TRICOPLUS,2 g/100 ml – loción capilar,RX,370,10569907.92,0.54,Farmacia Alsina
2026,12,Quilmes-Centro,TRICOFIN,500 mg – óvulo vaginal,RX,13,92416.16,-75.93,Farmacia Alsina
2026,12,Quilmes-Centro,PAMOXET,20 mg – comprimido recubierto,RX,58,1644573.48,13.73,Farmacia Alsina
2026,12,Quilmes-Centro,CIRUELAX MINITABS,75 mg – comprimido recubierto,OTC,58,149243.83,-65.27,Farmacia Pasteur
2026,12,Quilmes-Centro,ONEFIN,5 mg – comprimido,RX,227,7062009.74,9.13,Farmacia Alsina
2026,12,Quilmes-Centro,AEROGAL,64 g/170 g – polvo efervescente en frasco,OTC,167,2042259.12,21.01,Farmacia Pasteur
2026,12,Quilmes-Centro,ONEFIN,10 mg – comprimido,RX,208,5278153.57,-29.01,Farmacia Alsina
2026,12,Quilmes-Centro,TANVIMIL A,100.000 UI – cápsulas,OTC,246,671749.07,5.13,Farmacia Alsina
2026,12,Quilmes-Centro,APSICO,5 mg – comprimido recubierto,RX,79,1100167.15,-65.35,Farmacia Pasteur
2026,12,Quilmes-Centro,TANVIMIL A,50.000 UI – cápsulas,OTC,147,1965614.76,-34.67,Farmacia Alsina
2026,12,Quilmes-Centro,TANVIMIL ACD FLUOR,solución oral,OTC,270,3792034.41,22.17,Farmacia Alsina
2026,12,Quilmes-Centro,TACNA,250 mg – comprimido,RX,58,679184.74,-7.94,Farmacia Alsina
2026,12,Flores-Norte,AEROGAL,64 g/170 g – polvo efervescente en frasco,OTC,86,1071106.78,38.71,Farmacia Mitre
2026,12,Flores-Norte,ALACIR,30 mg – comprimido recubierto gastrorresistente,RX,295,4014279.55,-13.99,Farmacia Castelli
2026,12,Flores-Norte,TANVIMIL AMINOÁCIDOS,comprimido recubierto,OTC,251,2323509.43,51.2,Farmacia Mitre
2026,12,Flores-Norte,CO‑TIOCTAN,115 mg/50 mg – comprimido recubierto,OTC,144,569131.67,-9.43,Farmacia Mitre
2026,12,Flores-Norte,TANVIMIL PLUS,cápsula,OTC,160,1488784.88,-29.52,Farmacia Mitre
2026,12,Flores-Norte,TRICOFIN,500 mg – comprimido,RX,238,6130030.87,-8.11,Farmacia Mitre
2026,12,Flores-Norte,APSICO,"2,5 mg – comprimido recubierto",RX,90,2642733.62,-55.67,Farmacia Mitre
2026,12,Flores-Norte,TANVIMIL ACD FLUOR,solución oral,OTC,277,3976824.02,30.66,Farmacia Castelli
2026,12,Flores-Norte,TACNA,250 mg – comprimido,RX,152,1705176.42,-20.0,Farmacia Mitre
2026,12,Flores-Norte,TIOCTAN,600 mg – comprimido recubierto,RX,233,6135611.15,-28.53,Farmacia Castelli
2026,12,Flores-Norte,TRIMACREM PLUS,"0,01 g/4 g/0,05 g/100 g – crema tópica",OTC,102,1184232.66,-20.31,Farmacia Castelli
2026,12,Flores-Norte,SUTRICO TAR,9 ml/100 ml – champú,OTC,275,1671326.04,76.28,Farmacia Mitre
2026,12,Flores-Norte,ALACIR,60 mg – comprimido recubierto gastrorresistente,RX,134,2271505.27,-2.9,Farmacia Castelli
2026,12,La Plata-Centro,TIOCTAN,600 mg – comprimido recubierto,RX,209,5882632.45,55.97,Farmacia Roca
2026,12,La Plata-Centro,AEROGAL,64 g/170 g – polvo efervescente en frasco,OTC,35,436361.28,-16.67,Farmacia Del Sur
2026,12,La Plata-Centro,ONEFIN,10 mg – comprimido,RX,186,4613942.27,-36.73,Farmacia Del Sur
2026,12,La Plata-Centro,ONEFIN,5 mg – comprimido,RX,196,5978423.0,-28.47,Farmacia Del Sur
2026,12,La Plata-Centro,CO‑TIOCTAN,115 mg/50 mg – comprimido recubierto,OTC,145,554352.54,-36.4,Farmacia Roca
2026,12,La Plata-Centro,TRICOFIN,500 mg – comprimido,RX,167,4348771.98,56.07,Farmacia Roca
2026,12,La Plata-Centro,TANVIMIL ACD FLUOR,solución oral,OTC,88,1251601.9,8.64,Farmacia Del Sur
2026,12,La Plata-Centro,PAMOXET,20 mg – comprimido recubierto,RX,313,8982112.76,43.58,Farmacia Roca
2026,12,La Plata-Centro,TANDIUR,50 mg – comprimido,RX,229,2273317.85,23.12,Farmacia Del Sur
2026,12,La Plata-Centro,MENCOGRIN AP,champú,OTC,109,1453012.26,-35.12,Farmacia Del Sur
2026,12,La Plata-Centro,TRIMACREM PLUS,"0,01 g/4 g/0,05 g/100 g – crema tópica",OTC,71,825125.07,29.09,Farmacia Roca
2026,12,La Plata-Centro,TACNA,250 mg – comprimido,RX,174,1946504.44,-33.33,Farmacia Del Sur
2026,12,La Plata-Centro,TRICOFIN,500 mg – óvulo vaginal,RX,314,2204865.86,25.1,Farmacia Roca
2026,12,La Plata-Centro,SUTRICO TAR,9 ml/100 ml – champú,OTC,378,2293844.71,12.17,Farmacia Del Sur
2026,12,La Plata-Centro,TANVIMIL AMINOÁCIDOS,comprimido recubierto,OTC,306,3058009.63,66.3,Farmacia Roca
2026,12,La Plata-Centro,ALACIR,30 mg – comprimido recubierto gastrorresistente,RX,208,2809992.1,-4.59,Farmacia Roca
2026,12,Villa Urquiza-Centro,ALACIR,30 mg – comprimido recubierto gastrorresistente,RX,215,2914172.87,22.86,Farmacia Italia
2026,12,Villa Urquiza-Centro,TANVIMIL B1 B6 B12,comprimido recubierto,OTC,151,1740153.74,-28.44,Farmacia San José
2026,12,Villa Urquiza-Centro,PANCUTAN NF,"0,2 g/600.000 UI/600.000 UI/100 g – gel tópico",RX,351,6830634.97,-15.42,Farmacia San José
2026,12,Villa Urquiza-Centro,APSICO,5 mg – comprimido recubierto,RX,16,213471.71,-86.21,Farmacia Italia
2026,12,Villa Urquiza-Centro,SUTRICO TAR,9 ml/100 ml – champú,OTC,31,193131.76,-13.89,Farmacia San José
2026,12,Villa Urquiza-Centro,TRICOFIN,500 mg – comprimido,RX,151,3754214.29,49.5,Farmacia Italia
2026,12,Villa Urquiza-Centro,TRICOPLUS,5 g/100 ml – loción capilar,RX,404,12531990.18,26.65,Farmacia Italia
2026,12,Villa Urquiza-Centro,ALACIR,60 mg – comprimido recubierto gastrorresistente,RX,68,1186394.5,-70.18,Farmacia Italia
2026,12,Villa Urquiza-Centro,ONEFIN,5 mg – comprimido,RX,132,4210350.3,-63.84,Farmacia San José
2026,12,Villa Urquiza-Centro,TANDIUR,50 mg – comprimido,RX,101,958242.27,-14.41,Farmacia San José
2026,12,Villa Urquiza-Centro,TANVIMIL A,100.000 UI – cápsulas,OTC,24,70364.2,20.0,Farmacia Italia
2026,12,Villa Urquiza-Centro,TRIMACREM PLUS,"0,01 g/4 g/0,05 g/100 g – crema tópica",OTC,414,4559233.78,2.99,Farmacia Italia
2026,12,Palermo-Norte,TANVIMIL B1 B6 B12,comprimido recubierto,OTC,145,1734518.73,-20.77,Farmacia Del Pueblo
2026,12,Palermo-Norte,TANVIMIL ACD FLUOR,solución oral,OTC,61,879064.36,-3.17,Farmacia Del Pueblo
2026,12,Palermo-Norte,PAMOXET,20 mg – comprimido recubierto,RX,194,5492970.83,-25.67,Farmacia Del Pueblo
2026,12,Palermo-Norte,ALACIR,60 mg – comprimido recubierto gastrorresistente,RX,253,4460674.95,4.98,Farmacia Del Pueblo
2026,12,Palermo-Norte,PAMOXET,40 mg – comprimido recubierto,RX,91,2126558.24,-64.17,Farmacia Del Pueblo
2026,12,Palermo-Norte,TANVIMIL AMINOÁCIDOS,comprimido recubierto,OTC,30,287431.68,11.11,Farmacia Del Ángel
2026,12,Palermo-Norte,APSICO,5 mg – comprimido recubierto,RX,78,1029698.92,-43.88,Farmacia Del Ángel
2026,12,Palermo-Norte,TRICOFIN,500 mg – comprimido,RX,47,1204045.32,34.29,Farmacia Del Pueblo
2026,12,Palermo-Norte,TANVIMIL A,100.000 UI – cápsulas,OTC,125,341141.15,-16.11,Farmacia Del Pueblo
2026,12,Palermo-Norte,CO‑TIOCTAN,115 mg/50 mg – comprimido recubierto,OTC,117,454842.03,-60.2,Farmacia Del Pueblo
2026,12,Palermo-Norte,APSICO,10 mg – comprimido recubierto,RX,130,3902383.94,-48.41,Farmacia Del Ángel
2026,12,Palermo-Norte,TANVIMIL PLUS,cápsula,OTC,31,285249.84,-18.42,Farmacia Del Ángel
2026,12,Palermo-Norte,APSICO,"2,5 mg – comprimido recubierto",RX,79,2319838.75,-51.23,Farmacia Del Pueblo
2026,12,Palermo-Norte,AEROGAL,64 g/170 g – polvo efervescente en frasco,OTC,74,926228.09,8.82,Farmacia Del Ángel
2026,12,Belgrano-Centro,TANVIMIL AMINOÁCIDOS,comprimido recubierto,OTC,54,539023.14,20.0,Farmacia Del Centro
2026,12,Belgrano-Centro,TANVIMIL ACD FLUOR,solución oral,OTC,44,615182.84,2.33,Farmacia Del Centro
2026,12,Belgrano-Centro,TANVIMIL B1 B6 B12,comprimido recubierto,OTC,316,3810963.07,61.22,Farmacia Del Centro
2026,12,Belgrano-Centro,TRIMACREM PLUS,"0,01 g/4 g/0,05 g/100 g – crema tópica",OTC,464,5104645.98,12.9,Farmacia San Martín
2026,12,Belgrano-Centro,TRICOFIN,500 mg – óvulo vaginal,RX,315,2189426.68,-7.08,Farmacia San Martín
2026,12,Belgrano-Centro,ALACIR,30 mg – comprimido recubierto gastrorresistente,RX,185,2367234.42,-9.76,Farmacia San Martín
2026,12,Belgrano-Centro,SUTRICO TAR,9 ml/100 ml – champú,OTC,530,3363443.75,42.09,Farmacia San Martín
2026,12,Belgrano-Centro,AEROGAL,64 g/170 g – polvo efervescente en frasco,OTC,151,1905161.32,-17.03,Farmacia San Martín
2026,12,Belgrano-Centro,TANVIMIL A,50.000 UI – cápsulas,OTC,87,1091906.06,4.82,Farmacia Del Centro
2026,12,Belgrano-Centro,APSICO,10 mg – comprimido recubierto,RX,17,501343.04,-43.33,Farmacia San Martín
2026,12,Belgrano-Centro,APSICO,5 mg – comprimido recubierto,RX,107,1488030.19,-54.85,Farmacia San Martín
2026,12,Belgrano-Centro,CIRUELAX MINITABS,75 mg – comprimido recubierto,OTC,26,68974.78,-53.57,Farmacia San Martín
2026,12,Núñez-Centro,ONEFIN,10 mg – comprimido,RX,49,1186739.11,-41.67,Farmacia Sarmiento
2026,12,Núñez-Centro,MENCOGRIN AP,champú,OTC,125,1662510.02,-42.4,Farmacia Sarmiento
2026,12,Núñez-Centro,TANVIMIL A,50.000 UI – cápsulas,OTC,107,1395895.76,9.18,Farmacia Del Lago
2026,12,Núñez-Centro,TANDIUR,50 mg – comprimido,RX,73,737072.08,-6.41,Farmacia Sarmiento
2026,12,Núñez-Centro,TANVIMIL PLUS,cápsula,OTC,134,1203739.27,-53.47,Farmacia Del Lago
2026,12,Núñez-Centro,TACNA,250 mg – comprimido,RX,53,596642.94,-28.38,Farmacia Sarmiento
2026,12,Núñez-Centro,TRICOFIN,500 mg – óvulo vaginal,RX,60,409801.98,50.0,Farmacia Del Lago
2026,12,Núñez-Centro,PANCUTAN NF,"0,2 g/600.000 UI/600.000 UI/100 g – gel tópico",RX,485,9717493.74,-21.65,Farmacia Del Lago
2026,12,Núñez-Centro,ALACIR,30 mg – comprimido recubierto gastrorresistente,RX,84,1137202.55,-2.33,Farmacia Del Lago
2026,12,Núñez-Centro,CO‑TIOCTAN,115 mg/50 mg – comprimido recubierto,OTC,134,515908.64,-33.66,Farmacia Sarmiento
2026,12,Núñez-Centro,PAMOXET,40 mg – comprimido recubierto,RX,84,1983599.55,1.2,Farmacia Sarmiento
2026,12,Núñez-Centro,TRICOPLUS,2 g/100 ml – loción capilar,RX,522,14704701.94,6.31,Farmacia Del Lago
2026,12,Núñez-Centro,TRIMACREM PLUS,"0,01 g/4 g/0,05 g/100 g – crema tópica",OTC,254,2882115.98,-4.51,Farmacia Del Lago
2026,12,Núñez-Centro,APSICO,5 mg – comprimido recubierto,RX,73,1009525.9,-50.68,Farmacia Del Lago
2026,12,Núñez-Centro,SUTRICO TAR,9 ml/100 ml – champú,OTC,56,350892.03,9.8,Farmacia Sarmiento
2026,12,Núñez-Centro,TANVIMIL B1 B6 B12,comprimido recubierto,OTC,220,2647287.66,10.55,Farmacia Sarmiento
2026,12,Núñez-Centro,TANVIMIL A,100.000 UI – cápsulas,OTC,212,599775.94,2.91,Farmacia Sarmiento
2026,12,Núñez-Centro,PAMOXET,20 mg – comprimido recubierto,RX,85,2467160.39,-36.57,Farmacia Sarmiento
2026,12,Núñez-Centro,AEROGAL,64 g/170 g – polvo efervescente en frasco,OTC,115,1462443.95,-25.81,Farmacia Del Lago
2026,12,Caballito-Centro,APSICO,"2,5 mg – comprimido recubierto",RX,214,5887631.96,-41.69,Farmacia Belgrano
2026,12,Caballito-Centro,PAMOXET,20 mg – comprimido recubierto,RX,33,1005147.62,32.0,Farmacia Pellegrini
2026,12,Caballito-Centro,TRICOFIN,500 mg – óvulo vaginal,RX,256,1734762.8,-11.11,Farmacia Belgrano
2026,12,Caballito-Centro,AEROGAL,64 g/170 g – polvo efervescente en frasco,OTC,116,1452616.02,-23.18,Farmacia Belgrano
2026,12,Caballito-Centro,PAMOXET,40 mg – comprimido recubierto,RX,41,925778.32,7.89,Farmacia Pellegrini
2026,12,Caballito-Centro,TRICOPLUS,5 g/100 ml – loción capilar,RX,86,2591904.79,16.22,Farmacia Belgrano
2026,12,Caballito-Centro,TANDIUR,50 mg – comprimido,RX,125,1208101.81,1.63,Farmacia Pellegrini
2026,12,Caballito-Centro,TANVIMIL ACD FLUOR,solución oral,OTC,100,1406230.82,-63.9,Farmacia Pellegrini
2026,12,Caballito-Centro,MENCOGRIN AP,champú,OTC,91,1149805.21,-32.59,Farmacia Pellegrini
2026,12,Caballito-Centro,PANCUTAN NF,"0,2 g/600.000 UI/600.000 UI/100 g – gel tópico",RX,218,4154561.86,-20.44,Farmacia Belgrano
2026,12,Caballito-Centro,CO‑TIOCTAN,115 mg/50 mg – comprimido recubierto,OTC,55,212111.89,-5.17,Farmacia Belgrano
2026,12,Caballito-Centro,TRICOFIN,500 mg – comprimido,RX,121,3021646.2,39.08,Farmacia Pellegrini
2026,12,Caballito-Centro,ALACIR,30 mg – comprimido recubierto gastrorresistente,RX,353,4757156.62,29.3,Farmacia Belgrano
2026,12,Caballito-Centro,TANVIMIL B1 B6 B12,comprimido recubierto,OTC,20,234058.94,-37.5,Farmacia Belgrano
